{
    "confidence_score": 0.9530829787254333,
    "ptm": 0.9798738956451416,
    "iptm": 0.9703969359397888,
    "ligand_iptm": 0.9703969359397888,
    "protein_iptm": 0.0,
    "complex_plddt": 0.9487544298171997,
    "complex_iplddt": 0.932756245136261,
    "complex_pde": 0.31453943252563477,
    "complex_ipde": 0.5140736699104309,
    "chains_ptm": {
        "0": 0.9805798530578613,
        "1": 0.8624663949012756
    },
    "pair_chains_iptm": {
        "0": {
            "0": 0.9805798530578613,
            "1": 0.6803605556488037
        },
        "1": {
            "0": 0.9703969359397888,
            "1": 0.8624663949012756
        }
    }
}