{
    "confidence_score": 0.8970597386360168,
    "ptm": 0.9280433654785156,
    "iptm": 0.8113992810249329,
    "ligand_iptm": 0.8113992810249329,
    "protein_iptm": 0.0,
    "complex_plddt": 0.9184747934341431,
    "complex_iplddt": 0.8405261635780334,
    "complex_pde": 0.5312364101409912,
    "complex_ipde": 1.2534739971160889,
    "chains_ptm": {
        "0": 0.9499737024307251,
        "1": 0.6499987840652466
    },
    "pair_chains_iptm": {
        "0": {
            "0": 0.9499737024307251,
            "1": 0.2574371099472046
        },
        "1": {
            "0": 0.8113992810249329,
            "1": 0.6499987840652466
        }
    }
}