{
    "confidence_score": 0.9353799223899841,
    "ptm": 0.969674289226532,
    "iptm": 0.9467780590057373,
    "ligand_iptm": 0.9467780590057373,
    "protein_iptm": 0.0,
    "complex_plddt": 0.9325303435325623,
    "complex_iplddt": 0.8676887154579163,
    "complex_pde": 0.35991767048835754,
    "complex_ipde": 0.5193856954574585,
    "chains_ptm": {
        "0": 0.9732833504676819,
        "1": 0.794674277305603
    },
    "pair_chains_iptm": {
        "0": {
            "0": 0.9732833504676819,
            "1": 0.6073753237724304
        },
        "1": {
            "0": 0.9467780590057373,
            "1": 0.794674277305603
        }
    }
}