{
    "confidence_score": 0.87130206823349,
    "ptm": 0.9301802515983582,
    "iptm": 0.8977349400520325,
    "ligand_iptm": 0.8977349400520325,
    "protein_iptm": 0.0,
    "complex_plddt": 0.864693820476532,
    "complex_iplddt": 0.7671669721603394,
    "complex_pde": 0.6018332839012146,
    "complex_ipde": 0.9696834683418274,
    "chains_ptm": {
        "0": 0.943122148513794,
        "1": 0.6862732768058777
    },
    "pair_chains_iptm": {
        "0": {
            "0": 0.943122148513794,
            "1": 0.37577366828918457
        },
        "1": {
            "0": 0.8977349400520325,
            "1": 0.6862732768058777
        }
    }
}