{
    "confidence_score": 0.8032869696617126,
    "ptm": 0.9342438578605652,
    "iptm": 0.8432634472846985,
    "ligand_iptm": 0.8432634472846985,
    "protein_iptm": 0.0,
    "complex_plddt": 0.7932928204536438,
    "complex_iplddt": 0.5278193354606628,
    "complex_pde": 0.5415964126586914,
    "complex_ipde": 1.0721591711044312,
    "chains_ptm": {
        "0": 0.981242835521698,
        "1": 0.8277482986450195
    },
    "pair_chains_iptm": {
        "0": {
            "0": 0.981242835521698,
            "1": 0.5273584127426147
        },
        "1": {
            "0": 0.8432634472846985,
            "1": 0.8277482986450195
        }
    }
}