{
    "confidence_score": 0.9724746942520142,
    "ptm": 0.9857122302055359,
    "iptm": 0.9669456481933594,
    "ligand_iptm": 0.9669456481933594,
    "protein_iptm": 0.0,
    "complex_plddt": 0.9738569855690002,
    "complex_iplddt": 0.9386458992958069,
    "complex_pde": 0.3015936613082886,
    "complex_ipde": 0.39262694120407104,
    "chains_ptm": {
        "0": 0.988752543926239,
        "1": 0.8668816089630127
    },
    "pair_chains_iptm": {
        "0": {
            "0": 0.988752543926239,
            "1": 0.6736540198326111
        },
        "1": {
            "0": 0.9669456481933594,
            "1": 0.8668816089630127
        }
    }
}