{
    "confidence_score": 0.9593618512153625,
    "ptm": 0.9690617322921753,
    "iptm": 0.9360408186912537,
    "ligand_iptm": 0.9360408186912537,
    "protein_iptm": 0.0,
    "complex_plddt": 0.9651920795440674,
    "complex_iplddt": 0.9150194525718689,
    "complex_pde": 0.3435341417789459,
    "complex_ipde": 0.5605417490005493,
    "chains_ptm": {
        "0": 0.9740399718284607,
        "1": 0.8203004002571106
    },
    "pair_chains_iptm": {
        "0": {
            "0": 0.9740399718284607,
            "1": 0.6162210702896118
        },
        "1": {
            "0": 0.9360408186912537,
            "1": 0.8203004002571106
        }
    }
}