{
    "confidence_score": 0.9710971117019653,
    "ptm": 0.9828760027885437,
    "iptm": 0.9659852385520935,
    "ligand_iptm": 0.9659852385520935,
    "protein_iptm": 0.0,
    "complex_plddt": 0.9723750948905945,
    "complex_iplddt": 0.9450944662094116,
    "complex_pde": 0.28902557492256165,
    "complex_ipde": 0.4008168876171112,
    "chains_ptm": {
        "0": 0.9851162433624268,
        "1": 0.8524031043052673
    },
    "pair_chains_iptm": {
        "0": {
            "0": 0.9851162433624268,
            "1": 0.6387833952903748
        },
        "1": {
            "0": 0.9659852385520935,
            "1": 0.8524031043052673
        }
    }
}