{
    "confidence_score": 0.8967606425285339,
    "ptm": 0.9630670547485352,
    "iptm": 0.8738104104995728,
    "ligand_iptm": 0.8738104104995728,
    "protein_iptm": 0.0,
    "complex_plddt": 0.902498185634613,
    "complex_iplddt": 0.6957603096961975,
    "complex_pde": 0.3804251253604889,
    "complex_ipde": 1.0236176252365112,
    "chains_ptm": {
        "0": 0.9842838048934937,
        "1": 0.8364412784576416
    },
    "pair_chains_iptm": {
        "0": {
            "0": 0.9842838048934937,
            "1": 0.4663655161857605
        },
        "1": {
            "0": 0.8738104104995728,
            "1": 0.8364412784576416
        }
    }
}