{
    "affinity_pred_value": 1.018350601196289,
    "affinity_probability_binary": 0.5651723742485046,
    "affinity_pred_value1": 1.3800864219665527,
    "affinity_probability_binary1": 0.8212107419967651,
    "affinity_pred_value2": 0.6566147208213806,
    "affinity_probability_binary2": 0.30913403630256653
}