{
    "confidence_score": 0.963161289691925,
    "ptm": 0.9623876810073853,
    "iptm": 0.9130545258522034,
    "ligand_iptm": 0.9130545258522034,
    "protein_iptm": 0.0,
    "complex_plddt": 0.9756879210472107,
    "complex_iplddt": 0.9550644755363464,
    "complex_pde": 0.3639439344406128,
    "complex_ipde": 0.6915889978408813,
    "chains_ptm": {
        "0": 0.9700728058815002,
        "1": 0.688208818435669
    },
    "pair_chains_iptm": {
        "0": {
            "0": 0.9700728058815002,
            "1": 0.4345966577529907
        },
        "1": {
            "0": 0.9130545258522034,
            "1": 0.688208818435669
        }
    }
}