{
    "confidence_score": 0.9185470938682556,
    "ptm": 0.9362573623657227,
    "iptm": 0.8679662346839905,
    "ligand_iptm": 0.8679662346839905,
    "protein_iptm": 0.0,
    "complex_plddt": 0.9311922192573547,
    "complex_iplddt": 0.8826218843460083,
    "complex_pde": 0.455282062292099,
    "complex_ipde": 0.8356291055679321,
    "chains_ptm": {
        "0": 0.9483979344367981,
        "1": 0.6663022637367249
    },
    "pair_chains_iptm": {
        "0": {
            "0": 0.9483979344367981,
            "1": 0.3451685309410095
        },
        "1": {
            "0": 0.8679662346839905,
            "1": 0.6663022637367249
        }
    }
}