{
    "confidence_score": 0.9539510011672974,
    "ptm": 0.9741271138191223,
    "iptm": 0.9719724059104919,
    "ligand_iptm": 0.9719724059104919,
    "protein_iptm": 0.0,
    "complex_plddt": 0.9494456052780151,
    "complex_iplddt": 0.9188627004623413,
    "complex_pde": 0.3264699876308441,
    "complex_ipde": 0.4553634226322174,
    "chains_ptm": {
        "0": 0.9747248888015747,
        "1": 0.9357945322990417
    },
    "pair_chains_iptm": {
        "0": {
            "0": 0.9747248888015747,
            "1": 0.8086088299751282
        },
        "1": {
            "0": 0.9719724059104919,
            "1": 0.9357945322990417
        }
    }
}