{
    "confidence_score": 0.9639706611633301,
    "ptm": 0.979827344417572,
    "iptm": 0.9524199366569519,
    "ligand_iptm": 0.9524199366569519,
    "protein_iptm": 0.0,
    "complex_plddt": 0.9668583273887634,
    "complex_iplddt": 0.9359956383705139,
    "complex_pde": 0.31624162197113037,
    "complex_ipde": 0.475247859954834,
    "chains_ptm": {
        "0": 0.9832295775413513,
        "1": 0.8737773299217224
    },
    "pair_chains_iptm": {
        "0": {
            "0": 0.9832295775413513,
            "1": 0.6444778442382812
        },
        "1": {
            "0": 0.9524199366569519,
            "1": 0.8737773299217224
        }
    }
}