{
    "confidence_score": 0.9719622731208801,
    "ptm": 0.9796634316444397,
    "iptm": 0.946249783039093,
    "ligand_iptm": 0.946249783039093,
    "protein_iptm": 0.0,
    "complex_plddt": 0.9783903956413269,
    "complex_iplddt": 0.9637735486030579,
    "complex_pde": 0.33598101139068604,
    "complex_ipde": 0.51617032289505,
    "chains_ptm": {
        "0": 0.9853756427764893,
        "1": 0.8545337915420532
    },
    "pair_chains_iptm": {
        "0": {
            "0": 0.9853756427764893,
            "1": 0.6457101106643677
        },
        "1": {
            "0": 0.946249783039093,
            "1": 0.8545337915420532
        }
    }
}