{
    "confidence_score": 0.9495158195495605,
    "ptm": 0.9711048007011414,
    "iptm": 0.9431396722793579,
    "ligand_iptm": 0.9431396722793579,
    "protein_iptm": 0.0,
    "complex_plddt": 0.9511098265647888,
    "complex_iplddt": 0.9180801510810852,
    "complex_pde": 0.3500921130180359,
    "complex_ipde": 0.5767066478729248,
    "chains_ptm": {
        "0": 0.9748549461364746,
        "1": 0.7329908013343811
    },
    "pair_chains_iptm": {
        "0": {
            "0": 0.9748549461364746,
            "1": 0.49906662106513977
        },
        "1": {
            "0": 0.9431396722793579,
            "1": 0.7329908013343811
        }
    }
}