{
    "confidence_score": 0.9724305272102356,
    "ptm": 0.9853179454803467,
    "iptm": 0.9639207124710083,
    "ligand_iptm": 0.9639207124710083,
    "protein_iptm": 0.0,
    "complex_plddt": 0.9745579957962036,
    "complex_iplddt": 0.9413347840309143,
    "complex_pde": 0.3075167238712311,
    "complex_ipde": 0.40741029381752014,
    "chains_ptm": {
        "0": 0.9887312650680542,
        "1": 0.8561053276062012
    },
    "pair_chains_iptm": {
        "0": {
            "0": 0.9887312650680542,
            "1": 0.6584219932556152
        },
        "1": {
            "0": 0.9639207124710083,
            "1": 0.8561053276062012
        }
    }
}