{
    "confidence_score": 0.9373326301574707,
    "ptm": 0.9529046416282654,
    "iptm": 0.960053026676178,
    "ligand_iptm": 0.960053026676178,
    "protein_iptm": 0.0,
    "complex_plddt": 0.9316524863243103,
    "complex_iplddt": 0.9097983241081238,
    "complex_pde": 0.34493792057037354,
    "complex_ipde": 0.4531073570251465,
    "chains_ptm": {
        "0": 0.9523338675498962,
        "1": 0.8542718291282654
    },
    "pair_chains_iptm": {
        "0": {
            "0": 0.9523338675498962,
            "1": 0.5553301572799683
        },
        "1": {
            "0": 0.960053026676178,
            "1": 0.8542718291282654
        }
    }
}