{
    "confidence_score": 0.9364906549453735,
    "ptm": 0.9539434909820557,
    "iptm": 0.9122340083122253,
    "ligand_iptm": 0.9122340083122253,
    "protein_iptm": 0.0,
    "complex_plddt": 0.942554771900177,
    "complex_iplddt": 0.8894336819648743,
    "complex_pde": 0.5561252236366272,
    "complex_ipde": 1.0228667259216309,
    "chains_ptm": {
        "0": 0.9647044539451599,
        "1": 0.7774844169616699
    },
    "pair_chains_iptm": {
        "0": {
            "0": 0.9647044539451599,
            "1": 0.5058607459068298
        },
        "1": {
            "0": 0.9122340083122253,
            "1": 0.7774844169616699
        }
    }
}