{
    "confidence_score": 0.9509332776069641,
    "ptm": 0.9738304018974304,
    "iptm": 0.9692897796630859,
    "ligand_iptm": 0.9692897796630859,
    "protein_iptm": 0.0,
    "complex_plddt": 0.9463440775871277,
    "complex_iplddt": 0.9070593118667603,
    "complex_pde": 0.32919496297836304,
    "complex_ipde": 0.474872350692749,
    "chains_ptm": {
        "0": 0.9745986461639404,
        "1": 0.9307969808578491
    },
    "pair_chains_iptm": {
        "0": {
            "0": 0.9745986461639404,
            "1": 0.7889713048934937
        },
        "1": {
            "0": 0.9692897796630859,
            "1": 0.9307969808578491
        }
    }
}