{
    "confidence_score": 0.9419347047805786,
    "ptm": 0.9471328854560852,
    "iptm": 0.9141109585762024,
    "ligand_iptm": 0.9141109585762024,
    "protein_iptm": 0.0,
    "complex_plddt": 0.9488906264305115,
    "complex_iplddt": 0.8952794075012207,
    "complex_pde": 0.4326458275318146,
    "complex_ipde": 0.7158685326576233,
    "chains_ptm": {
        "0": 0.9523236155509949,
        "1": 0.7804078459739685
    },
    "pair_chains_iptm": {
        "0": {
            "0": 0.9523236155509949,
            "1": 0.4740031361579895
        },
        "1": {
            "0": 0.9141109585762024,
            "1": 0.7804078459739685
        }
    }
}