{
    "affinity_pred_value": 0.23950494825839996,
    "affinity_probability_binary": 0.8473490476608276,
    "affinity_pred_value1": 0.23046216368675232,
    "affinity_probability_binary1": 0.8941999673843384,
    "affinity_pred_value2": 0.2485477328300476,
    "affinity_probability_binary2": 0.8004981279373169
}