{
    "affinity_pred_value": 0.4475492238998413,
    "affinity_probability_binary": 0.5594680905342102,
    "affinity_pred_value1": 0.5105862021446228,
    "affinity_probability_binary1": 0.7381048202514648,
    "affinity_pred_value2": 0.3845122754573822,
    "affinity_probability_binary2": 0.38083136081695557
}