{
    "confidence_score": 0.9636415839195251,
    "ptm": 0.9635165929794312,
    "iptm": 0.9512234926223755,
    "ligand_iptm": 0.9512234926223755,
    "protein_iptm": 0.0,
    "complex_plddt": 0.9667460322380066,
    "complex_iplddt": 0.9358938932418823,
    "complex_pde": 0.32694822549819946,
    "complex_ipde": 0.45524004101753235,
    "chains_ptm": {
        "0": 0.9666844606399536,
        "1": 0.7903273701667786
    },
    "pair_chains_iptm": {
        "0": {
            "0": 0.9666844606399536,
            "1": 0.5905526876449585
        },
        "1": {
            "0": 0.9512234926223755,
            "1": 0.7903273701667786
        }
    }
}