{
    "confidence_score": 0.9562163352966309,
    "ptm": 0.9728169441223145,
    "iptm": 0.9440722465515137,
    "ligand_iptm": 0.9440722465515137,
    "protein_iptm": 0.0,
    "complex_plddt": 0.9592523574829102,
    "complex_iplddt": 0.9126856327056885,
    "complex_pde": 0.3311307728290558,
    "complex_ipde": 0.522178590297699,
    "chains_ptm": {
        "0": 0.9771751761436462,
        "1": 0.8337786793708801
    },
    "pair_chains_iptm": {
        "0": {
            "0": 0.9771751761436462,
            "1": 0.6454064249992371
        },
        "1": {
            "0": 0.9440722465515137,
            "1": 0.8337786793708801
        }
    }
}