{
    "confidence_score": 0.842321515083313,
    "ptm": 0.9164305925369263,
    "iptm": 0.8015522956848145,
    "ligand_iptm": 0.8015522956848145,
    "protein_iptm": 0.0,
    "complex_plddt": 0.8525137901306152,
    "complex_iplddt": 0.6851462721824646,
    "complex_pde": 0.47907426953315735,
    "complex_ipde": 1.2439494132995605,
    "chains_ptm": {
        "0": 0.9618884325027466,
        "1": 0.829964280128479
    },
    "pair_chains_iptm": {
        "0": {
            "0": 0.9618884325027466,
            "1": 0.5278478264808655
        },
        "1": {
            "0": 0.8015522956848145,
            "1": 0.829964280128479
        }
    }
}