{
    "confidence_score": 0.9645170569419861,
    "ptm": 0.974822998046875,
    "iptm": 0.9698020815849304,
    "ligand_iptm": 0.9698020815849304,
    "protein_iptm": 0.0,
    "complex_plddt": 0.9631957411766052,
    "complex_iplddt": 0.9451900720596313,
    "complex_pde": 0.3622893691062927,
    "complex_ipde": 0.4586097002029419,
    "chains_ptm": {
        "0": 0.9767799377441406,
        "1": 0.889342725276947
    },
    "pair_chains_iptm": {
        "0": {
            "0": 0.9767799377441406,
            "1": 0.6920815110206604
        },
        "1": {
            "0": 0.9698020815849304,
            "1": 0.889342725276947
        }
    }
}