{
    "confidence_score": 0.9298882484436035,
    "ptm": 0.9590765237808228,
    "iptm": 0.8903457522392273,
    "ligand_iptm": 0.8903457522392273,
    "protein_iptm": 0.0,
    "complex_plddt": 0.9397739171981812,
    "complex_iplddt": 0.8628883957862854,
    "complex_pde": 0.44183921813964844,
    "complex_ipde": 0.7757934331893921,
    "chains_ptm": {
        "0": 0.9729501605033875,
        "1": 0.7927989363670349
    },
    "pair_chains_iptm": {
        "0": {
            "0": 0.9729501605033875,
            "1": 0.5438342094421387
        },
        "1": {
            "0": 0.8903457522392273,
            "1": 0.7927989363670349
        }
    }
}