{
    "confidence_score": 0.9506449103355408,
    "ptm": 0.963076651096344,
    "iptm": 0.8957472443580627,
    "ligand_iptm": 0.8957472443580627,
    "protein_iptm": 0.0,
    "complex_plddt": 0.9643692374229431,
    "complex_iplddt": 0.9302916526794434,
    "complex_pde": 0.41147780418395996,
    "complex_ipde": 0.9440467357635498,
    "chains_ptm": {
        "0": 0.9713876247406006,
        "1": 0.7457654476165771
    },
    "pair_chains_iptm": {
        "0": {
            "0": 0.9713876247406006,
            "1": 0.4059451222419739
        },
        "1": {
            "0": 0.8957472443580627,
            "1": 0.7457654476165771
        }
    }
}