pdbid,method,pose_index,ref_ligand_id,pred_ligand_id,pairing_method,ligand_heavy_atoms,ligand_rmsd,headgroup_atoms,headgroup_rmsd,protein_pairs,protein_rmsd,headgroup_contacts_ref,headgroup_contacts_pred,headgroup_types_ref,headgroup_types_pred,head_env_precision,head_env_recall,head_env_f1,head_env_jaccard,head_env_shared,head_env_ref_size,head_env_pred_size,headgroup_typed_precision,headgroup_typed_recall,headgroup_typed_f1,headgroup_typed_jaccard,headgroup_typed_shared,headgroup_typed_ref_size,headgroup_typed_pred_size
1B56,boltz,1,A:PLM:136,B:PLM:1,RDKit,18,7.557193630287032,3,7.458714337203484,133,0.5964756324868913,3,2,hydrogen_bonds=3,hydrogen_bonds=2,0.125,0.2,0.15384615384615385,0.08333333333333333,1,5,8,0.0,0.0,0.0,0.0,0,3,2
1B56,vina_pose,1,A:PLM:136,L:UNL:1,RDKit,18,4.008871370681114,3,7.687530747905989,NA,NA,3,3,hydrogen_bonds=3,hydrogen_bonds=3,0.1111111111111111,0.2,0.14285714285714285,0.07692307692307693,1,5,9,0.0,0.0,0.0,0.0,0,3,3
1B56,vina_pose,2,A:PLM:136,L:UNL:1,RDKit,18,3.852677979160874,3,2.5680277776275444,NA,NA,3,2,hydrogen_bonds=3,hydrogen_bonds=2,0.6,0.6,0.6,0.42857142857142855,3,5,5,1.0,0.6666666666666666,0.8,0.6666666666666666,2,3,2
1B56,vina_pose,3,A:PLM:136,L:UNL:1,RDKit,18,1.508408211769393,3,1.7389380859210228,NA,NA,3,2,hydrogen_bonds=3,hydrogen_bonds=2,0.75,0.6,0.6666666666666665,0.5,3,5,4,1.0,0.6666666666666666,0.8,0.6666666666666666,2,3,2
1B56,vina_pose,4,A:PLM:136,L:UNL:1,RDKit,18,1.7650774613156348,3,2.055931500155911,NA,NA,3,2,hydrogen_bonds=3,hydrogen_bonds=2,0.75,0.6,0.6666666666666665,0.5,3,5,4,1.0,0.6666666666666666,0.8,0.6666666666666666,2,3,2
1B56,vina_pose,5,A:PLM:136,L:UNL:1,RDKit,18,4.517784720167372,3,7.344368749820049,NA,NA,3,3,hydrogen_bonds=3,hydrogen_bonds=3,0.14285714285714285,0.2,0.16666666666666666,0.09090909090909091,1,5,7,0.0,0.0,0.0,0.0,0,3,3
1B56,vina_pose,6,A:PLM:136,L:UNL:1,RDKit,18,5.428748234067306,3,7.720854443216329,NA,NA,3,3,hydrogen_bonds=3,hydrogen_bonds=3,0.14285714285714285,0.2,0.16666666666666666,0.09090909090909091,1,5,7,0.0,0.0,0.0,0.0,0,3,3
1B56,vina_pose,7,A:PLM:136,L:UNL:1,RDKit,18,5.190234815925428,3,5.8277293462662945,NA,NA,3,1,hydrogen_bonds=3,hydrogen_bonds=1,0.16666666666666666,0.2,0.1818181818181818,0.1,1,5,6,1.0,0.3333333333333333,0.5,0.3333333333333333,1,3,1
1B56,vina_pose,8,A:PLM:136,L:UNL:1,RDKit,18,4.918812684197502,3,8.20864932048304,NA,NA,3,1,hydrogen_bonds=3,hydrogen_bonds=1,0.0,0.0,0.0,0.0,0,5,7,0.0,0.0,0.0,0.0,0,3,1
1B56,vina_pose,9,A:PLM:136,L:UNL:1,RDKit,18,6.119377296751688,3,7.629837066849244,NA,NA,3,3,hydrogen_bonds=3,hydrogen_bonds=3,0.1111111111111111,0.2,0.14285714285714285,0.07692307692307693,1,5,9,0.0,0.0,0.0,0.0,0,3,3
1B56,vina_pose,10,A:PLM:136,L:UNL:1,RDKit,18,5.185825413781516,3,7.565927085735538,NA,NA,3,3,hydrogen_bonds=3,hydrogen_bonds=3,0.1111111111111111,0.2,0.14285714285714285,0.07692307692307693,1,5,9,0.0,0.0,0.0,0.0,0,3,3
1B56,vina_pose,11,A:PLM:136,L:UNL:1,RDKit,18,3.444745338112013,3,3.1948922777875732,NA,NA,3,3,hydrogen_bonds=3,hydrogen_bonds=3,0.5,0.4,0.4444444444444445,0.2857142857142857,2,5,4,0.6666666666666666,0.6666666666666666,0.6666666666666666,0.5,2,3,3
1B56,vina_pose,12,A:PLM:136,L:UNL:1,RDKit,18,3.6670193087998753,3,2.863194253510114,NA,NA,3,3,hydrogen_bonds=3,hydrogen_bonds=3,0.4,0.4,0.4000000000000001,0.25,2,5,5,0.6666666666666666,0.6666666666666666,0.6666666666666666,0.5,2,3,3
1B56,vina_pose,13,A:PLM:136,L:UNL:1,RDKit,18,5.994536276199076,3,7.0331843902080875,NA,NA,3,2,hydrogen_bonds=3,hydrogen_bonds=2,0.125,0.2,0.15384615384615385,0.08333333333333333,1,5,8,0.5,0.3333333333333333,0.4,0.25,1,3,2
1B56,vina_pose,14,A:PLM:136,L:UNL:1,RDKit,18,3.716929362913545,3,1.8169731239986289,NA,NA,3,2,hydrogen_bonds=3,hydrogen_bonds=2,0.75,0.6,0.6666666666666665,0.5,3,5,4,1.0,0.6666666666666666,0.8,0.6666666666666666,2,3,2
1B56,vina_pose,15,A:PLM:136,L:UNL:1,RDKit,18,3.7474388735656663,3,1.7693928337144336,NA,NA,3,2,hydrogen_bonds=3,hydrogen_bonds=2,0.75,0.6,0.6666666666666665,0.5,3,5,4,1.0,0.6666666666666666,0.8,0.6666666666666666,2,3,2
1B56,vina_pose,16,A:PLM:136,L:UNL:1,RDKit,18,4.484615046033619,3,3.0733781088567698,NA,NA,3,3,hydrogen_bonds=3,hydrogen_bonds=3,0.5,0.4,0.4444444444444445,0.2857142857142857,2,5,4,0.6666666666666666,0.6666666666666666,0.6666666666666666,0.5,2,3,3
1B56,vina_pose,17,A:PLM:136,L:UNL:1,RDKit,18,2.8278987585995523,3,3.774319232214817,NA,NA,3,1,hydrogen_bonds=3,hydrogen_bonds=1,0.75,0.6,0.6666666666666665,0.5,3,5,4,1.0,0.3333333333333333,0.5,0.3333333333333333,1,3,1
1B56,vina_pose,18,A:PLM:136,L:UNL:1,RDKit,18,3.9111932180459825,3,2.389328008736629,NA,NA,3,2,hydrogen_bonds=3,hydrogen_bonds=2,0.6,0.6,0.6,0.42857142857142855,3,5,5,1.0,0.6666666666666666,0.8,0.6666666666666666,2,3,2
1B56,vina_pose,19,A:PLM:136,L:UNL:1,RDKit,18,6.156899670739776,3,6.6016235629325815,NA,NA,3,2,hydrogen_bonds=3,hydrogen_bonds=2,0.125,0.2,0.15384615384615385,0.08333333333333333,1,5,8,0.5,0.3333333333333333,0.4,0.25,1,3,2
1B56,vina_pose,20,A:PLM:136,L:UNL:1,RDKit,18,4.159562470313969,3,7.302947144817632,NA,NA,3,2,hydrogen_bonds=3,hydrogen_bonds=2,0.0,0.0,0.0,0.0,0,5,9,0.0,0.0,0.0,0.0,0,3,2
1DSY,boltz,1,A:PSF:401,B:PSF:1,RDKit_partial_pred,25,13.682492351881951,7,13.923352953386502,137,0.5989843561603143,5,3,attractive_charge=1;hydrogen_bonds=2;ionic=1;salt_bridge=1,attractive_charge=1;ionic=1;salt_bridge=1,0.25,0.1,0.14285714285714288,0.07692307692307693,1,10,4,0.0,0.0,0.0,0.0,0,5,3
1DSY,vina_pose,1,A:PSF:401,L:UNK:1,RDKit,25,5.379611305661404,7,4.874588319613697,NA,NA,5,4,attractive_charge=1;hydrogen_bonds=2;ionic=1;salt_bridge=1,attractive_charge=1;hydrogen_bonds=1;ionic=1;salt_bridge=1,0.6666666666666666,0.4,0.5,0.3333333333333333,4,10,6,0.0,0.0,0.0,0.0,0,5,4
1DSY,vina_pose,2,A:PSF:401,L:UNK:1,RDKit,25,7.0145780714166985,7,4.284656228917322,NA,NA,5,8,attractive_charge=1;hydrogen_bonds=2;ionic=1;salt_bridge=1,attractive_charge=1;hydrogen_bonds=5;ionic=1;salt_bridge=1,0.6666666666666666,0.8,0.7272727272727272,0.5714285714285714,8,10,12,0.25,0.4,0.3076923076923077,0.18181818181818182,2,5,8
1DSY,vina_pose,3,A:PSF:401,L:UNK:1,RDKit,25,6.087820966487106,7,4.222872904958019,NA,NA,5,3,attractive_charge=1;hydrogen_bonds=2;ionic=1;salt_bridge=1,attractive_charge=1;ionic=1;salt_bridge=1,0.6666666666666666,0.2,0.30769230769230765,0.18181818181818182,2,10,3,1.0,0.6,0.7499999999999999,0.6,3,5,3
1DSY,vina_pose,4,A:PSF:401,L:UNK:1,RDKit,25,5.166576917069947,7,4.802290718277804,NA,NA,5,3,attractive_charge=1;hydrogen_bonds=2;ionic=1;salt_bridge=1,attractive_charge=1;ionic=1;salt_bridge=1,0.75,0.3,0.4285714285714285,0.2727272727272727,3,10,4,0.0,0.0,0.0,0.0,0,5,3
1DSY,vina_pose,5,A:PSF:401,L:UNK:1,RDKit,25,6.649285029234346,7,3.1863860630590803,NA,NA,5,1,attractive_charge=1;hydrogen_bonds=2;ionic=1;salt_bridge=1,hydrogen_bonds=1,1.0,0.8,0.888888888888889,0.8,8,10,8,0.0,0.0,0.0,0.0,0,5,1
1DSY,vina_pose,6,A:PSF:401,L:UNK:1,RDKit,25,6.313346659260839,7,4.085851633555552,NA,NA,5,4,attractive_charge=1;hydrogen_bonds=2;ionic=1;salt_bridge=1,attractive_charge=1;hydrogen_bonds=1;ionic=1;salt_bridge=1,0.8333333333333334,0.5,0.625,0.45454545454545453,5,10,6,0.75,0.6,0.6666666666666665,0.5,3,5,4
1DSY,vina_pose,7,A:PSF:401,L:UNK:1,RDKit,25,6.700502533392551,7,4.341674133984988,NA,NA,5,4,attractive_charge=1;hydrogen_bonds=2;ionic=1;salt_bridge=1,attractive_charge=1;hydrogen_bonds=1;ionic=1;salt_bridge=1,0.8333333333333334,0.5,0.625,0.45454545454545453,5,10,6,0.75,0.6,0.6666666666666665,0.5,3,5,4
1DSY,vina_pose,8,A:PSF:401,L:UNK:1,RDKit,25,6.061444280037556,7,5.140476395377044,NA,NA,5,1,attractive_charge=1;hydrogen_bonds=2;ionic=1;salt_bridge=1,hydrogen_bonds=1,0.75,0.3,0.4285714285714285,0.2727272727272727,3,10,4,0.0,0.0,0.0,0.0,0,5,1
1DSY,vina_pose,9,A:PSF:401,L:UNK:1,RDKit,25,5.958081191121853,7,4.268449735308728,NA,NA,5,1,attractive_charge=1;hydrogen_bonds=2;ionic=1;salt_bridge=1,hydrogen_bonds=1,1.0,0.4,0.5714285714285715,0.4,4,10,4,0.0,0.0,0.0,0.0,0,5,1
1DSY,vina_pose,10,A:PSF:401,L:UNK:1,RDKit,25,6.989523102472728,7,5.024199666187072,NA,NA,5,0,attractive_charge=1;hydrogen_bonds=2;ionic=1;salt_bridge=1,none=0,0.6666666666666666,0.4,0.5,0.3333333333333333,4,10,6,0.0,0.0,0.0,0.0,0,5,0
1DSY,vina_pose,11,A:PSF:401,L:UNK:1,RDKit,25,7.067659847502566,7,5.6156388264000245,NA,NA,5,7,attractive_charge=1;hydrogen_bonds=2;ionic=1;salt_bridge=1,attractive_charge=2;hydrogen_bonds=1;ionic=2;salt_bridge=2,1.0,0.3,0.4615384615384615,0.3,3,10,3,0.42857142857142855,0.6,0.5,0.3333333333333333,3,5,7
1DSY,vina_pose,12,A:PSF:401,L:UNK:1,RDKit,25,5.7580084925258666,7,3.3305131951183062,NA,NA,5,4,attractive_charge=1;hydrogen_bonds=2;ionic=1;salt_bridge=1,attractive_charge=1;hydrogen_bonds=1;ionic=1;salt_bridge=1,0.875,0.7,0.7777777777777777,0.6363636363636364,7,10,8,0.75,0.6,0.6666666666666665,0.5,3,5,4
1DSY,vina_pose,13,A:PSF:401,L:UNK:1,RDKit,25,6.296658659956088,7,4.931069211786483,NA,NA,5,5,attractive_charge=1;hydrogen_bonds=2;ionic=1;salt_bridge=1,hydrogen_bonds=5,0.6363636363636364,0.7,0.6666666666666666,0.5,7,10,11,0.2,0.2,0.20000000000000004,0.1111111111111111,1,5,5
1DSY,vina_pose,14,A:PSF:401,L:UNK:1,RDKit,25,3.9674117860388525,7,1.8009716821760406,NA,NA,5,4,attractive_charge=1;hydrogen_bonds=2;ionic=1;salt_bridge=1,hydrogen_bonds=4,0.8181818181818182,0.9,0.8571428571428572,0.75,9,10,11,0.5,0.4,0.4444444444444445,0.2857142857142857,2,5,4
1DSY,vina_pose,15,A:PSF:401,L:UNK:1,RDKit,25,4.921595582735338,7,4.4935084924175435,NA,NA,5,0,attractive_charge=1;hydrogen_bonds=2;ionic=1;salt_bridge=1,none=0,1.0,0.2,0.33333333333333337,0.2,2,10,2,0.0,0.0,0.0,0.0,0,5,0
1DSY,vina_pose,16,A:PSF:401,L:UNK:1,RDKit,25,5.621874029182796,7,3.55277060897548,NA,NA,5,2,attractive_charge=1;hydrogen_bonds=2;ionic=1;salt_bridge=1,hydrogen_bonds=2,0.8333333333333334,0.5,0.625,0.45454545454545453,5,10,6,0.0,0.0,0.0,0.0,0,5,2
1DSY,vina_pose,17,A:PSF:401,L:UNK:1,RDKit,25,5.1393378328341095,7,2.542475593365086,NA,NA,5,1,attractive_charge=1;hydrogen_bonds=2;ionic=1;salt_bridge=1,hydrogen_bonds=1,0.875,0.7,0.7777777777777777,0.6363636363636364,7,10,8,0.0,0.0,0.0,0.0,0,5,1
1DSY,vina_pose,18,A:PSF:401,L:UNK:1,RDKit,25,6.4262345397596565,7,5.185994890086183,NA,NA,5,2,attractive_charge=1;hydrogen_bonds=2;ionic=1;salt_bridge=1,hydrogen_bonds=2,0.7777777777777778,0.7,0.7368421052631577,0.5833333333333334,7,10,9,0.0,0.0,0.0,0.0,0,5,2
1DSY,vina_pose,19,A:PSF:401,L:UNK:1,RDKit,25,5.700843520041574,7,3.67767005045314,NA,NA,5,6,attractive_charge=1;hydrogen_bonds=2;ionic=1;salt_bridge=1,attractive_charge=1;hydrogen_bonds=3;ionic=1;salt_bridge=1,0.7272727272727273,0.8,0.761904761904762,0.6153846153846154,8,10,11,0.6666666666666666,0.8,0.7272727272727272,0.5714285714285714,4,5,6
1DSY,vina_pose,20,A:PSF:401,L:UNK:1,RDKit,25,6.391142223421412,7,6.121887209023048,NA,NA,5,4,attractive_charge=1;hydrogen_bonds=2;ionic=1;salt_bridge=1,attractive_charge=1;hydrogen_bonds=1;ionic=1;salt_bridge=1,0.5,0.1,0.16666666666666669,0.09090909090909091,1,10,2,0.0,0.0,0.0,0.0,0,5,4
1FE3,boltz,1,A:OLA:133,B:OLA:1,RDKit,20,4.9107775686902855,3,6.858942123813017,131,0.66759466644493,2,0,hydrogen_bonds=2,none=0,0.125,0.14285714285714285,0.13333333333333333,0.07142857142857142,1,7,8,0.0,0.0,0.0,0.0,0,2,0
1FE3,vina_pose,1,A:OLA:133,L:UNL:1,RDKit,20,5.927460586119488,3,4.4451122595498065,NA,NA,2,2,hydrogen_bonds=2,hydrogen_bonds=2,0.4,0.2857142857142857,0.3333333333333333,0.2,2,7,5,0.5,0.5,0.5,0.3333333333333333,1,2,2
1FE3,vina_pose,2,A:OLA:133,L:UNL:1,RDKit,20,2.2828739562227245,3,3.408172384137862,NA,NA,2,1,hydrogen_bonds=2,hydrogen_bonds=1,0.5,0.42857142857142855,0.4615384615384615,0.3,3,7,6,1.0,0.5,0.6666666666666666,0.5,1,2,1
1FE3,vina_pose,3,A:OLA:133,L:UNL:1,RDKit,20,5.074834553953459,3,5.229106583984173,NA,NA,2,2,hydrogen_bonds=2,hydrogen_bonds=2,0.2857142857142857,0.2857142857142857,0.2857142857142857,0.16666666666666666,2,7,7,0.0,0.0,0.0,0.0,0,2,2
1FE3,vina_pose,4,A:OLA:133,L:UNL:1,RDKit,20,5.369531771951814,3,6.329992048441554,NA,NA,2,2,hydrogen_bonds=2,hydrogen_bonds=2,0.16666666666666666,0.14285714285714285,0.15384615384615383,0.08333333333333333,1,7,6,0.0,0.0,0.0,0.0,0,2,2
1FE3,vina_pose,5,A:OLA:133,L:UNL:1,RDKit,20,5.317439750481429,3,4.565062723190846,NA,NA,2,1,hydrogen_bonds=2,hydrogen_bonds=1,0.4,0.2857142857142857,0.3333333333333333,0.2,2,7,5,1.0,0.5,0.6666666666666666,0.5,1,2,1
1FE3,vina_pose,6,A:OLA:133,L:UNL:1,RDKit,20,2.8257847936458287,3,3.6603364599446295,NA,NA,2,2,hydrogen_bonds=2,hydrogen_bonds=2,0.6,0.42857142857142855,0.5,0.3333333333333333,3,7,5,0.0,0.0,0.0,0.0,0,2,2
1FE3,vina_pose,7,A:OLA:133,L:UNL:1,RDKit,20,5.338271606990413,3,5.867874544216726,NA,NA,2,2,hydrogen_bonds=2,hydrogen_bonds=2,0.2857142857142857,0.2857142857142857,0.2857142857142857,0.16666666666666666,2,7,7,0.0,0.0,0.0,0.0,0,2,2
1FE3,vina_pose,8,A:OLA:133,L:UNL:1,RDKit,20,4.159189951180396,3,7.562542804286574,NA,NA,2,4,hydrogen_bonds=2,hydrogen_bonds=4,0.0,0.0,0.0,0.0,0,7,6,0.0,0.0,0.0,0.0,0,2,4
1FE3,vina_pose,9,A:OLA:133,L:UNL:1,RDKit,20,4.791497099028655,3,3.8181803694080987,NA,NA,2,2,hydrogen_bonds=2,hydrogen_bonds=2,0.8,0.5714285714285714,0.6666666666666666,0.5,4,7,5,0.0,0.0,0.0,0.0,0,2,2
1FE3,vina_pose,10,A:OLA:133,L:UNL:1,RDKit,20,2.6412437032579916,3,4.757479689919857,NA,NA,2,1,hydrogen_bonds=2,hydrogen_bonds=1,0.3333333333333333,0.14285714285714285,0.2,0.1111111111111111,1,7,3,0.0,0.0,0.0,0.0,0,2,1
1FE3,vina_pose,11,A:OLA:133,L:UNL:1,RDKit,20,5.426877090003051,3,7.231610539845183,NA,NA,2,3,hydrogen_bonds=2,hydrogen_bonds=3,0.0,0.0,0.0,0.0,0,7,6,0.0,0.0,0.0,0.0,0,2,3
1FE3,vina_pose,12,A:OLA:133,L:UNL:1,RDKit,20,4.625303454909739,3,7.9426314489175,NA,NA,2,1,hydrogen_bonds=2,hydrogen_bonds=1,0.0,0.0,0.0,0.0,0,7,7,0.0,0.0,0.0,0.0,0,2,1
1FE3,vina_pose,13,A:OLA:133,L:UNL:1,RDKit,20,5.346135239591307,3,6.4267260975813585,NA,NA,2,1,hydrogen_bonds=2,hydrogen_bonds=1,0.16666666666666666,0.14285714285714285,0.15384615384615383,0.08333333333333333,1,7,6,0.0,0.0,0.0,0.0,0,2,1
1FE3,vina_pose,14,A:OLA:133,L:UNL:1,RDKit,20,5.082679421328872,3,5.358675955868201,NA,NA,2,2,hydrogen_bonds=2,hydrogen_bonds=2,0.2,0.14285714285714285,0.16666666666666666,0.09090909090909091,1,7,5,0.0,0.0,0.0,0.0,0,2,2
1FE3,vina_pose,15,A:OLA:133,L:UNL:1,RDKit,20,3.8155667599977865,3,6.518701941337708,NA,NA,2,2,hydrogen_bonds=2,hydrogen_bonds=2,0.14285714285714285,0.14285714285714285,0.14285714285714285,0.07692307692307693,1,7,7,0.0,0.0,0.0,0.0,0,2,2
1FE3,vina_pose,16,A:OLA:133,L:UNL:1,RDKit,20,5.587192989328363,3,3.899935555023097,NA,NA,2,0,hydrogen_bonds=2,none=0,0.42857142857142855,0.42857142857142855,0.42857142857142855,0.2727272727272727,3,7,7,0.0,0.0,0.0,0.0,0,2,0
1FE3,vina_pose,17,A:OLA:133,L:UNL:1,RDKit,20,2.5797571009690055,3,2.891140028892873,NA,NA,2,2,hydrogen_bonds=2,hydrogen_bonds=2,0.8333333333333334,0.7142857142857143,0.7692307692307692,0.625,5,7,6,0.0,0.0,0.0,0.0,0,2,2
1FE3,vina_pose,18,A:OLA:133,L:UNL:1,RDKit,20,4.123939851646723,3,7.411193920909999,NA,NA,2,3,hydrogen_bonds=2,hydrogen_bonds=3,0.0,0.0,0.0,0.0,0,7,6,0.0,0.0,0.0,0.0,0,2,3
1FE3,vina_pose,19,A:OLA:133,L:UNL:1,RDKit,20,2.9674540603015234,3,6.1415598181569475,NA,NA,2,1,hydrogen_bonds=2,hydrogen_bonds=1,0.0,0.0,0.0,0.0,0,7,6,0.0,0.0,0.0,0.0,0,2,1
1FE3,vina_pose,20,A:OLA:133,L:UNL:1,RDKit,20,3.7952901272498245,3,6.395233641809601,NA,NA,2,1,hydrogen_bonds=2,hydrogen_bonds=1,0.0,0.0,0.0,0.0,0,7,6,0.0,0.0,0.0,0.0,0,2,1
1FK1,boltz,1,A:DAO:201,B:DAO:1,RDKit,14,3.8495491462875604,3,4.595683680818884,93,0.5827579659543769,1,1,hydrogen_bonds=1,hydrogen_bonds=1,0.6666666666666666,0.5714285714285714,0.6153846153846153,0.4444444444444444,4,7,6,0.0,0.0,0.0,0.0,0,1,1
1FK1,vina_pose,1,A:DAO:201,L:UNL:1,RDKit,14,3.4351387994415252,3,2.5393797142871968,NA,NA,1,2,hydrogen_bonds=1,hydrogen_bonds=2,0.625,0.7142857142857143,0.6666666666666666,0.5,5,7,8,0.0,0.0,0.0,0.0,0,1,2
1FK1,vina_pose,2,A:DAO:201,L:UNL:1,RDKit,14,2.459032010481244,3,2.9616248355702766,NA,NA,1,3,hydrogen_bonds=1,hydrogen_bonds=3,0.6666666666666666,0.5714285714285714,0.6153846153846153,0.4444444444444444,4,7,6,0.0,0.0,0.0,0.0,0,1,3
1FK1,vina_pose,3,A:DAO:201,L:UNL:1,RDKit,14,8.016565389420654,3,12.423982225250215,NA,NA,1,1,hydrogen_bonds=1,hydrogen_bonds=1,0.0,0.0,0.0,0.0,0,7,8,0.0,0.0,0.0,0.0,0,1,1
1FK1,vina_pose,4,A:DAO:201,L:UNL:1,RDKit,14,3.5169604673028987,3,4.607291539867355,NA,NA,1,2,hydrogen_bonds=1,hydrogen_bonds=2,0.6,0.42857142857142855,0.5,0.3333333333333333,3,7,5,0.5,1.0,0.6666666666666666,0.5,1,1,2
1FK1,vina_pose,5,A:DAO:201,L:UNL:1,RDKit,14,1.7943121443685792,3,1.9270117626349137,NA,NA,1,2,hydrogen_bonds=1,hydrogen_bonds=2,0.8333333333333334,0.7142857142857143,0.7692307692307692,0.625,5,7,6,0.5,1.0,0.6666666666666666,0.5,1,1,2
1FK1,vina_pose,6,A:DAO:201,L:UNL:1,RDKit,14,4.772280893720677,3,5.620901440160643,NA,NA,1,0,hydrogen_bonds=1,none=0,0.16666666666666666,0.14285714285714285,0.15384615384615383,0.08333333333333333,1,7,6,0.0,0.0,0.0,0.0,0,1,0
1FK1,vina_pose,7,A:DAO:201,L:UNL:1,RDKit,14,2.7207971914758464,3,2.8939617597104923,NA,NA,1,1,hydrogen_bonds=1,hydrogen_bonds=1,0.6,0.42857142857142855,0.5,0.3333333333333333,3,7,5,1.0,1.0,1.0,1.0,1,1,1
1FK1,vina_pose,8,A:DAO:201,L:UNL:1,RDKit,14,8.089668463981873,3,12.518111625427638,NA,NA,1,1,hydrogen_bonds=1,hydrogen_bonds=1,0.0,0.0,0.0,0.0,0,7,9,0.0,0.0,0.0,0.0,0,1,1
1FK1,vina_pose,9,A:DAO:201,L:UNL:1,RDKit,14,8.356013147086696,3,12.612720325132084,NA,NA,1,3,hydrogen_bonds=1,hydrogen_bonds=3,0.0,0.0,0.0,0.0,0,7,7,0.0,0.0,0.0,0.0,0,1,3
1FK1,vina_pose,10,A:DAO:201,L:UNL:1,RDKit,14,8.018217503196793,3,10.223613483825893,NA,NA,1,0,hydrogen_bonds=1,none=0,0.0,0.0,0.0,0.0,0,7,9,0.0,0.0,0.0,0.0,0,1,0
1FK1,vina_pose,11,A:DAO:201,L:UNL:1,RDKit,14,8.257284974061216,3,12.937685522019255,NA,NA,1,0,hydrogen_bonds=1,none=0,0.0,0.0,0.0,0.0,0,7,6,0.0,0.0,0.0,0.0,0,1,0
1FK1,vina_pose,12,A:DAO:201,L:UNL:1,RDKit,14,8.223412399971194,3,11.81989318902671,NA,NA,1,0,hydrogen_bonds=1,none=0,0.0,0.0,0.0,0.0,0,7,4,0.0,0.0,0.0,0.0,0,1,0
1FK1,vina_pose,13,A:DAO:201,L:UNL:1,RDKit,14,8.071256491844553,3,11.817578474459138,NA,NA,1,1,hydrogen_bonds=1,hydrogen_bonds=1,0.0,0.0,0.0,0.0,0,7,5,0.0,0.0,0.0,0.0,0,1,1
1FK1,vina_pose,14,A:DAO:201,L:UNL:1,RDKit,14,1.710411980447151,3,2.148374036335386,NA,NA,1,1,hydrogen_bonds=1,hydrogen_bonds=1,0.8571428571428571,0.8571428571428571,0.8571428571428571,0.75,6,7,7,1.0,1.0,1.0,1.0,1,1,1
1FK1,vina_pose,15,A:DAO:201,L:UNL:1,RDKit,14,3.9661809986794245,3,2.6669899387386797,NA,NA,1,0,hydrogen_bonds=1,none=0,0.5714285714285714,0.5714285714285714,0.5714285714285714,0.4,4,7,7,0.0,0.0,0.0,0.0,0,1,0
1FK1,vina_pose,16,A:DAO:201,L:UNL:1,RDKit,14,7.977067662994966,3,8.967427706241441,NA,NA,1,0,hydrogen_bonds=1,none=0,0.0,0.0,0.0,0.0,0,7,6,0.0,0.0,0.0,0.0,0,1,0
1FK1,vina_pose,17,A:DAO:201,L:UNL:1,RDKit,14,5.980107912308701,3,4.571217452714322,NA,NA,1,2,hydrogen_bonds=1,hydrogen_bonds=2,0.6,0.42857142857142855,0.5,0.3333333333333333,3,7,5,0.5,1.0,0.6666666666666666,0.5,1,1,2
1FK1,vina_pose,18,A:DAO:201,L:UNL:1,RDKit,14,8.342829453231936,3,12.421999610905374,NA,NA,1,0,hydrogen_bonds=1,none=0,0.0,0.0,0.0,0.0,0,7,6,0.0,0.0,0.0,0.0,0,1,0
1FK1,vina_pose,19,A:DAO:201,L:UNL:1,RDKit,14,8.691165658299235,3,13.609801443567546,NA,NA,1,1,hydrogen_bonds=1,hydrogen_bonds=1,0.0,0.0,0.0,0.0,0,7,6,0.0,0.0,0.0,0.0,0,1,1
1FK1,vina_pose,20,A:DAO:201,L:UNL:1,RDKit,14,8.165963459034439,3,7.671207466885507,NA,NA,1,0,hydrogen_bonds=1,none=0,0.125,0.14285714285714285,0.13333333333333333,0.07142857142857142,1,7,8,0.0,0.0,0.0,0.0,0,1,0
1FK4,boltz,1,A:STE:201,B:STE:1,RDKit,20,2.1926397872905707,3,4.207374601696663,93,0.8855706084281103,2,0,hydrogen_bonds=2,none=0,0.6666666666666666,0.5714285714285714,0.6153846153846153,0.4444444444444444,4,7,6,0.0,0.0,0.0,0.0,0,2,0
1FK4,vina_pose,1,A:STE:201,L:UNL:1,RDKit,20,2.112612754387324,3,2.127104604856092,NA,NA,2,3,hydrogen_bonds=2,hydrogen_bonds=3,0.8333333333333334,0.7142857142857143,0.7692307692307692,0.625,5,7,6,0.6666666666666666,1.0,0.8,0.6666666666666666,2,2,3
1FK4,vina_pose,2,A:STE:201,L:UNL:1,RDKit,20,2.265630695854908,3,3.6047495983308804,NA,NA,2,1,hydrogen_bonds=2,hydrogen_bonds=1,0.5,0.5714285714285714,0.5333333333333333,0.36363636363636365,4,7,8,0.0,0.0,0.0,0.0,0,2,1
1FK4,vina_pose,3,A:STE:201,L:UNL:1,RDKit,20,1.70918234837597,3,2.8414974925204453,NA,NA,2,1,hydrogen_bonds=2,hydrogen_bonds=1,0.7142857142857143,0.7142857142857143,0.7142857142857143,0.5555555555555556,5,7,7,1.0,0.5,0.6666666666666666,0.5,1,2,1
1FK4,vina_pose,4,A:STE:201,L:UNL:1,RDKit,20,2.175418155206028,3,1.8895123709571207,NA,NA,2,2,hydrogen_bonds=2,hydrogen_bonds=2,0.875,1.0,0.9333333333333333,0.875,7,7,8,1.0,1.0,1.0,1.0,2,2,2
1FK4,vina_pose,5,A:STE:201,L:UNL:1,RDKit,20,9.581507337052976,3,13.3747934937329,NA,NA,2,1,hydrogen_bonds=2,hydrogen_bonds=1,0.0,0.0,0.0,0.0,0,7,8,0.0,0.0,0.0,0.0,0,2,1
1FK4,vina_pose,6,A:STE:201,L:UNL:1,RDKit,20,9.431304284138012,3,14.112856502730642,NA,NA,2,0,hydrogen_bonds=2,none=0,0.0,0.0,0.0,0.0,0,7,6,0.0,0.0,0.0,0.0,0,2,0
1FK4,vina_pose,7,A:STE:201,L:UNL:1,RDKit,20,9.797806512174038,3,14.039653972469075,NA,NA,2,0,hydrogen_bonds=2,none=0,0.0,0.0,0.0,0.0,0,7,9,0.0,0.0,0.0,0.0,0,2,0
1FK4,vina_pose,8,A:STE:201,L:UNL:1,RDKit,20,9.270864120997565,3,13.402231804193406,NA,NA,2,1,hydrogen_bonds=2,hydrogen_bonds=1,0.0,0.0,0.0,0.0,0,7,8,0.0,0.0,0.0,0.0,0,2,1
1FK4,vina_pose,9,A:STE:201,L:UNL:1,RDKit,20,9.790343252409489,3,13.102978172919315,NA,NA,2,3,hydrogen_bonds=2,hydrogen_bonds=3,0.0,0.0,0.0,0.0,0,7,7,0.0,0.0,0.0,0.0,0,2,3
1FK4,vina_pose,10,A:STE:201,L:UNL:1,RDKit,20,4.5173582656238365,3,5.5501145033233295,NA,NA,2,1,hydrogen_bonds=2,hydrogen_bonds=1,0.16666666666666666,0.14285714285714285,0.15384615384615383,0.08333333333333333,1,7,6,0.0,0.0,0.0,0.0,0,2,1
1FK4,vina_pose,11,A:STE:201,L:UNL:1,RDKit,20,9.63627209038848,3,13.209191433745415,NA,NA,2,0,hydrogen_bonds=2,none=0,0.0,0.0,0.0,0.0,0,7,7,0.0,0.0,0.0,0.0,0,2,0
1FK4,vina_pose,12,A:STE:201,L:UNL:1,RDKit,20,9.933943129492942,3,12.884496846986304,NA,NA,2,1,hydrogen_bonds=2,hydrogen_bonds=1,0.0,0.0,0.0,0.0,0,7,6,0.0,0.0,0.0,0.0,0,2,1
1FK4,vina_pose,13,A:STE:201,L:UNL:1,RDKit,20,9.424609684225654,3,12.202403656657156,NA,NA,2,1,hydrogen_bonds=2,hydrogen_bonds=1,0.0,0.0,0.0,0.0,0,7,5,0.0,0.0,0.0,0.0,0,2,1
1FK4,vina_pose,14,A:STE:201,L:UNL:1,RDKit,20,2.6459404849693806,3,3.4313135482882733,NA,NA,2,1,hydrogen_bonds=2,hydrogen_bonds=1,0.5,0.42857142857142855,0.4615384615384615,0.3,3,7,6,0.0,0.0,0.0,0.0,0,2,1
1FK4,vina_pose,15,A:STE:201,L:UNL:1,RDKit,20,10.066185275465577,3,11.963955923244338,NA,NA,2,0,hydrogen_bonds=2,none=0,0.0,0.0,0.0,0.0,0,7,6,0.0,0.0,0.0,0.0,0,2,0
1FK4,vina_pose,16,A:STE:201,L:UNL:1,RDKit,20,10.12353929957305,3,14.112564531886704,NA,NA,2,0,hydrogen_bonds=2,none=0,0.0,0.0,0.0,0.0,0,7,6,0.0,0.0,0.0,0.0,0,2,0
1FK4,vina_pose,17,A:STE:201,L:UNL:1,RDKit,20,9.295045822910181,3,11.972234795559261,NA,NA,2,1,hydrogen_bonds=2,hydrogen_bonds=1,0.0,0.0,0.0,0.0,0,7,5,0.0,0.0,0.0,0.0,0,2,1
1FK4,vina_pose,18,A:STE:201,L:UNL:1,RDKit,20,9.554858852960624,3,13.319179228966522,NA,NA,2,0,hydrogen_bonds=2,none=0,0.0,0.0,0.0,0.0,0,7,6,0.0,0.0,0.0,0.0,0,2,0
1FK4,vina_pose,19,A:STE:201,L:UNL:1,RDKit,20,9.317273936082378,3,13.16972440865791,NA,NA,2,2,hydrogen_bonds=2,hydrogen_bonds=2,0.0,0.0,0.0,0.0,0,7,7,0.0,0.0,0.0,0.0,0,2,2
1FK4,vina_pose,20,A:STE:201,L:UNL:1,RDKit,20,3.922113250532166,3,7.945707646270404,NA,NA,2,0,hydrogen_bonds=2,none=0,0.14285714285714285,0.14285714285714285,0.14285714285714285,0.07692307692307693,1,7,7,0.0,0.0,0.0,0.0,0,2,0
1H6H,boltz,1,A:PIB:150,B:PIB:1,RDKit,35,11.20982666308721,13,7.857181928963806,143,1.6932058588640806,13,0,attractive_charge=3;hydrogen_bonds=4;ionic=3;salt_bridge=3,none=0,1.0,0.6666666666666666,0.8,0.6666666666666666,6,9,6,0.0,0.0,0.0,0.0,0,13,0
1H6H,vina_pose,1,A:PIB:150,L:UNL:1,RDKit,35,9.980761347999174,13,7.198137520861266,NA,NA,13,9,attractive_charge=3;hydrogen_bonds=4;ionic=3;salt_bridge=3,attractive_charge=2;hydrogen_bonds=3;ionic=2;salt_bridge=2,1.0,0.7777777777777778,0.8750000000000001,0.7777777777777778,7,9,7,0.8888888888888888,0.6153846153846154,0.7272727272727274,0.5714285714285714,8,13,9
1H6H,vina_pose,2,A:PIB:150,L:UNL:1,RDKit,35,10.302270950759214,13,7.329204883939951,NA,NA,13,15,attractive_charge=3;hydrogen_bonds=4;ionic=3;salt_bridge=3,attractive_charge=4;hydrogen_bonds=3;ionic=4;salt_bridge=4,0.625,0.5555555555555556,0.5882352941176471,0.4166666666666667,5,9,8,0.7333333333333333,0.8461538461538461,0.7857142857142856,0.6470588235294118,11,13,15
1H6H,vina_pose,3,A:PIB:150,L:UNL:1,RDKit,35,10.360941249299147,13,7.188608504486055,NA,NA,13,17,attractive_charge=3;hydrogen_bonds=4;ionic=3;salt_bridge=3,attractive_charge=4;hydrogen_bonds=5;ionic=4;salt_bridge=4,0.6666666666666666,0.6666666666666666,0.6666666666666666,0.5,6,9,9,0.7058823529411765,0.9230769230769231,0.8000000000000002,0.6666666666666666,12,13,17
1H6H,vina_pose,4,A:PIB:150,L:UNL:1,RDKit,35,6.67981940517214,13,5.376843583653604,NA,NA,13,14,attractive_charge=3;hydrogen_bonds=4;ionic=3;salt_bridge=3,attractive_charge=3;hydrogen_bonds=5;ionic=3;salt_bridge=3,0.5454545454545454,0.6666666666666666,0.6,0.42857142857142855,6,9,11,0.35714285714285715,0.38461538461538464,0.3703703703703704,0.22727272727272727,5,13,14
1H6H,vina_pose,5,A:PIB:150,L:UNL:1,RDKit,35,5.483277948193294,13,4.662817735100658,NA,NA,13,15,attractive_charge=3;hydrogen_bonds=4;ionic=3;salt_bridge=3,attractive_charge=3;hydrogen_bonds=6;ionic=3;salt_bridge=3,0.6,0.6666666666666666,0.631578947368421,0.46153846153846156,6,9,10,0.5333333333333333,0.6153846153846154,0.5714285714285715,0.4,8,13,15
1H6H,vina_pose,6,A:PIB:150,L:UNL:1,RDKit,35,10.175566505816063,13,7.136649828121789,NA,NA,13,12,attractive_charge=3;hydrogen_bonds=4;ionic=3;salt_bridge=3,attractive_charge=3;hydrogen_bonds=3;ionic=3;salt_bridge=3,0.5714285714285714,0.4444444444444444,0.5,0.3333333333333333,4,9,7,1.0,0.9230769230769231,0.9600000000000001,0.9230769230769231,12,13,12
1H6H,vina_pose,7,A:PIB:150,L:UNL:1,RDKit,35,7.750930646426548,13,5.703100263486924,NA,NA,13,10,attractive_charge=3;hydrogen_bonds=4;ionic=3;salt_bridge=3,attractive_charge=3;hydrogen_bonds=1;ionic=3;salt_bridge=3,0.6,0.6666666666666666,0.631578947368421,0.46153846153846156,6,9,10,0.7,0.5384615384615384,0.608695652173913,0.4375,7,13,10
1H6H,vina_pose,8,A:PIB:150,L:UNL:1,RDKit,35,6.558390068127565,13,3.6125238354284197,NA,NA,13,9,attractive_charge=3;hydrogen_bonds=4;ionic=3;salt_bridge=3,attractive_charge=2;hydrogen_bonds=3;ionic=2;salt_bridge=2,0.7,0.7777777777777778,0.7368421052631577,0.5833333333333334,7,9,10,0.5555555555555556,0.38461538461538464,0.4545454545454546,0.29411764705882354,5,13,9
1H6H,vina_pose,9,A:PIB:150,L:UNL:1,RDKit,35,8.493255934647712,13,6.855343788719751,NA,NA,13,11,attractive_charge=3;hydrogen_bonds=4;ionic=3;salt_bridge=3,attractive_charge=2;hydrogen_bonds=5;ionic=2;salt_bridge=2,0.6153846153846154,0.8888888888888888,0.7272727272727274,0.5714285714285714,8,9,13,0.8181818181818182,0.6923076923076923,0.7500000000000001,0.6,9,13,11
1H6H,vina_pose,10,A:PIB:150,L:UNL:1,RDKit,35,9.69516316520769,13,6.882930452604081,NA,NA,13,15,attractive_charge=3;hydrogen_bonds=4;ionic=3;salt_bridge=3,attractive_charge=4;hydrogen_bonds=3;ionic=4;salt_bridge=4,0.5714285714285714,0.4444444444444444,0.5,0.3333333333333333,4,9,7,0.7333333333333333,0.8461538461538461,0.7857142857142856,0.6470588235294118,11,13,15
1H6H,vina_pose,11,A:PIB:150,L:UNL:1,RDKit,35,10.0358200234389,13,7.027139821927772,NA,NA,13,12,attractive_charge=3;hydrogen_bonds=4;ionic=3;salt_bridge=3,attractive_charge=3;hydrogen_bonds=3;ionic=3;salt_bridge=3,0.5714285714285714,0.4444444444444444,0.5,0.3333333333333333,4,9,7,0.9166666666666666,0.8461538461538461,0.8799999999999999,0.7857142857142857,11,13,12
1H6H,vina_pose,12,A:PIB:150,L:UNL:1,RDKit,35,5.9706269998576005,13,5.375822949522741,NA,NA,13,14,attractive_charge=3;hydrogen_bonds=4;ionic=3;salt_bridge=3,attractive_charge=3;hydrogen_bonds=5;ionic=3;salt_bridge=3,0.5,0.6666666666666666,0.5714285714285715,0.4,6,9,12,0.35714285714285715,0.38461538461538464,0.3703703703703704,0.22727272727272727,5,13,14
1H6H,vina_pose,13,A:PIB:150,L:UNL:1,RDKit,35,10.065325541538279,13,7.3485451778409345,NA,NA,13,8,attractive_charge=3;hydrogen_bonds=4;ionic=3;salt_bridge=3,attractive_charge=2;hydrogen_bonds=2;ionic=2;salt_bridge=2,0.7142857142857143,0.5555555555555556,0.6250000000000001,0.45454545454545453,5,9,7,0.5,0.3076923076923077,0.380952380952381,0.23529411764705882,4,13,8
1H6H,vina_pose,14,A:PIB:150,L:UNL:1,RDKit,35,10.421880828334203,13,6.968528975108238,NA,NA,13,12,attractive_charge=3;hydrogen_bonds=4;ionic=3;salt_bridge=3,attractive_charge=3;hydrogen_bonds=3;ionic=3;salt_bridge=3,0.7142857142857143,0.5555555555555556,0.6250000000000001,0.45454545454545453,5,9,7,0.6666666666666666,0.6153846153846154,0.64,0.47058823529411764,8,13,12
1H6H,vina_pose,15,A:PIB:150,L:UNL:1,RDKit,35,10.66179309229255,13,7.83012780129516,NA,NA,13,4,attractive_charge=3;hydrogen_bonds=4;ionic=3;salt_bridge=3,attractive_charge=1;hydrogen_bonds=1;ionic=1;salt_bridge=1,0.5714285714285714,0.4444444444444444,0.5,0.3333333333333333,4,9,7,0.0,0.0,0.0,0.0,0,13,4
1H6H,vina_pose,16,A:PIB:150,L:UNL:1,RDKit,35,10.341066238200835,13,7.626753992462223,NA,NA,13,6,attractive_charge=3;hydrogen_bonds=4;ionic=3;salt_bridge=3,attractive_charge=1;hydrogen_bonds=3;ionic=1;salt_bridge=1,0.7142857142857143,0.5555555555555556,0.6250000000000001,0.45454545454545453,5,9,7,0.0,0.0,0.0,0.0,0,13,6
1H6H,vina_pose,17,A:PIB:150,L:UNL:1,RDKit,35,6.636157661952112,13,5.097776913669179,NA,NA,13,14,attractive_charge=3;hydrogen_bonds=4;ionic=3;salt_bridge=3,attractive_charge=3;hydrogen_bonds=5;ionic=3;salt_bridge=3,0.46153846153846156,0.6666666666666666,0.5454545454545455,0.375,6,9,13,0.6428571428571429,0.6923076923076923,0.6666666666666666,0.5,9,13,14
1H6H,vina_pose,18,A:PIB:150,L:UNL:1,RDKit,35,4.431614916870437,13,4.01429442023224,NA,NA,13,9,attractive_charge=3;hydrogen_bonds=4;ionic=3;salt_bridge=3,attractive_charge=2;hydrogen_bonds=3;ionic=2;salt_bridge=2,0.5833333333333334,0.7777777777777778,0.6666666666666666,0.5,7,9,12,0.4444444444444444,0.3076923076923077,0.3636363636363637,0.2222222222222222,4,13,9
1H6H,vina_pose,19,A:PIB:150,L:UNL:1,RDKit,35,9.907235338738193,13,7.044910623443544,NA,NA,13,12,attractive_charge=3;hydrogen_bonds=4;ionic=3;salt_bridge=3,attractive_charge=3;hydrogen_bonds=3;ionic=3;salt_bridge=3,0.5714285714285714,0.4444444444444444,0.5,0.3333333333333333,4,9,7,1.0,0.9230769230769231,0.9600000000000001,0.9230769230769231,12,13,12
1H6H,vina_pose,20,A:PIB:150,L:UNL:1,RDKit,35,6.656845188010824,13,5.546048121791838,NA,NA,13,10,attractive_charge=3;hydrogen_bonds=4;ionic=3;salt_bridge=3,attractive_charge=2;hydrogen_bonds=4;ionic=2;salt_bridge=2,0.4166666666666667,0.5555555555555556,0.4761904761904762,0.3125,5,9,12,0.0,0.0,0.0,0.0,0,13,10
1HMR,boltz,1,A:ELA:133,B:ELA:1,RDKit,20,5.300232189554783,3,7.86457640116762,131,0.36617966985842026,2,3,hydrogen_bonds=2,hydrogen_bonds=3,0.0,0.0,0.0,0.0,0,8,9,0.0,0.0,0.0,0.0,0,2,3
1HMR,vina_pose,1,A:ELA:133,L:UNL:1,RDKit,20,2.4455141586177738,3,2.9838827054695027,NA,NA,2,1,hydrogen_bonds=2,hydrogen_bonds=1,0.8,0.5,0.6153846153846154,0.4444444444444444,4,8,5,1.0,0.5,0.6666666666666666,0.5,1,2,1
1HMR,vina_pose,2,A:ELA:133,L:UNL:1,RDKit,20,4.293782988228446,3,7.997511050320593,NA,NA,2,3,hydrogen_bonds=2,hydrogen_bonds=3,0.0,0.0,0.0,0.0,0,8,8,0.0,0.0,0.0,0.0,0,2,3
1HMR,vina_pose,3,A:ELA:133,L:UNL:1,RDKit,20,4.357088305279112,3,7.320329113730703,NA,NA,2,2,hydrogen_bonds=2,hydrogen_bonds=2,0.0,0.0,0.0,0.0,0,8,8,0.0,0.0,0.0,0.0,0,2,2
1HMR,vina_pose,4,A:ELA:133,L:UNL:1,RDKit,20,5.0931650473943995,3,1.8851438495068051,NA,NA,2,2,hydrogen_bonds=2,hydrogen_bonds=2,0.7142857142857143,0.625,0.6666666666666666,0.5,5,8,7,1.0,1.0,1.0,1.0,2,2,2
1HMR,vina_pose,5,A:ELA:133,L:UNL:1,RDKit,20,5.36102317659605,3,7.432368151089754,NA,NA,2,2,hydrogen_bonds=2,hydrogen_bonds=2,0.2,0.125,0.15384615384615385,0.08333333333333333,1,8,5,0.0,0.0,0.0,0.0,0,2,2
1HMR,vina_pose,6,A:ELA:133,L:UNL:1,RDKit,20,2.168996403869771,3,2.1518680256930254,NA,NA,2,2,hydrogen_bonds=2,hydrogen_bonds=2,1.0,0.625,0.7692307692307693,0.625,5,8,5,1.0,1.0,1.0,1.0,2,2,2
1HMR,vina_pose,7,A:ELA:133,L:UNL:1,RDKit,20,5.232653858225289,3,6.951153549351839,NA,NA,2,1,hydrogen_bonds=2,hydrogen_bonds=1,0.2857142857142857,0.25,0.26666666666666666,0.15384615384615385,2,8,7,0.0,0.0,0.0,0.0,0,2,1
1HMR,vina_pose,8,A:ELA:133,L:UNL:1,RDKit,20,5.17870528221099,3,7.558200800014072,NA,NA,2,2,hydrogen_bonds=2,hydrogen_bonds=2,0.0,0.0,0.0,0.0,0,8,6,0.0,0.0,0.0,0.0,0,2,2
1HMR,vina_pose,9,A:ELA:133,L:UNL:1,RDKit,20,5.7779773277506035,3,6.639320396948269,NA,NA,2,2,hydrogen_bonds=2,hydrogen_bonds=2,0.2857142857142857,0.25,0.26666666666666666,0.15384615384615385,2,8,7,0.0,0.0,0.0,0.0,0,2,2
1HMR,vina_pose,10,A:ELA:133,L:UNL:1,RDKit,20,5.262264503044293,3,1.8134035219259201,NA,NA,2,2,hydrogen_bonds=2,hydrogen_bonds=2,1.0,0.75,0.8571428571428571,0.75,6,8,6,1.0,1.0,1.0,1.0,2,2,2
1HMR,vina_pose,11,A:ELA:133,L:UNL:1,RDKit,20,4.418225005587651,3,7.746296943271238,NA,NA,2,3,hydrogen_bonds=2,hydrogen_bonds=3,0.0,0.0,0.0,0.0,0,8,9,0.0,0.0,0.0,0.0,0,2,3
1HMR,vina_pose,12,A:ELA:133,L:UNL:1,RDKit,20,4.719928871286092,3,7.66756682396704,NA,NA,2,3,hydrogen_bonds=2,hydrogen_bonds=3,0.0,0.0,0.0,0.0,0,8,6,0.0,0.0,0.0,0.0,0,2,3
1HMR,vina_pose,13,A:ELA:133,L:UNL:1,RDKit,20,4.479364480593201,3,1.122217150703612,NA,NA,2,2,hydrogen_bonds=2,hydrogen_bonds=2,0.8333333333333334,0.625,0.7142857142857143,0.5555555555555556,5,8,6,1.0,1.0,1.0,1.0,2,2,2
1HMR,vina_pose,14,A:ELA:133,L:UNL:1,RDKit,20,6.126317662348239,3,8.217200030018335,NA,NA,2,2,hydrogen_bonds=2,hydrogen_bonds=2,0.0,0.0,0.0,0.0,0,8,7,0.0,0.0,0.0,0.0,0,2,2
1HMR,vina_pose,15,A:ELA:133,L:UNL:1,RDKit,20,2.04802032460618,3,1.577965039747924,NA,NA,2,1,hydrogen_bonds=2,hydrogen_bonds=1,0.7142857142857143,0.625,0.6666666666666666,0.5,5,8,7,1.0,0.5,0.6666666666666666,0.5,1,2,1
1HMR,vina_pose,16,A:ELA:133,L:UNL:1,RDKit,20,3.9635593284319603,3,6.452682982036751,NA,NA,2,1,hydrogen_bonds=2,hydrogen_bonds=1,0.0,0.0,0.0,0.0,0,8,5,0.0,0.0,0.0,0.0,0,2,1
1HMR,vina_pose,17,A:ELA:133,L:UNL:1,RDKit,20,1.9288309283086476,3,1.89757617326244,NA,NA,2,2,hydrogen_bonds=2,hydrogen_bonds=2,1.0,0.75,0.8571428571428571,0.75,6,8,6,1.0,1.0,1.0,1.0,2,2,2
1HMR,vina_pose,18,A:ELA:133,L:UNL:1,RDKit,20,3.325926540078719,3,6.630803395265663,NA,NA,2,2,hydrogen_bonds=2,hydrogen_bonds=2,0.2,0.125,0.15384615384615385,0.08333333333333333,1,8,5,0.0,0.0,0.0,0.0,0,2,2
1HMR,vina_pose,19,A:ELA:133,L:UNL:1,RDKit,20,2.2844038281354737,3,1.1932320254949043,NA,NA,2,2,hydrogen_bonds=2,hydrogen_bonds=2,0.75,0.75,0.75,0.6,6,8,8,1.0,1.0,1.0,1.0,2,2,2
1HMR,vina_pose,20,A:ELA:133,L:UNL:1,RDKit,20,5.635712492666743,3,7.823152582772071,NA,NA,2,3,hydrogen_bonds=2,hydrogen_bonds=3,0.0,0.0,0.0,0.0,0,8,9,0.0,0.0,0.0,0.0,0,2,3
1HMS,boltz,1,A:OLA:133,B:OLA:1,RDKit,20,5.725919317513481,3,7.533251021091154,131,0.35932952594622375,2,2,hydrogen_bonds=2,hydrogen_bonds=2,0.0,0.0,0.0,0.0,0,8,8,0.0,0.0,0.0,0.0,0,2,2
1HMS,vina_pose,1,A:OLA:133,L:UNL:1,RDKit,20,5.202583151666103,3,6.626903902527436,NA,NA,2,2,hydrogen_bonds=2,hydrogen_bonds=2,0.2857142857142857,0.25,0.26666666666666666,0.15384615384615385,2,8,7,0.0,0.0,0.0,0.0,0,2,2
1HMS,vina_pose,2,A:OLA:133,L:UNL:1,RDKit,20,4.8371284766894505,3,2.0818382101722825,NA,NA,2,2,hydrogen_bonds=2,hydrogen_bonds=2,0.7142857142857143,0.625,0.6666666666666666,0.5,5,8,7,1.0,1.0,1.0,1.0,2,2,2
1HMS,vina_pose,3,A:OLA:133,L:UNL:1,RDKit,20,4.141159746979099,3,7.610129521455816,NA,NA,2,2,hydrogen_bonds=2,hydrogen_bonds=2,0.0,0.0,0.0,0.0,0,8,7,0.0,0.0,0.0,0.0,0,2,2
1HMS,vina_pose,4,A:OLA:133,L:UNL:1,RDKit,20,5.439223492374624,3,6.580307085032838,NA,NA,2,3,hydrogen_bonds=2,hydrogen_bonds=3,0.2857142857142857,0.25,0.26666666666666666,0.15384615384615385,2,8,7,0.3333333333333333,0.5,0.4,0.25,1,2,3
1HMS,vina_pose,5,A:OLA:133,L:UNL:1,RDKit,20,5.3415826072429144,3,6.917397053805715,NA,NA,2,3,hydrogen_bonds=2,hydrogen_bonds=3,0.25,0.25,0.25,0.14285714285714285,2,8,8,0.0,0.0,0.0,0.0,0,2,3
1HMS,vina_pose,6,A:OLA:133,L:UNL:1,RDKit,20,3.987396569191481,3,0.4216598154911124,NA,NA,2,2,hydrogen_bonds=2,hydrogen_bonds=2,1.0,0.875,0.9333333333333333,0.875,7,8,7,1.0,1.0,1.0,1.0,2,2,2
1HMS,vina_pose,7,A:OLA:133,L:UNL:1,RDKit,20,2.225188733568458,3,1.1187105672752609,NA,NA,2,2,hydrogen_bonds=2,hydrogen_bonds=2,1.0,0.625,0.7692307692307693,0.625,5,8,5,1.0,1.0,1.0,1.0,2,2,2
1HMS,vina_pose,8,A:OLA:133,L:UNL:1,RDKit,20,4.206259722128437,3,7.996680144493296,NA,NA,2,2,hydrogen_bonds=2,hydrogen_bonds=2,0.0,0.0,0.0,0.0,0,8,8,0.0,0.0,0.0,0.0,0,2,2
1HMS,vina_pose,9,A:OLA:133,L:UNL:1,RDKit,20,5.27222905894651,3,7.553113066808943,NA,NA,2,2,hydrogen_bonds=2,hydrogen_bonds=2,0.0,0.0,0.0,0.0,0,8,7,0.0,0.0,0.0,0.0,0,2,2
1HMS,vina_pose,10,A:OLA:133,L:UNL:1,RDKit,20,6.013935471053876,3,7.839986649648496,NA,NA,2,2,hydrogen_bonds=2,hydrogen_bonds=2,0.0,0.0,0.0,0.0,0,8,5,0.0,0.0,0.0,0.0,0,2,2
1HMS,vina_pose,11,A:OLA:133,L:UNL:1,RDKit,20,5.491245919643373,3,7.697893023418812,NA,NA,2,2,hydrogen_bonds=2,hydrogen_bonds=2,0.0,0.0,0.0,0.0,0,8,6,0.0,0.0,0.0,0.0,0,2,2
1HMS,vina_pose,12,A:OLA:133,L:UNL:1,RDKit,20,5.6275766365283735,3,6.27208450198178,NA,NA,2,2,hydrogen_bonds=2,hydrogen_bonds=2,0.3333333333333333,0.25,0.28571428571428575,0.16666666666666666,2,8,6,0.0,0.0,0.0,0.0,0,2,2
1HMS,vina_pose,13,A:OLA:133,L:UNL:1,RDKit,20,5.210496996448612,3,4.580644350598142,NA,NA,2,0,hydrogen_bonds=2,none=0,0.75,0.375,0.5,0.3333333333333333,3,8,4,0.0,0.0,0.0,0.0,0,2,0
1HMS,vina_pose,14,A:OLA:133,L:UNL:1,RDKit,20,5.411265041559135,3,7.396027988048721,NA,NA,2,2,hydrogen_bonds=2,hydrogen_bonds=2,0.3333333333333333,0.25,0.28571428571428575,0.16666666666666666,2,8,6,0.0,0.0,0.0,0.0,0,2,2
1HMS,vina_pose,15,A:OLA:133,L:UNL:1,RDKit,20,4.873122936064716,3,5.930611576108039,NA,NA,2,2,hydrogen_bonds=2,hydrogen_bonds=2,0.4,0.25,0.3076923076923077,0.18181818181818182,2,8,5,0.5,0.5,0.5,0.3333333333333333,1,2,2
1HMS,vina_pose,16,A:OLA:133,L:UNL:1,RDKit,20,1.6234577142629854,3,0.7184636386067109,NA,NA,2,2,hydrogen_bonds=2,hydrogen_bonds=2,1.0,0.875,0.9333333333333333,0.875,7,8,7,1.0,1.0,1.0,1.0,2,2,2
1HMS,vina_pose,17,A:OLA:133,L:UNL:1,RDKit,20,3.3005300180425565,3,3.6418685680110245,NA,NA,2,2,hydrogen_bonds=2,hydrogen_bonds=2,0.7142857142857143,0.625,0.6666666666666666,0.5,5,8,7,0.0,0.0,0.0,0.0,0,2,2
1HMS,vina_pose,18,A:OLA:133,L:UNL:1,RDKit,20,4.530538185469801,3,1.9174324846870965,NA,NA,2,2,hydrogen_bonds=2,hydrogen_bonds=2,1.0,0.875,0.9333333333333333,0.875,7,8,7,1.0,1.0,1.0,1.0,2,2,2
1HMS,vina_pose,19,A:OLA:133,L:UNL:1,RDKit,20,1.6226128312077404,3,1.5619688430524679,NA,NA,2,2,hydrogen_bonds=2,hydrogen_bonds=2,0.75,0.75,0.75,0.6,6,8,8,1.0,1.0,1.0,1.0,2,2,2
1HMS,vina_pose,20,A:OLA:133,L:UNL:1,RDKit,20,5.080022135778544,3,7.287457695703396,NA,NA,2,2,hydrogen_bonds=2,hydrogen_bonds=2,0.0,0.0,0.0,0.0,0,8,8,0.0,0.0,0.0,0.0,0,2,2
1HMT,boltz,1,A:STE:133,B:STE:1,RDKit,20,5.077488187551437,3,7.266116851733549,131,0.3591687297607801,2,2,hydrogen_bonds=2,hydrogen_bonds=2,0.0,0.0,0.0,0.0,0,8,8,0.0,0.0,0.0,0.0,0,2,2
1HMT,vina_pose,1,A:STE:133,L:UNL:1,RDKit,20,5.4265458120244405,3,6.5037100437622,NA,NA,2,3,hydrogen_bonds=2,hydrogen_bonds=3,0.16666666666666666,0.125,0.14285714285714288,0.07692307692307693,1,8,6,0.0,0.0,0.0,0.0,0,2,3
1HMT,vina_pose,2,A:STE:133,L:UNL:1,RDKit,20,3.376516170552127,3,0.6271794001719133,NA,NA,2,2,hydrogen_bonds=2,hydrogen_bonds=2,1.0,0.75,0.8571428571428571,0.75,6,8,6,1.0,1.0,1.0,1.0,2,2,2
1HMT,vina_pose,3,A:STE:133,L:UNL:1,RDKit,20,5.380370572739391,3,7.290321323508313,NA,NA,2,2,hydrogen_bonds=2,hydrogen_bonds=2,0.14285714285714285,0.125,0.13333333333333333,0.07142857142857142,1,8,7,0.0,0.0,0.0,0.0,0,2,2
1HMT,vina_pose,4,A:STE:133,L:UNL:1,RDKit,20,3.330151760806106,3,3.0127798348590553,NA,NA,2,1,hydrogen_bonds=2,hydrogen_bonds=1,0.4,0.25,0.3076923076923077,0.18181818181818182,2,8,5,1.0,0.5,0.6666666666666666,0.5,1,2,1
1HMT,vina_pose,5,A:STE:133,L:UNL:1,RDKit,20,5.387887494185453,3,7.2414980724525035,NA,NA,2,2,hydrogen_bonds=2,hydrogen_bonds=2,0.2,0.125,0.15384615384615385,0.08333333333333333,1,8,5,0.0,0.0,0.0,0.0,0,2,2
1HMT,vina_pose,6,A:STE:133,L:UNL:1,RDKit,20,4.000935065706516,3,7.530112814559951,NA,NA,2,3,hydrogen_bonds=2,hydrogen_bonds=3,0.0,0.0,0.0,0.0,0,8,9,0.0,0.0,0.0,0.0,0,2,3
1HMT,vina_pose,7,A:STE:133,L:UNL:1,RDKit,20,1.6196863893976505,3,2.0881581198111725,NA,NA,2,2,hydrogen_bonds=2,hydrogen_bonds=2,0.8333333333333334,0.625,0.7142857142857143,0.5555555555555556,5,8,6,1.0,1.0,1.0,1.0,2,2,2
1HMT,vina_pose,8,A:STE:133,L:UNL:1,RDKit,20,2.1242155140192343,3,1.5972109023753465,NA,NA,2,2,hydrogen_bonds=2,hydrogen_bonds=2,0.75,0.75,0.75,0.6,6,8,8,1.0,1.0,1.0,1.0,2,2,2
1HMT,vina_pose,9,A:STE:133,L:UNL:1,RDKit,20,5.00497134856934,3,1.958206747681835,NA,NA,2,2,hydrogen_bonds=2,hydrogen_bonds=2,0.7142857142857143,0.625,0.6666666666666666,0.5,5,8,7,1.0,1.0,1.0,1.0,2,2,2
1HMT,vina_pose,10,A:STE:133,L:UNL:1,RDKit,20,3.224311135731166,3,5.803004853809218,NA,NA,2,2,hydrogen_bonds=2,hydrogen_bonds=2,0.25,0.125,0.16666666666666666,0.09090909090909091,1,8,4,0.0,0.0,0.0,0.0,0,2,2
1HMT,vina_pose,11,A:STE:133,L:UNL:1,RDKit,20,5.256493374865034,3,7.990814455777751,NA,NA,2,3,hydrogen_bonds=2,hydrogen_bonds=3,0.0,0.0,0.0,0.0,0,8,10,0.0,0.0,0.0,0.0,0,2,3
1HMT,vina_pose,12,A:STE:133,L:UNL:1,RDKit,20,4.4578496217346775,3,6.700463988909028,NA,NA,2,2,hydrogen_bonds=2,hydrogen_bonds=2,0.0,0.0,0.0,0.0,0,8,8,0.0,0.0,0.0,0.0,0,2,2
1HMT,vina_pose,13,A:STE:133,L:UNL:1,RDKit,20,4.459669242219651,3,7.629703030481156,NA,NA,2,2,hydrogen_bonds=2,hydrogen_bonds=2,0.0,0.0,0.0,0.0,0,8,10,0.0,0.0,0.0,0.0,0,2,2
1HMT,vina_pose,14,A:STE:133,L:UNL:1,RDKit,20,2.330064881070912,3,2.92718613461233,NA,NA,2,4,hydrogen_bonds=2,hydrogen_bonds=4,0.8333333333333334,0.625,0.7142857142857143,0.5555555555555556,5,8,6,0.25,0.5,0.3333333333333333,0.2,1,2,4
1HMT,vina_pose,15,A:STE:133,L:UNL:1,RDKit,20,3.222345737192084,3,2.106093698453767,NA,NA,2,4,hydrogen_bonds=2,hydrogen_bonds=4,0.8571428571428571,0.75,0.7999999999999999,0.6666666666666666,6,8,7,0.25,0.5,0.3333333333333333,0.2,1,2,4
1HMT,vina_pose,16,A:STE:133,L:UNL:1,RDKit,20,3.6439400104831576,3,7.793076585448564,NA,NA,2,3,hydrogen_bonds=2,hydrogen_bonds=3,0.0,0.0,0.0,0.0,0,8,8,0.0,0.0,0.0,0.0,0,2,3
1HMT,vina_pose,17,A:STE:133,L:UNL:1,RDKit,20,5.201960116148528,3,6.145815242911229,NA,NA,2,2,hydrogen_bonds=2,hydrogen_bonds=2,0.16666666666666666,0.125,0.14285714285714288,0.07692307692307693,1,8,6,0.0,0.0,0.0,0.0,0,2,2
1HMT,vina_pose,18,A:STE:133,L:UNL:1,RDKit,20,4.393861650075022,3,5.622278927030687,NA,NA,2,0,hydrogen_bonds=2,none=0,0.0,0.0,0.0,0.0,0,8,6,0.0,0.0,0.0,0.0,0,2,0
1HMT,vina_pose,19,A:STE:133,L:UNL:1,RDKit,20,2.220336708699832,3,1.7391158673302958,NA,NA,2,2,hydrogen_bonds=2,hydrogen_bonds=2,1.0,0.875,0.9333333333333333,0.875,7,8,7,1.0,1.0,1.0,1.0,2,2,2
1HMT,vina_pose,20,A:STE:133,L:UNL:1,RDKit,20,3.596218367952646,3,4.492608447958341,NA,NA,2,3,hydrogen_bonds=2,hydrogen_bonds=3,0.6,0.375,0.4615384615384615,0.3,3,8,5,0.0,0.0,0.0,0.0,0,2,3
1ICM,boltz,1,A:MYR:133,B:MYR:1,RDKit,16,7.4951024034722735,3,7.993714020398515,131,0.6478113445674459,2,2,hydrogen_bonds=2,hydrogen_bonds=2,0.14285714285714285,0.14285714285714285,0.14285714285714285,0.07692307692307693,1,7,7,0.0,0.0,0.0,0.0,0,2,2
1ICM,vina_pose,1,A:MYR:133,L:UNL:1,RDKit,16,2.8604745563455025,3,1.006939422209698,NA,NA,2,1,hydrogen_bonds=2,hydrogen_bonds=1,0.75,0.8571428571428571,0.7999999999999999,0.6666666666666666,6,7,8,1.0,0.5,0.6666666666666666,0.5,1,2,1
1ICM,vina_pose,2,A:MYR:133,L:UNL:1,RDKit,16,6.027104544265016,3,4.553767012046181,NA,NA,2,3,hydrogen_bonds=2,hydrogen_bonds=3,0.4,0.2857142857142857,0.3333333333333333,0.2,2,7,5,0.3333333333333333,0.5,0.4,0.25,1,2,3
1ICM,vina_pose,3,A:MYR:133,L:UNL:1,RDKit,16,3.7527673289187544,3,0.8576646586321875,NA,NA,2,1,hydrogen_bonds=2,hydrogen_bonds=1,0.75,0.8571428571428571,0.7999999999999999,0.6666666666666666,6,7,8,1.0,0.5,0.6666666666666666,0.5,1,2,1
1ICM,vina_pose,4,A:MYR:133,L:UNL:1,RDKit,16,4.549616879474578,3,4.6387609336977045,NA,NA,2,3,hydrogen_bonds=2,hydrogen_bonds=3,0.4,0.2857142857142857,0.3333333333333333,0.2,2,7,5,0.3333333333333333,0.5,0.4,0.25,1,2,3
1ICM,vina_pose,5,A:MYR:133,L:UNL:1,RDKit,16,3.7258102474495396,3,2.0271743059408256,NA,NA,2,1,hydrogen_bonds=2,hydrogen_bonds=1,0.7777777777777778,1.0,0.8750000000000001,0.7777777777777778,7,7,9,1.0,0.5,0.6666666666666666,0.5,1,2,1
1ICM,vina_pose,6,A:MYR:133,L:UNL:1,RDKit,16,7.484426902742788,3,5.26457459503298,NA,NA,2,3,hydrogen_bonds=2,hydrogen_bonds=3,0.4,0.2857142857142857,0.3333333333333333,0.2,2,7,5,0.0,0.0,0.0,0.0,0,2,3
1ICM,vina_pose,7,A:MYR:133,L:UNL:1,RDKit,16,4.336523672540022,3,1.8549202139175691,NA,NA,2,2,hydrogen_bonds=2,hydrogen_bonds=2,0.8571428571428571,0.8571428571428571,0.8571428571428571,0.75,6,7,7,1.0,1.0,1.0,1.0,2,2,2
1ICM,vina_pose,8,A:MYR:133,L:UNL:1,RDKit,16,6.742727531385204,3,5.994973783651324,NA,NA,2,3,hydrogen_bonds=2,hydrogen_bonds=3,0.2857142857142857,0.2857142857142857,0.2857142857142857,0.16666666666666666,2,7,7,0.0,0.0,0.0,0.0,0,2,3
1ICM,vina_pose,9,A:MYR:133,L:UNL:1,RDKit,16,3.684883453041629,3,3.975394697385406,NA,NA,2,2,hydrogen_bonds=2,hydrogen_bonds=2,0.4,0.2857142857142857,0.3333333333333333,0.2,2,7,5,0.5,0.5,0.5,0.3333333333333333,1,2,2
1ICM,vina_pose,10,A:MYR:133,L:UNL:1,RDKit,16,8.46461861958352,3,9.347313624780115,NA,NA,2,2,hydrogen_bonds=2,hydrogen_bonds=2,0.0,0.0,0.0,0.0,0,7,2,0.0,0.0,0.0,0.0,0,2,2
1ICM,vina_pose,11,A:MYR:133,L:UNL:1,RDKit,16,7.788909214389394,3,7.393150298305407,NA,NA,2,2,hydrogen_bonds=2,hydrogen_bonds=2,0.14285714285714285,0.14285714285714285,0.14285714285714285,0.07692307692307693,1,7,7,0.0,0.0,0.0,0.0,0,2,2
1ICM,vina_pose,12,A:MYR:133,L:UNL:1,RDKit,16,2.91363126098688,3,2.286986080703889,NA,NA,2,1,hydrogen_bonds=2,hydrogen_bonds=1,0.6666666666666666,0.5714285714285714,0.6153846153846153,0.4444444444444444,4,7,6,1.0,0.5,0.6666666666666666,0.5,1,2,1
1ICM,vina_pose,13,A:MYR:133,L:UNL:1,RDKit,16,6.984047429678581,3,4.5237356613017665,NA,NA,2,2,hydrogen_bonds=2,hydrogen_bonds=2,0.4,0.2857142857142857,0.3333333333333333,0.2,2,7,5,0.5,0.5,0.5,0.3333333333333333,1,2,2
1ICM,vina_pose,14,A:MYR:133,L:UNL:1,RDKit,16,6.975561343899142,3,5.944440147454314,NA,NA,2,3,hydrogen_bonds=2,hydrogen_bonds=3,0.25,0.2857142857142857,0.26666666666666666,0.15384615384615385,2,7,8,0.0,0.0,0.0,0.0,0,2,3
1ICM,vina_pose,15,A:MYR:133,L:UNL:1,RDKit,16,3.1814899614803127,3,1.8634604905927037,NA,NA,2,2,hydrogen_bonds=2,hydrogen_bonds=2,0.8571428571428571,0.8571428571428571,0.8571428571428571,0.75,6,7,7,1.0,1.0,1.0,1.0,2,2,2
1ICM,vina_pose,16,A:MYR:133,L:UNL:1,RDKit,16,8.133625233406073,3,9.084969198260021,NA,NA,2,2,hydrogen_bonds=2,hydrogen_bonds=2,0.0,0.0,0.0,0.0,0,7,6,0.0,0.0,0.0,0.0,0,2,2
1ICM,vina_pose,17,A:MYR:133,L:UNL:1,RDKit,16,9.208168849586762,3,13.35964599081877,NA,NA,2,1,hydrogen_bonds=2,hydrogen_bonds=1,0.0,0.0,0.0,0.0,0,7,5,0.0,0.0,0.0,0.0,0,2,1
1ICM,vina_pose,18,A:MYR:133,L:UNL:1,RDKit,16,7.669668213162809,3,8.88832950184304,NA,NA,2,0,hydrogen_bonds=2,none=0,0.0,0.0,0.0,0.0,0,7,4,0.0,0.0,0.0,0.0,0,2,0
1ICM,vina_pose,19,A:MYR:133,L:UNL:1,RDKit,16,7.835014988817825,3,9.657318071459244,NA,NA,2,3,hydrogen_bonds=2,hydrogen_bonds=3,0.14285714285714285,0.14285714285714285,0.14285714285714285,0.07692307692307693,1,7,7,0.0,0.0,0.0,0.0,0,2,3
1ICM,vina_pose,20,A:MYR:133,L:UNL:1,RDKit,16,5.181335783367065,3,1.1880540111179008,NA,NA,2,2,hydrogen_bonds=2,hydrogen_bonds=2,0.8571428571428571,0.8571428571428571,0.8571428571428571,0.75,6,7,7,1.0,1.0,1.0,1.0,2,2,2
1IKT,boltz,1,A:OXN:123,B:OXN:1,RDKit_partial_pred,25,9.911649891783194,4,13.458577813431134,115,0.6298955556909764,2,0,hydrogen_bonds=2,none=0,0.125,0.09090909090909091,0.10526315789473685,0.05555555555555555,1,11,8,0.0,0.0,0.0,0.0,0,2,0
1IKT,vina_pose,1,A:OXN:123,A:OXN:123,RDKit,25,2.7931704781484425,4,1.5665433284783405,NA,NA,2,2,hydrogen_bonds=2,hydrogen_bonds=2,0.9166666666666666,1.0,0.9565217391304348,0.9166666666666666,11,11,12,0.5,0.5,0.5,0.3333333333333333,1,2,2
1IKT,vina_pose,2,A:OXN:123,A:OXN:123,RDKit,25,1.8391966833375926,4,2.327048076426441,NA,NA,2,1,hydrogen_bonds=2,hydrogen_bonds=1,0.7692307692307693,0.9090909090909091,0.8333333333333333,0.7142857142857143,10,11,13,0.0,0.0,0.0,0.0,0,2,1
1IKT,vina_pose,3,A:OXN:123,A:OXN:123,RDKit,25,2.0069781164726237,4,2.0828346669863174,NA,NA,2,2,hydrogen_bonds=2,hydrogen_bonds=2,0.8333333333333334,0.9090909090909091,0.8695652173913043,0.7692307692307693,10,11,12,0.5,0.5,0.5,0.3333333333333333,1,2,2
1IKT,vina_pose,4,A:OXN:123,A:OXN:123,RDKit,25,1.5416405936533972,4,1.1967719080927681,NA,NA,2,4,hydrogen_bonds=2,hydrogen_bonds=4,1.0,0.8181818181818182,0.9,0.8181818181818182,9,11,9,0.5,1.0,0.6666666666666666,0.5,2,2,4
1IKT,vina_pose,5,A:OXN:123,A:OXN:123,RDKit,25,3.3168327904794954,4,2.6149682120438844,NA,NA,2,1,hydrogen_bonds=2,hydrogen_bonds=1,0.8181818181818182,0.8181818181818182,0.8181818181818182,0.6923076923076923,9,11,11,0.0,0.0,0.0,0.0,0,2,1
1IKT,vina_pose,6,A:OXN:123,A:OXN:123,RDKit,25,4.1757444988887915,4,4.117944481170189,NA,NA,2,2,hydrogen_bonds=2,hydrogen_bonds=2,0.9,0.8181818181818182,0.8571428571428572,0.75,9,11,10,0.5,0.5,0.5,0.3333333333333333,1,2,2
1IKT,vina_pose,7,A:OXN:123,A:OXN:123,RDKit,25,2.665086129940269,4,2.513728704534361,NA,NA,2,1,hydrogen_bonds=2,hydrogen_bonds=1,0.8,0.7272727272727273,0.761904761904762,0.6153846153846154,8,11,10,0.0,0.0,0.0,0.0,0,2,1
1IKT,vina_pose,8,A:OXN:123,A:OXN:123,RDKit,25,3.307111978751249,4,2.7535086253723633,NA,NA,2,2,hydrogen_bonds=2,hydrogen_bonds=2,0.8333333333333334,0.9090909090909091,0.8695652173913043,0.7692307692307693,10,11,12,0.5,0.5,0.5,0.3333333333333333,1,2,2
1IKT,vina_pose,9,A:OXN:123,A:OXN:123,RDKit,25,9.898017647993965,4,12.357751848536205,NA,NA,2,1,hydrogen_bonds=2,hydrogen_bonds=1,0.2,0.18181818181818182,0.1904761904761905,0.10526315789473684,2,11,10,0.0,0.0,0.0,0.0,0,2,1
1IKT,vina_pose,10,A:OXN:123,A:OXN:123,RDKit,25,4.469875756662594,4,3.997583707691435,NA,NA,2,2,hydrogen_bonds=2,hydrogen_bonds=2,0.75,0.8181818181818182,0.7826086956521738,0.6428571428571429,9,11,12,0.5,0.5,0.5,0.3333333333333333,1,2,2
1IKT,vina_pose,11,A:OXN:123,A:OXN:123,RDKit,25,2.437874164102815,4,1.1624188143694152,NA,NA,2,2,hydrogen_bonds=2,hydrogen_bonds=2,0.9090909090909091,0.9090909090909091,0.9090909090909091,0.8333333333333334,10,11,11,1.0,1.0,1.0,1.0,2,2,2
1IKT,vina_pose,12,A:OXN:123,A:OXN:123,RDKit,25,1.3987914783841082,4,1.2081362712873076,NA,NA,2,1,hydrogen_bonds=2,hydrogen_bonds=1,0.9166666666666666,1.0,0.9565217391304348,0.9166666666666666,11,11,12,1.0,0.5,0.6666666666666666,0.5,1,2,1
1IKT,vina_pose,13,A:OXN:123,A:OXN:123,RDKit,25,10.54942151210198,4,14.583643380513664,NA,NA,2,0,hydrogen_bonds=2,none=0,0.0,0.0,0.0,0.0,0,11,6,0.0,0.0,0.0,0.0,0,2,0
1IKT,vina_pose,14,A:OXN:123,A:OXN:123,RDKit,25,9.29493979754576,4,12.119860477744783,NA,NA,2,2,hydrogen_bonds=2,hydrogen_bonds=2,0.125,0.09090909090909091,0.10526315789473685,0.05555555555555555,1,11,8,0.0,0.0,0.0,0.0,0,2,2
1IKT,vina_pose,15,A:OXN:123,A:OXN:123,RDKit,25,10.885797967994813,4,13.954573076593924,NA,NA,2,0,hydrogen_bonds=2,none=0,0.16666666666666666,0.09090909090909091,0.11764705882352942,0.0625,1,11,6,0.0,0.0,0.0,0.0,0,2,0
1IKT,vina_pose,16,A:OXN:123,A:OXN:123,RDKit,25,9.680649327395349,4,11.617636302191595,NA,NA,2,1,hydrogen_bonds=2,hydrogen_bonds=1,0.14285714285714285,0.09090909090909091,0.1111111111111111,0.058823529411764705,1,11,7,0.0,0.0,0.0,0.0,0,2,1
1IKT,vina_pose,17,A:OXN:123,A:OXN:123,RDKit,25,9.96699516203354,4,12.414201172447626,NA,NA,2,2,hydrogen_bonds=2,hydrogen_bonds=2,0.14285714285714285,0.09090909090909091,0.1111111111111111,0.058823529411764705,1,11,7,0.0,0.0,0.0,0.0,0,2,2
1IKT,vina_pose,18,A:OXN:123,A:OXN:123,RDKit,25,9.834731085291555,4,9.564873640043553,NA,NA,2,1,hydrogen_bonds=2,hydrogen_bonds=1,0.375,0.2727272727272727,0.3157894736842105,0.1875,3,11,8,0.0,0.0,0.0,0.0,0,2,1
1IKT,vina_pose,19,A:OXN:123,A:OXN:123,RDKit,25,2.075365085954757,4,2.027343952071281,NA,NA,2,1,hydrogen_bonds=2,hydrogen_bonds=1,1.0,0.9090909090909091,0.9523809523809523,0.9090909090909091,10,11,10,1.0,0.5,0.6666666666666666,0.5,1,2,1
1IKT,vina_pose,20,A:OXN:123,A:OXN:123,RDKit,25,9.780714125256909,4,13.015170350402643,NA,NA,2,0,hydrogen_bonds=2,none=0,0.2,0.18181818181818182,0.1904761904761905,0.10526315789473684,2,11,10,0.0,0.0,0.0,0.0,0,2,0
1LID,boltz,1,A:OLA:132,C:OLA:1,RDKit,20,6.049874995875157,3,7.396028655572489,131,0.5102316935039714,2,2,hydrogen_bonds=2,hydrogen_bonds=2,0.0,0.0,0.0,0.0,0,5,7,0.0,0.0,0.0,0.0,0,2,2
1LID,vina_pose,1,A:OLA:132,L:UNL:1,RDKit,20,5.6695737670481,3,2.679629451995181,NA,NA,2,3,hydrogen_bonds=2,hydrogen_bonds=3,0.6,0.6,0.6,0.42857142857142855,3,5,5,0.6666666666666666,1.0,0.8,0.6666666666666666,2,2,3
1LID,vina_pose,2,A:OLA:132,L:UNL:1,RDKit,20,6.730741716185519,3,8.572668468258103,NA,NA,2,1,hydrogen_bonds=2,hydrogen_bonds=1,0.0,0.0,0.0,0.0,0,5,7,0.0,0.0,0.0,0.0,0,2,1
1LID,vina_pose,3,A:OLA:132,L:UNL:1,RDKit,20,4.078189849675956,3,1.4399030059926485,NA,NA,2,2,hydrogen_bonds=2,hydrogen_bonds=2,0.6666666666666666,0.8,0.7272727272727272,0.5714285714285714,4,5,6,1.0,1.0,1.0,1.0,2,2,2
1LID,vina_pose,4,A:OLA:132,L:UNL:1,RDKit,20,7.341747210303553,3,6.660195893014959,NA,NA,2,3,hydrogen_bonds=2,hydrogen_bonds=3,0.0,0.0,0.0,0.0,0,5,5,0.0,0.0,0.0,0.0,0,2,3
1LID,vina_pose,5,A:OLA:132,L:UNL:1,RDKit,20,5.8153017419563025,3,7.883974315026657,NA,NA,2,3,hydrogen_bonds=2,hydrogen_bonds=3,0.0,0.0,0.0,0.0,0,5,7,0.0,0.0,0.0,0.0,0,2,3
1LID,vina_pose,6,A:OLA:132,L:UNL:1,RDKit,20,4.5247864977256125,3,7.74395026240915,NA,NA,2,3,hydrogen_bonds=2,hydrogen_bonds=3,0.0,0.0,0.0,0.0,0,5,8,0.0,0.0,0.0,0.0,0,2,3
1LID,vina_pose,7,A:OLA:132,L:UNL:1,RDKit,20,5.159231391399305,3,8.047663781081653,NA,NA,2,3,hydrogen_bonds=2,hydrogen_bonds=3,0.0,0.0,0.0,0.0,0,5,8,0.0,0.0,0.0,0.0,0,2,3
1LID,vina_pose,8,A:OLA:132,L:UNL:1,RDKit,20,4.5852476269008635,3,7.970346667491951,NA,NA,2,3,hydrogen_bonds=2,hydrogen_bonds=3,0.0,0.0,0.0,0.0,0,5,7,0.0,0.0,0.0,0.0,0,2,3
1LID,vina_pose,9,A:OLA:132,L:UNL:1,RDKit,20,8.148870443196406,3,11.119434278175605,NA,NA,2,2,hydrogen_bonds=2,hydrogen_bonds=2,0.0,0.0,0.0,0.0,0,5,6,0.0,0.0,0.0,0.0,0,2,2
1LID,vina_pose,10,A:OLA:132,L:UNL:1,RDKit,20,7.671501518607684,3,8.833210967705913,NA,NA,2,1,hydrogen_bonds=2,hydrogen_bonds=1,0.0,0.0,0.0,0.0,0,5,7,0.0,0.0,0.0,0.0,0,2,1
1LID,vina_pose,11,A:OLA:132,L:UNL:1,RDKit,20,7.164842123173405,3,4.98431730530872,NA,NA,2,2,hydrogen_bonds=2,hydrogen_bonds=2,0.2,0.2,0.20000000000000004,0.1111111111111111,1,5,5,0.5,0.5,0.5,0.3333333333333333,1,2,2
1LID,vina_pose,12,A:OLA:132,L:UNL:1,RDKit,20,3.2727732200688777,3,5.163439389915733,NA,NA,2,2,hydrogen_bonds=2,hydrogen_bonds=2,0.0,0.0,0.0,0.0,0,5,4,0.0,0.0,0.0,0.0,0,2,2
1LID,vina_pose,13,A:OLA:132,L:UNL:1,RDKit,20,5.764765016893577,3,7.476559948710815,NA,NA,2,1,hydrogen_bonds=2,hydrogen_bonds=1,0.0,0.0,0.0,0.0,0,5,8,0.0,0.0,0.0,0.0,0,2,1
1LID,vina_pose,14,A:OLA:132,L:UNL:1,RDKit,20,4.184531174456704,3,3.217140034254027,NA,NA,2,3,hydrogen_bonds=2,hydrogen_bonds=3,0.5,0.4,0.4444444444444445,0.2857142857142857,2,5,4,0.6666666666666666,1.0,0.8,0.6666666666666666,2,2,3
1LID,vina_pose,15,A:OLA:132,L:UNL:1,RDKit,20,7.031172210236355,3,7.448176152589304,NA,NA,2,2,hydrogen_bonds=2,hydrogen_bonds=2,0.0,0.0,0.0,0.0,0,5,7,0.0,0.0,0.0,0.0,0,2,2
1LID,vina_pose,16,A:OLA:132,L:UNL:1,RDKit,20,5.644025770671145,3,8.535156628127377,NA,NA,2,1,hydrogen_bonds=2,hydrogen_bonds=1,0.0,0.0,0.0,0.0,0,5,7,0.0,0.0,0.0,0.0,0,2,1
1LID,vina_pose,17,A:OLA:132,L:UNL:1,RDKit,20,6.399222007400587,3,7.68708193443173,NA,NA,2,3,hydrogen_bonds=2,hydrogen_bonds=3,0.0,0.0,0.0,0.0,0,5,8,0.0,0.0,0.0,0.0,0,2,3
1LID,vina_pose,18,A:OLA:132,L:UNL:1,RDKit,20,3.999523665388167,3,4.224267234286524,NA,NA,2,1,hydrogen_bonds=2,hydrogen_bonds=1,0.4,0.4,0.4000000000000001,0.25,2,5,5,0.0,0.0,0.0,0.0,0,2,1
1LID,vina_pose,19,A:OLA:132,L:UNL:1,RDKit,20,7.139936985016045,3,5.020595947361895,NA,NA,2,2,hydrogen_bonds=2,hydrogen_bonds=2,0.0,0.0,0.0,0.0,0,5,2,0.0,0.0,0.0,0.0,0,2,2
1LID,vina_pose,20,A:OLA:132,L:UNL:1,RDKit,20,4.4897572484489645,3,8.204607912630566,NA,NA,2,2,hydrogen_bonds=2,hydrogen_bonds=2,0.0,0.0,0.0,0.0,0,5,8,0.0,0.0,0.0,0.0,0,2,2
1LN1,boltz,1,A:DLP:2313,B:DLP:1,RDKit,54,1.400206648554875,7,1.7636925749299672,203,0.48181970887260195,6,0,attractive_charge=1;hydrogen_bonds=3;ionic=1;salt_bridge=1,none=0,0.7142857142857143,0.5555555555555556,0.6250000000000001,0.45454545454545453,5,9,7,0.0,0.0,0.0,0.0,0,6,0
1LN1,vina_pose,1,A:DLP:2313,L:UNL:1,RDKit,54,8.270214450397011,7,7.597539047048629,NA,NA,6,4,attractive_charge=1;hydrogen_bonds=3;ionic=1;salt_bridge=1,hydrogen_bonds=4,0.0,0.0,0.0,0.0,0,9,6,0.0,0.0,0.0,0.0,0,6,4
1LN1,vina_pose,2,A:DLP:2313,L:UNL:1,RDKit,54,5.747833820634486,7,2.9066413853203734,NA,NA,6,6,attractive_charge=1;hydrogen_bonds=3;ionic=1;salt_bridge=1,attractive_charge=1;hydrogen_bonds=3;ionic=1;salt_bridge=1,0.8571428571428571,0.6666666666666666,0.75,0.6,6,9,7,1.0,1.0,1.0,1.0,6,6,6
1LN1,vina_pose,3,A:DLP:2313,L:UNL:1,RDKit,54,7.499935771329917,7,7.233460019737639,NA,NA,6,2,attractive_charge=1;hydrogen_bonds=3;ionic=1;salt_bridge=1,hydrogen_bonds=2,0.0,0.0,0.0,0.0,0,9,6,0.0,0.0,0.0,0.0,0,6,2
1LN1,vina_pose,4,A:DLP:2313,L:UNL:1,RDKit,54,7.776998649864869,7,6.249128979305837,NA,NA,6,2,attractive_charge=1;hydrogen_bonds=3;ionic=1;salt_bridge=1,hydrogen_bonds=2,0.16666666666666666,0.1111111111111111,0.13333333333333333,0.07142857142857142,1,9,6,0.0,0.0,0.0,0.0,0,6,2
1LN1,vina_pose,5,A:DLP:2313,L:UNL:1,RDKit,54,6.490551718545282,7,1.4575650438806689,NA,NA,6,6,attractive_charge=1;hydrogen_bonds=3;ionic=1;salt_bridge=1,attractive_charge=1;hydrogen_bonds=3;ionic=1;salt_bridge=1,0.875,0.7777777777777778,0.823529411764706,0.7,7,9,8,1.0,1.0,1.0,1.0,6,6,6
1LN1,vina_pose,6,A:DLP:2313,L:UNL:1,RDKit,54,8.551855662824167,7,7.61836545085999,NA,NA,6,3,attractive_charge=1;hydrogen_bonds=3;ionic=1;salt_bridge=1,hydrogen_bonds=3,0.0,0.0,0.0,0.0,0,9,6,0.0,0.0,0.0,0.0,0,6,3
1LN1,vina_pose,7,A:DLP:2313,L:UNL:1,RDKit,54,7.0371773447513375,7,1.0246488597145291,NA,NA,6,6,attractive_charge=1;hydrogen_bonds=3;ionic=1;salt_bridge=1,attractive_charge=1;hydrogen_bonds=3;ionic=1;salt_bridge=1,1.0,1.0,1.0,1.0,9,9,9,1.0,1.0,1.0,1.0,6,6,6
1LN1,vina_pose,8,A:DLP:2313,L:UNL:1,RDKit,54,6.074072893744239,7,7.6857208696201225,NA,NA,6,4,attractive_charge=1;hydrogen_bonds=3;ionic=1;salt_bridge=1,hydrogen_bonds=4,0.0,0.0,0.0,0.0,0,9,6,0.0,0.0,0.0,0.0,0,6,4
1LN1,vina_pose,9,A:DLP:2313,L:UNL:1,RDKit,54,6.859583652736432,7,3.8044203988818808,NA,NA,6,2,attractive_charge=1;hydrogen_bonds=3;ionic=1;salt_bridge=1,hydrogen_bonds=2,1.0,0.7777777777777778,0.8750000000000001,0.7777777777777778,7,9,7,1.0,0.3333333333333333,0.5,0.3333333333333333,2,6,2
1LN1,vina_pose,10,A:DLP:2313,L:UNL:1,RDKit,54,8.593317327155164,7,6.869747562423861,NA,NA,6,3,attractive_charge=1;hydrogen_bonds=3;ionic=1;salt_bridge=1,hydrogen_bonds=3,0.0,0.0,0.0,0.0,0,9,5,0.0,0.0,0.0,0.0,0,6,3
1LN1,vina_pose,11,A:DLP:2313,L:UNL:1,RDKit,54,8.921886494998109,7,7.447228381849759,NA,NA,6,3,attractive_charge=1;hydrogen_bonds=3;ionic=1;salt_bridge=1,hydrogen_bonds=3,0.0,0.0,0.0,0.0,0,9,5,0.0,0.0,0.0,0.0,0,6,3
1LN1,vina_pose,12,A:DLP:2313,L:UNL:1,RDKit,54,7.658373937747514,7,7.815305322616276,NA,NA,6,0,attractive_charge=1;hydrogen_bonds=3;ionic=1;salt_bridge=1,none=0,0.0,0.0,0.0,0.0,0,9,5,0.0,0.0,0.0,0.0,0,6,0
1LN1,vina_pose,13,A:DLP:2313,L:UNL:1,RDKit,54,7.668633098055519,7,10.351491362531847,NA,NA,6,3,attractive_charge=1;hydrogen_bonds=3;ionic=1;salt_bridge=1,hydrogen_bonds=3,0.0,0.0,0.0,0.0,0,9,7,0.0,0.0,0.0,0.0,0,6,3
1LN1,vina_pose,14,A:DLP:2313,L:UNL:1,RDKit,54,7.233847196289071,7,7.8297691263171085,NA,NA,6,3,attractive_charge=1;hydrogen_bonds=3;ionic=1;salt_bridge=1,hydrogen_bonds=3,0.0,0.0,0.0,0.0,0,9,6,0.0,0.0,0.0,0.0,0,6,3
1LN1,vina_pose,15,A:DLP:2313,L:UNL:1,RDKit,54,7.7048820898517665,7,10.816024929969158,NA,NA,6,1,attractive_charge=1;hydrogen_bonds=3;ionic=1;salt_bridge=1,hydrogen_bonds=1,0.0,0.0,0.0,0.0,0,9,8,0.0,0.0,0.0,0.0,0,6,1
1LN1,vina_pose,16,A:DLP:2313,L:UNL:1,RDKit,54,7.815094054077281,7,10.549343676267258,NA,NA,6,1,attractive_charge=1;hydrogen_bonds=3;ionic=1;salt_bridge=1,hydrogen_bonds=1,0.0,0.0,0.0,0.0,0,9,8,0.0,0.0,0.0,0.0,0,6,1
1LN1,vina_pose,17,A:DLP:2313,L:UNL:1,RDKit,54,3.8404971442268794,7,1.859004956575272,NA,NA,6,3,attractive_charge=1;hydrogen_bonds=3;ionic=1;salt_bridge=1,hydrogen_bonds=3,0.875,0.7777777777777778,0.823529411764706,0.7,7,9,8,1.0,0.5,0.6666666666666666,0.5,3,6,3
1LN1,vina_pose,18,A:DLP:2313,L:UNL:1,RDKit,54,4.971618411506422,7,5.203134343835455,NA,NA,6,5,attractive_charge=1;hydrogen_bonds=3;ionic=1;salt_bridge=1,attractive_charge=1;hydrogen_bonds=2;ionic=1;salt_bridge=1,0.42857142857142855,0.3333333333333333,0.375,0.23076923076923078,3,9,7,0.8,0.6666666666666666,0.7272727272727272,0.5714285714285714,4,6,5
1LN1,vina_pose,19,A:DLP:2313,L:UNL:1,RDKit,54,6.9485255070570355,7,11.446621791103759,NA,NA,6,0,attractive_charge=1;hydrogen_bonds=3;ionic=1;salt_bridge=1,none=0,0.0,0.0,0.0,0.0,0,9,9,0.0,0.0,0.0,0.0,0,6,0
1LN1,vina_pose,20,A:DLP:2313,L:UNL:1,RDKit,54,6.879897700574506,7,5.950526399283632,NA,NA,6,0,attractive_charge=1;hydrogen_bonds=3;ionic=1;salt_bridge=1,none=0,0.5714285714285714,0.4444444444444444,0.5,0.3333333333333333,4,9,7,0.0,0.0,0.0,0.0,0,6,0
1LRI,boltz,1,A:CLR:99,B:CLR:1,RDKit,28,1.0299050849026394,1,0.974742392992841,98,0.6176185539791693,1,0,hydrogen_bonds=1,none=0,0.8,1.0,0.888888888888889,0.8,4,4,5,0.0,0.0,0.0,0.0,0,1,0
1LRI,vina_pose,1,A:CLR:99,A:CLR:99,RDKit,28,1.2036789735758333,1,0.5323025455509297,NA,NA,1,1,hydrogen_bonds=1,hydrogen_bonds=1,1.0,0.75,0.8571428571428571,0.75,3,4,3,1.0,1.0,1.0,1.0,1,1,1
1LRI,vina_pose,2,A:CLR:99,A:CLR:99,RDKit,28,2.4048326419346284,1,0.7728408633088698,NA,NA,1,1,hydrogen_bonds=1,hydrogen_bonds=1,0.75,0.75,0.75,0.6,3,4,4,1.0,1.0,1.0,1.0,1,1,1
1LRI,vina_pose,3,A:CLR:99,A:CLR:99,RDKit,28,9.67805100656709,1,17.47804276799894,NA,NA,1,1,hydrogen_bonds=1,hydrogen_bonds=1,0.0,0.0,0.0,0.0,0,4,6,0.0,0.0,0.0,0.0,0,1,1
1LRI,vina_pose,4,A:CLR:99,A:CLR:99,RDKit,28,9.185700570140838,1,15.486164050532333,NA,NA,1,2,hydrogen_bonds=1,hydrogen_bonds=2,0.0,0.0,0.0,0.0,0,4,4,0.0,0.0,0.0,0.0,0,1,2
1LRI,vina_pose,5,A:CLR:99,A:CLR:99,RDKit,28,9.490548712121068,1,18.18766125701708,NA,NA,1,1,hydrogen_bonds=1,hydrogen_bonds=1,0.0,0.0,0.0,0.0,0,4,3,0.0,0.0,0.0,0.0,0,1,1
1LRI,vina_pose,6,A:CLR:99,A:CLR:99,RDKit,28,3.7572926185524294,1,4.0018808078202435,NA,NA,1,0,hydrogen_bonds=1,none=0,0.4,0.5,0.4444444444444445,0.2857142857142857,2,4,5,0.0,0.0,0.0,0.0,0,1,0
1LRI,vina_pose,7,A:CLR:99,A:CLR:99,RDKit,28,9.330239336235087,1,15.437854902803045,NA,NA,1,0,hydrogen_bonds=1,none=0,0.0,0.0,0.0,0.0,0,4,5,0.0,0.0,0.0,0.0,0,1,0
1LRI,vina_pose,8,A:CLR:99,A:CLR:99,RDKit,28,9.138853722275178,1,15.439411031512828,NA,NA,1,0,hydrogen_bonds=1,none=0,0.0,0.0,0.0,0.0,0,4,4,0.0,0.0,0.0,0.0,0,1,0
1LRI,vina_pose,9,A:CLR:99,A:CLR:99,RDKit,28,10.040377562977541,1,13.569935998375232,NA,NA,1,0,hydrogen_bonds=1,none=0,0.0,0.0,0.0,0.0,0,4,2,0.0,0.0,0.0,0.0,0,1,0
1LRI,vina_pose,10,A:CLR:99,A:CLR:99,RDKit,28,9.711346596342121,1,19.41907088405622,NA,NA,1,0,hydrogen_bonds=1,none=0,0.0,0.0,0.0,0.0,0,4,2,0.0,0.0,0.0,0.0,0,1,0
1LRI,vina_pose,11,A:CLR:99,A:CLR:99,RDKit,28,2.921290272660842,1,1.7629778784772085,NA,NA,1,1,hydrogen_bonds=1,hydrogen_bonds=1,0.6,0.75,0.6666666666666665,0.5,3,4,5,1.0,1.0,1.0,1.0,1,1,1
1LRI,vina_pose,12,A:CLR:99,A:CLR:99,RDKit,28,9.191415043397834,1,15.992089450725318,NA,NA,1,0,hydrogen_bonds=1,none=0,0.0,0.0,0.0,0.0,0,4,4,0.0,0.0,0.0,0.0,0,1,0
1LRI,vina_pose,13,A:CLR:99,A:CLR:99,RDKit,28,2.3471731021440605,1,0.8594986910984794,NA,NA,1,1,hydrogen_bonds=1,hydrogen_bonds=1,1.0,1.0,1.0,1.0,4,4,4,1.0,1.0,1.0,1.0,1,1,1
1LRI,vina_pose,14,A:CLR:99,A:CLR:99,RDKit,28,9.461256744141943,1,16.195544232905544,NA,NA,1,0,hydrogen_bonds=1,none=0,0.0,0.0,0.0,0.0,0,4,2,0.0,0.0,0.0,0.0,0,1,0
1LRI,vina_pose,15,A:CLR:99,A:CLR:99,RDKit,28,4.615930795315594,1,4.951453422986023,NA,NA,1,0,hydrogen_bonds=1,none=0,0.0,0.0,0.0,0.0,0,4,4,0.0,0.0,0.0,0.0,0,1,0
1LRI,vina_pose,16,A:CLR:99,A:CLR:99,RDKit,28,2.955164480556515,1,3.0281973185378788,NA,NA,1,0,hydrogen_bonds=1,none=0,0.6,0.75,0.6666666666666665,0.5,3,4,5,0.0,0.0,0.0,0.0,0,1,0
1LRI,vina_pose,17,A:CLR:99,A:CLR:99,RDKit,28,3.776512104915252,1,3.7706909181209753,NA,NA,1,0,hydrogen_bonds=1,none=0,0.3333333333333333,0.5,0.4,0.25,2,4,6,0.0,0.0,0.0,0.0,0,1,0
1LV2,boltz,1,A:PLM:328,B:PLM:1,RDKit,18,8.426733597779966,3,12.670795890841426,225,1.9507958472831235,2,1,hydrogen_bonds=2,hydrogen_bonds=1,0.0,0.0,0.0,0.0,0,10,6,0.0,0.0,0.0,0.0,0,2,1
1LV2,vina_pose,1,A:PLM:328,L:UNL:1,RDKit,18,8.627137902507927,3,13.725873839820425,NA,NA,2,2,hydrogen_bonds=2,hydrogen_bonds=2,0.0,0.0,0.0,0.0,0,10,5,0.0,0.0,0.0,0.0,0,2,2
1LV2,vina_pose,2,A:PLM:328,L:UNL:1,RDKit,18,8.884034878489741,3,13.43820418309927,NA,NA,2,0,hydrogen_bonds=2,none=0,0.0,0.0,0.0,0.0,0,10,8,0.0,0.0,0.0,0.0,0,2,0
1LV2,vina_pose,3,A:PLM:328,L:UNL:1,RDKit,18,2.631116091868409,3,1.8392311799589836,NA,NA,2,2,hydrogen_bonds=2,hydrogen_bonds=2,1.0,1.0,1.0,1.0,10,10,10,1.0,1.0,1.0,1.0,2,2,2
1LV2,vina_pose,4,A:PLM:328,L:UNL:1,RDKit,18,8.364602165607693,3,12.043067604781319,NA,NA,2,1,hydrogen_bonds=2,hydrogen_bonds=1,0.16666666666666666,0.1,0.125,0.06666666666666667,1,10,6,0.0,0.0,0.0,0.0,0,2,1
1LV2,vina_pose,5,A:PLM:328,L:UNL:1,RDKit,18,8.270239977036807,3,11.864532256547944,NA,NA,2,1,hydrogen_bonds=2,hydrogen_bonds=1,0.0,0.0,0.0,0.0,0,10,5,0.0,0.0,0.0,0.0,0,2,1
1LV2,vina_pose,6,A:PLM:328,L:UNL:1,RDKit,18,1.8344217526693998,3,1.741082039039708,NA,NA,2,2,hydrogen_bonds=2,hydrogen_bonds=2,0.8888888888888888,0.8,0.8421052631578948,0.7272727272727273,8,10,9,0.5,0.5,0.5,0.3333333333333333,1,2,2
1LV2,vina_pose,7,A:PLM:328,L:UNL:1,RDKit,18,8.833284924395656,3,13.826903184251584,NA,NA,2,2,hydrogen_bonds=2,hydrogen_bonds=2,0.0,0.0,0.0,0.0,0,10,4,0.0,0.0,0.0,0.0,0,2,2
1LV2,vina_pose,8,A:PLM:328,L:UNL:1,RDKit,18,1.7643316959498658,3,2.422894687489877,NA,NA,2,1,hydrogen_bonds=2,hydrogen_bonds=1,0.8888888888888888,0.8,0.8421052631578948,0.7272727272727273,8,10,9,1.0,0.5,0.6666666666666666,0.5,1,2,1
1LV2,vina_pose,9,A:PLM:328,L:UNL:1,RDKit,18,3.2537851974448335,3,4.501386008775519,NA,NA,2,0,hydrogen_bonds=2,none=0,0.5,0.4,0.4444444444444445,0.2857142857142857,4,10,8,0.0,0.0,0.0,0.0,0,2,0
1LV2,vina_pose,10,A:PLM:328,L:UNL:1,RDKit,18,1.1807439509808102,3,0.543782431982991,NA,NA,2,2,hydrogen_bonds=2,hydrogen_bonds=2,1.0,0.9,0.9473684210526316,0.9,9,10,9,1.0,1.0,1.0,1.0,2,2,2
1LV2,vina_pose,11,A:PLM:328,L:UNL:1,RDKit,18,2.3981664407996726,3,3.729322056352866,NA,NA,2,1,hydrogen_bonds=2,hydrogen_bonds=1,0.7142857142857143,0.5,0.588235294117647,0.4166666666666667,5,10,7,0.0,0.0,0.0,0.0,0,2,1
1LV2,vina_pose,12,A:PLM:328,L:UNL:1,RDKit,18,9.093162443408906,3,13.395658202069306,NA,NA,2,0,hydrogen_bonds=2,none=0,0.0,0.0,0.0,0.0,0,10,8,0.0,0.0,0.0,0.0,0,2,0
1LV2,vina_pose,13,A:PLM:328,L:UNL:1,RDKit,18,4.766258117689856,3,5.679385559489101,NA,NA,2,0,hydrogen_bonds=2,none=0,0.375,0.3,0.33333333333333326,0.2,3,10,8,0.0,0.0,0.0,0.0,0,2,0
1LV2,vina_pose,14,A:PLM:328,L:UNL:1,RDKit,18,9.06133208259752,3,9.117013856886839,NA,NA,2,0,hydrogen_bonds=2,none=0,0.25,0.1,0.14285714285714288,0.07692307692307693,1,10,4,0.0,0.0,0.0,0.0,0,2,0
1LV2,vina_pose,15,A:PLM:328,L:UNL:1,RDKit,18,4.023192513415187,3,4.129916020130835,NA,NA,2,3,hydrogen_bonds=2,hydrogen_bonds=3,0.8333333333333334,0.5,0.625,0.45454545454545453,5,10,6,0.3333333333333333,0.5,0.4,0.25,1,2,3
1LV2,vina_pose,16,A:PLM:328,L:UNL:1,RDKit,18,3.0223122770488167,3,3.9283460896412876,NA,NA,2,0,hydrogen_bonds=2,none=0,0.6666666666666666,0.4,0.5,0.3333333333333333,4,10,6,0.0,0.0,0.0,0.0,0,2,0
1LV2,vina_pose,17,A:PLM:328,L:UNL:1,RDKit,18,8.012800935586341,3,10.885682753047695,NA,NA,2,0,hydrogen_bonds=2,none=0,0.125,0.1,0.11111111111111112,0.058823529411764705,1,10,8,0.0,0.0,0.0,0.0,0,2,0
1LV2,vina_pose,18,A:PLM:328,L:UNL:1,RDKit,18,4.1547871118078294,3,8.135149988373499,NA,NA,2,1,hydrogen_bonds=2,hydrogen_bonds=1,0.0,0.0,0.0,0.0,0,10,6,0.0,0.0,0.0,0.0,0,2,1
1LV2,vina_pose,19,A:PLM:328,L:UNL:1,RDKit,18,5.360882151702689,3,5.73436445185224,NA,NA,2,0,hydrogen_bonds=2,none=0,0.42857142857142855,0.3,0.3529411764705882,0.21428571428571427,3,10,7,0.0,0.0,0.0,0.0,0,2,0
1LV2,vina_pose,20,A:PLM:328,L:UNL:1,RDKit,18,8.49395262982893,3,11.588661700127414,NA,NA,2,2,hydrogen_bonds=2,hydrogen_bonds=2,0.16666666666666666,0.1,0.125,0.06666666666666667,1,10,6,0.0,0.0,0.0,0.0,0,2,2
1MZM,boltz,1,A:PLM:201,B:PLM:1,RDKit,18,10.191479205189594,3,14.096532692540162,93,0.6491339506084488,1,0,hydrogen_bonds=1,none=0,0.0,0.0,0.0,0.0,0,6,7,0.0,0.0,0.0,0.0,0,1,0
1MZM,vina_pose,1,A:PLM:201,L:UNL:1,RDKit,18,2.2204249092860078,3,2.7240715849624797,NA,NA,1,1,hydrogen_bonds=1,hydrogen_bonds=1,0.5714285714285714,0.6666666666666666,0.6153846153846153,0.4444444444444444,4,6,7,0.0,0.0,0.0,0.0,0,1,1
1MZM,vina_pose,2,A:PLM:201,L:UNL:1,RDKit,18,2.201257910579515,3,1.8596407359128986,NA,NA,1,1,hydrogen_bonds=1,hydrogen_bonds=1,0.7142857142857143,0.8333333333333334,0.7692307692307692,0.625,5,6,7,1.0,1.0,1.0,1.0,1,1,1
1MZM,vina_pose,3,A:PLM:201,L:UNL:1,RDKit,18,2.0468841768242116,3,2.9208907887834483,NA,NA,1,2,hydrogen_bonds=1,hydrogen_bonds=2,0.375,0.5,0.42857142857142855,0.2727272727272727,3,6,8,0.5,1.0,0.6666666666666666,0.5,1,1,2
1MZM,vina_pose,4,A:PLM:201,L:UNL:1,RDKit,18,3.9195489678164646,3,4.805666169568307,NA,NA,1,1,hydrogen_bonds=1,hydrogen_bonds=1,0.2857142857142857,0.3333333333333333,0.30769230769230765,0.18181818181818182,2,6,7,0.0,0.0,0.0,0.0,0,1,1
1MZM,vina_pose,5,A:PLM:201,L:UNL:1,RDKit,18,1.904295218126059,3,2.2261444247846973,NA,NA,1,2,hydrogen_bonds=1,hydrogen_bonds=2,0.375,0.5,0.42857142857142855,0.2727272727272727,3,6,8,0.5,1.0,0.6666666666666666,0.5,1,1,2
1MZM,vina_pose,6,A:PLM:201,L:UNL:1,RDKit,18,2.0063049646330215,3,2.4779003880974155,NA,NA,1,1,hydrogen_bonds=1,hydrogen_bonds=1,0.5,0.6666666666666666,0.5714285714285715,0.4,4,6,8,1.0,1.0,1.0,1.0,1,1,1
1MZM,vina_pose,7,A:PLM:201,L:UNL:1,RDKit,18,3.1768614490825176,3,4.682496627512578,NA,NA,1,2,hydrogen_bonds=1,hydrogen_bonds=2,0.3333333333333333,0.3333333333333333,0.3333333333333333,0.2,2,6,6,0.0,0.0,0.0,0.0,0,1,2
1MZM,vina_pose,8,A:PLM:201,L:UNL:1,RDKit,18,3.383155052774127,3,4.440721675583823,NA,NA,1,1,hydrogen_bonds=1,hydrogen_bonds=1,0.2857142857142857,0.3333333333333333,0.30769230769230765,0.18181818181818182,2,6,7,0.0,0.0,0.0,0.0,0,1,1
1MZM,vina_pose,9,A:PLM:201,L:UNL:1,RDKit,18,9.278857430859803,3,13.363393568501477,NA,NA,1,1,hydrogen_bonds=1,hydrogen_bonds=1,0.0,0.0,0.0,0.0,0,6,8,0.0,0.0,0.0,0.0,0,1,1
1MZM,vina_pose,10,A:PLM:201,L:UNL:1,RDKit,18,9.089741464359088,3,12.72356168688626,NA,NA,1,1,hydrogen_bonds=1,hydrogen_bonds=1,0.0,0.0,0.0,0.0,0,6,6,0.0,0.0,0.0,0.0,0,1,1
1MZM,vina_pose,11,A:PLM:201,L:UNL:1,RDKit,18,1.9181777376805664,3,0.39155459389464325,NA,NA,1,1,hydrogen_bonds=1,hydrogen_bonds=1,0.8571428571428571,1.0,0.923076923076923,0.8571428571428571,6,6,7,1.0,1.0,1.0,1.0,1,1,1
1MZM,vina_pose,12,A:PLM:201,L:UNL:1,RDKit,18,4.834813043610545,3,5.2917639151168965,NA,NA,1,2,hydrogen_bonds=1,hydrogen_bonds=2,0.42857142857142855,0.5,0.4615384615384615,0.3,3,6,7,0.0,0.0,0.0,0.0,0,1,2
1MZM,vina_pose,13,A:PLM:201,L:UNL:1,RDKit,18,2.082331252333414,3,2.0867732667126693,NA,NA,1,2,hydrogen_bonds=1,hydrogen_bonds=2,0.5,0.6666666666666666,0.5714285714285715,0.4,4,6,8,0.5,1.0,0.6666666666666666,0.5,1,1,2
1MZM,vina_pose,14,A:PLM:201,L:UNL:1,RDKit,18,5.075778177886728,3,5.593255790086245,NA,NA,1,1,hydrogen_bonds=1,hydrogen_bonds=1,0.3333333333333333,0.3333333333333333,0.3333333333333333,0.2,2,6,6,0.0,0.0,0.0,0.0,0,1,1
1MZM,vina_pose,15,A:PLM:201,L:UNL:1,RDKit,18,9.698720494076639,3,13.665440827137628,NA,NA,1,1,hydrogen_bonds=1,hydrogen_bonds=1,0.0,0.0,0.0,0.0,0,6,6,0.0,0.0,0.0,0.0,0,1,1
1MZM,vina_pose,16,A:PLM:201,L:UNL:1,RDKit,18,2.9505412780256663,3,2.892508254093667,NA,NA,1,1,hydrogen_bonds=1,hydrogen_bonds=1,0.6666666666666666,0.6666666666666666,0.6666666666666666,0.5,4,6,6,0.0,0.0,0.0,0.0,0,1,1
1MZM,vina_pose,17,A:PLM:201,L:UNL:1,RDKit,18,1.9733074885694937,3,2.5198759890121565,NA,NA,1,2,hydrogen_bonds=1,hydrogen_bonds=2,0.625,0.8333333333333334,0.7142857142857143,0.5555555555555556,5,6,8,0.5,1.0,0.6666666666666666,0.5,1,1,2
1MZM,vina_pose,18,A:PLM:201,L:UNL:1,RDKit,18,5.7420586465134615,3,5.343876557955533,NA,NA,1,1,hydrogen_bonds=1,hydrogen_bonds=1,0.6,0.5,0.5454545454545454,0.375,3,6,5,0.0,0.0,0.0,0.0,0,1,1
1MZM,vina_pose,19,A:PLM:201,L:UNL:1,RDKit,18,9.526109573751032,3,13.526373620942655,NA,NA,1,0,hydrogen_bonds=1,none=0,0.0,0.0,0.0,0.0,0,6,7,0.0,0.0,0.0,0.0,0,1,0
1MZM,vina_pose,20,A:PLM:201,L:UNL:1,RDKit,18,10.073638526702586,3,14.333295515453983,NA,NA,1,0,hydrogen_bonds=1,none=0,0.0,0.0,0.0,0.0,0,6,8,0.0,0.0,0.0,0.0,0,1,0
1N83,boltz,1,A:CLR:1000,B:CLR:1,RDKit,28,0.7291788974650931,1,0.4073468435782622,251,1.0464823198866284,0,0,none=0,none=0,0.5,0.6666666666666666,0.5714285714285715,0.4,2,3,4,NA,NA,NA,NA,0,0,0
1N83,vina_pose,1,A:CLR:1000,A:CLR:1000,RDKit,28,0.625304354466116,1,0.3594022815731699,NA,NA,0,0,none=0,none=0,1.0,0.6666666666666666,0.8,0.6666666666666666,2,3,2,NA,NA,NA,NA,0,0,0
1N83,vina_pose,2,A:CLR:1000,A:CLR:1000,RDKit,28,4.460286946246524,1,3.6128485990973926,NA,NA,0,1,none=0,hydrogen_bonds=1,0.25,0.3333333333333333,0.28571428571428575,0.16666666666666666,1,3,4,NA,NA,NA,NA,0,0,1
1N83,vina_pose,3,A:CLR:1000,A:CLR:1000,RDKit,28,9.49628420375946,1,10.787212522241322,NA,NA,0,0,none=0,none=0,0.0,0.0,0.0,0.0,0,3,4,NA,NA,NA,NA,0,0,0
1N83,vina_pose,4,A:CLR:1000,A:CLR:1000,RDKit,28,4.171240253210069,1,3.598731026348038,NA,NA,0,2,none=0,hydrogen_bonds=2,0.2,0.3333333333333333,0.25,0.14285714285714285,1,3,5,NA,NA,NA,NA,0,0,2
1N83,vina_pose,5,A:CLR:1000,A:CLR:1000,RDKit,28,3.7961591585631465,1,3.428775874856798,NA,NA,0,3,none=0,hydrogen_bonds=3,0.2,0.3333333333333333,0.25,0.14285714285714285,1,3,5,NA,NA,NA,NA,0,0,3
1N83,vina_pose,6,A:CLR:1000,A:CLR:1000,RDKit,28,2.9377876394126443,1,3.71597362746293,NA,NA,0,0,none=0,none=0,0.5,0.3333333333333333,0.4,0.25,1,3,2,NA,NA,NA,NA,0,0,0
1N83,vina_pose,7,A:CLR:1000,A:CLR:1000,RDKit,28,9.393062164248068,1,12.187265854161055,NA,NA,0,0,none=0,none=0,0.0,0.0,0.0,0.0,0,3,5,NA,NA,NA,NA,0,0,0
1N83,vina_pose,8,A:CLR:1000,A:CLR:1000,RDKit,28,9.225701469652204,1,11.53914320909486,NA,NA,0,0,none=0,none=0,0.0,0.0,0.0,0.0,0,3,4,NA,NA,NA,NA,0,0,0
1N83,vina_pose,9,A:CLR:1000,A:CLR:1000,RDKit,28,9.440714665366023,1,11.92433981401067,NA,NA,0,0,none=0,none=0,0.0,0.0,0.0,0.0,0,3,5,NA,NA,NA,NA,0,0,0
1N83,vina_pose,10,A:CLR:1000,A:CLR:1000,RDKit,28,9.010786274555306,1,12.801987853454635,NA,NA,0,0,none=0,none=0,0.0,0.0,0.0,0.0,0,3,4,NA,NA,NA,NA,0,0,0
1N83,vina_pose,11,A:CLR:1000,A:CLR:1000,RDKit,28,2.3776275390156707,1,2.7265637714896758,NA,NA,0,0,none=0,none=0,0.25,0.3333333333333333,0.28571428571428575,0.16666666666666666,1,3,4,NA,NA,NA,NA,0,0,0
1N83,vina_pose,12,A:CLR:1000,A:CLR:1000,RDKit,28,9.332588664383072,1,14.346481833536751,NA,NA,0,0,none=0,none=0,0.0,0.0,0.0,0.0,0,3,5,NA,NA,NA,NA,0,0,0
1N83,vina_pose,13,A:CLR:1000,A:CLR:1000,RDKit,28,9.119206041176424,1,12.359412850131676,NA,NA,0,0,none=0,none=0,0.0,0.0,0.0,0.0,0,3,4,NA,NA,NA,NA,0,0,0
1N83,vina_pose,14,A:CLR:1000,A:CLR:1000,RDKit,28,9.102020309485457,1,13.38502132982985,NA,NA,0,0,none=0,none=0,0.0,0.0,0.0,0.0,0,3,5,NA,NA,NA,NA,0,0,0
1N83,vina_pose,15,A:CLR:1000,A:CLR:1000,RDKit,28,4.333091056871856,1,3.5007840550368154,NA,NA,0,3,none=0,hydrogen_bonds=3,0.2,0.3333333333333333,0.25,0.14285714285714285,1,3,5,NA,NA,NA,NA,0,0,3
1N83,vina_pose,16,A:CLR:1000,A:CLR:1000,RDKit,28,9.390319985419634,1,13.069226029111286,NA,NA,0,0,none=0,none=0,0.0,0.0,0.0,0.0,0,3,4,NA,NA,NA,NA,0,0,0
1N83,vina_pose,17,A:CLR:1000,A:CLR:1000,RDKit,28,2.7108513422908316,1,2.865841935627297,NA,NA,0,0,none=0,none=0,0.5,0.3333333333333333,0.4,0.25,1,3,2,NA,NA,NA,NA,0,0,0
1N83,vina_pose,18,A:CLR:1000,A:CLR:1000,RDKit,28,3.4587893835849557,1,1.9460804197154844,NA,NA,0,1,none=0,hydrogen_bonds=1,0.5,0.6666666666666666,0.5714285714285715,0.4,2,3,4,NA,NA,NA,NA,0,0,1
1N83,vina_pose,19,A:CLR:1000,A:CLR:1000,RDKit,28,9.471748467717788,1,14.408186770027658,NA,NA,0,0,none=0,none=0,0.0,0.0,0.0,0.0,0,3,5,NA,NA,NA,NA,0,0,0
1N83,vina_pose,20,A:CLR:1000,A:CLR:1000,RDKit,28,9.175026570611584,1,14.308395717200444,NA,NA,0,0,none=0,none=0,0.0,0.0,0.0,0.0,0,3,5,NA,NA,NA,NA,0,0,0
1O8V,boltz,1,A:PLM:1136,B:PLM:1,RDKit,18,8.761281026388664,3,11.20903722653869,133,0.6826237791855007,3,2,hydrogen_bonds=3,hydrogen_bonds=2,0.0,0.0,0.0,0.0,0,5,7,0.0,0.0,0.0,0.0,0,3,2
1O8V,vina_pose,1,A:PLM:1136,L:UNL:1,RDKit,18,6.301398059161157,3,5.377181913728913,NA,NA,3,2,hydrogen_bonds=3,hydrogen_bonds=2,0.16666666666666666,0.2,0.1818181818181818,0.1,1,5,6,0.5,0.3333333333333333,0.4,0.25,1,3,2
1O8V,vina_pose,2,A:PLM:1136,L:UNL:1,RDKit,18,6.583675366642354,3,8.422545122071673,NA,NA,3,2,hydrogen_bonds=3,hydrogen_bonds=2,0.0,0.0,0.0,0.0,0,5,8,0.0,0.0,0.0,0.0,0,3,2
1O8V,vina_pose,3,A:PLM:1136,L:UNL:1,RDKit,18,6.497405764354468,3,7.751446187647825,NA,NA,3,2,hydrogen_bonds=3,hydrogen_bonds=2,0.0,0.0,0.0,0.0,0,5,7,0.0,0.0,0.0,0.0,0,3,2
1O8V,vina_pose,4,A:PLM:1136,L:UNL:1,RDKit,18,6.626234228847903,3,6.774699329121551,NA,NA,3,2,hydrogen_bonds=3,hydrogen_bonds=2,0.14285714285714285,0.2,0.16666666666666666,0.09090909090909091,1,5,7,0.5,0.3333333333333333,0.4,0.25,1,3,2
1O8V,vina_pose,5,A:PLM:1136,L:UNL:1,RDKit,18,1.2996893859688168,3,1.2260207991710421,NA,NA,3,3,hydrogen_bonds=3,hydrogen_bonds=3,0.8333333333333334,1.0,0.9090909090909091,0.8333333333333334,5,5,6,1.0,1.0,1.0,1.0,3,3,3
1O8V,vina_pose,6,A:PLM:1136,L:UNL:1,RDKit,18,5.8462320296447725,3,3.570242008603899,NA,NA,3,3,hydrogen_bonds=3,hydrogen_bonds=3,0.4,0.4,0.4000000000000001,0.25,2,5,5,0.6666666666666666,0.6666666666666666,0.6666666666666666,0.5,2,3,3
1O8V,vina_pose,7,A:PLM:1136,L:UNL:1,RDKit,18,3.9413392816824753,3,6.480033616167948,NA,NA,3,1,hydrogen_bonds=3,hydrogen_bonds=1,0.0,0.0,0.0,0.0,0,5,5,0.0,0.0,0.0,0.0,0,3,1
1O8V,vina_pose,8,A:PLM:1136,L:UNL:1,RDKit,18,2.854900484741592,3,3.6705970449869145,NA,NA,3,1,hydrogen_bonds=3,hydrogen_bonds=1,0.6,0.6,0.6,0.42857142857142855,3,5,5,1.0,0.3333333333333333,0.5,0.3333333333333333,1,3,1
1O8V,vina_pose,9,A:PLM:1136,L:UNL:1,RDKit,18,5.963918408041628,3,7.9564070408696415,NA,NA,3,1,hydrogen_bonds=3,hydrogen_bonds=1,0.1,0.2,0.13333333333333333,0.07142857142857142,1,5,10,0.0,0.0,0.0,0.0,0,3,1
1O8V,vina_pose,10,A:PLM:1136,L:UNL:1,RDKit,18,1.2846817375002522,3,1.9987245933344593,NA,NA,3,3,hydrogen_bonds=3,hydrogen_bonds=3,0.8333333333333334,1.0,0.9090909090909091,0.8333333333333334,5,5,6,1.0,1.0,1.0,1.0,3,3,3
1O8V,vina_pose,11,A:PLM:1136,L:UNL:1,RDKit,18,5.772761244750114,3,7.670677979596501,NA,NA,3,2,hydrogen_bonds=3,hydrogen_bonds=2,0.0,0.0,0.0,0.0,0,5,8,0.0,0.0,0.0,0.0,0,3,2
1O8V,vina_pose,12,A:PLM:1136,L:UNL:1,RDKit,18,5.161167202182941,3,7.870112324484321,NA,NA,3,1,hydrogen_bonds=3,hydrogen_bonds=1,0.0,0.0,0.0,0.0,0,5,8,0.0,0.0,0.0,0.0,0,3,1
1O8V,vina_pose,13,A:PLM:1136,L:UNL:1,RDKit,18,2.4730065934224905,3,4.622372406748148,NA,NA,3,1,hydrogen_bonds=3,hydrogen_bonds=1,0.3333333333333333,0.4,0.3636363636363636,0.2222222222222222,2,5,6,0.0,0.0,0.0,0.0,0,3,1
1O8V,vina_pose,14,A:PLM:1136,L:UNL:1,RDKit,18,4.501441516028196,3,0.894807614332079,NA,NA,3,3,hydrogen_bonds=3,hydrogen_bonds=3,0.8333333333333334,1.0,0.9090909090909091,0.8333333333333334,5,5,6,1.0,1.0,1.0,1.0,3,3,3
1O8V,vina_pose,15,A:PLM:1136,L:UNL:1,RDKit,18,6.070725940482279,3,5.893043554338736,NA,NA,3,2,hydrogen_bonds=3,hydrogen_bonds=2,0.16666666666666666,0.2,0.1818181818181818,0.1,1,5,6,0.5,0.3333333333333333,0.4,0.25,1,3,2
1O8V,vina_pose,16,A:PLM:1136,L:UNL:1,RDKit,18,3.8670339983564204,3,1.2213803666344076,NA,NA,3,3,hydrogen_bonds=3,hydrogen_bonds=3,0.8333333333333334,1.0,0.9090909090909091,0.8333333333333334,5,5,6,1.0,1.0,1.0,1.0,3,3,3
1O8V,vina_pose,17,A:PLM:1136,L:UNL:1,RDKit,18,1.961902775368851,3,3.118716402624644,NA,NA,3,2,hydrogen_bonds=3,hydrogen_bonds=2,0.5,0.4,0.4444444444444445,0.2857142857142857,2,5,4,1.0,0.6666666666666666,0.8,0.6666666666666666,2,3,2
1O8V,vina_pose,18,A:PLM:1136,L:UNL:1,RDKit,18,7.767397816085727,3,10.743216448841878,NA,NA,3,1,hydrogen_bonds=3,hydrogen_bonds=1,0.0,0.0,0.0,0.0,0,5,8,0.0,0.0,0.0,0.0,0,3,1
1O8V,vina_pose,19,A:PLM:1136,L:UNL:1,RDKit,18,7.373340981008693,3,8.844823966591987,NA,NA,3,2,hydrogen_bonds=3,hydrogen_bonds=2,0.0,0.0,0.0,0.0,0,5,9,0.0,0.0,0.0,0.0,0,3,2
1O8V,vina_pose,20,A:PLM:1136,L:UNL:1,RDKit,18,4.909695249650882,3,5.866714412684496,NA,NA,3,1,hydrogen_bonds=3,hydrogen_bonds=1,0.16666666666666666,0.2,0.1818181818181818,0.1,1,5,6,0.0,0.0,0.0,0.0,0,3,1
1P6E,boltz,1,A:PC5:601,B:PC5:1,RDKit,28,4.375541284602361,7,6.170616342010231,245,0.49685554593106274,1,0,hydrogen_bonds=1,none=0,0.7142857142857143,0.38461538461538464,0.5,0.3333333333333333,5,13,7,0.0,0.0,0.0,0.0,0,1,0
1P6E,vina_pose,1,A:PC5:601,L:UNL:1,RDKit,28,4.951821504687514,7,4.589990382809719,NA,NA,1,0,hydrogen_bonds=1,none=0,0.6363636363636364,0.5384615384615384,0.5833333333333334,0.4117647058823529,7,13,11,0.0,0.0,0.0,0.0,0,1,0
1P6E,vina_pose,2,A:PC5:601,L:UNL:1,RDKit,28,7.449645192893417,7,5.105296283552712,NA,NA,1,1,hydrogen_bonds=1,hydrogen_bonds=1,0.6666666666666666,0.6153846153846154,0.64,0.47058823529411764,8,13,12,0.0,0.0,0.0,0.0,0,1,1
1P6E,vina_pose,3,A:PC5:601,L:UNL:1,RDKit,28,6.586047424561368,7,6.598189416152629,NA,NA,1,1,hydrogen_bonds=1,hydrogen_bonds=1,0.375,0.23076923076923078,0.2857142857142857,0.16666666666666666,3,13,8,0.0,0.0,0.0,0.0,0,1,1
1P6E,vina_pose,4,A:PC5:601,L:UNL:1,RDKit,28,7.291954397044144,7,8.076724504047771,NA,NA,1,0,hydrogen_bonds=1,none=0,0.25,0.07692307692307693,0.11764705882352941,0.0625,1,13,4,0.0,0.0,0.0,0.0,0,1,0
1P6E,vina_pose,5,A:PC5:601,L:UNL:1,RDKit,28,6.503003001361317,7,4.528190792926338,NA,NA,1,1,hydrogen_bonds=1,hydrogen_bonds=1,0.5384615384615384,0.5384615384615384,0.5384615384615384,0.3684210526315789,7,13,13,0.0,0.0,0.0,0.0,0,1,1
1P6E,vina_pose,6,A:PC5:601,L:UNL:1,RDKit,28,8.847171353844441,7,5.514971247172814,NA,NA,1,3,hydrogen_bonds=1,hydrogen_bonds=3,0.5333333333333333,0.6153846153846154,0.5714285714285715,0.4,8,13,15,0.3333333333333333,1.0,0.5,0.3333333333333333,1,1,3
1P6E,vina_pose,7,A:PC5:601,L:UNL:1,RDKit,28,4.475808223103398,7,4.181112873045029,NA,NA,1,1,hydrogen_bonds=1,hydrogen_bonds=1,0.6,0.6923076923076923,0.6428571428571429,0.47368421052631576,9,13,15,1.0,1.0,1.0,1.0,1,1,1
1P6E,vina_pose,8,A:PC5:601,L:UNL:1,RDKit,28,5.962060235354889,7,5.982988920980167,NA,NA,1,0,hydrogen_bonds=1,none=0,0.5,0.23076923076923078,0.3157894736842105,0.1875,3,13,6,0.0,0.0,0.0,0.0,0,1,0
1P6E,vina_pose,9,A:PC5:601,L:UNL:1,RDKit,28,7.881235757889024,7,6.641806466832435,NA,NA,1,0,hydrogen_bonds=1,none=0,0.4444444444444444,0.3076923076923077,0.3636363636363637,0.2222222222222222,4,13,9,0.0,0.0,0.0,0.0,0,1,0
1P6E,vina_pose,10,A:PC5:601,L:UNL:1,RDKit,28,4.220227604728716,7,3.7218947555551023,NA,NA,1,3,hydrogen_bonds=1,hydrogen_bonds=3,0.75,0.6923076923076923,0.7199999999999999,0.5625,9,13,12,0.3333333333333333,1.0,0.5,0.3333333333333333,1,1,3
1P6E,vina_pose,11,A:PC5:601,L:UNL:1,RDKit,28,7.357619677683033,7,5.875874767701766,NA,NA,1,2,hydrogen_bonds=1,hydrogen_bonds=2,0.5384615384615384,0.5384615384615384,0.5384615384615384,0.3684210526315789,7,13,13,0.0,0.0,0.0,0.0,0,1,2
1P6E,vina_pose,12,A:PC5:601,L:UNL:1,RDKit,28,7.144295051697843,7,5.686181658823684,NA,NA,1,0,hydrogen_bonds=1,none=0,0.5,0.38461538461538464,0.4347826086956522,0.2777777777777778,5,13,10,0.0,0.0,0.0,0.0,0,1,0
1P6E,vina_pose,13,A:PC5:601,L:UNL:1,RDKit,28,5.76936910390927,7,7.373461679757829,NA,NA,1,0,hydrogen_bonds=1,none=0,0.25,0.07692307692307693,0.11764705882352941,0.0625,1,13,4,0.0,0.0,0.0,0.0,0,1,0
1P6E,vina_pose,14,A:PC5:601,L:UNL:1,RDKit,28,6.529180330310559,7,7.034882839921967,NA,NA,1,0,hydrogen_bonds=1,none=0,0.2,0.07692307692307693,0.1111111111111111,0.058823529411764705,1,13,5,0.0,0.0,0.0,0.0,0,1,0
1P6E,vina_pose,15,A:PC5:601,L:UNL:1,RDKit,28,6.363886966424574,7,4.553147200406707,NA,NA,1,0,hydrogen_bonds=1,none=0,0.5555555555555556,0.38461538461538464,0.4545454545454546,0.29411764705882354,5,13,9,0.0,0.0,0.0,0.0,0,1,0
1P6E,vina_pose,16,A:PC5:601,L:UNL:1,RDKit,28,6.571713676268705,7,7.967147876480911,NA,NA,1,0,hydrogen_bonds=1,none=0,0.25,0.07692307692307693,0.11764705882352941,0.0625,1,13,4,0.0,0.0,0.0,0.0,0,1,0
1P6E,vina_pose,17,A:PC5:601,L:UNL:1,RDKit,28,6.498624008203583,7,9.006889846905297,NA,NA,1,0,hydrogen_bonds=1,none=0,0.1111111111111111,0.07692307692307693,0.09090909090909093,0.047619047619047616,1,13,9,0.0,0.0,0.0,0.0,0,1,0
1P6E,vina_pose,18,A:PC5:601,L:UNL:1,RDKit,28,6.072580746978291,7,5.341653449207332,NA,NA,1,1,hydrogen_bonds=1,hydrogen_bonds=1,0.45454545454545453,0.38461538461538464,0.41666666666666663,0.2631578947368421,5,13,11,0.0,0.0,0.0,0.0,0,1,1
1P6E,vina_pose,19,A:PC5:601,L:UNL:1,RDKit,28,6.52689220784725,7,3.532350714669845,NA,NA,1,1,hydrogen_bonds=1,hydrogen_bonds=1,0.75,0.6923076923076923,0.7199999999999999,0.5625,9,13,12,1.0,1.0,1.0,1.0,1,1,1
1P6E,vina_pose,20,A:PC5:601,L:UNL:1,RDKit,28,4.9838593407691025,7,4.700092886620131,NA,NA,1,0,hydrogen_bonds=1,none=0,0.5714285714285714,0.3076923076923077,0.4,0.25,4,13,7,0.0,0.0,0.0,0.0,0,1,0
1PUB,boltz,1,A:3PH:2341,B:3PH:1,RDKit,48,1.7224972984968507,6,2.1896588180657095,162,0.9913290137990015,0,0,none=0,none=0,0.5714285714285714,0.8,0.6666666666666666,0.5,4,5,7,NA,NA,NA,NA,0,0,0
1PUB,vina_pose,1,A:3PH:2341,L:UNL:1,RDKit,48,10.636917330301419,6,19.913692759840735,NA,NA,0,1,none=0,hydrogen_bonds=1,0.0,0.0,0.0,0.0,0,5,10,NA,NA,NA,NA,0,0,1
1PUB,vina_pose,2,A:3PH:2341,L:UNL:1,RDKit,48,12.41028261496624,6,19.812889348435107,NA,NA,0,4,none=0,hydrogen_bonds=4,0.0,0.0,0.0,0.0,0,5,8,NA,NA,NA,NA,0,0,4
1PUB,vina_pose,3,A:3PH:2341,L:UNL:1,RDKit,48,10.934045742160889,6,19.868472890486576,NA,NA,0,2,none=0,hydrogen_bonds=2,0.0,0.0,0.0,0.0,0,5,10,NA,NA,NA,NA,0,0,2
1PUB,vina_pose,4,A:3PH:2341,L:UNL:1,RDKit,48,11.940196255715398,6,19.729014373928226,NA,NA,0,4,none=0,hydrogen_bonds=4,0.0,0.0,0.0,0.0,0,5,10,NA,NA,NA,NA,0,0,4
1PUB,vina_pose,5,A:3PH:2341,L:UNL:1,RDKit,48,13.15755105284921,6,20.148432652028625,NA,NA,0,2,none=0,hydrogen_bonds=2,0.0,0.0,0.0,0.0,0,5,9,NA,NA,NA,NA,0,0,2
1PUB,vina_pose,6,A:3PH:2341,L:UNL:1,RDKit,48,11.151746883896712,6,13.8070680027779,NA,NA,0,0,none=0,none=0,0.0,0.0,0.0,0.0,0,5,5,NA,NA,NA,NA,0,0,0
1PUB,vina_pose,7,A:3PH:2341,L:UNL:1,RDKit,48,11.593050891769892,6,15.99490119798598,NA,NA,0,0,none=0,none=0,0.0,0.0,0.0,0.0,0,5,4,NA,NA,NA,NA,0,0,0
1PUB,vina_pose,8,A:3PH:2341,L:UNL:1,RDKit,48,13.447766241090005,6,19.135928454959622,NA,NA,0,2,none=0,hydrogen_bonds=2,0.0,0.0,0.0,0.0,0,5,7,NA,NA,NA,NA,0,0,2
1PUB,vina_pose,9,A:3PH:2341,L:UNL:1,RDKit,48,11.02747382109792,6,14.260153780143234,NA,NA,0,0,none=0,none=0,0.0,0.0,0.0,0.0,0,5,4,NA,NA,NA,NA,0,0,0
1PUB,vina_pose,10,A:3PH:2341,L:UNL:1,RDKit,48,13.79358706217011,6,21.46061294946318,NA,NA,0,2,none=0,hydrogen_bonds=2,0.0,0.0,0.0,0.0,0,5,8,NA,NA,NA,NA,0,0,2
1PUB,vina_pose,11,A:3PH:2341,L:UNL:1,RDKit,48,12.661432464871421,6,20.097779189087866,NA,NA,0,3,none=0,hydrogen_bonds=3,0.0,0.0,0.0,0.0,0,5,9,NA,NA,NA,NA,0,0,3
1PUB,vina_pose,12,A:3PH:2341,L:UNL:1,RDKit,48,11.40160357965054,6,13.794963779099483,NA,NA,0,0,none=0,none=0,0.0,0.0,0.0,0.0,0,5,5,NA,NA,NA,NA,0,0,0
1PUB,vina_pose,13,A:3PH:2341,L:UNL:1,RDKit,48,13.19374443233737,6,18.391733487267228,NA,NA,0,4,none=0,hydrogen_bonds=4,0.0,0.0,0.0,0.0,0,5,7,NA,NA,NA,NA,0,0,4
1PUB,vina_pose,14,A:3PH:2341,L:UNL:1,RDKit,48,12.969367686494975,6,20.10134749629155,NA,NA,0,3,none=0,hydrogen_bonds=3,0.0,0.0,0.0,0.0,0,5,9,NA,NA,NA,NA,0,0,3
1PUB,vina_pose,15,A:3PH:2341,L:UNL:1,RDKit,48,11.382906296284794,6,14.08812188216253,NA,NA,0,1,none=0,hydrogen_bonds=1,0.0,0.0,0.0,0.0,0,5,4,NA,NA,NA,NA,0,0,1
1PUB,vina_pose,16,A:3PH:2341,L:UNL:1,RDKit,48,11.357350350287106,6,14.250265482907093,NA,NA,0,0,none=0,none=0,0.0,0.0,0.0,0.0,0,5,4,NA,NA,NA,NA,0,0,0
1PUB,vina_pose,17,A:3PH:2341,L:UNL:1,RDKit,48,11.916395361713485,6,15.799339775235334,NA,NA,0,0,none=0,none=0,0.0,0.0,0.0,0.0,0,5,5,NA,NA,NA,NA,0,0,0
1PUB,vina_pose,18,A:3PH:2341,L:UNL:1,RDKit,48,13.231282117737747,6,21.412783117412207,NA,NA,0,1,none=0,hydrogen_bonds=1,0.0,0.0,0.0,0.0,0,5,8,NA,NA,NA,NA,0,0,1
1PUB,vina_pose,19,A:3PH:2341,L:UNL:1,RDKit,48,12.79775866607118,6,20.185932700769612,NA,NA,0,4,none=0,hydrogen_bonds=4,0.0,0.0,0.0,0.0,0,5,9,NA,NA,NA,NA,0,0,4
1PUB,vina_pose,20,A:3PH:2341,L:UNL:1,RDKit,48,12.926581283831391,6,20.27102360102551,NA,NA,0,1,none=0,hydrogen_bonds=1,0.0,0.0,0.0,0.0,0,5,10,NA,NA,NA,NA,0,0,1
1PZ4,boltz,1,A:PLM:200,B:PLM:1,RDKit,18,1.6771143893742073,3,3.531727701004173,113,2.026685219461936,3,1,hydrogen_bonds=3,hydrogen_bonds=1,0.6,0.5,0.5454545454545454,0.375,3,6,5,0.0,0.0,0.0,0.0,0,3,1
1PZ4,vina_pose,1,A:PLM:200,L:UNL:1,RDKit,18,3.025825195068464,3,0.7091976687308933,NA,NA,3,3,hydrogen_bonds=3,hydrogen_bonds=3,1.0,1.0,1.0,1.0,6,6,6,1.0,1.0,1.0,1.0,3,3,3
1PZ4,vina_pose,2,A:PLM:200,L:UNL:1,RDKit,18,2.4131746034356203,3,2.284894527106229,NA,NA,3,3,hydrogen_bonds=3,hydrogen_bonds=3,0.8,0.6666666666666666,0.7272727272727272,0.5714285714285714,4,6,5,1.0,1.0,1.0,1.0,3,3,3
1PZ4,vina_pose,3,A:PLM:200,L:UNL:1,RDKit,18,2.74092160088942,3,1.7384327232692471,NA,NA,3,3,hydrogen_bonds=3,hydrogen_bonds=3,1.0,1.0,1.0,1.0,6,6,6,1.0,1.0,1.0,1.0,3,3,3
1PZ4,vina_pose,4,A:PLM:200,L:UNL:1,RDKit,18,2.017045804580991,3,0.626306634165726,NA,NA,3,3,hydrogen_bonds=3,hydrogen_bonds=3,1.0,1.0,1.0,1.0,6,6,6,1.0,1.0,1.0,1.0,3,3,3
1PZ4,vina_pose,5,A:PLM:200,L:UNL:1,RDKit,18,2.335019819092668,3,1.684032264140645,NA,NA,3,3,hydrogen_bonds=3,hydrogen_bonds=3,1.0,1.0,1.0,1.0,6,6,6,1.0,1.0,1.0,1.0,3,3,3
1PZ4,vina_pose,6,A:PLM:200,L:UNL:1,RDKit,18,3.92208836803388,3,3.207821950586827,NA,NA,3,2,hydrogen_bonds=3,hydrogen_bonds=2,0.625,0.8333333333333334,0.7142857142857143,0.5555555555555556,5,6,8,0.0,0.0,0.0,0.0,0,3,2
1PZ4,vina_pose,7,A:PLM:200,L:UNL:1,RDKit,18,1.6764981359965772,3,2.0228540069251997,NA,NA,3,3,hydrogen_bonds=3,hydrogen_bonds=3,0.8,0.6666666666666666,0.7272727272727272,0.5714285714285714,4,6,5,1.0,1.0,1.0,1.0,3,3,3
1PZ4,vina_pose,8,A:PLM:200,L:UNL:1,RDKit,18,1.6401259267371984,3,2.275002051281126,NA,NA,3,3,hydrogen_bonds=3,hydrogen_bonds=3,0.6666666666666666,0.6666666666666666,0.6666666666666666,0.5,4,6,6,1.0,1.0,1.0,1.0,3,3,3
1PZ4,vina_pose,9,A:PLM:200,L:UNL:1,RDKit,18,5.386648550918382,3,4.763395462622577,NA,NA,3,3,hydrogen_bonds=3,hydrogen_bonds=3,0.6,0.5,0.5454545454545454,0.375,3,6,5,0.0,0.0,0.0,0.0,0,3,3
1PZ4,vina_pose,10,A:PLM:200,L:UNL:1,RDKit,18,9.287224962280176,3,12.16208075673457,NA,NA,3,0,hydrogen_bonds=3,none=0,0.0,0.0,0.0,0.0,0,6,5,0.0,0.0,0.0,0.0,0,3,0
1PZ4,vina_pose,11,A:PLM:200,L:UNL:1,RDKit,18,2.743297519004779,3,4.78549450596975,NA,NA,3,1,hydrogen_bonds=3,hydrogen_bonds=1,0.25,0.16666666666666666,0.2,0.1111111111111111,1,6,4,0.0,0.0,0.0,0.0,0,3,1
1PZ4,vina_pose,12,A:PLM:200,L:UNL:1,RDKit,18,9.24121599141585,3,13.723111904132145,NA,NA,3,0,hydrogen_bonds=3,none=0,0.0,0.0,0.0,0.0,0,6,7,0.0,0.0,0.0,0.0,0,3,0
1PZ4,vina_pose,13,A:PLM:200,L:UNL:1,RDKit,18,9.373866568521468,3,15.172673034109714,NA,NA,3,1,hydrogen_bonds=3,hydrogen_bonds=1,0.0,0.0,0.0,0.0,0,6,6,0.0,0.0,0.0,0.0,0,3,1
1PZ4,vina_pose,14,A:PLM:200,L:UNL:1,RDKit,18,9.309966105678845,3,14.146399023544236,NA,NA,3,0,hydrogen_bonds=3,none=0,0.0,0.0,0.0,0.0,0,6,6,0.0,0.0,0.0,0.0,0,3,0
1PZ4,vina_pose,15,A:PLM:200,L:UNL:1,RDKit,18,5.482525254539797,3,7.163219760228868,NA,NA,3,0,hydrogen_bonds=3,none=0,0.0,0.0,0.0,0.0,0,6,6,0.0,0.0,0.0,0.0,0,3,0
1PZ4,vina_pose,16,A:PLM:200,L:UNL:1,RDKit,18,9.874138615033157,3,13.906350599636125,NA,NA,3,0,hydrogen_bonds=3,none=0,0.0,0.0,0.0,0.0,0,6,9,0.0,0.0,0.0,0.0,0,3,0
1PZ4,vina_pose,17,A:PLM:200,L:UNL:1,RDKit,18,3.3296662745686683,3,5.363081203934916,NA,NA,3,1,hydrogen_bonds=3,hydrogen_bonds=1,0.2,0.16666666666666666,0.1818181818181818,0.1,1,6,5,0.0,0.0,0.0,0.0,0,3,1
1PZ4,vina_pose,18,A:PLM:200,L:UNL:1,RDKit,18,5.036102731500045,3,7.84126837103964,NA,NA,3,0,hydrogen_bonds=3,none=0,0.0,0.0,0.0,0.0,0,6,7,0.0,0.0,0.0,0.0,0,3,0
1PZ4,vina_pose,19,A:PLM:200,L:UNL:1,RDKit,18,5.8821666973620825,3,8.084062778083803,NA,NA,3,0,hydrogen_bonds=3,none=0,0.0,0.0,0.0,0.0,0,6,7,0.0,0.0,0.0,0.0,0,3,0
1PZ4,vina_pose,20,A:PLM:200,L:UNL:1,RDKit,18,2.977208909178005,3,4.511879615710804,NA,NA,3,1,hydrogen_bonds=3,hydrogen_bonds=1,0.3333333333333333,0.3333333333333333,0.3333333333333333,0.2,2,6,6,0.0,0.0,0.0,0.0,0,3,1
1S8G,boltz,1,A:DAO:135,B:DAO:1,RDKit,14,6.6299018781274,3,6.878088471578701,121,1.011022442559837,1,1,hydrogen_bonds=1,hydrogen_bonds=1,0.3333333333333333,0.2727272727272727,0.3,0.17647058823529413,3,11,9,0.0,0.0,0.0,0.0,0,1,1
1S8G,vina_pose,1,A:DAO:135,L:UNL:1,RDKit,14,4.952677003399273,3,0.7778076026027688,NA,NA,1,2,hydrogen_bonds=1,hydrogen_bonds=2,1.0,0.8181818181818182,0.9,0.8181818181818182,9,11,9,0.5,1.0,0.6666666666666666,0.5,1,1,2
1S8G,vina_pose,2,A:DAO:135,L:UNL:1,RDKit,14,5.57773634960584,3,3.2135100746691294,NA,NA,1,2,hydrogen_bonds=1,hydrogen_bonds=2,0.875,0.6363636363636364,0.7368421052631579,0.5833333333333334,7,11,8,0.5,1.0,0.6666666666666666,0.5,1,1,2
1S8G,vina_pose,3,A:DAO:135,L:UNL:1,RDKit,14,3.210558696373132,3,2.3894946467122855,NA,NA,1,3,hydrogen_bonds=1,hydrogen_bonds=3,1.0,0.5454545454545454,0.7058823529411764,0.5454545454545454,6,11,6,0.3333333333333333,1.0,0.5,0.3333333333333333,1,1,3
1S8G,vina_pose,4,A:DAO:135,L:UNL:1,RDKit,14,4.409082225523648,3,2.511740565159279,NA,NA,1,3,hydrogen_bonds=1,hydrogen_bonds=3,1.0,0.6363636363636364,0.7777777777777778,0.6363636363636364,7,11,7,0.3333333333333333,1.0,0.5,0.3333333333333333,1,1,3
1S8G,vina_pose,5,A:DAO:135,L:UNL:1,RDKit,14,2.74342726217721,3,1.8841270303954172,NA,NA,1,1,hydrogen_bonds=1,hydrogen_bonds=1,1.0,0.8181818181818182,0.9,0.8181818181818182,9,11,9,0.0,0.0,0.0,0.0,0,1,1
1S8G,vina_pose,6,A:DAO:135,L:UNL:1,RDKit,14,2.844162442618213,3,2.336581691274669,NA,NA,1,2,hydrogen_bonds=1,hydrogen_bonds=2,1.0,0.7272727272727273,0.8421052631578948,0.7272727272727273,8,11,8,0.5,1.0,0.6666666666666666,0.5,1,1,2
1S8G,vina_pose,7,A:DAO:135,L:UNL:1,RDKit,14,1.6618343995201719,3,1.9341169388982993,NA,NA,1,3,hydrogen_bonds=1,hydrogen_bonds=3,1.0,0.7272727272727273,0.8421052631578948,0.7272727272727273,8,11,8,0.3333333333333333,1.0,0.5,0.3333333333333333,1,1,3
1S8G,vina_pose,8,A:DAO:135,L:UNL:1,RDKit,14,3.405307307298837,3,1.2420428065623716,NA,NA,1,2,hydrogen_bonds=1,hydrogen_bonds=2,1.0,0.8181818181818182,0.9,0.8181818181818182,9,11,9,0.5,1.0,0.6666666666666666,0.5,1,1,2
1S8G,vina_pose,9,A:DAO:135,L:UNL:1,RDKit,14,3.4495881224119667,3,4.3549811327566825,NA,NA,1,1,hydrogen_bonds=1,hydrogen_bonds=1,0.6666666666666666,0.36363636363636365,0.4705882352941177,0.3076923076923077,4,11,6,0.0,0.0,0.0,0.0,0,1,1
1S8G,vina_pose,10,A:DAO:135,L:UNL:1,RDKit,14,3.6064272585799606,3,1.8529352390194314,NA,NA,1,2,hydrogen_bonds=1,hydrogen_bonds=2,1.0,0.8181818181818182,0.9,0.8181818181818182,9,11,9,0.5,1.0,0.6666666666666666,0.5,1,1,2
1S8G,vina_pose,11,A:DAO:135,L:UNL:1,RDKit,14,4.299015759450063,3,1.4799402014946392,NA,NA,1,2,hydrogen_bonds=1,hydrogen_bonds=2,1.0,0.8181818181818182,0.9,0.8181818181818182,9,11,9,0.5,1.0,0.6666666666666666,0.5,1,1,2
1S8G,vina_pose,12,A:DAO:135,L:UNL:1,RDKit,14,7.1563839232634,3,7.354120885598767,NA,NA,1,2,hydrogen_bonds=1,hydrogen_bonds=2,0.2,0.09090909090909091,0.12500000000000003,0.06666666666666667,1,11,5,0.0,0.0,0.0,0.0,0,1,2
1S8G,vina_pose,13,A:DAO:135,L:UNL:1,RDKit,14,7.871023572028518,3,10.951828690527744,NA,NA,1,3,hydrogen_bonds=1,hydrogen_bonds=3,0.0,0.0,0.0,0.0,0,11,5,0.0,0.0,0.0,0.0,0,1,3
1S8G,vina_pose,14,A:DAO:135,L:UNL:1,RDKit,14,2.295216594198837,3,0.9396401793594517,NA,NA,1,2,hydrogen_bonds=1,hydrogen_bonds=2,1.0,0.8181818181818182,0.9,0.8181818181818182,9,11,9,0.5,1.0,0.6666666666666666,0.5,1,1,2
1S8G,vina_pose,15,A:DAO:135,L:UNL:1,RDKit,14,4.308534686277591,3,2.4600970848051227,NA,NA,1,2,hydrogen_bonds=1,hydrogen_bonds=2,0.875,0.6363636363636364,0.7368421052631579,0.5833333333333334,7,11,8,0.5,1.0,0.6666666666666666,0.5,1,1,2
1S8G,vina_pose,16,A:DAO:135,L:UNL:1,RDKit,14,7.432031677619712,3,9.268130627765952,NA,NA,1,0,hydrogen_bonds=1,none=0,0.0,0.0,0.0,0.0,0,11,5,0.0,0.0,0.0,0.0,0,1,0
1S8G,vina_pose,17,A:DAO:135,L:UNL:1,RDKit,14,7.231598514258695,3,8.485600371609934,NA,NA,1,0,hydrogen_bonds=1,none=0,0.0,0.0,0.0,0.0,0,11,4,0.0,0.0,0.0,0.0,0,1,0
1S8G,vina_pose,18,A:DAO:135,L:UNL:1,RDKit,14,3.437596627213346,3,2.0364933914288366,NA,NA,1,1,hydrogen_bonds=1,hydrogen_bonds=1,1.0,0.7272727272727273,0.8421052631578948,0.7272727272727273,8,11,8,1.0,1.0,1.0,1.0,1,1,1
1S8G,vina_pose,19,A:DAO:135,L:UNL:1,RDKit,14,7.0656727209799355,3,5.758139398567331,NA,NA,1,0,hydrogen_bonds=1,none=0,0.2857142857142857,0.18181818181818182,0.2222222222222222,0.125,2,11,7,0.0,0.0,0.0,0.0,0,1,0
1S8G,vina_pose,20,A:DAO:135,L:UNL:1,RDKit,14,6.823197349588282,3,4.543200046956623,NA,NA,1,1,hydrogen_bonds=1,hydrogen_bonds=1,0.5,0.36363636363636365,0.4210526315789474,0.26666666666666666,4,11,8,0.0,0.0,0.0,0.0,0,1,1
1T27,boltz,1,A:PCW:501,B:PCW:1,RDKit,54,3.711398354227531,7,5.810393550517144,269,0.795261789986594,5,5,attractive_charge=1;hydrogen_bonds=2;ionic=1;salt_bridge=1,attractive_charge=1;hydrogen_bonds=2;ionic=1;salt_bridge=1,0.4444444444444444,0.4,0.4210526315789474,0.26666666666666666,4,10,9,0.0,0.0,0.0,0.0,0,5,5
1T27,vina_pose,1,A:PCW:501,L:UNL:1,RDKit,54,13.289290461230916,7,16.06517574933878,NA,NA,5,0,attractive_charge=1;hydrogen_bonds=2;ionic=1;salt_bridge=1,none=0,0.0,0.0,0.0,0.0,0,10,11,0.0,0.0,0.0,0.0,0,5,0
1T27,vina_pose,2,A:PCW:501,L:UNL:1,RDKit,54,11.595895324224447,7,12.804522169921063,NA,NA,5,0,attractive_charge=1;hydrogen_bonds=2;ionic=1;salt_bridge=1,none=0,0.1,0.1,0.10000000000000002,0.05263157894736842,1,10,10,0.0,0.0,0.0,0.0,0,5,0
1T27,vina_pose,3,A:PCW:501,L:UNL:1,RDKit,54,3.079330028744228,7,1.9462866842124917,NA,NA,5,6,attractive_charge=1;hydrogen_bonds=2;ionic=1;salt_bridge=1,attractive_charge=1;hydrogen_bonds=3;ionic=1;salt_bridge=1,0.9,0.9,0.9,0.8181818181818182,9,10,10,0.8333333333333334,1.0,0.9090909090909091,0.8333333333333334,5,5,6
1T27,vina_pose,4,A:PCW:501,L:UNL:1,RDKit,54,5.0088571920519325,7,2.2805660638158614,NA,NA,5,7,attractive_charge=1;hydrogen_bonds=2;ionic=1;salt_bridge=1,attractive_charge=1;hydrogen_bonds=4;ionic=1;salt_bridge=1,0.7,0.7,0.7,0.5384615384615384,7,10,10,0.7142857142857143,1.0,0.8333333333333333,0.7142857142857143,5,5,7
1T27,vina_pose,5,A:PCW:501,L:UNL:1,RDKit,54,7.527248543101897,7,2.674487267282674,NA,NA,5,2,attractive_charge=1;hydrogen_bonds=2;ionic=1;salt_bridge=1,hydrogen_bonds=2,0.8,0.8,0.8000000000000002,0.6666666666666666,8,10,10,0.5,0.2,0.28571428571428575,0.16666666666666666,1,5,2
1T27,vina_pose,6,A:PCW:501,L:UNL:1,RDKit,54,2.7973579631634693,7,2.249575452009938,NA,NA,5,7,attractive_charge=1;hydrogen_bonds=2;ionic=1;salt_bridge=1,attractive_charge=1;hydrogen_bonds=4;ionic=1;salt_bridge=1,0.7272727272727273,0.8,0.761904761904762,0.6153846153846154,8,10,11,0.7142857142857143,1.0,0.8333333333333333,0.7142857142857143,5,5,7
1T27,vina_pose,7,A:PCW:501,L:UNL:1,RDKit,54,4.864705893055193,7,2.696057942361668,NA,NA,5,4,attractive_charge=1;hydrogen_bonds=2;ionic=1;salt_bridge=1,attractive_charge=1;hydrogen_bonds=1;ionic=1;salt_bridge=1,0.7272727272727273,0.8,0.761904761904762,0.6153846153846154,8,10,11,0.75,0.6,0.6666666666666665,0.5,3,5,4
1T27,vina_pose,8,A:PCW:501,L:UNL:1,RDKit,54,6.6940181796054965,7,2.364623165387186,NA,NA,5,3,attractive_charge=1;hydrogen_bonds=2;ionic=1;salt_bridge=1,hydrogen_bonds=3,0.8181818181818182,0.9,0.8571428571428572,0.75,9,10,11,0.6666666666666666,0.4,0.5,0.3333333333333333,2,5,3
1T27,vina_pose,9,A:PCW:501,L:UNL:1,RDKit,54,12.886853887959994,7,15.060861932268589,NA,NA,5,0,attractive_charge=1;hydrogen_bonds=2;ionic=1;salt_bridge=1,none=0,0.0,0.0,0.0,0.0,0,10,11,0.0,0.0,0.0,0.0,0,5,0
1T27,vina_pose,10,A:PCW:501,L:UNL:1,RDKit,54,10.668468374746348,7,13.500937221435512,NA,NA,5,0,attractive_charge=1;hydrogen_bonds=2;ionic=1;salt_bridge=1,none=0,0.125,0.1,0.11111111111111112,0.058823529411764705,1,10,8,0.0,0.0,0.0,0.0,0,5,0
1T27,vina_pose,11,A:PCW:501,L:UNL:1,RDKit,54,8.828199378087202,7,11.7001206587185,NA,NA,5,1,attractive_charge=1;hydrogen_bonds=2;ionic=1;salt_bridge=1,hydrogen_bonds=1,0.0,0.0,0.0,0.0,0,10,6,0.0,0.0,0.0,0.0,0,5,1
1T27,vina_pose,12,A:PCW:501,L:UNL:1,RDKit,54,11.526669336803238,7,11.472024288926269,NA,NA,5,1,attractive_charge=1;hydrogen_bonds=2;ionic=1;salt_bridge=1,hydrogen_bonds=1,0.2,0.1,0.13333333333333333,0.07142857142857142,1,10,5,0.0,0.0,0.0,0.0,0,5,1
1T27,vina_pose,13,A:PCW:501,L:UNL:1,RDKit,54,12.163840137427362,7,14.156813528676372,NA,NA,5,6,attractive_charge=1;hydrogen_bonds=2;ionic=1;salt_bridge=1,attractive_charge=1;hydrogen_bonds=3;ionic=1;salt_bridge=1,0.0,0.0,0.0,0.0,0,10,7,0.0,0.0,0.0,0.0,0,5,6
1T27,vina_pose,14,A:PCW:501,L:UNL:1,RDKit,54,3.8975544017774553,7,2.5073620457706998,NA,NA,5,6,attractive_charge=1;hydrogen_bonds=2;ionic=1;salt_bridge=1,attractive_charge=1;hydrogen_bonds=3;ionic=1;salt_bridge=1,0.8,0.8,0.8000000000000002,0.6666666666666666,8,10,10,0.8333333333333334,1.0,0.9090909090909091,0.8333333333333334,5,5,6
1T27,vina_pose,15,A:PCW:501,L:UNL:1,RDKit,54,7.369295184650872,7,1.983018370349316,NA,NA,5,7,attractive_charge=1;hydrogen_bonds=2;ionic=1;salt_bridge=1,attractive_charge=1;hydrogen_bonds=4;ionic=1;salt_bridge=1,0.7,0.7,0.7,0.5384615384615384,7,10,10,0.7142857142857143,1.0,0.8333333333333333,0.7142857142857143,5,5,7
1T27,vina_pose,16,A:PCW:501,L:UNL:1,RDKit,54,11.225095557623453,7,9.379305936856035,NA,NA,5,2,attractive_charge=1;hydrogen_bonds=2;ionic=1;salt_bridge=1,hydrogen_bonds=2,0.0,0.0,0.0,0.0,0,10,7,0.0,0.0,0.0,0.0,0,5,2
1T27,vina_pose,17,A:PCW:501,L:UNL:1,RDKit,54,9.419360357106902,7,12.655130602701366,NA,NA,5,5,attractive_charge=1;hydrogen_bonds=2;ionic=1;salt_bridge=1,attractive_charge=1;hydrogen_bonds=2;ionic=1;salt_bridge=1,0.0,0.0,0.0,0.0,0,10,6,0.0,0.0,0.0,0.0,0,5,5
1T27,vina_pose,18,A:PCW:501,L:UNL:1,RDKit,54,11.951181388992161,7,12.756204843134183,NA,NA,5,4,attractive_charge=1;hydrogen_bonds=2;ionic=1;salt_bridge=1,attractive_charge=1;hydrogen_bonds=1;ionic=1;salt_bridge=1,0.0,0.0,0.0,0.0,0,10,5,0.0,0.0,0.0,0.0,0,5,4
1T27,vina_pose,19,A:PCW:501,L:UNL:1,RDKit,54,11.511530465870585,7,12.194541829382988,NA,NA,5,4,attractive_charge=1;hydrogen_bonds=2;ionic=1;salt_bridge=1,attractive_charge=1;hydrogen_bonds=1;ionic=1;salt_bridge=1,0.0,0.0,0.0,0.0,0,10,6,0.0,0.0,0.0,0.0,0,5,4
1T27,vina_pose,20,A:PCW:501,L:UNL:1,RDKit,54,11.558913535065097,7,13.894467197927588,NA,NA,5,0,attractive_charge=1;hydrogen_bonds=2;ionic=1;salt_bridge=1,none=0,0.0,0.0,0.0,0.0,0,10,9,0.0,0.0,0.0,0.0,0,5,0
1TC8,boltz,1,A:TDA:122,B:TDA:1,RDKit,15,3.965649856454027,3,5.319329134305563,118,0.6737119264862272,2,1,hydrogen_bonds=2,hydrogen_bonds=1,0.5,0.25,0.3333333333333333,0.2,2,8,4,1.0,0.5,0.6666666666666666,0.5,1,2,1
1TC8,vina_pose,1,A:TDA:122,A:TDA:122,RDKit,15,5.165069060525715,3,3.606551168822277,NA,NA,2,2,hydrogen_bonds=2,hydrogen_bonds=2,0.6666666666666666,0.75,0.7058823529411765,0.5454545454545454,6,8,9,0.5,0.5,0.5,0.3333333333333333,1,2,2
1TC8,vina_pose,2,A:TDA:122,A:TDA:122,RDKit,15,7.807069036029676,3,3.299282800852331,NA,NA,2,1,hydrogen_bonds=2,hydrogen_bonds=1,0.5714285714285714,0.5,0.5333333333333333,0.36363636363636365,4,8,7,1.0,0.5,0.6666666666666666,0.5,1,2,1
1TC8,vina_pose,3,A:TDA:122,A:TDA:122,RDKit,15,4.851300643470093,3,5.300542173526528,NA,NA,2,0,hydrogen_bonds=2,none=0,0.25,0.125,0.16666666666666666,0.09090909090909091,1,8,4,0.0,0.0,0.0,0.0,0,2,0
1TC8,vina_pose,4,A:TDA:122,A:TDA:122,RDKit,15,6.933676682203557,3,9.228456154742243,NA,NA,2,0,hydrogen_bonds=2,none=0,0.0,0.0,0.0,0.0,0,8,2,0.0,0.0,0.0,0.0,0,2,0
1TC8,vina_pose,5,A:TDA:122,A:TDA:122,RDKit,15,4.907082289915261,3,1.4670970201955513,NA,NA,2,2,hydrogen_bonds=2,hydrogen_bonds=2,0.8333333333333334,0.625,0.7142857142857143,0.5555555555555556,5,8,6,1.0,1.0,1.0,1.0,2,2,2
1TC8,vina_pose,6,A:TDA:122,A:TDA:122,RDKit,15,5.31653370784637,3,6.163749535253142,NA,NA,2,1,hydrogen_bonds=2,hydrogen_bonds=1,0.3333333333333333,0.25,0.28571428571428575,0.16666666666666666,2,8,6,0.0,0.0,0.0,0.0,0,2,1
1TC8,vina_pose,7,A:TDA:122,A:TDA:122,RDKit,15,6.7133240599075314,3,8.90881866467154,NA,NA,2,0,hydrogen_bonds=2,none=0,0.0,0.0,0.0,0.0,0,8,2,0.0,0.0,0.0,0.0,0,2,0
1TC8,vina_pose,8,A:TDA:122,A:TDA:122,RDKit,15,6.55055181899459,3,7.7864089711924755,NA,NA,2,1,hydrogen_bonds=2,hydrogen_bonds=1,0.0,0.0,0.0,0.0,0,8,3,0.0,0.0,0.0,0.0,0,2,1
1TC8,vina_pose,9,A:TDA:122,A:TDA:122,RDKit,15,8.343055747146845,3,3.2137479158556705,NA,NA,2,3,hydrogen_bonds=2,hydrogen_bonds=3,0.625,0.625,0.625,0.45454545454545453,5,8,8,0.3333333333333333,0.5,0.4,0.25,1,2,3
1TC8,vina_pose,10,A:TDA:122,A:TDA:122,RDKit,15,6.851258891619846,3,7.0525587555156175,NA,NA,2,2,hydrogen_bonds=2,hydrogen_bonds=2,0.4,0.25,0.3076923076923077,0.18181818181818182,2,8,5,0.0,0.0,0.0,0.0,0,2,2
1TC8,vina_pose,11,A:TDA:122,A:TDA:122,RDKit,15,5.3187177715435645,3,7.231733102560317,NA,NA,2,1,hydrogen_bonds=2,hydrogen_bonds=1,0.0,0.0,0.0,0.0,0,8,2,0.0,0.0,0.0,0.0,0,2,1
1TC8,vina_pose,12,A:TDA:122,A:TDA:122,RDKit,15,6.779395376187073,3,10.90717574199053,NA,NA,2,0,hydrogen_bonds=2,none=0,0.0,0.0,0.0,0.0,0,8,1,0.0,0.0,0.0,0.0,0,2,0
1TC8,vina_pose,13,A:TDA:122,A:TDA:122,RDKit,15,5.023666615796342,3,7.317695060604808,NA,NA,2,2,hydrogen_bonds=2,hydrogen_bonds=2,0.4,0.25,0.3076923076923077,0.18181818181818182,2,8,5,0.0,0.0,0.0,0.0,0,2,2
1TC8,vina_pose,14,A:TDA:122,A:TDA:122,RDKit,15,5.019832998550185,3,2.8357583935636455,NA,NA,2,4,hydrogen_bonds=2,hydrogen_bonds=4,0.5714285714285714,0.5,0.5333333333333333,0.36363636363636365,4,8,7,0.25,0.5,0.3333333333333333,0.2,1,2,4
1TC8,vina_pose,15,A:TDA:122,A:TDA:122,RDKit,15,5.799966287258343,3,7.981860998539125,NA,NA,2,2,hydrogen_bonds=2,hydrogen_bonds=2,0.0,0.0,0.0,0.0,0,8,3,0.0,0.0,0.0,0.0,0,2,2
1TC8,vina_pose,16,A:TDA:122,A:TDA:122,RDKit,15,7.363909034382939,3,4.8143218283229325,NA,NA,2,6,hydrogen_bonds=2,hydrogen_bonds=6,0.4444444444444444,0.5,0.47058823529411764,0.3076923076923077,4,8,9,0.16666666666666666,0.5,0.25,0.14285714285714285,1,2,6
1TC8,vina_pose,17,A:TDA:122,A:TDA:122,RDKit,15,7.042450203350158,3,6.951684639951192,NA,NA,2,1,hydrogen_bonds=2,hydrogen_bonds=1,0.3333333333333333,0.25,0.28571428571428575,0.16666666666666666,2,8,6,0.0,0.0,0.0,0.0,0,2,1
1TC8,vina_pose,18,A:TDA:122,A:TDA:122,RDKit,15,6.091985204621999,3,3.44645740821886,NA,NA,2,2,hydrogen_bonds=2,hydrogen_bonds=2,0.7142857142857143,0.625,0.6666666666666666,0.5,5,8,7,0.5,0.5,0.5,0.3333333333333333,1,2,2
1TC8,vina_pose,19,A:TDA:122,A:TDA:122,RDKit,15,6.6848549473168575,3,8.53030046364136,NA,NA,2,1,hydrogen_bonds=2,hydrogen_bonds=1,0.3333333333333333,0.125,0.18181818181818182,0.1,1,8,3,0.0,0.0,0.0,0.0,0,2,1
1TC8,vina_pose,20,A:TDA:122,A:TDA:122,RDKit,15,6.6347909437047585,3,10.505595286957009,NA,NA,2,0,hydrogen_bonds=2,none=0,0.0,0.0,0.0,0.0,0,8,1,0.0,0.0,0.0,0.0,0,2,0
2A1L,boltz,1,A:PCW:501,B:PCW:1,RDKit,54,3.4560180610659454,7,5.442125107149939,269,0.785463162720212,5,4,attractive_charge=1;hydrogen_bonds=2;ionic=1;salt_bridge=1,attractive_charge=1;hydrogen_bonds=1;ionic=1;salt_bridge=1,0.5,0.4,0.4444444444444445,0.2857142857142857,4,10,8,0.0,0.0,0.0,0.0,0,5,4
2A1L,vina_pose,1,A:PCW:501,L:UNL:1,RDKit,54,7.70422355426386,7,1.4956329763682008,NA,NA,5,6,attractive_charge=1;hydrogen_bonds=2;ionic=1;salt_bridge=1,attractive_charge=1;hydrogen_bonds=3;ionic=1;salt_bridge=1,0.8888888888888888,0.8,0.8421052631578948,0.7272727272727273,8,10,9,0.8333333333333334,1.0,0.9090909090909091,0.8333333333333334,5,5,6
2A1L,vina_pose,2,A:PCW:501,L:UNL:1,RDKit,54,7.2238697539630525,7,1.7330734878491774,NA,NA,5,6,attractive_charge=1;hydrogen_bonds=2;ionic=1;salt_bridge=1,attractive_charge=1;hydrogen_bonds=3;ionic=1;salt_bridge=1,0.9,0.9,0.9,0.8181818181818182,9,10,10,0.8333333333333334,1.0,0.9090909090909091,0.8333333333333334,5,5,6
2A1L,vina_pose,3,A:PCW:501,L:UNL:1,RDKit,54,2.553993699055425,7,2.406008609413405,NA,NA,5,2,attractive_charge=1;hydrogen_bonds=2;ionic=1;salt_bridge=1,hydrogen_bonds=2,0.8,0.8,0.8000000000000002,0.6666666666666666,8,10,10,0.5,0.2,0.28571428571428575,0.16666666666666666,1,5,2
2A1L,vina_pose,4,A:PCW:501,L:UNL:1,RDKit,54,2.5985945025896,7,2.468507964627331,NA,NA,5,2,attractive_charge=1;hydrogen_bonds=2;ionic=1;salt_bridge=1,hydrogen_bonds=2,0.6363636363636364,0.7,0.6666666666666666,0.5,7,10,11,0.5,0.2,0.28571428571428575,0.16666666666666666,1,5,2
2A1L,vina_pose,5,A:PCW:501,L:UNL:1,RDKit,54,1.8162389965510022,7,1.4261860227293535,NA,NA,5,5,attractive_charge=1;hydrogen_bonds=2;ionic=1;salt_bridge=1,attractive_charge=1;hydrogen_bonds=2;ionic=1;salt_bridge=1,0.8888888888888888,0.8,0.8421052631578948,0.7272727272727273,8,10,9,0.8,0.8,0.8000000000000002,0.6666666666666666,4,5,5
2A1L,vina_pose,6,A:PCW:501,L:UNL:1,RDKit,54,2.2235136441960335,7,1.837453672885388,NA,NA,5,6,attractive_charge=1;hydrogen_bonds=2;ionic=1;salt_bridge=1,attractive_charge=1;hydrogen_bonds=3;ionic=1;salt_bridge=1,0.7777777777777778,0.7,0.7368421052631577,0.5833333333333334,7,10,9,0.8333333333333334,1.0,0.9090909090909091,0.8333333333333334,5,5,6
2A1L,vina_pose,7,A:PCW:501,L:UNL:1,RDKit,54,9.84881254639736,7,4.671127792850766,NA,NA,5,1,attractive_charge=1;hydrogen_bonds=2;ionic=1;salt_bridge=1,hydrogen_bonds=1,0.6666666666666666,0.6,0.631578947368421,0.46153846153846156,6,10,9,0.0,0.0,0.0,0.0,0,5,1
2A1L,vina_pose,8,A:PCW:501,L:UNL:1,RDKit,54,3.202901609825413,7,1.7010805809417566,NA,NA,5,6,attractive_charge=1;hydrogen_bonds=2;ionic=1;salt_bridge=1,attractive_charge=1;hydrogen_bonds=3;ionic=1;salt_bridge=1,0.875,0.7,0.7777777777777777,0.6363636363636364,7,10,8,0.8333333333333334,1.0,0.9090909090909091,0.8333333333333334,5,5,6
2A1L,vina_pose,9,A:PCW:501,L:UNL:1,RDKit,54,13.65681461761856,7,16.889587709591968,NA,NA,5,0,attractive_charge=1;hydrogen_bonds=2;ionic=1;salt_bridge=1,none=0,0.0,0.0,0.0,0.0,0,10,10,0.0,0.0,0.0,0.0,0,5,0
2A1L,vina_pose,10,A:PCW:501,L:UNL:1,RDKit,54,8.568419036075312,7,13.242060090052885,NA,NA,5,1,attractive_charge=1;hydrogen_bonds=2;ionic=1;salt_bridge=1,hydrogen_bonds=1,0.0,0.0,0.0,0.0,0,10,9,0.0,0.0,0.0,0.0,0,5,1
2A1L,vina_pose,11,A:PCW:501,L:UNL:1,RDKit,54,13.495112081512794,7,16.73414727009246,NA,NA,5,0,attractive_charge=1;hydrogen_bonds=2;ionic=1;salt_bridge=1,none=0,0.0,0.0,0.0,0.0,0,10,10,0.0,0.0,0.0,0.0,0,5,0
2A1L,vina_pose,12,A:PCW:501,L:UNL:1,RDKit,54,9.65763949477879,7,11.87893015264542,NA,NA,5,1,attractive_charge=1;hydrogen_bonds=2;ionic=1;salt_bridge=1,hydrogen_bonds=1,0.0,0.0,0.0,0.0,0,10,7,0.0,0.0,0.0,0.0,0,5,1
2A1L,vina_pose,13,A:PCW:501,L:UNL:1,RDKit,54,9.683174688889773,7,4.586346071298401,NA,NA,5,3,attractive_charge=1;hydrogen_bonds=2;ionic=1;salt_bridge=1,hydrogen_bonds=3,0.625,0.5,0.5555555555555556,0.38461538461538464,5,10,8,0.0,0.0,0.0,0.0,0,5,3
2A1L,vina_pose,14,A:PCW:501,L:UNL:1,RDKit,54,13.692630948663455,7,16.45590824858094,NA,NA,5,0,attractive_charge=1;hydrogen_bonds=2;ionic=1;salt_bridge=1,none=0,0.0,0.0,0.0,0.0,0,10,11,0.0,0.0,0.0,0.0,0,5,0
2A1L,vina_pose,15,A:PCW:501,L:UNL:1,RDKit,54,8.15597472658791,7,10.044961928392619,NA,NA,5,0,attractive_charge=1;hydrogen_bonds=2;ionic=1;salt_bridge=1,none=0,0.0,0.0,0.0,0.0,0,10,6,0.0,0.0,0.0,0.0,0,5,0
2A1L,vina_pose,16,A:PCW:501,L:UNL:1,RDKit,54,13.333651943415507,7,16.40920176956471,NA,NA,5,0,attractive_charge=1;hydrogen_bonds=2;ionic=1;salt_bridge=1,none=0,0.0,0.0,0.0,0.0,0,10,11,0.0,0.0,0.0,0.0,0,5,0
2A1L,vina_pose,17,A:PCW:501,L:UNL:1,RDKit,54,10.763158062645065,7,10.369736654598046,NA,NA,5,3,attractive_charge=1;hydrogen_bonds=2;ionic=1;salt_bridge=1,hydrogen_bonds=3,0.0,0.0,0.0,0.0,0,10,7,0.0,0.0,0.0,0.0,0,5,3
2A1L,vina_pose,18,A:PCW:501,L:UNL:1,RDKit,54,13.225818039532179,7,16.44637130624434,NA,NA,5,0,attractive_charge=1;hydrogen_bonds=2;ionic=1;salt_bridge=1,none=0,0.0,0.0,0.0,0.0,0,10,9,0.0,0.0,0.0,0.0,0,5,0
2A1L,vina_pose,19,A:PCW:501,L:UNL:1,RDKit,54,7.983395876581734,7,1.5922004988604384,NA,NA,5,5,attractive_charge=1;hydrogen_bonds=2;ionic=1;salt_bridge=1,attractive_charge=1;hydrogen_bonds=2;ionic=1;salt_bridge=1,0.8,0.8,0.8000000000000002,0.6666666666666666,8,10,10,1.0,1.0,1.0,1.0,5,5,5
2A1L,vina_pose,20,A:PCW:501,L:UNL:1,RDKit,54,13.475720537321928,7,16.668475480893353,NA,NA,5,0,attractive_charge=1;hydrogen_bonds=2;ionic=1;salt_bridge=1,none=0,0.0,0.0,0.0,0.0,0,10,11,0.0,0.0,0.0,0.0,0,5,0
2BV7,boltz,1,A:GM3:1212,B:GM3:1,RDKit_partial_pred,44,2.4685882622662385,3,2.332722111022659,202,0.7425022662241767,1,0,hydrogen_bonds=1,none=0,1.0,0.6,0.7499999999999999,0.6,3,5,3,0.0,0.0,0.0,0.0,0,1,0
2BV7,vina_pose,1,A:GM3:1212,A:GM3:1212,RDKit,44,4.975732910838363,3,2.4890133922232445,NA,NA,1,0,hydrogen_bonds=1,none=0,1.0,0.6,0.7499999999999999,0.6,3,5,3,0.0,0.0,0.0,0.0,0,1,0
2BV7,vina_pose,2,A:GM3:1212,A:GM3:1212,RDKit,44,4.546209197582291,3,0.7661357582047712,NA,NA,1,1,hydrogen_bonds=1,hydrogen_bonds=1,1.0,0.8,0.888888888888889,0.8,4,5,4,1.0,1.0,1.0,1.0,1,1,1
2BV7,vina_pose,3,A:GM3:1212,A:GM3:1212,RDKit,44,7.663028733055643,3,1.818771746719931,NA,NA,1,0,hydrogen_bonds=1,none=0,1.0,0.6,0.7499999999999999,0.6,3,5,3,0.0,0.0,0.0,0.0,0,1,0
2BV7,vina_pose,4,A:GM3:1212,A:GM3:1212,RDKit,44,8.20554513312907,3,6.0308633986630245,NA,NA,1,0,hydrogen_bonds=1,none=0,0.25,0.2,0.22222222222222224,0.125,1,5,4,0.0,0.0,0.0,0.0,0,1,0
2BV7,vina_pose,5,A:GM3:1212,A:GM3:1212,RDKit,44,4.641056607262853,3,1.9527629997860294,NA,NA,1,0,hydrogen_bonds=1,none=0,1.0,0.6,0.7499999999999999,0.6,3,5,3,0.0,0.0,0.0,0.0,0,1,0
2BV7,vina_pose,6,A:GM3:1212,A:GM3:1212,RDKit,44,6.822721424502369,3,6.549591972023905,NA,NA,1,0,hydrogen_bonds=1,none=0,0.4,0.4,0.4000000000000001,0.25,2,5,5,0.0,0.0,0.0,0.0,0,1,0
2BV7,vina_pose,7,A:GM3:1212,A:GM3:1212,RDKit,44,7.4789205559237075,3,2.6373923990689487,NA,NA,1,0,hydrogen_bonds=1,none=0,1.0,0.4,0.5714285714285715,0.4,2,5,2,0.0,0.0,0.0,0.0,0,1,0
2BV7,vina_pose,8,A:GM3:1212,A:GM3:1212,RDKit,44,7.321644040415066,3,2.1434347824617066,NA,NA,1,0,hydrogen_bonds=1,none=0,1.0,0.4,0.5714285714285715,0.4,2,5,2,0.0,0.0,0.0,0.0,0,1,0
2BV7,vina_pose,9,A:GM3:1212,A:GM3:1212,RDKit,44,5.070323738991606,3,2.6949609768355955,NA,NA,1,0,hydrogen_bonds=1,none=0,1.0,0.4,0.5714285714285715,0.4,2,5,2,0.0,0.0,0.0,0.0,0,1,0
2BV7,vina_pose,10,A:GM3:1212,A:GM3:1212,RDKit,44,7.071899524623044,3,6.904772986854818,NA,NA,1,0,hydrogen_bonds=1,none=0,0.0,0.0,0.0,0.0,0,5,4,0.0,0.0,0.0,0.0,0,1,0
2BV7,vina_pose,11,A:GM3:1212,A:GM3:1212,RDKit,44,7.1518818025874715,3,2.504821949760102,NA,NA,1,0,hydrogen_bonds=1,none=0,1.0,0.4,0.5714285714285715,0.4,2,5,2,0.0,0.0,0.0,0.0,0,1,0
2BV7,vina_pose,12,A:GM3:1212,A:GM3:1212,RDKit,44,4.981527670486051,3,2.1548423762926756,NA,NA,1,0,hydrogen_bonds=1,none=0,1.0,0.4,0.5714285714285715,0.4,2,5,2,0.0,0.0,0.0,0.0,0,1,0
2BV7,vina_pose,13,A:GM3:1212,A:GM3:1212,RDKit,44,6.310998770184694,3,3.184393872204462,NA,NA,1,0,hydrogen_bonds=1,none=0,1.0,0.4,0.5714285714285715,0.4,2,5,2,0.0,0.0,0.0,0.0,0,1,0
2BV7,vina_pose,14,A:GM3:1212,A:GM3:1212,RDKit,44,4.658728752665161,3,2.4431358264874805,NA,NA,1,0,hydrogen_bonds=1,none=0,1.0,0.6,0.7499999999999999,0.6,3,5,3,0.0,0.0,0.0,0.0,0,1,0
2BV7,vina_pose,15,A:GM3:1212,A:GM3:1212,RDKit,44,8.145346628876236,3,4.994709834748494,NA,NA,1,0,hydrogen_bonds=1,none=0,1.0,0.2,0.33333333333333337,0.2,1,5,1,0.0,0.0,0.0,0.0,0,1,0
2BV7,vina_pose,16,A:GM3:1212,A:GM3:1212,RDKit,44,7.385920391036398,3,2.2718999391111683,NA,NA,1,0,hydrogen_bonds=1,none=0,1.0,0.4,0.5714285714285715,0.4,2,5,2,0.0,0.0,0.0,0.0,0,1,0
2BV7,vina_pose,17,A:GM3:1212,A:GM3:1212,RDKit,44,5.424050886812113,3,3.1171828093114238,NA,NA,1,0,hydrogen_bonds=1,none=0,1.0,0.2,0.33333333333333337,0.2,1,5,1,0.0,0.0,0.0,0.0,0,1,0
2BV7,vina_pose,18,A:GM3:1212,A:GM3:1212,RDKit,44,10.481680295552895,3,12.507937026810884,NA,NA,1,0,hydrogen_bonds=1,none=0,0.0,0.0,0.0,0.0,0,5,6,0.0,0.0,0.0,0.0,0,1,0
2BV7,vina_pose,19,A:GM3:1212,A:GM3:1212,RDKit,44,16.09203237559733,3,15.865587088622554,NA,NA,1,0,hydrogen_bonds=1,none=0,0.0,0.0,0.0,0.0,0,5,7,0.0,0.0,0.0,0.0,0,1,0
2BV7,vina_pose,20,A:GM3:1212,A:GM3:1212,RDKit,44,9.427206590019606,3,8.168932019140161,NA,NA,1,0,hydrogen_bonds=1,none=0,0.0,0.0,0.0,0.0,0,5,2,0.0,0.0,0.0,0.0,0,1,0
2DT8,boltz,1,A:PLM:701,B:PLM:1,RDKit,18,2.8663653011448806,3,5.0759021504993,280,0.7437521015385259,3,0,hydrogen_bonds=3,none=0,1.0,0.45454545454545453,0.625,0.45454545454545453,5,11,5,0.0,0.0,0.0,0.0,0,3,0
2DT8,vina_pose,1,A:PLM:701,L:UNL:1,RDKit,18,8.491018725688928,3,8.83468573295055,NA,NA,3,5,hydrogen_bonds=3,hydrogen_bonds=5,0.3,0.2727272727272727,0.28571428571428564,0.16666666666666666,3,11,10,0.0,0.0,0.0,0.0,0,3,5
2DT8,vina_pose,2,A:PLM:701,L:UNL:1,RDKit,18,9.338102019861065,3,9.168878666445533,NA,NA,3,2,hydrogen_bonds=3,hydrogen_bonds=2,0.5,0.2727272727272727,0.3529411764705882,0.21428571428571427,3,11,6,0.0,0.0,0.0,0.0,0,3,2
2DT8,vina_pose,3,A:PLM:701,L:UNL:1,RDKit,18,8.06464439527387,3,13.515400598329794,NA,NA,3,1,hydrogen_bonds=3,hydrogen_bonds=1,0.1111111111111111,0.09090909090909091,0.09999999999999999,0.05263157894736842,1,11,9,0.0,0.0,0.0,0.0,0,3,1
2DT8,vina_pose,4,A:PLM:701,L:UNL:1,RDKit,18,8.217108629087377,3,14.054320806546766,NA,NA,3,0,hydrogen_bonds=3,none=0,0.0,0.0,0.0,0.0,0,11,7,0.0,0.0,0.0,0.0,0,3,0
2DT8,vina_pose,5,A:PLM:701,L:UNL:1,RDKit,18,6.933162401739114,3,11.234760759950936,NA,NA,3,4,hydrogen_bonds=3,hydrogen_bonds=4,0.2,0.18181818181818182,0.1904761904761905,0.10526315789473684,2,11,10,0.0,0.0,0.0,0.0,0,3,4
2DT8,vina_pose,6,A:PLM:701,L:UNL:1,RDKit,18,6.6221250575459365,3,9.232694460448693,NA,NA,3,1,hydrogen_bonds=3,hydrogen_bonds=1,0.14285714285714285,0.09090909090909091,0.1111111111111111,0.058823529411764705,1,11,7,0.0,0.0,0.0,0.0,0,3,1
2DT8,vina_pose,7,A:PLM:701,L:UNL:1,RDKit,18,6.643416703775249,3,8.475124443530806,NA,NA,3,4,hydrogen_bonds=3,hydrogen_bonds=4,0.1,0.09090909090909091,0.09523809523809525,0.05,1,11,10,0.0,0.0,0.0,0.0,0,3,4
2DT8,vina_pose,8,A:PLM:701,L:UNL:1,RDKit,18,8.998993807951841,3,3.3349556718693183,NA,NA,3,1,hydrogen_bonds=3,hydrogen_bonds=1,0.8,0.7272727272727273,0.761904761904762,0.6153846153846154,8,11,10,1.0,0.3333333333333333,0.5,0.3333333333333333,1,3,1
2DT8,vina_pose,9,A:PLM:701,L:UNL:1,RDKit,18,6.495749584664318,3,7.002963729736146,NA,NA,3,1,hydrogen_bonds=3,hydrogen_bonds=1,0.5,0.2727272727272727,0.3529411764705882,0.21428571428571427,3,11,6,0.0,0.0,0.0,0.0,0,3,1
2DT8,vina_pose,10,A:PLM:701,L:UNL:1,RDKit,18,7.831197854308964,3,14.235425459044068,NA,NA,3,2,hydrogen_bonds=3,hydrogen_bonds=2,0.0,0.0,0.0,0.0,0,11,11,0.0,0.0,0.0,0.0,0,3,2
2DT8,vina_pose,11,A:PLM:701,L:UNL:1,RDKit,18,7.809102342067806,3,10.840108240542005,NA,NA,3,3,hydrogen_bonds=3,hydrogen_bonds=3,0.2857142857142857,0.18181818181818182,0.2222222222222222,0.125,2,11,7,0.0,0.0,0.0,0.0,0,3,3
2DT8,vina_pose,12,A:PLM:701,L:UNL:1,RDKit,18,7.9266178930374975,3,3.9924297530868764,NA,NA,3,2,hydrogen_bonds=3,hydrogen_bonds=2,0.8333333333333334,0.45454545454545453,0.5882352941176471,0.4166666666666667,5,11,6,1.0,0.6666666666666666,0.8,0.6666666666666666,2,3,2
2DT8,vina_pose,13,A:PLM:701,L:UNL:1,RDKit,18,8.245838775474033,3,13.11949894876579,NA,NA,3,1,hydrogen_bonds=3,hydrogen_bonds=1,0.14285714285714285,0.09090909090909091,0.1111111111111111,0.058823529411764705,1,11,7,0.0,0.0,0.0,0.0,0,3,1
2DT8,vina_pose,14,A:PLM:701,L:UNL:1,RDKit,18,9.446398361280346,3,15.939559759708965,NA,NA,3,0,hydrogen_bonds=3,none=0,0.0,0.0,0.0,0.0,0,11,11,0.0,0.0,0.0,0.0,0,3,0
2DT8,vina_pose,15,A:PLM:701,L:UNL:1,RDKit,18,8.807068575234831,3,14.078620576368033,NA,NA,3,0,hydrogen_bonds=3,none=0,0.0,0.0,0.0,0.0,0,11,8,0.0,0.0,0.0,0.0,0,3,0
2DT8,vina_pose,16,A:PLM:701,L:UNL:1,RDKit,18,8.525726795346477,3,10.593805485597075,NA,NA,3,5,hydrogen_bonds=3,hydrogen_bonds=5,0.16666666666666666,0.18181818181818182,0.17391304347826086,0.09523809523809523,2,11,12,0.0,0.0,0.0,0.0,0,3,5
2DT8,vina_pose,17,A:PLM:701,L:UNL:1,RDKit,18,7.151259251970165,3,8.736564141583347,NA,NA,3,0,hydrogen_bonds=3,none=0,0.16666666666666666,0.09090909090909091,0.11764705882352942,0.0625,1,11,6,0.0,0.0,0.0,0.0,0,3,0
2DT8,vina_pose,18,A:PLM:701,L:UNL:1,RDKit,18,10.10577003773367,3,3.6968066850549097,NA,NA,3,3,hydrogen_bonds=3,hydrogen_bonds=3,0.6,0.2727272727272727,0.37499999999999994,0.23076923076923078,3,11,5,0.6666666666666666,0.6666666666666666,0.6666666666666666,0.5,2,3,3
2DT8,vina_pose,19,A:PLM:701,L:UNL:1,RDKit,18,7.376471566933461,3,3.5697225849263594,NA,NA,3,1,hydrogen_bonds=3,hydrogen_bonds=1,0.7777777777777778,0.6363636363636364,0.7000000000000001,0.5384615384615384,7,11,9,1.0,0.3333333333333333,0.5,0.3333333333333333,1,3,1
2DT8,vina_pose,20,A:PLM:701,L:UNL:1,RDKit,18,9.202320582935107,3,16.06932327967381,NA,NA,3,1,hydrogen_bonds=3,hydrogen_bonds=1,0.0,0.0,0.0,0.0,0,11,10,0.0,0.0,0.0,0.0,0,3,1
2E3N,boltz,1,A:6CM:600,B:6CM:1,RDKit,28,4.240324396050148,4,6.113750002487496,231,1.1555376554488077,4,1,hydrogen_bonds=4,hydrogen_bonds=1,0.5,0.3076923076923077,0.380952380952381,0.23529411764705882,4,13,8,0.0,0.0,0.0,0.0,0,4,1
2E3N,vina_pose,1,A:6CM:600,A:6CM:600,RDKit,28,3.643317272761185,4,1.412535574773251,NA,NA,4,5,hydrogen_bonds=4,hydrogen_bonds=5,1.0,0.8461538461538461,0.9166666666666666,0.8461538461538461,11,13,11,0.6,0.75,0.6666666666666665,0.5,3,4,5
2E3N,vina_pose,2,A:6CM:600,A:6CM:600,RDKit,28,2.5949264646889048,4,1.7521230693076326,NA,NA,4,5,hydrogen_bonds=4,hydrogen_bonds=5,1.0,0.8461538461538461,0.9166666666666666,0.8461538461538461,11,13,11,0.6,0.75,0.6666666666666665,0.5,3,4,5
2E3N,vina_pose,3,A:6CM:600,A:6CM:600,RDKit,28,3.3393368460562,4,1.7219197861689146,NA,NA,4,5,hydrogen_bonds=4,hydrogen_bonds=5,1.0,0.8461538461538461,0.9166666666666666,0.8461538461538461,11,13,11,0.6,0.75,0.6666666666666665,0.5,3,4,5
2E3N,vina_pose,4,A:6CM:600,A:6CM:600,RDKit,28,3.5636829364336795,4,1.822544581073396,NA,NA,4,5,hydrogen_bonds=4,hydrogen_bonds=5,1.0,0.8461538461538461,0.9166666666666666,0.8461538461538461,11,13,11,0.6,0.75,0.6666666666666665,0.5,3,4,5
2E3N,vina_pose,5,A:6CM:600,A:6CM:600,RDKit,28,1.6667889467047539,4,1.7494241909839934,NA,NA,4,5,hydrogen_bonds=4,hydrogen_bonds=5,1.0,0.8461538461538461,0.9166666666666666,0.8461538461538461,11,13,11,0.6,0.75,0.6666666666666665,0.5,3,4,5
2E3N,vina_pose,6,A:6CM:600,A:6CM:600,RDKit,28,10.304556713970213,4,9.412562775355072,NA,NA,4,3,hydrogen_bonds=4,hydrogen_bonds=3,0.16666666666666666,0.07692307692307693,0.10526315789473684,0.05555555555555555,1,13,6,0.0,0.0,0.0,0.0,0,4,3
2E3N,vina_pose,7,A:6CM:600,A:6CM:600,RDKit,28,3.0112554216282805,4,1.1703147012662871,NA,NA,4,5,hydrogen_bonds=4,hydrogen_bonds=5,1.0,0.8461538461538461,0.9166666666666666,0.8461538461538461,11,13,11,0.6,0.75,0.6666666666666665,0.5,3,4,5
2E3N,vina_pose,8,A:6CM:600,A:6CM:600,RDKit,28,6.27511110317123,4,8.813062322484733,NA,NA,4,1,hydrogen_bonds=4,hydrogen_bonds=1,0.16666666666666666,0.07692307692307693,0.10526315789473684,0.05555555555555555,1,13,6,0.0,0.0,0.0,0.0,0,4,1
2E3N,vina_pose,9,A:6CM:600,A:6CM:600,RDKit,28,10.470315838120644,4,14.923181865808646,NA,NA,4,4,hydrogen_bonds=4,hydrogen_bonds=4,0.0,0.0,0.0,0.0,0,13,10,0.0,0.0,0.0,0.0,0,4,4
2E3N,vina_pose,10,A:6CM:600,A:6CM:600,RDKit,28,5.3370792540757455,4,6.591751493343784,NA,NA,4,2,hydrogen_bonds=4,hydrogen_bonds=2,0.375,0.23076923076923078,0.2857142857142857,0.16666666666666666,3,13,8,0.0,0.0,0.0,0.0,0,4,2
2E3N,vina_pose,11,A:6CM:600,A:6CM:600,RDKit,28,3.139150072642502,4,2.12908677606151,NA,NA,4,4,hydrogen_bonds=4,hydrogen_bonds=4,0.8461538461538461,0.8461538461538461,0.8461538461538461,0.7333333333333333,11,13,13,0.75,0.75,0.75,0.6,3,4,4
2E3N,vina_pose,12,A:6CM:600,A:6CM:600,RDKit,28,6.714293367776792,4,7.634892648230228,NA,NA,4,2,hydrogen_bonds=4,hydrogen_bonds=2,0.3,0.23076923076923078,0.2608695652173913,0.15,3,13,10,0.0,0.0,0.0,0.0,0,4,2
2E3N,vina_pose,13,A:6CM:600,A:6CM:600,RDKit,28,7.620764723063278,4,9.897342572630292,NA,NA,4,2,hydrogen_bonds=4,hydrogen_bonds=2,0.14285714285714285,0.07692307692307693,0.1,0.05263157894736842,1,13,7,0.0,0.0,0.0,0.0,0,4,2
2E3N,vina_pose,14,A:6CM:600,A:6CM:600,RDKit,28,7.124213608231739,4,11.046672010157629,NA,NA,4,4,hydrogen_bonds=4,hydrogen_bonds=4,0.0,0.0,0.0,0.0,0,13,7,0.0,0.0,0.0,0.0,0,4,4
2E3N,vina_pose,15,A:6CM:600,A:6CM:600,RDKit,28,5.610596396870071,4,6.372119761115605,NA,NA,4,2,hydrogen_bonds=4,hydrogen_bonds=2,0.375,0.23076923076923078,0.2857142857142857,0.16666666666666666,3,13,8,0.0,0.0,0.0,0.0,0,4,2
2E3N,vina_pose,16,A:6CM:600,A:6CM:600,RDKit,28,5.111220126209732,4,4.537649969973443,NA,NA,4,3,hydrogen_bonds=4,hydrogen_bonds=3,0.8333333333333334,0.7692307692307693,0.8,0.6666666666666666,10,13,12,0.6666666666666666,0.5,0.5714285714285715,0.4,2,4,3
2E3N,vina_pose,17,A:6CM:600,A:6CM:600,RDKit,28,3.0762215053536046,4,1.6303864572548428,NA,NA,4,5,hydrogen_bonds=4,hydrogen_bonds=5,1.0,0.8461538461538461,0.9166666666666666,0.8461538461538461,11,13,11,0.6,0.75,0.6666666666666665,0.5,3,4,5
2E3N,vina_pose,18,A:6CM:600,A:6CM:600,RDKit,28,5.335663357473531,4,6.007223401872115,NA,NA,4,2,hydrogen_bonds=4,hydrogen_bonds=2,0.4444444444444444,0.3076923076923077,0.3636363636363637,0.2222222222222222,4,13,9,0.5,0.25,0.3333333333333333,0.2,1,4,2
2E3N,vina_pose,19,A:6CM:600,A:6CM:600,RDKit,28,10.263258418121548,4,9.942592292757459,NA,NA,4,0,hydrogen_bonds=4,none=0,0.2857142857142857,0.15384615384615385,0.2,0.1111111111111111,2,13,7,0.0,0.0,0.0,0.0,0,4,0
2E3N,vina_pose,20,A:6CM:600,A:6CM:600,RDKit,28,5.021273518740042,4,4.246151433945803,NA,NA,4,2,hydrogen_bonds=4,hydrogen_bonds=2,0.8181818181818182,0.6923076923076923,0.7500000000000001,0.6,9,13,11,1.0,0.5,0.6666666666666666,0.5,2,4,2
2FTB,boltz,1,A:OLA:130,B:OLA:1,RDKit,20,8.89096512919027,3,13.913852052449597,125,0.8563721861992107,0,2,none=0,hydrogen_bonds=2,0.0,0.0,0.0,0.0,0,6,5,NA,NA,NA,NA,0,0,2
2FTB,vina_pose,1,A:OLA:130,L:UNL:1,RDKit,20,8.831033345537769,3,12.0476017253781,NA,NA,0,2,none=0,hydrogen_bonds=2,0.0,0.0,0.0,0.0,0,6,5,NA,NA,NA,NA,0,0,2
2FTB,vina_pose,2,A:OLA:130,L:UNL:1,RDKit,20,8.444017758152809,3,11.502726430430888,NA,NA,0,2,none=0,hydrogen_bonds=2,0.0,0.0,0.0,0.0,0,6,6,NA,NA,NA,NA,0,0,2
2FTB,vina_pose,3,A:OLA:130,L:UNL:1,RDKit,20,8.57989408734164,3,11.611111833067495,NA,NA,0,2,none=0,hydrogen_bonds=2,0.0,0.0,0.0,0.0,0,6,6,NA,NA,NA,NA,0,0,2
2FTB,vina_pose,4,A:OLA:130,L:UNL:1,RDKit,20,7.608220084224693,3,9.965080799137223,NA,NA,0,2,none=0,hydrogen_bonds=2,0.2,0.16666666666666666,0.1818181818181818,0.1,1,6,5,NA,NA,NA,NA,0,0,2
2FTB,vina_pose,5,A:OLA:130,L:UNL:1,RDKit,20,8.985072314678385,3,12.187430998095264,NA,NA,0,1,none=0,hydrogen_bonds=1,0.16666666666666666,0.16666666666666666,0.16666666666666666,0.09090909090909091,1,6,6,NA,NA,NA,NA,0,0,1
2FTB,vina_pose,6,A:OLA:130,L:UNL:1,RDKit,20,8.73073061662081,3,10.843064157946007,NA,NA,0,2,none=0,hydrogen_bonds=2,0.2,0.16666666666666666,0.1818181818181818,0.1,1,6,5,NA,NA,NA,NA,0,0,2
2FTB,vina_pose,7,A:OLA:130,L:UNL:1,RDKit,20,8.743498327328714,3,15.914242834643437,NA,NA,0,2,none=0,hydrogen_bonds=2,0.0,0.0,0.0,0.0,0,6,6,NA,NA,NA,NA,0,0,2
2FTB,vina_pose,8,A:OLA:130,L:UNL:1,RDKit,20,8.325496402617684,3,10.601145834295462,NA,NA,0,2,none=0,hydrogen_bonds=2,0.25,0.16666666666666666,0.2,0.1111111111111111,1,6,4,NA,NA,NA,NA,0,0,2
2FTB,vina_pose,9,A:OLA:130,L:UNL:1,RDKit,20,8.64195137107355,3,9.986200595488423,NA,NA,0,1,none=0,hydrogen_bonds=1,0.2,0.16666666666666666,0.1818181818181818,0.1,1,6,5,NA,NA,NA,NA,0,0,1
2FTB,vina_pose,10,A:OLA:130,L:UNL:1,RDKit,20,6.18369339068489,3,7.895927283521973,NA,NA,0,2,none=0,hydrogen_bonds=2,0.25,0.16666666666666666,0.2,0.1111111111111111,1,6,4,NA,NA,NA,NA,0,0,2
2FTB,vina_pose,11,A:OLA:130,L:UNL:1,RDKit,20,9.726556656905876,3,14.385994242086062,NA,NA,0,1,none=0,hydrogen_bonds=1,0.0,0.0,0.0,0.0,0,6,5,NA,NA,NA,NA,0,0,1
2FTB,vina_pose,12,A:OLA:130,L:UNL:1,RDKit,20,8.366658876158391,3,15.578754871084318,NA,NA,0,1,none=0,hydrogen_bonds=1,0.0,0.0,0.0,0.0,0,6,6,NA,NA,NA,NA,0,0,1
2FTB,vina_pose,13,A:OLA:130,L:UNL:1,RDKit,20,7.128924249141661,3,7.9461986089785945,NA,NA,0,2,none=0,hydrogen_bonds=2,0.25,0.16666666666666666,0.2,0.1111111111111111,1,6,4,NA,NA,NA,NA,0,0,2
2FTB,vina_pose,14,A:OLA:130,L:UNL:1,RDKit,20,8.003138368790085,3,10.690326904886179,NA,NA,0,2,none=0,hydrogen_bonds=2,0.2,0.16666666666666666,0.1818181818181818,0.1,1,6,5,NA,NA,NA,NA,0,0,2
2FTB,vina_pose,15,A:OLA:130,L:UNL:1,RDKit,20,8.697101416564026,3,10.930426951100003,NA,NA,0,0,none=0,none=0,0.1111111111111111,0.16666666666666666,0.13333333333333333,0.07142857142857142,1,6,9,NA,NA,NA,NA,0,0,0
2FTB,vina_pose,16,A:OLA:130,L:UNL:1,RDKit,20,8.957502894222252,3,14.874761499488544,NA,NA,0,2,none=0,hydrogen_bonds=2,0.0,0.0,0.0,0.0,0,6,5,NA,NA,NA,NA,0,0,2
2FTB,vina_pose,17,A:OLA:130,L:UNL:1,RDKit,20,5.841591576787956,3,8.005960279691624,NA,NA,0,2,none=0,hydrogen_bonds=2,0.3333333333333333,0.16666666666666666,0.2222222222222222,0.125,1,6,3,NA,NA,NA,NA,0,0,2
2FTB,vina_pose,18,A:OLA:130,L:UNL:1,RDKit,20,7.900740677303617,3,8.979322895779317,NA,NA,0,1,none=0,hydrogen_bonds=1,0.16666666666666666,0.16666666666666666,0.16666666666666666,0.09090909090909091,1,6,6,NA,NA,NA,NA,0,0,1
2FTB,vina_pose,19,A:OLA:130,L:UNL:1,RDKit,20,8.601041957228206,3,11.374172805087849,NA,NA,0,0,none=0,none=0,0.16666666666666666,0.16666666666666666,0.16666666666666666,0.09090909090909091,1,6,6,NA,NA,NA,NA,0,0,0
2FTB,vina_pose,20,A:OLA:130,L:UNL:1,RDKit,20,8.844755711719799,3,11.079649723705169,NA,NA,0,1,none=0,hydrogen_bonds=1,0.2,0.16666666666666666,0.1818181818181818,0.1,1,6,5,NA,NA,NA,NA,0,0,1
2HMB,boltz,1,A:PLM:133,B:PLM:1,RDKit,18,2.1574746372081544,3,2.8363212680029473,131,0.48747658668854665,2,0,hydrogen_bonds=2,none=0,0.6,0.5,0.5454545454545454,0.375,3,6,5,0.0,0.0,0.0,0.0,0,2,0
2HMB,vina_pose,1,A:PLM:133,L:UNL:1,RDKit,18,4.04026842480106,3,8.243421599473528,NA,NA,2,3,hydrogen_bonds=2,hydrogen_bonds=3,0.0,0.0,0.0,0.0,0,6,8,0.0,0.0,0.0,0.0,0,2,3
2HMB,vina_pose,2,A:PLM:133,L:UNL:1,RDKit,18,5.2899571726894825,3,7.300636022521145,NA,NA,2,2,hydrogen_bonds=2,hydrogen_bonds=2,0.2,0.16666666666666666,0.1818181818181818,0.1,1,6,5,0.0,0.0,0.0,0.0,0,2,2
2HMB,vina_pose,3,A:PLM:133,L:UNL:1,RDKit,18,4.908167133575539,3,6.405140721847312,NA,NA,2,2,hydrogen_bonds=2,hydrogen_bonds=2,0.2857142857142857,0.3333333333333333,0.30769230769230765,0.18181818181818182,2,6,7,0.0,0.0,0.0,0.0,0,2,2
2HMB,vina_pose,4,A:PLM:133,L:UNL:1,RDKit,18,5.502246404878648,3,7.271364589951466,NA,NA,2,2,hydrogen_bonds=2,hydrogen_bonds=2,0.2,0.16666666666666666,0.1818181818181818,0.1,1,6,5,0.0,0.0,0.0,0.0,0,2,2
2HMB,vina_pose,5,A:PLM:133,L:UNL:1,RDKit,18,2.052909723619948,3,2.07773739117018,NA,NA,2,2,hydrogen_bonds=2,hydrogen_bonds=2,1.0,1.0,1.0,1.0,6,6,6,1.0,1.0,1.0,1.0,2,2,2
2HMB,vina_pose,6,A:PLM:133,L:UNL:1,RDKit,18,2.9163921775600317,3,0.7882264902932415,NA,NA,2,2,hydrogen_bonds=2,hydrogen_bonds=2,1.0,0.8333333333333334,0.9090909090909091,0.8333333333333334,5,6,5,1.0,1.0,1.0,1.0,2,2,2
2HMB,vina_pose,7,A:PLM:133,L:UNL:1,RDKit,18,5.776207011910537,3,8.101589062235467,NA,NA,2,1,hydrogen_bonds=2,hydrogen_bonds=1,0.0,0.0,0.0,0.0,0,6,8,0.0,0.0,0.0,0.0,0,2,1
2HMB,vina_pose,8,A:PLM:133,L:UNL:1,RDKit,18,5.428182144041308,3,7.264506727920348,NA,NA,2,0,hydrogen_bonds=2,none=0,0.0,0.0,0.0,0.0,0,6,5,0.0,0.0,0.0,0.0,0,2,0
2HMB,vina_pose,9,A:PLM:133,L:UNL:1,RDKit,18,5.170831482674931,3,7.733213519186791,NA,NA,2,2,hydrogen_bonds=2,hydrogen_bonds=2,0.0,0.0,0.0,0.0,0,6,5,0.0,0.0,0.0,0.0,0,2,2
2HMB,vina_pose,10,A:PLM:133,L:UNL:1,RDKit,18,5.165404609300008,3,4.385867113049976,NA,NA,2,1,hydrogen_bonds=2,hydrogen_bonds=1,0.6666666666666666,0.3333333333333333,0.4444444444444444,0.2857142857142857,2,6,3,1.0,0.5,0.6666666666666666,0.5,1,2,1
2HMB,vina_pose,11,A:PLM:133,L:UNL:1,RDKit,18,4.589369643232306,3,8.010984250806308,NA,NA,2,2,hydrogen_bonds=2,hydrogen_bonds=2,0.0,0.0,0.0,0.0,0,6,7,0.0,0.0,0.0,0.0,0,2,2
2HMB,vina_pose,12,A:PLM:133,L:UNL:1,RDKit,18,1.5115180007749378,3,1.122063723680614,NA,NA,2,2,hydrogen_bonds=2,hydrogen_bonds=2,0.8333333333333334,0.8333333333333334,0.8333333333333334,0.7142857142857143,5,6,6,1.0,1.0,1.0,1.0,2,2,2
2HMB,vina_pose,13,A:PLM:133,L:UNL:1,RDKit,18,5.136096226166761,3,7.259732364212886,NA,NA,2,2,hydrogen_bonds=2,hydrogen_bonds=2,0.2,0.16666666666666666,0.1818181818181818,0.1,1,6,5,0.0,0.0,0.0,0.0,0,2,2
2HMB,vina_pose,14,A:PLM:133,L:UNL:1,RDKit,18,5.026721822199612,3,7.471907297783258,NA,NA,2,2,hydrogen_bonds=2,hydrogen_bonds=2,0.0,0.0,0.0,0.0,0,6,6,0.0,0.0,0.0,0.0,0,2,2
2HMB,vina_pose,15,A:PLM:133,L:UNL:1,RDKit,18,5.093065781585347,3,7.75437575394263,NA,NA,2,2,hydrogen_bonds=2,hydrogen_bonds=2,0.0,0.0,0.0,0.0,0,6,6,0.0,0.0,0.0,0.0,0,2,2
2HMB,vina_pose,16,A:PLM:133,L:UNL:1,RDKit,18,4.814006543410593,3,2.1232936678660352,NA,NA,2,2,hydrogen_bonds=2,hydrogen_bonds=2,0.8,0.6666666666666666,0.7272727272727272,0.5714285714285714,4,6,5,1.0,1.0,1.0,1.0,2,2,2
2HMB,vina_pose,17,A:PLM:133,L:UNL:1,RDKit,18,5.290622064874162,3,7.209484123939336,NA,NA,2,2,hydrogen_bonds=2,hydrogen_bonds=2,0.2,0.16666666666666666,0.1818181818181818,0.1,1,6,5,0.0,0.0,0.0,0.0,0,2,2
2HMB,vina_pose,18,A:PLM:133,L:UNL:1,RDKit,18,4.171200546605259,3,1.2030957290811626,NA,NA,2,2,hydrogen_bonds=2,hydrogen_bonds=2,1.0,1.0,1.0,1.0,6,6,6,1.0,1.0,1.0,1.0,2,2,2
2HMB,vina_pose,19,A:PLM:133,L:UNL:1,RDKit,18,5.239952189137268,3,7.530404039624965,NA,NA,2,1,hydrogen_bonds=2,hydrogen_bonds=1,0.0,0.0,0.0,0.0,0,6,6,0.0,0.0,0.0,0.0,0,2,1
2HMB,vina_pose,20,A:PLM:133,L:UNL:1,RDKit,18,2.144703657333054,3,1.936774208144393,NA,NA,2,2,hydrogen_bonds=2,hydrogen_bonds=2,1.0,1.0,1.0,1.0,6,6,6,1.0,1.0,1.0,1.0,2,2,2
2IFB,boltz,1,A:PLM:133,B:PLM:1,RDKit,18,3.6115321460268848,3,3.52807814522294,131,0.4976871271461787,1,1,hydrogen_bonds=1,hydrogen_bonds=1,0.375,0.5,0.42857142857142855,0.2727272727272727,3,6,8,0.0,0.0,0.0,0.0,0,1,1
2IFB,vina_pose,1,A:PLM:133,L:UNL:1,RDKit,18,5.1898010130982435,3,1.0757453230202756,NA,NA,1,2,hydrogen_bonds=1,hydrogen_bonds=2,0.7142857142857143,0.8333333333333334,0.7692307692307692,0.625,5,6,7,0.5,1.0,0.6666666666666666,0.5,1,1,2
2IFB,vina_pose,2,A:PLM:133,L:UNL:1,RDKit,18,6.042748459471439,3,5.178910471003207,NA,NA,1,3,hydrogen_bonds=1,hydrogen_bonds=3,0.4,0.3333333333333333,0.3636363636363636,0.2222222222222222,2,6,5,0.3333333333333333,1.0,0.5,0.3333333333333333,1,1,3
2IFB,vina_pose,3,A:PLM:133,L:UNL:1,RDKit,18,3.655076196196189,3,1.3027032151133526,NA,NA,1,1,hydrogen_bonds=1,hydrogen_bonds=1,0.625,0.8333333333333334,0.7142857142857143,0.5555555555555556,5,6,8,1.0,1.0,1.0,1.0,1,1,1
2IFB,vina_pose,4,A:PLM:133,L:UNL:1,RDKit,18,8.333588599423686,3,9.504287400957526,NA,NA,1,4,hydrogen_bonds=1,hydrogen_bonds=4,0.0,0.0,0.0,0.0,0,6,6,0.0,0.0,0.0,0.0,0,1,4
2IFB,vina_pose,5,A:PLM:133,L:UNL:1,RDKit,18,7.333445105208814,3,4.782393124785958,NA,NA,1,3,hydrogen_bonds=1,hydrogen_bonds=3,0.14285714285714285,0.16666666666666666,0.15384615384615383,0.08333333333333333,1,6,7,0.3333333333333333,1.0,0.5,0.3333333333333333,1,1,3
2IFB,vina_pose,6,A:PLM:133,L:UNL:1,RDKit,18,6.910463141739005,3,4.468033758451996,NA,NA,1,2,hydrogen_bonds=1,hydrogen_bonds=2,0.2857142857142857,0.3333333333333333,0.30769230769230765,0.18181818181818182,2,6,7,0.5,1.0,0.6666666666666666,0.5,1,1,2
2IFB,vina_pose,7,A:PLM:133,L:UNL:1,RDKit,18,8.351866295093037,3,9.521823232273674,NA,NA,1,4,hydrogen_bonds=1,hydrogen_bonds=4,0.0,0.0,0.0,0.0,0,6,5,0.0,0.0,0.0,0.0,0,1,4
2IFB,vina_pose,8,A:PLM:133,L:UNL:1,RDKit,18,5.164491154885337,3,5.328552054733067,NA,NA,1,3,hydrogen_bonds=1,hydrogen_bonds=3,0.14285714285714285,0.16666666666666666,0.15384615384615383,0.08333333333333333,1,6,7,0.3333333333333333,1.0,0.5,0.3333333333333333,1,1,3
2IFB,vina_pose,9,A:PLM:133,L:UNL:1,RDKit,18,8.104988292540725,3,7.205639805041602,NA,NA,1,2,hydrogen_bonds=1,hydrogen_bonds=2,0.0,0.0,0.0,0.0,0,6,5,0.0,0.0,0.0,0.0,0,1,2
2IFB,vina_pose,10,A:PLM:133,L:UNL:1,RDKit,18,3.010226947885787,3,1.1078507721409652,NA,NA,1,2,hydrogen_bonds=1,hydrogen_bonds=2,0.7142857142857143,0.8333333333333334,0.7692307692307692,0.625,5,6,7,0.5,1.0,0.6666666666666666,0.5,1,1,2
2IFB,vina_pose,11,A:PLM:133,L:UNL:1,RDKit,18,8.34651083454105,3,11.313854265162394,NA,NA,1,1,hydrogen_bonds=1,hydrogen_bonds=1,0.0,0.0,0.0,0.0,0,6,5,0.0,0.0,0.0,0.0,0,1,1
2IFB,vina_pose,12,A:PLM:133,L:UNL:1,RDKit,18,8.126186398852102,3,9.048564877003056,NA,NA,1,1,hydrogen_bonds=1,hydrogen_bonds=1,0.0,0.0,0.0,0.0,0,6,3,0.0,0.0,0.0,0.0,0,1,1
2IFB,vina_pose,13,A:PLM:133,L:UNL:1,RDKit,18,4.1983387256813325,3,5.076482607738026,NA,NA,1,3,hydrogen_bonds=1,hydrogen_bonds=3,0.16666666666666666,0.16666666666666666,0.16666666666666666,0.09090909090909091,1,6,6,0.3333333333333333,1.0,0.5,0.3333333333333333,1,1,3
2IFB,vina_pose,14,A:PLM:133,L:UNL:1,RDKit,18,8.221960995474932,3,9.430858197074821,NA,NA,1,4,hydrogen_bonds=1,hydrogen_bonds=4,0.0,0.0,0.0,0.0,0,6,8,0.0,0.0,0.0,0.0,0,1,4
2IFB,vina_pose,15,A:PLM:133,L:UNL:1,RDKit,18,7.643465793299094,3,9.637504760050705,NA,NA,1,3,hydrogen_bonds=1,hydrogen_bonds=3,0.0,0.0,0.0,0.0,0,6,6,0.0,0.0,0.0,0.0,0,1,3
2IFB,vina_pose,16,A:PLM:133,L:UNL:1,RDKit,18,1.4931849070582874,3,1.7144264347005387,NA,NA,1,2,hydrogen_bonds=1,hydrogen_bonds=2,0.7142857142857143,0.8333333333333334,0.7692307692307692,0.625,5,6,7,0.5,1.0,0.6666666666666666,0.5,1,1,2
2IFB,vina_pose,17,A:PLM:133,L:UNL:1,RDKit,18,9.124487245867572,3,13.021342058328703,NA,NA,1,2,hydrogen_bonds=1,hydrogen_bonds=2,0.0,0.0,0.0,0.0,0,6,8,0.0,0.0,0.0,0.0,0,1,2
2IFB,vina_pose,18,A:PLM:133,L:UNL:1,RDKit,18,7.382383607089394,3,8.755649147835927,NA,NA,1,1,hydrogen_bonds=1,hydrogen_bonds=1,0.0,0.0,0.0,0.0,0,6,4,0.0,0.0,0.0,0.0,0,1,1
2IFB,vina_pose,19,A:PLM:133,L:UNL:1,RDKit,18,7.785454536077731,3,9.580709785814408,NA,NA,1,4,hydrogen_bonds=1,hydrogen_bonds=4,0.0,0.0,0.0,0.0,0,6,6,0.0,0.0,0.0,0.0,0,1,4
2IFB,vina_pose,20,A:PLM:133,L:UNL:1,RDKit,18,8.895319721316623,3,10.867210160232785,NA,NA,1,1,hydrogen_bonds=1,hydrogen_bonds=1,0.0,0.0,0.0,0.0,0,6,7,0.0,0.0,0.0,0.0,0,1,1
2OVD,boltz,1,A:DAO:190,B:DAO:1,RDKit,14,2.5599980692393562,3,4.653270912293072,162,1.3142276306400753,1,0,hydrogen_bonds=1,none=0,0.16666666666666666,0.25,0.2,0.1111111111111111,1,4,6,0.0,0.0,0.0,0.0,0,1,0
2OVD,vina_pose,1,A:DAO:190,L:UNL:1,RDKit,14,4.2362565600842865,3,5.38659939108154,NA,NA,1,3,hydrogen_bonds=1,hydrogen_bonds=3,0.16666666666666666,0.25,0.2,0.1111111111111111,1,4,6,0.0,0.0,0.0,0.0,0,1,3
2OVD,vina_pose,2,A:DAO:190,L:UNL:1,RDKit,14,3.723118594864871,3,5.161058741511604,NA,NA,1,2,hydrogen_bonds=1,hydrogen_bonds=2,0.14285714285714285,0.25,0.18181818181818182,0.1,1,4,7,0.0,0.0,0.0,0.0,0,1,2
2OVD,vina_pose,3,A:DAO:190,L:UNL:1,RDKit,14,8.53593628222972,3,13.583665386534422,NA,NA,1,0,hydrogen_bonds=1,none=0,0.0,0.0,0.0,0.0,0,4,9,0.0,0.0,0.0,0.0,0,1,0
2OVD,vina_pose,4,A:DAO:190,L:UNL:1,RDKit,14,3.0360011763596453,3,5.013263773896871,NA,NA,1,3,hydrogen_bonds=1,hydrogen_bonds=3,0.3333333333333333,0.5,0.4,0.25,2,4,6,0.0,0.0,0.0,0.0,0,1,3
2OVD,vina_pose,5,A:DAO:190,L:UNL:1,RDKit,14,3.411720575562174,3,4.52691557980339,NA,NA,1,3,hydrogen_bonds=1,hydrogen_bonds=3,0.16666666666666666,0.25,0.2,0.1111111111111111,1,4,6,0.0,0.0,0.0,0.0,0,1,3
2OVD,vina_pose,6,A:DAO:190,L:UNL:1,RDKit,14,2.8823247933370926,3,3.9080728413545893,NA,NA,1,2,hydrogen_bonds=1,hydrogen_bonds=2,0.4,0.5,0.4444444444444445,0.2857142857142857,2,4,5,0.0,0.0,0.0,0.0,0,1,2
2OVD,vina_pose,7,A:DAO:190,L:UNL:1,RDKit,14,8.527718623909411,3,14.216463835989595,NA,NA,1,0,hydrogen_bonds=1,none=0,0.0,0.0,0.0,0.0,0,4,7,0.0,0.0,0.0,0.0,0,1,0
2OVD,vina_pose,8,A:DAO:190,L:UNL:1,RDKit,14,1.993965485444233,3,3.846455121277251,NA,NA,1,3,hydrogen_bonds=1,hydrogen_bonds=3,0.3333333333333333,0.5,0.4,0.25,2,4,6,0.3333333333333333,1.0,0.5,0.3333333333333333,1,1,3
2OVD,vina_pose,9,A:DAO:190,L:UNL:1,RDKit,14,8.917257457953571,3,13.745852950375008,NA,NA,1,0,hydrogen_bonds=1,none=0,0.0,0.0,0.0,0.0,0,4,7,0.0,0.0,0.0,0.0,0,1,0
2OVD,vina_pose,10,A:DAO:190,L:UNL:1,RDKit,14,1.9297829818771997,3,3.256136872635014,NA,NA,1,3,hydrogen_bonds=1,hydrogen_bonds=3,0.2857142857142857,0.5,0.36363636363636365,0.2222222222222222,2,4,7,0.3333333333333333,1.0,0.5,0.3333333333333333,1,1,3
2OVD,vina_pose,11,A:DAO:190,L:UNL:1,RDKit,14,2.3725410277951844,3,4.270374729849049,NA,NA,1,3,hydrogen_bonds=1,hydrogen_bonds=3,0.3333333333333333,0.5,0.4,0.25,2,4,6,0.0,0.0,0.0,0.0,0,1,3
2OVD,vina_pose,12,A:DAO:190,L:UNL:1,RDKit,14,8.671683606510824,3,12.902331107206946,NA,NA,1,0,hydrogen_bonds=1,none=0,0.0,0.0,0.0,0.0,0,4,9,0.0,0.0,0.0,0.0,0,1,0
2OVD,vina_pose,13,A:DAO:190,L:UNL:1,RDKit,14,2.6152178412405465,3,4.209433809908409,NA,NA,1,1,hydrogen_bonds=1,hydrogen_bonds=1,0.4,0.5,0.4444444444444445,0.2857142857142857,2,4,5,0.0,0.0,0.0,0.0,0,1,1
2OVD,vina_pose,14,A:DAO:190,L:UNL:1,RDKit,14,8.593487230787876,3,13.152065819989394,NA,NA,1,0,hydrogen_bonds=1,none=0,0.0,0.0,0.0,0.0,0,4,10,0.0,0.0,0.0,0.0,0,1,0
2OVD,vina_pose,15,A:DAO:190,L:UNL:1,RDKit,14,8.465829990530843,3,12.62161447676168,NA,NA,1,0,hydrogen_bonds=1,none=0,0.0,0.0,0.0,0.0,0,4,6,0.0,0.0,0.0,0.0,0,1,0
2OVD,vina_pose,16,A:DAO:190,L:UNL:1,RDKit,14,2.9798144357373286,3,3.580705191253068,NA,NA,1,3,hydrogen_bonds=1,hydrogen_bonds=3,0.2857142857142857,0.5,0.36363636363636365,0.2222222222222222,2,4,7,0.3333333333333333,1.0,0.5,0.3333333333333333,1,1,3
2OVD,vina_pose,17,A:DAO:190,L:UNL:1,RDKit,14,3.3807707806694878,3,4.910115545144196,NA,NA,1,2,hydrogen_bonds=1,hydrogen_bonds=2,0.2857142857142857,0.5,0.36363636363636365,0.2222222222222222,2,4,7,0.0,0.0,0.0,0.0,0,1,2
2OVD,vina_pose,18,A:DAO:190,L:UNL:1,RDKit,14,4.045557713626851,3,4.610962372433763,NA,NA,1,1,hydrogen_bonds=1,hydrogen_bonds=1,0.6666666666666666,0.5,0.5714285714285715,0.4,2,4,3,0.0,0.0,0.0,0.0,0,1,1
2OVD,vina_pose,19,A:DAO:190,L:UNL:1,RDKit,14,8.946810421277837,3,4.322636849578431,NA,NA,1,3,hydrogen_bonds=1,hydrogen_bonds=3,0.3333333333333333,0.5,0.4,0.25,2,4,6,0.0,0.0,0.0,0.0,0,1,3
2OVD,vina_pose,20,A:DAO:190,L:UNL:1,RDKit,14,9.452091601484677,3,4.915341086842296,NA,NA,1,2,hydrogen_bonds=1,hydrogen_bonds=2,0.5,0.5,0.5,0.3333333333333333,2,4,4,0.0,0.0,0.0,0.0,0,1,2
2WC5,boltz,1,A:BOM:1143,B:BOM:1,RDKit,17,2.8004926282522264,1,6.193483724855062,141,1.0548000341498838,2,1,hydrogen_bonds=2,hydrogen_bonds=1,0.5,0.5714285714285714,0.5333333333333333,0.36363636363636365,4,7,8,0.0,0.0,0.0,0.0,0,2,1
2WC5,vina_pose,1,A:BOM:1143,A:BOM:1143,RDKit,17,7.199003186716404,1,11.501669617929391,NA,NA,2,1,hydrogen_bonds=2,hydrogen_bonds=1,0.0,0.0,0.0,0.0,0,7,5,0.0,0.0,0.0,0.0,0,2,1
2WC5,vina_pose,2,A:BOM:1143,A:BOM:1143,RDKit,17,7.63082617915456,1,11.04279389466271,NA,NA,2,1,hydrogen_bonds=2,hydrogen_bonds=1,0.14285714285714285,0.14285714285714285,0.14285714285714285,0.07692307692307693,1,7,7,0.0,0.0,0.0,0.0,0,2,1
2WC5,vina_pose,3,A:BOM:1143,A:BOM:1143,RDKit,17,7.922039168562302,1,12.83626663013822,NA,NA,2,0,hydrogen_bonds=2,none=0,0.0,0.0,0.0,0.0,0,7,6,0.0,0.0,0.0,0.0,0,2,0
2WC5,vina_pose,4,A:BOM:1143,A:BOM:1143,RDKit,17,7.1851977949769195,1,12.774515450693228,NA,NA,2,0,hydrogen_bonds=2,none=0,0.0,0.0,0.0,0.0,0,7,5,0.0,0.0,0.0,0.0,0,2,0
2WC5,vina_pose,5,A:BOM:1143,A:BOM:1143,RDKit,17,6.600345360839307,1,13.66677679630424,NA,NA,2,0,hydrogen_bonds=2,none=0,0.0,0.0,0.0,0.0,0,7,3,0.0,0.0,0.0,0.0,0,2,0
2WC5,vina_pose,6,A:BOM:1143,A:BOM:1143,RDKit,17,5.57802951187013,1,10.252303058337674,NA,NA,2,2,hydrogen_bonds=2,hydrogen_bonds=2,0.0,0.0,0.0,0.0,0,7,7,0.0,0.0,0.0,0.0,0,2,2
2WC5,vina_pose,7,A:BOM:1143,A:BOM:1143,RDKit,17,6.783172219024163,1,7.586135643395787,NA,NA,2,0,hydrogen_bonds=2,none=0,0.25,0.14285714285714285,0.18181818181818182,0.1,1,7,4,0.0,0.0,0.0,0.0,0,2,0
2WC5,vina_pose,8,A:BOM:1143,A:BOM:1143,RDKit,17,6.9416001969371335,1,5.336567904561883,NA,NA,2,1,hydrogen_bonds=2,hydrogen_bonds=1,0.4,0.2857142857142857,0.3333333333333333,0.2,2,7,5,0.0,0.0,0.0,0.0,0,2,1
2WC5,vina_pose,9,A:BOM:1143,A:BOM:1143,RDKit,17,6.513574531428238,1,6.829907320015403,NA,NA,2,0,hydrogen_bonds=2,none=0,0.0,0.0,0.0,0.0,0,7,4,0.0,0.0,0.0,0.0,0,2,0
2WC5,vina_pose,10,A:BOM:1143,A:BOM:1143,RDKit,17,7.187105700693512,1,11.616989971589026,NA,NA,2,0,hydrogen_bonds=2,none=0,0.0,0.0,0.0,0.0,0,7,6,0.0,0.0,0.0,0.0,0,2,0
2WC5,vina_pose,11,A:BOM:1143,A:BOM:1143,RDKit,17,8.376855148351952,1,16.207415771800267,NA,NA,2,0,hydrogen_bonds=2,none=0,0.0,0.0,0.0,0.0,0,7,6,0.0,0.0,0.0,0.0,0,2,0
2WC5,vina_pose,12,A:BOM:1143,A:BOM:1143,RDKit,17,7.1924693869597345,1,11.770543275482233,NA,NA,2,0,hydrogen_bonds=2,none=0,0.0,0.0,0.0,0.0,0,7,3,0.0,0.0,0.0,0.0,0,2,0
2WC5,vina_pose,13,A:BOM:1143,A:BOM:1143,RDKit,17,8.245762772835654,1,13.403801923335037,NA,NA,2,1,hydrogen_bonds=2,hydrogen_bonds=1,0.0,0.0,0.0,0.0,0,7,6,0.0,0.0,0.0,0.0,0,2,1
2WC5,vina_pose,14,A:BOM:1143,A:BOM:1143,RDKit,17,8.152343300801165,1,14.231741530817652,NA,NA,2,1,hydrogen_bonds=2,hydrogen_bonds=1,0.0,0.0,0.0,0.0,0,7,6,0.0,0.0,0.0,0.0,0,2,1
2WC5,vina_pose,15,A:BOM:1143,A:BOM:1143,RDKit,17,6.145557099142724,1,7.233879733586951,NA,NA,2,3,hydrogen_bonds=2,hydrogen_bonds=3,0.3333333333333333,0.2857142857142857,0.30769230769230765,0.18181818181818182,2,7,6,0.0,0.0,0.0,0.0,0,2,3
2WC5,vina_pose,16,A:BOM:1143,A:BOM:1143,RDKit,17,5.8705491876574785,1,10.970335181752654,NA,NA,2,4,hydrogen_bonds=2,hydrogen_bonds=4,0.1111111111111111,0.14285714285714285,0.125,0.06666666666666667,1,7,9,0.0,0.0,0.0,0.0,0,2,4
2WC5,vina_pose,17,A:BOM:1143,A:BOM:1143,RDKit,17,7.10679431331488,1,14.751326279355357,NA,NA,2,1,hydrogen_bonds=2,hydrogen_bonds=1,0.0,0.0,0.0,0.0,0,7,5,0.0,0.0,0.0,0.0,0,2,1
2WC5,vina_pose,18,A:BOM:1143,A:BOM:1143,RDKit,17,6.505356037640875,1,10.329663353662598,NA,NA,2,1,hydrogen_bonds=2,hydrogen_bonds=1,0.0,0.0,0.0,0.0,0,7,4,0.0,0.0,0.0,0.0,0,2,1
2WC5,vina_pose,19,A:BOM:1143,A:BOM:1143,RDKit,17,7.3607447193561475,1,13.888638702191084,NA,NA,2,0,hydrogen_bonds=2,none=0,0.0,0.0,0.0,0.0,0,7,6,0.0,0.0,0.0,0.0,0,2,0
2WC5,vina_pose,20,A:BOM:1143,A:BOM:1143,RDKit,17,6.289846855893093,1,14.005866485155424,NA,NA,2,0,hydrogen_bonds=2,none=0,0.0,0.0,0.0,0.0,0,7,6,0.0,0.0,0.0,0.0,0,2,0
2WEW,boltz,1,A:MYR:1188,B:MYR:1,RDKit,16,1.7434089058552467,3,2.2685652217347805,170,2.5511053346258854,2,2,hydrogen_bonds=2,hydrogen_bonds=2,0.5,0.5,0.5,0.3333333333333333,3,6,6,0.0,0.0,0.0,0.0,0,2,2
2WEW,vina_pose,1,A:MYR:1188,L:UNL:1,RDKit,16,2.8265424660705167,3,3.4500725113152813,NA,NA,2,3,hydrogen_bonds=2,hydrogen_bonds=3,0.5,0.6666666666666666,0.5714285714285715,0.4,4,6,8,0.3333333333333333,0.5,0.4,0.25,1,2,3
2WEW,vina_pose,2,A:MYR:1188,L:UNL:1,RDKit,16,2.414558008207713,3,3.2557539833347353,NA,NA,2,3,hydrogen_bonds=2,hydrogen_bonds=3,0.5,0.6666666666666666,0.5714285714285715,0.4,4,6,8,0.3333333333333333,0.5,0.4,0.25,1,2,3
2WEW,vina_pose,3,A:MYR:1188,L:UNL:1,RDKit,16,8.642581855267556,3,13.156976919743634,NA,NA,2,0,hydrogen_bonds=2,none=0,0.0,0.0,0.0,0.0,0,6,7,0.0,0.0,0.0,0.0,0,2,0
2WEW,vina_pose,4,A:MYR:1188,L:UNL:1,RDKit,16,9.37161686956952,3,10.782305906746787,NA,NA,2,1,hydrogen_bonds=2,hydrogen_bonds=1,0.0,0.0,0.0,0.0,0,6,7,0.0,0.0,0.0,0.0,0,2,1
2WEW,vina_pose,5,A:MYR:1188,L:UNL:1,RDKit,16,9.232573967345184,3,11.206287386998424,NA,NA,2,1,hydrogen_bonds=2,hydrogen_bonds=1,0.0,0.0,0.0,0.0,0,6,7,0.0,0.0,0.0,0.0,0,2,1
2WEW,vina_pose,6,A:MYR:1188,L:UNL:1,RDKit,16,1.5351027042188419,3,2.1301679120044352,NA,NA,2,1,hydrogen_bonds=2,hydrogen_bonds=1,0.8571428571428571,1.0,0.923076923076923,0.8571428571428571,6,6,7,0.0,0.0,0.0,0.0,0,2,1
2WEW,vina_pose,7,A:MYR:1188,L:UNL:1,RDKit,16,3.8602237386581626,3,4.868775376485001,NA,NA,2,0,hydrogen_bonds=2,none=0,0.2857142857142857,0.3333333333333333,0.30769230769230765,0.18181818181818182,2,6,7,0.0,0.0,0.0,0.0,0,2,0
2WEW,vina_pose,8,A:MYR:1188,L:UNL:1,RDKit,16,2.6341292441715916,3,3.249177229186901,NA,NA,2,0,hydrogen_bonds=2,none=0,0.42857142857142855,0.5,0.4615384615384615,0.3,3,6,7,0.0,0.0,0.0,0.0,0,2,0
2WEW,vina_pose,9,A:MYR:1188,L:UNL:1,RDKit,16,8.50263692553669,3,12.44944042919199,NA,NA,2,0,hydrogen_bonds=2,none=0,0.0,0.0,0.0,0.0,0,6,7,0.0,0.0,0.0,0.0,0,2,0
2WEW,vina_pose,10,A:MYR:1188,L:UNL:1,RDKit,16,8.727476002545066,3,14.134187985165614,NA,NA,2,0,hydrogen_bonds=2,none=0,0.0,0.0,0.0,0.0,0,6,8,0.0,0.0,0.0,0.0,0,2,0
2WEW,vina_pose,11,A:MYR:1188,L:UNL:1,RDKit,16,9.048840188112507,3,11.924048515500093,NA,NA,2,0,hydrogen_bonds=2,none=0,0.0,0.0,0.0,0.0,0,6,7,0.0,0.0,0.0,0.0,0,2,0
2WEW,vina_pose,12,A:MYR:1188,L:UNL:1,RDKit,16,7.828929999527394,3,13.60549287359092,NA,NA,2,0,hydrogen_bonds=2,none=0,0.0,0.0,0.0,0.0,0,6,8,0.0,0.0,0.0,0.0,0,2,0
2WEW,vina_pose,13,A:MYR:1188,L:UNL:1,RDKit,16,9.733907992810492,3,9.683138902236195,NA,NA,2,0,hydrogen_bonds=2,none=0,0.14285714285714285,0.16666666666666666,0.15384615384615383,0.08333333333333333,1,6,7,0.0,0.0,0.0,0.0,0,2,0
2WEW,vina_pose,14,A:MYR:1188,L:UNL:1,RDKit,16,7.8848174598401455,3,13.685638445708943,NA,NA,2,0,hydrogen_bonds=2,none=0,0.0,0.0,0.0,0.0,0,6,8,0.0,0.0,0.0,0.0,0,2,0
2WEW,vina_pose,15,A:MYR:1188,L:UNL:1,RDKit,16,2.732546054049227,3,2.1042047587311146,NA,NA,2,2,hydrogen_bonds=2,hydrogen_bonds=2,0.75,0.5,0.6,0.42857142857142855,3,6,4,1.0,1.0,1.0,1.0,2,2,2
2WEW,vina_pose,16,A:MYR:1188,L:UNL:1,RDKit,16,5.120446593071741,3,5.365943439880819,NA,NA,2,1,hydrogen_bonds=2,hydrogen_bonds=1,0.16666666666666666,0.16666666666666666,0.16666666666666666,0.09090909090909091,1,6,6,0.0,0.0,0.0,0.0,0,2,1
2WEW,vina_pose,17,A:MYR:1188,L:UNL:1,RDKit,16,9.069237743603374,3,11.19577908558995,NA,NA,2,1,hydrogen_bonds=2,hydrogen_bonds=1,0.0,0.0,0.0,0.0,0,6,7,0.0,0.0,0.0,0.0,0,2,1
2WEW,vina_pose,18,A:MYR:1188,L:UNL:1,RDKit,16,4.168526875588066,3,3.901890481975799,NA,NA,2,2,hydrogen_bonds=2,hydrogen_bonds=2,0.5,0.6666666666666666,0.5714285714285715,0.4,4,6,8,0.0,0.0,0.0,0.0,0,2,2
2WEW,vina_pose,19,A:MYR:1188,L:UNL:1,RDKit,16,5.75603863347007,3,10.775516244400233,NA,NA,2,2,hydrogen_bonds=2,hydrogen_bonds=2,0.0,0.0,0.0,0.0,0,6,8,0.0,0.0,0.0,0.0,0,2,2
2WEW,vina_pose,20,A:MYR:1188,L:UNL:1,RDKit,16,8.870292110466261,3,14.782250516526005,NA,NA,2,0,hydrogen_bonds=2,none=0,0.0,0.0,0.0,0.0,0,6,7,0.0,0.0,0.0,0.0,0,2,0
2WEX,boltz,1,A:GYM:1186,B:GYM:1,RDKit,21,1.5559207709557636,3,0.48021593958987113,159,1.6135298109154042,1,0,hydrogen_bonds=1,none=0,0.7142857142857143,0.625,0.6666666666666666,0.5,5,8,7,0.0,0.0,0.0,0.0,0,1,0
2WEX,vina_pose,1,A:GYM:1186,A:GYM:1186,RDKit,21,2.981686778925487,3,2.897508757536377,NA,NA,1,2,hydrogen_bonds=1,hydrogen_bonds=2,0.625,0.625,0.625,0.45454545454545453,5,8,8,0.0,0.0,0.0,0.0,0,1,2
2WEX,vina_pose,2,A:GYM:1186,A:GYM:1186,RDKit,21,2.4006223300278977,3,2.20116151156611,NA,NA,1,1,hydrogen_bonds=1,hydrogen_bonds=1,0.75,0.75,0.75,0.6,6,8,8,0.0,0.0,0.0,0.0,0,1,1
2WEX,vina_pose,3,A:GYM:1186,A:GYM:1186,RDKit,21,2.7813031118524276,3,3.419443814423627,NA,NA,1,1,hydrogen_bonds=1,hydrogen_bonds=1,0.7142857142857143,0.625,0.6666666666666666,0.5,5,8,7,0.0,0.0,0.0,0.0,0,1,1
2WEX,vina_pose,4,A:GYM:1186,A:GYM:1186,RDKit,21,3.3370971274590193,3,2.6357898879336585,NA,NA,1,2,hydrogen_bonds=1,hydrogen_bonds=2,0.75,0.75,0.75,0.6,6,8,8,0.0,0.0,0.0,0.0,0,1,2
2WEX,vina_pose,5,A:GYM:1186,A:GYM:1186,RDKit,21,10.219249567081025,3,9.60876164411072,NA,NA,1,0,hydrogen_bonds=1,none=0,0.0,0.0,0.0,0.0,0,8,8,0.0,0.0,0.0,0.0,0,1,0
2WEX,vina_pose,6,A:GYM:1186,A:GYM:1186,RDKit,21,2.4303602221736202,3,2.409412791532411,NA,NA,1,1,hydrogen_bonds=1,hydrogen_bonds=1,1.0,0.75,0.8571428571428571,0.75,6,8,6,0.0,0.0,0.0,0.0,0,1,1
2WEX,vina_pose,7,A:GYM:1186,A:GYM:1186,RDKit,21,10.450920850291022,3,9.214646981843634,NA,NA,1,0,hydrogen_bonds=1,none=0,0.2,0.125,0.15384615384615385,0.08333333333333333,1,8,5,0.0,0.0,0.0,0.0,0,1,0
2WEX,vina_pose,8,A:GYM:1186,A:GYM:1186,RDKit,21,2.1535348129241356,3,1.7131767762454249,NA,NA,1,1,hydrogen_bonds=1,hydrogen_bonds=1,0.75,0.75,0.75,0.6,6,8,8,0.0,0.0,0.0,0.0,0,1,1
2WEX,vina_pose,9,A:GYM:1186,A:GYM:1186,RDKit,21,2.0051370692964277,3,2.4249547762106145,NA,NA,1,1,hydrogen_bonds=1,hydrogen_bonds=1,0.8571428571428571,0.75,0.7999999999999999,0.6666666666666666,6,8,7,0.0,0.0,0.0,0.0,0,1,1
2WEX,vina_pose,10,A:GYM:1186,A:GYM:1186,RDKit,21,2.7065507833508584,3,1.8019344235200867,NA,NA,1,2,hydrogen_bonds=1,hydrogen_bonds=2,1.0,0.75,0.8571428571428571,0.75,6,8,6,0.5,1.0,0.6666666666666666,0.5,1,1,2
2WEX,vina_pose,11,A:GYM:1186,A:GYM:1186,RDKit,21,10.17492445742403,3,9.669825231099061,NA,NA,1,0,hydrogen_bonds=1,none=0,0.0,0.0,0.0,0.0,0,8,7,0.0,0.0,0.0,0.0,0,1,0
2WEX,vina_pose,12,A:GYM:1186,A:GYM:1186,RDKit,21,10.123143446484162,3,9.08664450351907,NA,NA,1,0,hydrogen_bonds=1,none=0,0.25,0.125,0.16666666666666666,0.09090909090909091,1,8,4,0.0,0.0,0.0,0.0,0,1,0
2WEX,vina_pose,13,A:GYM:1186,A:GYM:1186,RDKit,21,10.900996769627472,3,9.019879008796812,NA,NA,1,0,hydrogen_bonds=1,none=0,0.2,0.125,0.15384615384615385,0.08333333333333333,1,8,5,0.0,0.0,0.0,0.0,0,1,0
2WEX,vina_pose,14,A:GYM:1186,A:GYM:1186,RDKit,21,4.860800326029018,3,5.325546043990856,NA,NA,1,1,hydrogen_bonds=1,hydrogen_bonds=1,0.3333333333333333,0.25,0.28571428571428575,0.16666666666666666,2,8,6,0.0,0.0,0.0,0.0,0,1,1
2WEX,vina_pose,15,A:GYM:1186,A:GYM:1186,RDKit,21,4.078830837384654,3,4.820902820012036,NA,NA,1,0,hydrogen_bonds=1,none=0,0.42857142857142855,0.375,0.39999999999999997,0.25,3,8,7,0.0,0.0,0.0,0.0,0,1,0
2WEX,vina_pose,16,A:GYM:1186,A:GYM:1186,RDKit,21,5.958021207941921,3,5.568428054666775,NA,NA,1,1,hydrogen_bonds=1,hydrogen_bonds=1,0.3333333333333333,0.25,0.28571428571428575,0.16666666666666666,2,8,6,0.0,0.0,0.0,0.0,0,1,1
2WEX,vina_pose,17,A:GYM:1186,A:GYM:1186,RDKit,21,5.476973199548398,3,5.4763487227653185,NA,NA,1,1,hydrogen_bonds=1,hydrogen_bonds=1,0.3333333333333333,0.25,0.28571428571428575,0.16666666666666666,2,8,6,0.0,0.0,0.0,0.0,0,1,1
2WEX,vina_pose,18,A:GYM:1186,A:GYM:1186,RDKit,21,2.5304300312115218,3,2.28547748475747,NA,NA,1,1,hydrogen_bonds=1,hydrogen_bonds=1,1.0,0.75,0.8571428571428571,0.75,6,8,6,0.0,0.0,0.0,0.0,0,1,1
2WEX,vina_pose,19,A:GYM:1186,A:GYM:1186,RDKit,21,9.614879827394521,3,4.739399645524737,NA,NA,1,2,hydrogen_bonds=1,hydrogen_bonds=2,0.5,0.375,0.42857142857142855,0.2727272727272727,3,8,6,0.0,0.0,0.0,0.0,0,1,2
2WEX,vina_pose,20,A:GYM:1186,A:GYM:1186,RDKit,21,9.824998705925033,3,7.214072312732478,NA,NA,1,0,hydrogen_bonds=1,none=0,0.2857142857142857,0.25,0.26666666666666666,0.15384615384615385,2,8,7,0.0,0.0,0.0,0.0,0,1,0
2WR6,boltz,1,A:ODT:1176,B:ODT:1,RDKit,20,4.377635250782703,3,6.270302484059635,174,0.8488019081172279,3,1,hydrogen_bonds=3,hydrogen_bonds=1,0.42857142857142855,0.375,0.39999999999999997,0.25,3,8,7,0.0,0.0,0.0,0.0,0,3,1
2WR6,vina_pose,1,A:ODT:1176,L:UNL:1,RDKit,20,2.9521905087578615,3,1.928220077342487,NA,NA,3,4,hydrogen_bonds=3,hydrogen_bonds=4,0.7777777777777778,0.875,0.823529411764706,0.7,7,8,9,0.75,1.0,0.8571428571428571,0.75,3,3,4
2WR6,vina_pose,2,A:ODT:1176,L:UNL:1,RDKit,20,3.0712581135423966,3,1.4335900157762451,NA,NA,3,4,hydrogen_bonds=3,hydrogen_bonds=4,0.7777777777777778,0.875,0.823529411764706,0.7,7,8,9,0.75,1.0,0.8571428571428571,0.75,3,3,4
2WR6,vina_pose,3,A:ODT:1176,L:UNL:1,RDKit,20,3.6741675655854347,3,1.917710788066508,NA,NA,3,5,hydrogen_bonds=3,hydrogen_bonds=5,0.7777777777777778,0.875,0.823529411764706,0.7,7,8,9,0.6,1.0,0.7499999999999999,0.6,3,3,5
2WR6,vina_pose,4,A:ODT:1176,L:UNL:1,RDKit,20,1.5346727012623897,3,1.8857734045566912,NA,NA,3,4,hydrogen_bonds=3,hydrogen_bonds=4,0.7777777777777778,0.875,0.823529411764706,0.7,7,8,9,0.75,1.0,0.8571428571428571,0.75,3,3,4
2WR6,vina_pose,5,A:ODT:1176,L:UNL:1,RDKit,20,1.6115691576845221,3,1.9265628288050545,NA,NA,3,3,hydrogen_bonds=3,hydrogen_bonds=3,0.7272727272727273,1.0,0.8421052631578948,0.7272727272727273,8,8,11,0.6666666666666666,0.6666666666666666,0.6666666666666666,0.5,2,3,3
2WR6,vina_pose,6,A:ODT:1176,L:UNL:1,RDKit,20,7.108865225899279,3,10.301835354278706,NA,NA,3,4,hydrogen_bonds=3,hydrogen_bonds=4,0.0,0.0,0.0,0.0,0,8,8,0.0,0.0,0.0,0.0,0,3,4
2WR6,vina_pose,7,A:ODT:1176,L:UNL:1,RDKit,20,5.873160724856762,3,7.628437214353496,NA,NA,3,2,hydrogen_bonds=3,hydrogen_bonds=2,0.16666666666666666,0.125,0.14285714285714288,0.07692307692307693,1,8,6,0.0,0.0,0.0,0.0,0,3,2
2WR6,vina_pose,8,A:ODT:1176,L:UNL:1,RDKit,20,6.978195966723777,3,10.552194179411218,NA,NA,3,0,hydrogen_bonds=3,none=0,0.0,0.0,0.0,0.0,0,8,9,0.0,0.0,0.0,0.0,0,3,0
2WR6,vina_pose,9,A:ODT:1176,L:UNL:1,RDKit,20,3.6118221370936854,3,1.6912869853063577,NA,NA,3,3,hydrogen_bonds=3,hydrogen_bonds=3,0.7777777777777778,0.875,0.823529411764706,0.7,7,8,9,0.6666666666666666,0.6666666666666666,0.6666666666666666,0.5,2,3,3
2WR6,vina_pose,10,A:ODT:1176,L:UNL:1,RDKit,20,5.6410509570469225,3,7.605195373339639,NA,NA,3,3,hydrogen_bonds=3,hydrogen_bonds=3,0.16666666666666666,0.125,0.14285714285714288,0.07692307692307693,1,8,6,0.0,0.0,0.0,0.0,0,3,3
2WR6,vina_pose,11,A:ODT:1176,L:UNL:1,RDKit,20,6.404002869299794,3,10.85247424937435,NA,NA,3,4,hydrogen_bonds=3,hydrogen_bonds=4,0.0,0.0,0.0,0.0,0,8,9,0.0,0.0,0.0,0.0,0,3,4
2WR6,vina_pose,12,A:ODT:1176,L:UNL:1,RDKit,20,2.4032886218679606,3,3.5959743695786637,NA,NA,3,3,hydrogen_bonds=3,hydrogen_bonds=3,0.4444444444444444,0.5,0.47058823529411764,0.3076923076923077,4,8,9,0.0,0.0,0.0,0.0,0,3,3
2WR6,vina_pose,13,A:ODT:1176,L:UNL:1,RDKit,20,6.698895651523466,3,9.235237715763827,NA,NA,3,0,hydrogen_bonds=3,none=0,0.25,0.25,0.25,0.14285714285714285,2,8,8,0.0,0.0,0.0,0.0,0,3,0
2WR6,vina_pose,14,A:ODT:1176,L:UNL:1,RDKit,20,6.537033933673589,3,10.36619600753655,NA,NA,3,1,hydrogen_bonds=3,hydrogen_bonds=1,0.0,0.0,0.0,0.0,0,8,8,0.0,0.0,0.0,0.0,0,3,1
2WR6,vina_pose,15,A:ODT:1176,L:UNL:1,RDKit,20,2.4221773778978286,3,3.8502244090442312,NA,NA,3,3,hydrogen_bonds=3,hydrogen_bonds=3,0.375,0.375,0.375,0.23076923076923078,3,8,8,0.0,0.0,0.0,0.0,0,3,3
2WR6,vina_pose,16,A:ODT:1176,L:UNL:1,RDKit,20,5.982194342379726,3,8.018107819180283,NA,NA,3,0,hydrogen_bonds=3,none=0,0.2857142857142857,0.25,0.26666666666666666,0.15384615384615385,2,8,7,0.0,0.0,0.0,0.0,0,3,0
2WR6,vina_pose,17,A:ODT:1176,L:UNL:1,RDKit,20,4.08729050839306,3,3.9285005621313926,NA,NA,3,4,hydrogen_bonds=3,hydrogen_bonds=4,0.375,0.375,0.375,0.23076923076923078,3,8,8,0.0,0.0,0.0,0.0,0,3,4
2WR6,vina_pose,18,A:ODT:1176,L:UNL:1,RDKit,20,6.4093715838606204,3,7.488748560340372,NA,NA,3,0,hydrogen_bonds=3,none=0,0.3333333333333333,0.25,0.28571428571428575,0.16666666666666666,2,8,6,0.0,0.0,0.0,0.0,0,3,0
2WR6,vina_pose,19,A:ODT:1176,L:UNL:1,RDKit,20,3.6644167612322702,3,2.1602969703260713,NA,NA,3,3,hydrogen_bonds=3,hydrogen_bonds=3,0.7,0.875,0.7777777777777777,0.6363636363636364,7,8,10,0.3333333333333333,0.3333333333333333,0.3333333333333333,0.2,1,3,3
2WR6,vina_pose,20,A:ODT:1176,L:UNL:1,RDKit,20,6.67002110566376,3,10.168078612337075,NA,NA,3,0,hydrogen_bonds=3,none=0,0.0,0.0,0.0,0.0,0,8,8,0.0,0.0,0.0,0.0,0,3,0
2WUT,boltz,1,A:PLM:1134,B:PLM:1,RDKit,18,5.519672713603971,3,7.517972399851202,133,0.3500000306712089,3,1,hydrogen_bonds=3,hydrogen_bonds=1,0.125,0.14285714285714285,0.13333333333333333,0.07142857142857142,1,7,8,0.0,0.0,0.0,0.0,0,3,1
2WUT,vina_pose,1,A:PLM:1134,L:UNL:1,RDKit,18,3.340615021552502,3,7.408659010464265,NA,NA,3,3,hydrogen_bonds=3,hydrogen_bonds=3,0.1111111111111111,0.14285714285714285,0.125,0.06666666666666667,1,7,9,0.0,0.0,0.0,0.0,0,3,3
2WUT,vina_pose,2,A:PLM:1134,L:UNL:1,RDKit,18,3.513650436353749,3,7.155059887939443,NA,NA,3,3,hydrogen_bonds=3,hydrogen_bonds=3,0.125,0.14285714285714285,0.13333333333333333,0.07142857142857142,1,7,8,0.0,0.0,0.0,0.0,0,3,3
2WUT,vina_pose,3,A:PLM:1134,L:UNL:1,RDKit,18,4.552028522171919,3,3.0409559900355894,NA,NA,3,2,hydrogen_bonds=3,hydrogen_bonds=2,0.5,0.42857142857142855,0.4615384615384615,0.3,3,7,6,1.0,0.6666666666666666,0.8,0.6666666666666666,2,3,2
2WUT,vina_pose,4,A:PLM:1134,L:UNL:1,RDKit,18,4.150834072809945,3,7.207979582841968,NA,NA,3,2,hydrogen_bonds=3,hydrogen_bonds=2,0.125,0.14285714285714285,0.13333333333333333,0.07142857142857142,1,7,8,0.0,0.0,0.0,0.0,0,3,2
2WUT,vina_pose,5,A:PLM:1134,L:UNL:1,RDKit,18,4.654281422040953,3,6.862380927928731,NA,NA,3,3,hydrogen_bonds=3,hydrogen_bonds=3,0.125,0.14285714285714285,0.13333333333333333,0.07142857142857142,1,7,8,0.0,0.0,0.0,0.0,0,3,3
2WUT,vina_pose,6,A:PLM:1134,L:UNL:1,RDKit,18,2.9243847501084166,3,5.652392531780974,NA,NA,3,2,hydrogen_bonds=3,hydrogen_bonds=2,0.25,0.14285714285714285,0.18181818181818182,0.1,1,7,4,0.0,0.0,0.0,0.0,0,3,2
2WUT,vina_pose,7,A:PLM:1134,L:UNL:1,RDKit,18,4.27557563375974,3,4.814696494415128,NA,NA,3,3,hydrogen_bonds=3,hydrogen_bonds=3,0.5,0.2857142857142857,0.36363636363636365,0.2222222222222222,2,7,4,0.3333333333333333,0.3333333333333333,0.3333333333333333,0.2,1,3,3
2WUT,vina_pose,8,A:PLM:1134,L:UNL:1,RDKit,18,3.2956595360834497,3,6.268555628425631,NA,NA,3,3,hydrogen_bonds=3,hydrogen_bonds=3,0.16666666666666666,0.14285714285714285,0.15384615384615383,0.08333333333333333,1,7,6,0.0,0.0,0.0,0.0,0,3,3
2WUT,vina_pose,9,A:PLM:1134,L:UNL:1,RDKit,18,1.8646068843950285,3,2.613206395726649,NA,NA,3,2,hydrogen_bonds=3,hydrogen_bonds=2,0.8,0.5714285714285714,0.6666666666666666,0.5,4,7,5,1.0,0.6666666666666666,0.8,0.6666666666666666,2,3,2
2WUT,vina_pose,10,A:PLM:1134,L:UNL:1,RDKit,18,5.5949759457332195,3,7.566829653163866,NA,NA,3,3,hydrogen_bonds=3,hydrogen_bonds=3,0.125,0.14285714285714285,0.13333333333333333,0.07142857142857142,1,7,8,0.0,0.0,0.0,0.0,0,3,3
2WUT,vina_pose,11,A:PLM:1134,L:UNL:1,RDKit,18,5.408021511298441,3,5.313190221828438,NA,NA,3,1,hydrogen_bonds=3,hydrogen_bonds=1,0.2857142857142857,0.2857142857142857,0.2857142857142857,0.16666666666666666,2,7,7,1.0,0.3333333333333333,0.5,0.3333333333333333,1,3,1
2WUT,vina_pose,12,A:PLM:1134,L:UNL:1,RDKit,18,1.9653080618004337,3,3.684626394448515,NA,NA,3,1,hydrogen_bonds=3,hydrogen_bonds=1,0.6666666666666666,0.5714285714285714,0.6153846153846153,0.4444444444444444,4,7,6,1.0,0.3333333333333333,0.5,0.3333333333333333,1,3,1
2WUT,vina_pose,13,A:PLM:1134,L:UNL:1,RDKit,18,3.7860047837030293,3,1.2864916115803737,NA,NA,3,3,hydrogen_bonds=3,hydrogen_bonds=3,1.0,0.8571428571428571,0.923076923076923,0.8571428571428571,6,7,6,1.0,1.0,1.0,1.0,3,3,3
2WUT,vina_pose,14,A:PLM:1134,L:UNL:1,RDKit,18,5.778015951287547,3,8.749357195436321,NA,NA,3,1,hydrogen_bonds=3,hydrogen_bonds=1,0.0,0.0,0.0,0.0,0,7,8,0.0,0.0,0.0,0.0,0,3,1
2WUT,vina_pose,15,A:PLM:1134,L:UNL:1,RDKit,18,6.884666711048707,3,9.087465983430144,NA,NA,3,2,hydrogen_bonds=3,hydrogen_bonds=2,0.0,0.0,0.0,0.0,0,7,7,0.0,0.0,0.0,0.0,0,3,2
2WUT,vina_pose,16,A:PLM:1134,L:UNL:1,RDKit,18,4.41948462304524,3,5.690088575760487,NA,NA,3,2,hydrogen_bonds=3,hydrogen_bonds=2,0.25,0.14285714285714285,0.18181818181818182,0.1,1,7,4,0.0,0.0,0.0,0.0,0,3,2
2WUT,vina_pose,17,A:PLM:1134,L:UNL:1,RDKit,18,6.568441101205065,3,8.594883458585501,NA,NA,3,2,hydrogen_bonds=3,hydrogen_bonds=2,0.0,0.0,0.0,0.0,0,7,7,0.0,0.0,0.0,0.0,0,3,2
2WUT,vina_pose,18,A:PLM:1134,L:UNL:1,RDKit,18,5.2925477534191625,3,6.201479312766162,NA,NA,3,1,hydrogen_bonds=3,hydrogen_bonds=1,0.14285714285714285,0.14285714285714285,0.14285714285714285,0.07692307692307693,1,7,7,1.0,0.3333333333333333,0.5,0.3333333333333333,1,3,1
2WUT,vina_pose,19,A:PLM:1134,L:UNL:1,RDKit,18,3.058337429606703,3,1.259816388738189,NA,NA,3,3,hydrogen_bonds=3,hydrogen_bonds=3,0.8,0.5714285714285714,0.6666666666666666,0.5,4,7,5,1.0,1.0,1.0,1.0,3,3,3
2WUT,vina_pose,20,A:PLM:1134,L:UNL:1,RDKit,18,4.713100418573272,3,1.8086318033253765,NA,NA,3,3,hydrogen_bonds=3,hydrogen_bonds=3,1.0,0.7142857142857143,0.8333333333333333,0.7142857142857143,5,7,5,1.0,1.0,1.0,1.0,3,3,3
2Z9Y,boltz,1,A:DDR:1,B:DDR:1,RDKit,28,5.070422734350108,6,4.025130056417571,230,0.8428457014905899,1,1,hydrogen_bonds=1,hydrogen_bonds=1,0.8,0.7272727272727273,0.761904761904762,0.6153846153846154,8,11,10,0.0,0.0,0.0,0.0,0,1,1
2Z9Y,vina_pose,1,A:DDR:1,A:DDR:1,RDKit,28,1.39669757182536,6,0.8325462950090724,NA,NA,1,4,hydrogen_bonds=1,hydrogen_bonds=4,0.9166666666666666,1.0,0.9565217391304348,0.9166666666666666,11,11,12,0.25,1.0,0.4,0.25,1,1,4
2Z9Y,vina_pose,2,A:DDR:1,A:DDR:1,RDKit,28,4.283314712762936,6,3.759896940076949,NA,NA,1,5,hydrogen_bonds=1,hydrogen_bonds=5,0.9090909090909091,0.9090909090909091,0.9090909090909091,0.8333333333333334,10,11,11,0.2,1.0,0.33333333333333337,0.2,1,1,5
2Z9Y,vina_pose,3,A:DDR:1,A:DDR:1,RDKit,28,5.029099823598084,6,3.892588770128863,NA,NA,1,1,hydrogen_bonds=1,hydrogen_bonds=1,0.6666666666666666,0.7272727272727273,0.6956521739130435,0.5333333333333333,8,11,12,1.0,1.0,1.0,1.0,1,1,1
2Z9Y,vina_pose,4,A:DDR:1,A:DDR:1,RDKit,28,5.840634472017085,6,5.478821679887018,NA,NA,1,3,hydrogen_bonds=1,hydrogen_bonds=3,0.5,0.45454545454545453,0.47619047619047616,0.3125,5,11,10,0.3333333333333333,1.0,0.5,0.3333333333333333,1,1,3
2Z9Y,vina_pose,5,A:DDR:1,A:DDR:1,RDKit,28,4.6049002781198825,6,4.422883297880091,NA,NA,1,3,hydrogen_bonds=1,hydrogen_bonds=3,0.8333333333333334,0.9090909090909091,0.8695652173913043,0.7692307692307693,10,11,12,0.3333333333333333,1.0,0.5,0.3333333333333333,1,1,3
2Z9Y,vina_pose,6,A:DDR:1,A:DDR:1,RDKit,28,5.3704680030169225,6,5.26440273598693,NA,NA,1,1,hydrogen_bonds=1,hydrogen_bonds=1,0.6363636363636364,0.6363636363636364,0.6363636363636364,0.4666666666666667,7,11,11,0.0,0.0,0.0,0.0,0,1,1
2Z9Y,vina_pose,7,A:DDR:1,A:DDR:1,RDKit,28,4.656688296725168,6,4.592402040327045,NA,NA,1,2,hydrogen_bonds=1,hydrogen_bonds=2,0.8181818181818182,0.8181818181818182,0.8181818181818182,0.6923076923076923,9,11,11,0.5,1.0,0.6666666666666666,0.5,1,1,2
2Z9Y,vina_pose,8,A:DDR:1,A:DDR:1,RDKit,28,7.2198715560399185,6,7.681897682213687,NA,NA,1,2,hydrogen_bonds=1,hydrogen_bonds=2,0.3333333333333333,0.2727272727272727,0.3,0.17647058823529413,3,11,9,0.0,0.0,0.0,0.0,0,1,2
2Z9Y,vina_pose,9,A:DDR:1,A:DDR:1,RDKit,28,8.785859934332796,6,9.231757145852571,NA,NA,1,1,hydrogen_bonds=1,hydrogen_bonds=1,0.0,0.0,0.0,0.0,0,11,7,0.0,0.0,0.0,0.0,0,1,1
2Z9Y,vina_pose,10,A:DDR:1,A:DDR:1,RDKit,28,5.190364269490148,6,4.9207273683199855,NA,NA,1,2,hydrogen_bonds=1,hydrogen_bonds=2,0.6363636363636364,0.6363636363636364,0.6363636363636364,0.4666666666666667,7,11,11,0.0,0.0,0.0,0.0,0,1,2
2Z9Y,vina_pose,11,A:DDR:1,A:DDR:1,RDKit,28,5.682250921572743,6,4.813330257385905,NA,NA,1,4,hydrogen_bonds=1,hydrogen_bonds=4,0.7777777777777778,0.6363636363636364,0.7000000000000001,0.5384615384615384,7,11,9,0.25,1.0,0.4,0.25,1,1,4
2Z9Y,vina_pose,12,A:DDR:1,A:DDR:1,RDKit,28,3.248096129163315,6,3.9996074807410786,NA,NA,1,3,hydrogen_bonds=1,hydrogen_bonds=3,0.5,0.45454545454545453,0.47619047619047616,0.3125,5,11,10,0.3333333333333333,1.0,0.5,0.3333333333333333,1,1,3
2Z9Y,vina_pose,13,A:DDR:1,A:DDR:1,RDKit,28,8.368233274882886,6,8.27404037738919,NA,NA,1,1,hydrogen_bonds=1,hydrogen_bonds=1,0.25,0.18181818181818182,0.2105263157894737,0.11764705882352941,2,11,8,0.0,0.0,0.0,0.0,0,1,1
2Z9Y,vina_pose,14,A:DDR:1,A:DDR:1,RDKit,28,6.0584394059620905,6,6.396466250985775,NA,NA,1,1,hydrogen_bonds=1,hydrogen_bonds=1,0.2727272727272727,0.2727272727272727,0.2727272727272727,0.15789473684210525,3,11,11,1.0,1.0,1.0,1.0,1,1,1
2Z9Y,vina_pose,15,A:DDR:1,A:DDR:1,RDKit,28,6.838231107426205,6,7.325419282653155,NA,NA,1,1,hydrogen_bonds=1,hydrogen_bonds=1,0.2727272727272727,0.2727272727272727,0.2727272727272727,0.15789473684210525,3,11,11,1.0,1.0,1.0,1.0,1,1,1
2Z9Y,vina_pose,16,A:DDR:1,A:DDR:1,RDKit,28,7.683263750330511,6,8.160891056332838,NA,NA,1,1,hydrogen_bonds=1,hydrogen_bonds=1,0.2,0.18181818181818182,0.1904761904761905,0.10526315789473684,2,11,10,0.0,0.0,0.0,0.0,0,1,1
2Z9Y,vina_pose,17,A:DDR:1,A:DDR:1,RDKit,28,7.015252408655219,6,6.138527822966458,NA,NA,1,3,hydrogen_bonds=1,hydrogen_bonds=3,0.3333333333333333,0.18181818181818182,0.23529411764705885,0.13333333333333333,2,11,6,0.0,0.0,0.0,0.0,0,1,3
2Z9Y,vina_pose,18,A:DDR:1,A:DDR:1,RDKit,28,8.040616607485488,6,7.123863967913294,NA,NA,1,2,hydrogen_bonds=1,hydrogen_bonds=2,0.16666666666666666,0.09090909090909091,0.11764705882352942,0.0625,1,11,6,0.0,0.0,0.0,0.0,0,1,2
2Z9Y,vina_pose,19,A:DDR:1,A:DDR:1,RDKit,28,5.967116930669762,6,7.135900328620068,NA,NA,1,1,hydrogen_bonds=1,hydrogen_bonds=1,0.2857142857142857,0.18181818181818182,0.2222222222222222,0.125,2,11,7,0.0,0.0,0.0,0.0,0,1,1
2Z9Y,vina_pose,20,A:DDR:1,A:DDR:1,RDKit,28,7.033492964787431,6,7.328346004840838,NA,NA,1,2,hydrogen_bonds=1,hydrogen_bonds=2,0.3,0.2727272727272727,0.28571428571428564,0.16666666666666666,3,11,10,0.0,0.0,0.0,0.0,0,1,2
2Z9Z,boltz,1,A:DDR:1,B:DDR:1,RDKit,28,7.792997190040367,6,6.292498424325049,235,0.9098234814419893,3,1,hydrogen_bonds=3,hydrogen_bonds=1,0.6,0.46153846153846156,0.5217391304347826,0.35294117647058826,6,13,10,0.0,0.0,0.0,0.0,0,3,1
2Z9Z,vina_pose,1,A:DDR:1,A:DDR:1,RDKit,28,4.417955563056612,6,3.1448057703669607,NA,NA,3,2,hydrogen_bonds=3,hydrogen_bonds=2,1.0,0.8461538461538461,0.9166666666666666,0.8461538461538461,11,13,11,1.0,0.6666666666666666,0.8,0.6666666666666666,2,3,2
2Z9Z,vina_pose,2,A:DDR:1,A:DDR:1,RDKit,28,4.524865984597934,6,4.352293475858447,NA,NA,3,3,hydrogen_bonds=3,hydrogen_bonds=3,0.9,0.6923076923076923,0.7826086956521738,0.6428571428571429,9,13,10,0.6666666666666666,0.6666666666666666,0.6666666666666666,0.5,2,3,3
2Z9Z,vina_pose,3,A:DDR:1,A:DDR:1,RDKit,28,7.000850448338403,6,5.702305776321247,NA,NA,3,2,hydrogen_bonds=3,hydrogen_bonds=2,0.7,0.5384615384615384,0.608695652173913,0.4375,7,13,10,0.5,0.3333333333333333,0.4,0.25,1,3,2
2Z9Z,vina_pose,4,A:DDR:1,A:DDR:1,RDKit,28,2.1506612023149665,6,2.080440938839648,NA,NA,3,2,hydrogen_bonds=3,hydrogen_bonds=2,0.9090909090909091,0.7692307692307693,0.8333333333333333,0.7142857142857143,10,13,11,1.0,0.6666666666666666,0.8,0.6666666666666666,2,3,2
2Z9Z,vina_pose,5,A:DDR:1,A:DDR:1,RDKit,28,7.274756898245565,6,6.276169147391317,NA,NA,3,3,hydrogen_bonds=3,hydrogen_bonds=3,0.4444444444444444,0.3076923076923077,0.3636363636363637,0.2222222222222222,4,13,9,0.3333333333333333,0.3333333333333333,0.3333333333333333,0.2,1,3,3
2Z9Z,vina_pose,6,A:DDR:1,A:DDR:1,RDKit,28,6.209616628953145,6,5.297589640581837,NA,NA,3,2,hydrogen_bonds=3,hydrogen_bonds=2,0.6,0.46153846153846156,0.5217391304347826,0.35294117647058826,6,13,10,0.5,0.3333333333333333,0.4,0.25,1,3,2
2Z9Z,vina_pose,7,A:DDR:1,A:DDR:1,RDKit,28,7.032328549024752,6,5.253001633986674,NA,NA,3,2,hydrogen_bonds=3,hydrogen_bonds=2,0.5555555555555556,0.38461538461538464,0.4545454545454546,0.29411764705882354,5,13,9,0.5,0.3333333333333333,0.4,0.25,1,3,2
2Z9Z,vina_pose,8,A:DDR:1,A:DDR:1,RDKit,28,1.5953876376246978,6,1.7280729151282939,NA,NA,3,3,hydrogen_bonds=3,hydrogen_bonds=3,1.0,0.8461538461538461,0.9166666666666666,0.8461538461538461,11,13,11,0.6666666666666666,0.6666666666666666,0.6666666666666666,0.5,2,3,3
2Z9Z,vina_pose,9,A:DDR:1,A:DDR:1,RDKit,28,6.462859978921318,6,6.43815175341495,NA,NA,3,3,hydrogen_bonds=3,hydrogen_bonds=3,0.4444444444444444,0.3076923076923077,0.3636363636363637,0.2222222222222222,4,13,9,0.3333333333333333,0.3333333333333333,0.3333333333333333,0.2,1,3,3
2Z9Z,vina_pose,10,A:DDR:1,A:DDR:1,RDKit,28,7.422094700958753,6,6.40366510939894,NA,NA,3,2,hydrogen_bonds=3,hydrogen_bonds=2,0.5,0.38461538461538464,0.4347826086956522,0.2777777777777778,5,13,10,0.0,0.0,0.0,0.0,0,3,2
2Z9Z,vina_pose,11,A:DDR:1,A:DDR:1,RDKit,28,6.926884472834811,6,5.4609463770790985,NA,NA,3,3,hydrogen_bonds=3,hydrogen_bonds=3,0.5714285714285714,0.3076923076923077,0.4,0.25,4,13,7,0.3333333333333333,0.3333333333333333,0.3333333333333333,0.2,1,3,3
2Z9Z,vina_pose,12,A:DDR:1,A:DDR:1,RDKit,28,7.283762123969414,6,6.514560345871392,NA,NA,3,1,hydrogen_bonds=3,hydrogen_bonds=1,0.5555555555555556,0.38461538461538464,0.4545454545454546,0.29411764705882354,5,13,9,1.0,0.3333333333333333,0.5,0.3333333333333333,1,3,1
2Z9Z,vina_pose,13,A:DDR:1,A:DDR:1,RDKit,28,7.192378647369927,6,6.266464566776602,NA,NA,3,2,hydrogen_bonds=3,hydrogen_bonds=2,0.5555555555555556,0.38461538461538464,0.4545454545454546,0.29411764705882354,5,13,9,0.5,0.3333333333333333,0.4,0.25,1,3,2
2Z9Z,vina_pose,14,A:DDR:1,A:DDR:1,RDKit,28,7.271511208132736,6,5.993542886584972,NA,NA,3,1,hydrogen_bonds=3,hydrogen_bonds=1,0.6666666666666666,0.46153846153846156,0.5454545454545455,0.375,6,13,9,1.0,0.3333333333333333,0.5,0.3333333333333333,1,3,1
2Z9Z,vina_pose,15,A:DDR:1,A:DDR:1,RDKit,28,5.701719549524386,6,4.320226961630604,NA,NA,3,2,hydrogen_bonds=3,hydrogen_bonds=2,0.7777777777777778,0.5384615384615384,0.6363636363636364,0.4666666666666667,7,13,9,0.5,0.3333333333333333,0.4,0.25,1,3,2
2Z9Z,vina_pose,16,A:DDR:1,A:DDR:1,RDKit,28,8.038797955629223,6,7.087913938529445,NA,NA,3,2,hydrogen_bonds=3,hydrogen_bonds=2,0.3333333333333333,0.23076923076923078,0.27272727272727276,0.15789473684210525,3,13,9,0.5,0.3333333333333333,0.4,0.25,1,3,2
2Z9Z,vina_pose,17,A:DDR:1,A:DDR:1,RDKit,28,3.6258332589114697,6,4.176609170926418,NA,NA,3,2,hydrogen_bonds=3,hydrogen_bonds=2,0.6666666666666666,0.46153846153846156,0.5454545454545455,0.375,6,13,9,0.5,0.3333333333333333,0.4,0.25,1,3,2
2Z9Z,vina_pose,18,A:DDR:1,A:DDR:1,RDKit,28,6.9155887984011475,6,7.1549572558704595,NA,NA,3,2,hydrogen_bonds=3,hydrogen_bonds=2,0.3,0.23076923076923078,0.2608695652173913,0.15,3,13,10,0.5,0.3333333333333333,0.4,0.25,1,3,2
2Z9Z,vina_pose,19,A:DDR:1,A:DDR:1,RDKit,28,5.732736363577669,6,5.762049591942089,NA,NA,3,2,hydrogen_bonds=3,hydrogen_bonds=2,0.7272727272727273,0.6153846153846154,0.6666666666666667,0.5,8,13,11,0.5,0.3333333333333333,0.4,0.25,1,3,2
2Z9Z,vina_pose,20,A:DDR:1,A:DDR:1,RDKit,28,8.23429531853559,6,8.24087765350269,NA,NA,3,2,hydrogen_bonds=3,hydrogen_bonds=2,0.2222222222222222,0.15384615384615385,0.18181818181818185,0.1,2,13,9,0.0,0.0,0.0,0.0,0,3,2
3AKN,boltz,1,A:11D:132,B:11D:1,RDKit,30,4.034351022832425,6,3.556415145374122,130,0.3711139442981584,0,0,none=0,none=0,0.75,0.8571428571428571,0.7999999999999999,0.6666666666666666,6,7,8,NA,NA,NA,NA,0,0,0
3AKN,vina_pose,1,A:11D:132,L:UNL:1,RDKit,30,1.5282805588852681,6,1.6774433423119444,NA,NA,0,0,none=0,none=0,0.875,1.0,0.9333333333333333,0.875,7,7,8,NA,NA,NA,NA,0,0,0
3AKN,vina_pose,2,A:11D:132,L:UNL:1,RDKit,30,4.768701821949729,6,5.512294183610547,NA,NA,0,0,none=0,none=0,0.42857142857142855,0.42857142857142855,0.42857142857142855,0.2727272727272727,3,7,7,NA,NA,NA,NA,0,0,0
3AKN,vina_pose,3,A:11D:132,L:UNL:1,RDKit,30,4.759611111565033,6,6.217886899904179,NA,NA,0,0,none=0,none=0,0.25,0.2857142857142857,0.26666666666666666,0.15384615384615385,2,7,8,NA,NA,NA,NA,0,0,0
3AKN,vina_pose,4,A:11D:132,L:UNL:1,RDKit,30,5.758240060990858,6,5.880336356592764,NA,NA,0,0,none=0,none=0,0.42857142857142855,0.42857142857142855,0.42857142857142855,0.2727272727272727,3,7,7,NA,NA,NA,NA,0,0,0
3AKN,vina_pose,5,A:11D:132,L:UNL:1,RDKit,30,4.2621976334593725,6,3.5927990480960665,NA,NA,0,0,none=0,none=0,0.7777777777777778,1.0,0.8750000000000001,0.7777777777777778,7,7,9,NA,NA,NA,NA,0,0,0
3AKN,vina_pose,6,A:11D:132,L:UNL:1,RDKit,30,10.079783435173596,6,14.63982112254108,NA,NA,0,0,none=0,none=0,0.0,0.0,0.0,0.0,0,7,10,NA,NA,NA,NA,0,0,0
3AKN,vina_pose,7,A:11D:132,L:UNL:1,RDKit,30,9.74746460880982,6,12.518270767162692,NA,NA,0,0,none=0,none=0,0.0,0.0,0.0,0.0,0,7,9,NA,NA,NA,NA,0,0,0
3AKN,vina_pose,8,A:11D:132,L:UNL:1,RDKit,30,9.787307857628674,6,11.967363703004935,NA,NA,0,0,none=0,none=0,0.0,0.0,0.0,0.0,0,7,10,NA,NA,NA,NA,0,0,0
3AKN,vina_pose,9,A:11D:132,L:UNL:1,RDKit,30,5.232724535714322,6,3.761438665369054,NA,NA,0,0,none=0,none=0,0.7777777777777778,1.0,0.8750000000000001,0.7777777777777778,7,7,9,NA,NA,NA,NA,0,0,0
3AKN,vina_pose,10,A:11D:132,L:UNL:1,RDKit,30,3.828251885652249,6,3.208563048053339,NA,NA,0,0,none=0,none=0,0.7777777777777778,1.0,0.8750000000000001,0.7777777777777778,7,7,9,NA,NA,NA,NA,0,0,0
3AKN,vina_pose,11,A:11D:132,L:UNL:1,RDKit,30,4.583978181303513,6,0.42245039156489594,NA,NA,0,0,none=0,none=0,1.0,1.0,1.0,1.0,7,7,7,NA,NA,NA,NA,0,0,0
3AKN,vina_pose,12,A:11D:132,L:UNL:1,RDKit,30,4.019408812250876,6,0.300102482495564,NA,NA,0,0,none=0,none=0,1.0,1.0,1.0,1.0,7,7,7,NA,NA,NA,NA,0,0,0
3AKN,vina_pose,13,A:11D:132,L:UNL:1,RDKit,30,10.977372068638893,6,14.788322701825699,NA,NA,0,0,none=0,none=0,0.0,0.0,0.0,0.0,0,7,10,NA,NA,NA,NA,0,0,0
3AKN,vina_pose,14,A:11D:132,L:UNL:1,RDKit,30,2.13801912994248,6,0.501317431042116,NA,NA,0,0,none=0,none=0,1.0,1.0,1.0,1.0,7,7,7,NA,NA,NA,NA,0,0,0
3AKN,vina_pose,15,A:11D:132,L:UNL:1,RDKit,30,10.643587164736019,6,14.724393134070642,NA,NA,0,0,none=0,none=0,0.0,0.0,0.0,0.0,0,7,10,NA,NA,NA,NA,0,0,0
3AKN,vina_pose,16,A:11D:132,L:UNL:1,RDKit,30,4.915258097665541,6,7.329452787668849,NA,NA,0,0,none=0,none=0,0.16666666666666666,0.2857142857142857,0.2105263157894737,0.11764705882352941,2,7,12,NA,NA,NA,NA,0,0,0
3AKN,vina_pose,17,A:11D:132,L:UNL:1,RDKit,30,2.3171385730393137,6,1.5065757531568074,NA,NA,0,0,none=0,none=0,0.875,1.0,0.9333333333333333,0.875,7,7,8,NA,NA,NA,NA,0,0,0
3AKN,vina_pose,18,A:11D:132,L:UNL:1,RDKit,30,10.686270128846017,6,14.26540279253738,NA,NA,0,0,none=0,none=0,0.0,0.0,0.0,0.0,0,7,9,NA,NA,NA,NA,0,0,0
3AKN,vina_pose,19,A:11D:132,L:UNL:1,RDKit,30,10.525242519771218,6,12.34153256960685,NA,NA,0,0,none=0,none=0,0.0,0.0,0.0,0.0,0,7,10,NA,NA,NA,NA,0,0,0
3AKN,vina_pose,20,A:11D:132,L:UNL:1,RDKit,30,10.437951264496306,6,12.567298025696163,NA,NA,0,0,none=0,none=0,0.0,0.0,0.0,0.0,0,7,10,NA,NA,NA,NA,0,0,0
3BFH,boltz,1,A:PLM:121,B:PLM:1,RDKit,18,8.56513998699273,3,10.91036426426922,116,0.4629593991705801,0,0,none=0,none=0,0.0,0.0,0.0,0.0,0,4,6,NA,NA,NA,NA,0,0,0
3BFH,vina_pose,1,A:PLM:121,L:UNL:1,RDKit,18,8.31325499829439,3,9.946716359348613,NA,NA,0,1,none=0,hydrogen_bonds=1,0.0,0.0,0.0,0.0,0,4,5,NA,NA,NA,NA,0,0,1
3BFH,vina_pose,2,A:PLM:121,L:UNL:1,RDKit,18,9.235665782413548,3,14.708055921840925,NA,NA,0,1,none=0,hydrogen_bonds=1,0.0,0.0,0.0,0.0,0,4,7,NA,NA,NA,NA,0,0,1
3BFH,vina_pose,3,A:PLM:121,L:UNL:1,RDKit,18,8.686675169476523,3,9.727732863656705,NA,NA,0,1,none=0,hydrogen_bonds=1,0.0,0.0,0.0,0.0,0,4,5,NA,NA,NA,NA,0,0,1
3BFH,vina_pose,4,A:PLM:121,L:UNL:1,RDKit,18,8.247607989929902,3,9.724590702612286,NA,NA,0,1,none=0,hydrogen_bonds=1,0.0,0.0,0.0,0.0,0,4,5,NA,NA,NA,NA,0,0,1
3BFH,vina_pose,5,A:PLM:121,L:UNL:1,RDKit,18,9.05109755775508,3,14.605120791466714,NA,NA,0,1,none=0,hydrogen_bonds=1,0.0,0.0,0.0,0.0,0,4,6,NA,NA,NA,NA,0,0,1
3BFH,vina_pose,6,A:PLM:121,L:UNL:1,RDKit,18,3.3575576027159317,3,6.426561211098824,NA,NA,0,0,none=0,none=0,0.3333333333333333,0.5,0.4,0.25,2,4,6,NA,NA,NA,NA,0,0,0
3BFH,vina_pose,7,A:PLM:121,L:UNL:1,RDKit,18,3.4271749055648346,3,6.273722260349114,NA,NA,0,0,none=0,none=0,0.16666666666666666,0.25,0.2,0.1111111111111111,1,4,6,NA,NA,NA,NA,0,0,0
3BFH,vina_pose,8,A:PLM:121,L:UNL:1,RDKit,18,9.287864148685877,3,14.378967220678032,NA,NA,0,0,none=0,none=0,0.0,0.0,0.0,0.0,0,4,4,NA,NA,NA,NA,0,0,0
3BFH,vina_pose,9,A:PLM:121,L:UNL:1,RDKit,18,8.883542799281527,3,15.345772577488562,NA,NA,0,2,none=0,hydrogen_bonds=2,0.0,0.0,0.0,0.0,0,4,7,NA,NA,NA,NA,0,0,2
3BFH,vina_pose,10,A:PLM:121,L:UNL:1,RDKit,18,8.839065225212197,3,12.799829191568666,NA,NA,0,1,none=0,hydrogen_bonds=1,0.0,0.0,0.0,0.0,0,4,4,NA,NA,NA,NA,0,0,1
3BFH,vina_pose,11,A:PLM:121,L:UNL:1,RDKit,18,8.428039399000879,3,8.45528657113406,NA,NA,0,1,none=0,hydrogen_bonds=1,0.0,0.0,0.0,0.0,0,4,5,NA,NA,NA,NA,0,0,1
3BFH,vina_pose,12,A:PLM:121,L:UNL:1,RDKit,18,6.838885861990485,3,7.562561426747774,NA,NA,0,0,none=0,none=0,0.16666666666666666,0.25,0.2,0.1111111111111111,1,4,6,NA,NA,NA,NA,0,0,0
3BFH,vina_pose,13,A:PLM:121,L:UNL:1,RDKit,18,8.601919204456642,3,11.804469676073268,NA,NA,0,1,none=0,hydrogen_bonds=1,0.0,0.0,0.0,0.0,0,4,6,NA,NA,NA,NA,0,0,1
3BFH,vina_pose,14,A:PLM:121,L:UNL:1,RDKit,18,6.707428059000459,3,6.23732274297234,NA,NA,0,0,none=0,none=0,0.3333333333333333,0.5,0.4,0.25,2,4,6,NA,NA,NA,NA,0,0,0
3BFH,vina_pose,15,A:PLM:121,L:UNL:1,RDKit,18,9.30765758215603,3,15.18992175753384,NA,NA,0,1,none=0,hydrogen_bonds=1,0.0,0.0,0.0,0.0,0,4,6,NA,NA,NA,NA,0,0,1
3BFH,vina_pose,16,A:PLM:121,L:UNL:1,RDKit,18,8.657868479661209,3,9.824073849478129,NA,NA,0,1,none=0,hydrogen_bonds=1,0.0,0.0,0.0,0.0,0,4,4,NA,NA,NA,NA,0,0,1
3BFH,vina_pose,17,A:PLM:121,L:UNL:1,RDKit,18,8.808818100819959,3,13.399914029574965,NA,NA,0,0,none=0,none=0,0.0,0.0,0.0,0.0,0,4,6,NA,NA,NA,NA,0,0,0
3BFH,vina_pose,18,A:PLM:121,L:UNL:1,RDKit,18,6.883250177060252,3,7.035986284807554,NA,NA,0,0,none=0,none=0,0.3333333333333333,0.5,0.4,0.25,2,4,6,NA,NA,NA,NA,0,0,0
3BFH,vina_pose,19,A:PLM:121,L:UNL:1,RDKit,18,8.289046597769856,3,11.897220641813783,NA,NA,0,0,none=0,none=0,0.0,0.0,0.0,0.0,0,4,5,NA,NA,NA,NA,0,0,0
3BFH,vina_pose,20,A:PLM:121,L:UNL:1,RDKit,18,7.7193201593289436,3,9.89792555707171,NA,NA,0,2,none=0,hydrogen_bonds=2,0.0,0.0,0.0,0.0,0,4,4,NA,NA,NA,NA,0,0,2
3BKR,boltz,1,A:PLM:300,B:PLM:1,RDKit,18,10.386840201794827,3,16.83943231932134,119,1.3049287894194004,3,0,hydrogen_bonds=3,none=0,0.0,0.0,0.0,0.0,0,6,2,0.0,0.0,0.0,0.0,0,3,0
3BKR,vina_pose,1,A:PLM:300,L:UNL:1,RDKit,18,4.073642971046377,3,7.361083049841692,NA,NA,3,1,hydrogen_bonds=3,hydrogen_bonds=1,0.3333333333333333,0.3333333333333333,0.3333333333333333,0.2,2,6,6,0.0,0.0,0.0,0.0,0,3,1
3BKR,vina_pose,2,A:PLM:300,L:UNL:1,RDKit,18,8.63472637088171,3,14.134345073849962,NA,NA,3,0,hydrogen_bonds=3,none=0,0.0,0.0,0.0,0.0,0,6,7,0.0,0.0,0.0,0.0,0,3,0
3BKR,vina_pose,3,A:PLM:300,L:UNL:1,RDKit,18,3.495610286885221,3,5.297493117818403,NA,NA,3,0,hydrogen_bonds=3,none=0,0.5,0.5,0.5,0.3333333333333333,3,6,6,0.0,0.0,0.0,0.0,0,3,0
3BKR,vina_pose,4,A:PLM:300,L:UNL:1,RDKit,18,2.619449974072165,3,3.6503624477577574,NA,NA,3,2,hydrogen_bonds=3,hydrogen_bonds=2,0.6666666666666666,0.6666666666666666,0.6666666666666666,0.5,4,6,6,1.0,0.6666666666666666,0.8,0.6666666666666666,2,3,2
3BKR,vina_pose,5,A:PLM:300,L:UNL:1,RDKit,18,9.087576192558473,3,15.234549047039978,NA,NA,3,0,hydrogen_bonds=3,none=0,0.0,0.0,0.0,0.0,0,6,8,0.0,0.0,0.0,0.0,0,3,0
3BKR,vina_pose,6,A:PLM:300,L:UNL:1,RDKit,18,4.588962343372289,3,5.952461675643113,NA,NA,3,0,hydrogen_bonds=3,none=0,0.5714285714285714,0.6666666666666666,0.6153846153846153,0.4444444444444444,4,6,7,0.0,0.0,0.0,0.0,0,3,0
3BKR,vina_pose,7,A:PLM:300,L:UNL:1,RDKit,18,2.1078714909173715,3,1.0984754586850514,NA,NA,3,3,hydrogen_bonds=3,hydrogen_bonds=3,0.8333333333333334,0.8333333333333334,0.8333333333333334,0.7142857142857143,5,6,6,1.0,1.0,1.0,1.0,3,3,3
3BKR,vina_pose,8,A:PLM:300,L:UNL:1,RDKit,18,1.320847392143897,3,1.7186100973364118,NA,NA,3,3,hydrogen_bonds=3,hydrogen_bonds=3,0.8333333333333334,0.8333333333333334,0.8333333333333334,0.7142857142857143,5,6,6,1.0,1.0,1.0,1.0,3,3,3
3BKR,vina_pose,9,A:PLM:300,L:UNL:1,RDKit,18,9.193556037307388,3,14.475004571098875,NA,NA,3,0,hydrogen_bonds=3,none=0,0.0,0.0,0.0,0.0,0,6,7,0.0,0.0,0.0,0.0,0,3,0
3BKR,vina_pose,10,A:PLM:300,L:UNL:1,RDKit,18,1.6942839687214968,3,2.379232859557886,NA,NA,3,3,hydrogen_bonds=3,hydrogen_bonds=3,1.0,0.8333333333333334,0.9090909090909091,0.8333333333333334,5,6,5,0.6666666666666666,0.6666666666666666,0.6666666666666666,0.5,2,3,3
3BKR,vina_pose,11,A:PLM:300,L:UNL:1,RDKit,18,3.385451250079768,3,1.7930853298156217,NA,NA,3,3,hydrogen_bonds=3,hydrogen_bonds=3,0.8333333333333334,0.8333333333333334,0.8333333333333334,0.7142857142857143,5,6,6,1.0,1.0,1.0,1.0,3,3,3
3BKR,vina_pose,12,A:PLM:300,L:UNL:1,RDKit,18,9.567216926683654,3,15.714986180925093,NA,NA,3,1,hydrogen_bonds=3,hydrogen_bonds=1,0.0,0.0,0.0,0.0,0,6,6,0.0,0.0,0.0,0.0,0,3,1
3BKR,vina_pose,13,A:PLM:300,L:UNL:1,RDKit,18,5.033693607415269,3,6.273880006290632,NA,NA,3,1,hydrogen_bonds=3,hydrogen_bonds=1,0.3333333333333333,0.3333333333333333,0.3333333333333333,0.2,2,6,6,0.0,0.0,0.0,0.0,0,3,1
3BKR,vina_pose,14,A:PLM:300,L:UNL:1,RDKit,18,8.846132299862278,3,12.227339871506532,NA,NA,3,0,hydrogen_bonds=3,none=0,0.0,0.0,0.0,0.0,0,6,7,0.0,0.0,0.0,0.0,0,3,0
3BKR,vina_pose,15,A:PLM:300,L:UNL:1,RDKit,18,1.8848792033207618,3,1.7529336363175105,NA,NA,3,3,hydrogen_bonds=3,hydrogen_bonds=3,0.8333333333333334,0.8333333333333334,0.8333333333333334,0.7142857142857143,5,6,6,1.0,1.0,1.0,1.0,3,3,3
3BKR,vina_pose,16,A:PLM:300,L:UNL:1,RDKit,18,4.690268909608963,3,1.852949810437401,NA,NA,3,4,hydrogen_bonds=3,hydrogen_bonds=4,0.8333333333333334,0.8333333333333334,0.8333333333333334,0.7142857142857143,5,6,6,0.75,1.0,0.8571428571428571,0.75,3,3,4
3BKR,vina_pose,17,A:PLM:300,L:UNL:1,RDKit,18,9.587577312450849,3,13.355944955961247,NA,NA,3,0,hydrogen_bonds=3,none=0,0.0,0.0,0.0,0.0,0,6,6,0.0,0.0,0.0,0.0,0,3,0
3BKR,vina_pose,18,A:PLM:300,L:UNL:1,RDKit,18,5.411061084071733,3,1.5580950976539696,NA,NA,3,4,hydrogen_bonds=3,hydrogen_bonds=4,0.8333333333333334,0.8333333333333334,0.8333333333333334,0.7142857142857143,5,6,6,0.75,1.0,0.8571428571428571,0.75,3,3,4
3BKR,vina_pose,19,A:PLM:300,L:UNL:1,RDKit,18,9.369622617800571,3,11.585883162999128,NA,NA,3,0,hydrogen_bonds=3,none=0,0.0,0.0,0.0,0.0,0,6,5,0.0,0.0,0.0,0.0,0,3,0
3BKR,vina_pose,20,A:PLM:300,L:UNL:1,RDKit,18,9.356783641354069,3,9.89871894068453,NA,NA,3,3,hydrogen_bonds=3,hydrogen_bonds=3,0.14285714285714285,0.16666666666666666,0.15384615384615383,0.08333333333333333,1,6,7,0.0,0.0,0.0,0.0,0,3,3
3BKS,boltz,1,A:PLM:400,B:PLM:1,RDKit,18,2.3016949855829587,3,4.112533154372324,119,0.9833651118633654,3,1,hydrogen_bonds=3,hydrogen_bonds=1,1.0,0.8,0.888888888888889,0.8,4,5,4,0.0,0.0,0.0,0.0,0,3,1
3BKS,vina_pose,1,A:PLM:400,L:UNL:1,RDKit,18,9.079963901054036,3,15.909725568552924,NA,NA,3,1,hydrogen_bonds=3,hydrogen_bonds=1,0.0,0.0,0.0,0.0,0,5,7,0.0,0.0,0.0,0.0,0,3,1
3BKS,vina_pose,2,A:PLM:400,L:UNL:1,RDKit,18,4.362066654694768,3,5.9813051251378235,NA,NA,3,0,hydrogen_bonds=3,none=0,0.2857142857142857,0.4,0.3333333333333333,0.2,2,5,7,0.0,0.0,0.0,0.0,0,3,0
3BKS,vina_pose,3,A:PLM:400,L:UNL:1,RDKit,18,3.5795898120067084,3,5.151461993130365,NA,NA,3,0,hydrogen_bonds=3,none=0,0.3333333333333333,0.4,0.3636363636363636,0.2222222222222222,2,5,6,0.0,0.0,0.0,0.0,0,3,0
3BKS,vina_pose,4,A:PLM:400,L:UNL:1,RDKit,18,8.540865331517123,3,14.073594695978233,NA,NA,3,0,hydrogen_bonds=3,none=0,0.0,0.0,0.0,0.0,0,5,7,0.0,0.0,0.0,0.0,0,3,0
3BKS,vina_pose,5,A:PLM:400,L:UNL:1,RDKit,18,2.6916678637768237,3,3.968679755283866,NA,NA,3,1,hydrogen_bonds=3,hydrogen_bonds=1,0.5,0.6,0.5454545454545454,0.375,3,5,6,1.0,0.3333333333333333,0.5,0.3333333333333333,1,3,1
3BKS,vina_pose,6,A:PLM:400,L:UNL:1,RDKit,18,9.0082760528552,3,14.622214332993481,NA,NA,3,0,hydrogen_bonds=3,none=0,0.0,0.0,0.0,0.0,0,5,6,0.0,0.0,0.0,0.0,0,3,0
3BKS,vina_pose,7,A:PLM:400,L:UNL:1,RDKit,18,2.2152226499584393,3,3.44083303866956,NA,NA,3,2,hydrogen_bonds=3,hydrogen_bonds=2,0.6666666666666666,0.8,0.7272727272727272,0.5714285714285714,4,5,6,1.0,0.6666666666666666,0.8,0.6666666666666666,2,3,2
3BKS,vina_pose,8,A:PLM:400,L:UNL:1,RDKit,18,8.871574722424173,3,15.288523353592174,NA,NA,3,1,hydrogen_bonds=3,hydrogen_bonds=1,0.0,0.0,0.0,0.0,0,5,6,0.0,0.0,0.0,0.0,0,3,1
3BKS,vina_pose,9,A:PLM:400,L:UNL:1,RDKit,18,1.9814206463489217,3,1.1191425289032675,NA,NA,3,3,hydrogen_bonds=3,hydrogen_bonds=3,0.8333333333333334,1.0,0.9090909090909091,0.8333333333333334,5,5,6,1.0,1.0,1.0,1.0,3,3,3
3BKS,vina_pose,10,A:PLM:400,L:UNL:1,RDKit,18,8.743874414570337,3,13.939901374591335,NA,NA,3,0,hydrogen_bonds=3,none=0,0.0,0.0,0.0,0.0,0,5,7,0.0,0.0,0.0,0.0,0,3,0
3BKS,vina_pose,11,A:PLM:400,L:UNL:1,RDKit,18,9.023631613712963,3,13.760271436276248,NA,NA,3,0,hydrogen_bonds=3,none=0,0.0,0.0,0.0,0.0,0,5,6,0.0,0.0,0.0,0.0,0,3,0
3BKS,vina_pose,12,A:PLM:400,L:UNL:1,RDKit,18,8.719001911533987,3,14.115547362158273,NA,NA,3,2,hydrogen_bonds=3,hydrogen_bonds=2,0.0,0.0,0.0,0.0,0,5,7,0.0,0.0,0.0,0.0,0,3,2
3BKS,vina_pose,13,A:PLM:400,L:UNL:1,RDKit,18,9.030881856779608,3,13.98421306330821,NA,NA,3,0,hydrogen_bonds=3,none=0,0.0,0.0,0.0,0.0,0,5,8,0.0,0.0,0.0,0.0,0,3,0
3BKS,vina_pose,14,A:PLM:400,L:UNL:1,RDKit,18,8.564723223133885,3,12.327317172307472,NA,NA,3,0,hydrogen_bonds=3,none=0,0.0,0.0,0.0,0.0,0,5,5,0.0,0.0,0.0,0.0,0,3,0
3BKS,vina_pose,15,A:PLM:400,L:UNL:1,RDKit,18,8.871300011209682,3,11.935267864610328,NA,NA,3,0,hydrogen_bonds=3,none=0,0.0,0.0,0.0,0.0,0,5,5,0.0,0.0,0.0,0.0,0,3,0
3BKS,vina_pose,16,A:PLM:400,L:UNL:1,RDKit,18,2.7551048981844595,3,3.0370362746159847,NA,NA,3,2,hydrogen_bonds=3,hydrogen_bonds=2,0.75,0.6,0.6666666666666665,0.5,3,5,4,0.5,0.3333333333333333,0.4,0.25,1,3,2
3BKS,vina_pose,17,A:PLM:400,L:UNL:1,RDKit,18,8.25492489029697,3,11.574105004995705,NA,NA,3,1,hydrogen_bonds=3,hydrogen_bonds=1,0.0,0.0,0.0,0.0,0,5,6,0.0,0.0,0.0,0.0,0,3,1
3BKS,vina_pose,18,A:PLM:400,L:UNL:1,RDKit,18,3.2164401561008065,3,2.5950007707127956,NA,NA,3,2,hydrogen_bonds=3,hydrogen_bonds=2,0.5,0.6,0.5454545454545454,0.375,3,5,6,1.0,0.6666666666666666,0.8,0.6666666666666666,2,3,2
3BKS,vina_pose,19,A:PLM:400,L:UNL:1,RDKit,18,1.820750074374112,3,2.885776787394803,NA,NA,3,0,hydrogen_bonds=3,none=0,0.6666666666666666,0.8,0.7272727272727272,0.5714285714285714,4,5,6,0.0,0.0,0.0,0.0,0,3,0
3BKS,vina_pose,20,A:PLM:400,L:UNL:1,RDKit,18,8.191042919623307,3,11.67315124548637,NA,NA,3,0,hydrogen_bonds=3,none=0,0.0,0.0,0.0,0.0,0,5,6,0.0,0.0,0.0,0.0,0,3,0
3FYS,boltz,1,A:PLM:501,B:PLM:1,RDKit,18,11.374648530900254,3,17.280539416961084,282,2.7815736858163906,2,1,hydrogen_bonds=2,hydrogen_bonds=1,0.0,0.0,0.0,0.0,0,10,12,0.0,0.0,0.0,0.0,0,2,1
3FYS,vina_pose,1,A:PLM:501,L:UNL:1,RDKit,18,0.8035549486846282,3,0.5362657923082554,NA,NA,2,4,hydrogen_bonds=2,hydrogen_bonds=4,1.0,1.0,1.0,1.0,10,10,10,0.5,1.0,0.6666666666666666,0.5,2,2,4
3FYS,vina_pose,2,A:PLM:501,L:UNL:1,RDKit,18,1.2542395438405431,3,1.7768913866637996,NA,NA,2,4,hydrogen_bonds=2,hydrogen_bonds=4,0.9,0.9,0.9,0.8181818181818182,9,10,10,0.5,1.0,0.6666666666666666,0.5,2,2,4
3FYS,vina_pose,3,A:PLM:501,L:UNL:1,RDKit,18,11.515180511925214,3,18.050762846299136,NA,NA,2,3,hydrogen_bonds=2,hydrogen_bonds=3,0.0,0.0,0.0,0.0,0,10,9,0.0,0.0,0.0,0.0,0,2,3
3FYS,vina_pose,4,A:PLM:501,L:UNL:1,RDKit,18,11.361785271494773,3,17.27828277539949,NA,NA,2,1,hydrogen_bonds=2,hydrogen_bonds=1,0.0,0.0,0.0,0.0,0,10,12,0.0,0.0,0.0,0.0,0,2,1
3FYS,vina_pose,5,A:PLM:501,L:UNL:1,RDKit,18,1.800332824168292,3,2.026760058155216,NA,NA,2,3,hydrogen_bonds=2,hydrogen_bonds=3,1.0,0.8,0.888888888888889,0.8,8,10,8,0.3333333333333333,0.5,0.4,0.25,1,2,3
3FYS,vina_pose,6,A:PLM:501,L:UNL:1,RDKit,18,2.8305436168104996,3,2.9900880143121764,NA,NA,2,3,hydrogen_bonds=2,hydrogen_bonds=3,1.0,0.8,0.888888888888889,0.8,8,10,8,0.3333333333333333,0.5,0.4,0.25,1,2,3
3FYS,vina_pose,7,A:PLM:501,L:UNL:1,RDKit,18,4.314308648104712,3,4.220449541616786,NA,NA,2,1,hydrogen_bonds=2,hydrogen_bonds=1,1.0,0.6,0.7499999999999999,0.6,6,10,6,0.0,0.0,0.0,0.0,0,2,1
3FYS,vina_pose,8,A:PLM:501,L:UNL:1,RDKit,18,5.455321000841493,3,4.785924396951266,NA,NA,2,1,hydrogen_bonds=2,hydrogen_bonds=1,1.0,0.1,0.18181818181818182,0.1,1,10,1,0.0,0.0,0.0,0.0,0,2,1
3FYS,vina_pose,9,A:PLM:501,L:UNL:1,RDKit,18,11.054647725429033,3,18.008498623335225,NA,NA,2,2,hydrogen_bonds=2,hydrogen_bonds=2,0.0,0.0,0.0,0.0,0,10,9,0.0,0.0,0.0,0.0,0,2,2
3FYS,vina_pose,10,A:PLM:501,L:UNL:1,RDKit,18,11.208332451053248,3,14.946938460210951,NA,NA,2,0,hydrogen_bonds=2,none=0,0.0,0.0,0.0,0.0,0,10,8,0.0,0.0,0.0,0.0,0,2,0
3FYS,vina_pose,11,A:PLM:501,L:UNL:1,RDKit,18,11.954138897376831,3,12.728882564205444,NA,NA,2,0,hydrogen_bonds=2,none=0,0.0,0.0,0.0,0.0,0,10,8,0.0,0.0,0.0,0.0,0,2,0
3FYS,vina_pose,12,A:PLM:501,L:UNL:1,RDKit,18,3.4536739053426055,3,2.0862167512828895,NA,NA,2,3,hydrogen_bonds=2,hydrogen_bonds=3,1.0,0.7,0.8235294117647058,0.7,7,10,7,0.3333333333333333,0.5,0.4,0.25,1,2,3
3GPE,boltz,1,A:PT5:600,B:PT5:1,RDKit_partial_pred,24,15.361783941046305,18,15.579076435573791,137,0.6679677168861682,14,4,attractive_charge=3;hydrogen_bonds=5;ionic=3;salt_bridge=3,attractive_charge=1;hydrogen_bonds=1;ionic=1;salt_bridge=1,0.0,0.0,0.0,0.0,0,8,3,0.0,0.0,0.0,0.0,0,14,4
3GPE,vina_pose,1,A:PT5:600,L:UNL:1,RDKit,24,5.324684634636434,18,5.586718451430639,NA,NA,14,4,attractive_charge=3;hydrogen_bonds=5;ionic=3;salt_bridge=3,attractive_charge=1;hydrogen_bonds=1;ionic=1;salt_bridge=1,1.0,0.5,0.6666666666666666,0.5,4,8,4,1.0,0.2857142857142857,0.4444444444444445,0.2857142857142857,4,14,4
3GPE,vina_pose,2,A:PT5:600,L:UNL:1,RDKit,24,4.389944874369153,18,4.46898319904353,NA,NA,14,9,attractive_charge=3;hydrogen_bonds=5;ionic=3;salt_bridge=3,attractive_charge=2;hydrogen_bonds=3;ionic=2;salt_bridge=2,0.5555555555555556,0.625,0.5882352941176471,0.4166666666666667,5,8,9,0.8888888888888888,0.5714285714285714,0.6956521739130435,0.5333333333333333,8,14,9
3GPE,vina_pose,3,A:PT5:600,L:UNL:1,RDKit,24,4.866815805363229,18,4.598262159652154,NA,NA,14,10,attractive_charge=3;hydrogen_bonds=5;ionic=3;salt_bridge=3,attractive_charge=2;hydrogen_bonds=4;ionic=2;salt_bridge=2,0.6,0.75,0.6666666666666665,0.5,6,8,10,0.9,0.6428571428571429,0.75,0.6,9,14,10
3GPE,vina_pose,4,A:PT5:600,L:UNL:1,RDKit,24,6.045018617285916,18,6.721098719703498,NA,NA,14,8,attractive_charge=3;hydrogen_bonds=5;ionic=3;salt_bridge=3,attractive_charge=2;hydrogen_bonds=2;ionic=2;salt_bridge=2,0.75,0.375,0.5,0.3333333333333333,3,8,4,0.875,0.5,0.6363636363636364,0.4666666666666667,7,14,8
3GPE,vina_pose,5,A:PT5:600,L:UNL:1,RDKit,24,2.4429360579706816,18,2.6284534743203403,NA,NA,14,5,attractive_charge=3;hydrogen_bonds=5;ionic=3;salt_bridge=3,attractive_charge=1;hydrogen_bonds=2;ionic=1;salt_bridge=1,1.0,1.0,1.0,1.0,8,8,8,1.0,0.35714285714285715,0.5263157894736842,0.35714285714285715,5,14,5
3GPE,vina_pose,6,A:PT5:600,L:UNL:1,RDKit,24,5.081498118173419,18,5.427284787687732,NA,NA,14,0,attractive_charge=3;hydrogen_bonds=5;ionic=3;salt_bridge=3,none=0,0.6666666666666666,0.5,0.5714285714285715,0.4,4,8,6,0.0,0.0,0.0,0.0,0,14,0
3GPE,vina_pose,7,A:PT5:600,L:UNL:1,RDKit,24,4.300281962654696,18,4.215426161400792,NA,NA,14,8,attractive_charge=3;hydrogen_bonds=5;ionic=3;salt_bridge=3,attractive_charge=1;hydrogen_bonds=5;ionic=1;salt_bridge=1,0.6363636363636364,0.875,0.7368421052631579,0.5833333333333334,7,8,11,0.75,0.42857142857142855,0.5454545454545454,0.375,6,14,8
3GPE,vina_pose,8,A:PT5:600,L:UNL:1,RDKit,24,4.168946364690564,18,4.6190855335950065,NA,NA,14,8,attractive_charge=3;hydrogen_bonds=5;ionic=3;salt_bridge=3,attractive_charge=2;hydrogen_bonds=2;ionic=2;salt_bridge=2,0.8333333333333334,0.625,0.7142857142857143,0.5555555555555556,5,8,6,1.0,0.5714285714285714,0.7272727272727273,0.5714285714285714,8,14,8
3GPE,vina_pose,9,A:PT5:600,L:UNL:1,RDKit,24,3.9701090455217143,18,3.948101484680117,NA,NA,14,8,attractive_charge=3;hydrogen_bonds=5;ionic=3;salt_bridge=3,attractive_charge=1;hydrogen_bonds=5;ionic=1;salt_bridge=1,0.6,0.75,0.6666666666666665,0.5,6,8,10,0.75,0.42857142857142855,0.5454545454545454,0.375,6,14,8
3GPE,vina_pose,10,A:PT5:600,L:UNL:1,RDKit,24,5.136376126057489,18,5.455477110207686,NA,NA,14,6,attractive_charge=3;hydrogen_bonds=5;ionic=3;salt_bridge=3,attractive_charge=1;hydrogen_bonds=3;ionic=1;salt_bridge=1,1.0,0.75,0.8571428571428571,0.75,6,8,6,1.0,0.42857142857142855,0.6,0.42857142857142855,6,14,6
3GPE,vina_pose,11,A:PT5:600,L:UNL:1,RDKit,24,4.89055067195914,18,5.009272668428688,NA,NA,14,9,attractive_charge=3;hydrogen_bonds=5;ionic=3;salt_bridge=3,attractive_charge=2;hydrogen_bonds=3;ionic=2;salt_bridge=2,0.8333333333333334,0.625,0.7142857142857143,0.5555555555555556,5,8,6,0.7777777777777778,0.5,0.6086956521739131,0.4375,7,14,9
3GPE,vina_pose,12,A:PT5:600,L:UNL:1,RDKit,24,5.646148373744117,18,6.263520402563827,NA,NA,14,9,attractive_charge=3;hydrogen_bonds=5;ionic=3;salt_bridge=3,attractive_charge=2;hydrogen_bonds=3;ionic=2;salt_bridge=2,1.0,0.5,0.6666666666666666,0.5,4,8,4,0.8888888888888888,0.5714285714285714,0.6956521739130435,0.5333333333333333,8,14,9
3GPE,vina_pose,13,A:PT5:600,L:UNL:1,RDKit,24,4.59166432698065,18,4.938236476719195,NA,NA,14,5,attractive_charge=3;hydrogen_bonds=5;ionic=3;salt_bridge=3,attractive_charge=1;hydrogen_bonds=2;ionic=1;salt_bridge=1,0.8333333333333334,0.625,0.7142857142857143,0.5555555555555556,5,8,6,0.8,0.2857142857142857,0.4210526315789473,0.26666666666666666,4,14,5
3GPE,vina_pose,14,A:PT5:600,L:UNL:1,RDKit,24,5.090963616219101,18,5.422872885596097,NA,NA,14,12,attractive_charge=3;hydrogen_bonds=5;ionic=3;salt_bridge=3,attractive_charge=2;hydrogen_bonds=6;ionic=2;salt_bridge=2,0.5,0.625,0.5555555555555556,0.38461538461538464,5,8,10,0.8333333333333334,0.7142857142857143,0.7692307692307692,0.625,10,14,12
3GPE,vina_pose,15,A:PT5:600,L:UNL:1,RDKit,24,5.216981634527766,18,5.502729772071716,NA,NA,14,9,attractive_charge=3;hydrogen_bonds=5;ionic=3;salt_bridge=3,attractive_charge=2;hydrogen_bonds=3;ionic=2;salt_bridge=2,1.0,0.875,0.9333333333333333,0.875,7,8,7,1.0,0.6428571428571429,0.782608695652174,0.6428571428571429,9,14,9
3GPE,vina_pose,16,A:PT5:600,L:UNL:1,RDKit,24,6.280434277049107,18,6.921823659829668,NA,NA,14,4,attractive_charge=3;hydrogen_bonds=5;ionic=3;salt_bridge=3,attractive_charge=1;hydrogen_bonds=1;ionic=1;salt_bridge=1,0.75,0.375,0.5,0.3333333333333333,3,8,4,1.0,0.2857142857142857,0.4444444444444445,0.2857142857142857,4,14,4
3GPE,vina_pose,17,A:PT5:600,L:UNL:1,RDKit,24,5.81928100871004,18,6.329344182281272,NA,NA,14,4,attractive_charge=3;hydrogen_bonds=5;ionic=3;salt_bridge=3,attractive_charge=1;hydrogen_bonds=1;ionic=1;salt_bridge=1,0.8,0.5,0.6153846153846154,0.4444444444444444,4,8,5,0.75,0.21428571428571427,0.3333333333333333,0.2,3,14,4
3GPE,vina_pose,18,A:PT5:600,L:UNL:1,RDKit,24,4.811167408574901,18,5.306940874406313,NA,NA,14,0,attractive_charge=3;hydrogen_bonds=5;ionic=3;salt_bridge=3,none=0,1.0,0.625,0.7692307692307693,0.625,5,8,5,0.0,0.0,0.0,0.0,0,14,0
3GPE,vina_pose,19,A:PT5:600,L:UNL:1,RDKit,24,5.271083522388922,18,5.772940075135987,NA,NA,14,4,attractive_charge=3;hydrogen_bonds=5;ionic=3;salt_bridge=3,attractive_charge=1;hydrogen_bonds=1;ionic=1;salt_bridge=1,1.0,0.375,0.5454545454545454,0.375,3,8,3,0.75,0.21428571428571427,0.3333333333333333,0.2,3,14,4
3GPE,vina_pose,20,A:PT5:600,L:UNL:1,RDKit,24,5.284847869144389,18,5.661293692944906,NA,NA,14,6,attractive_charge=3;hydrogen_bonds=5;ionic=3;salt_bridge=3,attractive_charge=1;hydrogen_bonds=3;ionic=1;salt_bridge=1,0.625,0.625,0.625,0.45454545454545453,5,8,8,0.8333333333333334,0.35714285714285715,0.5,0.3333333333333333,5,14,6
3KYQ,boltz,1,A:DPV:201,B:DPV:1,RDKit,23,1.6002601317975544,7,1.9167390292008075,193,0.5967695768877112,1,0,hydrogen_bonds=1,none=0,0.6666666666666666,0.5,0.5714285714285715,0.4,2,4,3,0.0,0.0,0.0,0.0,0,1,0
3KYQ,vina_pose,1,A:DPV:201,L:UNL:1,RDKit,23,8.482556943772781,7,9.42580244405142,NA,NA,1,3,hydrogen_bonds=1,hydrogen_bonds=3,0.0,0.0,0.0,0.0,0,4,7,0.0,0.0,0.0,0.0,0,1,3
3KYQ,vina_pose,2,A:DPV:201,L:UNL:1,RDKit,23,9.375329782025759,7,10.67430695642579,NA,NA,1,1,hydrogen_bonds=1,hydrogen_bonds=1,0.1111111111111111,0.25,0.15384615384615383,0.08333333333333333,1,4,9,0.0,0.0,0.0,0.0,0,1,1
3KYQ,vina_pose,3,A:DPV:201,L:UNL:1,RDKit,23,8.136992089271658,7,9.353595298065871,NA,NA,1,0,hydrogen_bonds=1,none=0,0.125,0.25,0.16666666666666666,0.09090909090909091,1,4,8,0.0,0.0,0.0,0.0,0,1,0
3KYQ,vina_pose,4,A:DPV:201,L:UNL:1,RDKit,23,7.23936769098085,7,9.304598402326208,NA,NA,1,3,hydrogen_bonds=1,hydrogen_bonds=3,0.0,0.0,0.0,0.0,0,4,7,0.0,0.0,0.0,0.0,0,1,3
3KYQ,vina_pose,5,A:DPV:201,L:UNL:1,RDKit,23,9.020238196989855,7,10.760921767474862,NA,NA,1,1,hydrogen_bonds=1,hydrogen_bonds=1,0.1111111111111111,0.25,0.15384615384615383,0.08333333333333333,1,4,9,0.0,0.0,0.0,0.0,0,1,1
3KYQ,vina_pose,6,A:DPV:201,L:UNL:1,RDKit,23,6.8233766376428635,7,5.6726373558891074,NA,NA,1,1,hydrogen_bonds=1,hydrogen_bonds=1,0.4,0.5,0.4444444444444445,0.2857142857142857,2,4,5,1.0,1.0,1.0,1.0,1,1,1
3KYQ,vina_pose,7,A:DPV:201,L:UNL:1,RDKit,23,7.05479637335942,7,9.099179287951507,NA,NA,1,1,hydrogen_bonds=1,hydrogen_bonds=1,0.125,0.25,0.16666666666666666,0.09090909090909091,1,4,8,0.0,0.0,0.0,0.0,0,1,1
3KYQ,vina_pose,8,A:DPV:201,L:UNL:1,RDKit,23,8.277124647773682,7,9.357101367410742,NA,NA,1,3,hydrogen_bonds=1,attractive_charge=1;ionic=1;salt_bridge=1,0.0,0.0,0.0,0.0,0,4,5,0.0,0.0,0.0,0.0,0,1,3
3KYQ,vina_pose,9,A:DPV:201,L:UNL:1,RDKit,23,8.113567102725828,7,7.63539902596546,NA,NA,1,0,hydrogen_bonds=1,none=0,0.2857142857142857,0.5,0.36363636363636365,0.2222222222222222,2,4,7,0.0,0.0,0.0,0.0,0,1,0
3KYQ,vina_pose,10,A:DPV:201,L:UNL:1,RDKit,23,8.44711361816928,7,9.30177490743414,NA,NA,1,1,hydrogen_bonds=1,hydrogen_bonds=1,0.0,0.0,0.0,0.0,0,4,7,0.0,0.0,0.0,0.0,0,1,1
3KYQ,vina_pose,11,A:DPV:201,L:UNL:1,RDKit,23,9.514347223375681,7,10.573639304556266,NA,NA,1,1,hydrogen_bonds=1,hydrogen_bonds=1,0.1111111111111111,0.25,0.15384615384615383,0.08333333333333333,1,4,9,0.0,0.0,0.0,0.0,0,1,1
3KYQ,vina_pose,12,A:DPV:201,L:UNL:1,RDKit,23,7.552288550355189,7,9.20254666616025,NA,NA,1,2,hydrogen_bonds=1,hydrogen_bonds=2,0.0,0.0,0.0,0.0,0,4,7,0.0,0.0,0.0,0.0,0,1,2
3KYQ,vina_pose,13,A:DPV:201,L:UNL:1,RDKit,23,5.6676336983904,7,6.691573250845318,NA,NA,1,2,hydrogen_bonds=1,hydrogen_bonds=2,0.16666666666666666,0.25,0.2,0.1111111111111111,1,4,6,0.0,0.0,0.0,0.0,0,1,2
3KYQ,vina_pose,14,A:DPV:201,L:UNL:1,RDKit,23,6.211111767735656,7,7.067909066437441,NA,NA,1,2,hydrogen_bonds=1,hydrogen_bonds=2,0.14285714285714285,0.25,0.18181818181818182,0.1,1,4,7,0.0,0.0,0.0,0.0,0,1,2
3KYQ,vina_pose,15,A:DPV:201,L:UNL:1,RDKit,23,7.455269948164185,7,6.73783498504633,NA,NA,1,0,hydrogen_bonds=1,none=0,0.2857142857142857,0.5,0.36363636363636365,0.2222222222222222,2,4,7,0.0,0.0,0.0,0.0,0,1,0
3KYQ,vina_pose,16,A:DPV:201,L:UNL:1,RDKit,23,6.9944113156272065,7,5.509913844283644,NA,NA,1,1,hydrogen_bonds=1,hydrogen_bonds=1,0.5,0.5,0.5,0.3333333333333333,2,4,4,1.0,1.0,1.0,1.0,1,1,1
3KYQ,vina_pose,17,A:DPV:201,L:UNL:1,RDKit,23,7.501414478210963,7,9.100226245225208,NA,NA,1,0,hydrogen_bonds=1,none=0,0.0,0.0,0.0,0.0,0,4,5,0.0,0.0,0.0,0.0,0,1,0
3KYQ,vina_pose,18,A:DPV:201,L:UNL:1,RDKit,23,8.414057259444899,7,10.047306632696573,NA,NA,1,0,hydrogen_bonds=1,none=0,0.0,0.0,0.0,0.0,0,4,6,0.0,0.0,0.0,0.0,0,1,0
3KYQ,vina_pose,19,A:DPV:201,L:UNL:1,RDKit,23,6.078453664915259,7,4.0921022539940095,NA,NA,1,0,hydrogen_bonds=1,none=0,0.5,0.75,0.6,0.42857142857142855,3,4,6,0.0,0.0,0.0,0.0,0,1,0
3KYQ,vina_pose,20,A:DPV:201,L:UNL:1,RDKit,23,7.93383388598695,7,7.683654069330741,NA,NA,1,0,hydrogen_bonds=1,none=0,0.0,0.0,0.0,0.0,0,4,3,0.0,0.0,0.0,0.0,0,1,0
3LUP,boltz,1,A:ELA:301,B:ELA:1,RDKit,20,1.9190798674044813,3,2.907517117982032,283,0.9161876251183111,2,0,hydrogen_bonds=2,none=0,1.0,0.6,0.7499999999999999,0.6,3,5,3,0.0,0.0,0.0,0.0,0,2,0
3LUP,vina_pose,1,A:ELA:301,L:UNL:1,RDKit,20,2.0287662876733727,3,3.1409916693086997,NA,NA,2,4,hydrogen_bonds=2,hydrogen_bonds=4,0.7142857142857143,1.0,0.8333333333333333,0.7142857142857143,5,5,7,0.5,1.0,0.6666666666666666,0.5,2,2,4
3LUP,vina_pose,2,A:ELA:301,L:UNL:1,RDKit,20,3.197444909611422,3,4.7609269055510595,NA,NA,2,3,hydrogen_bonds=2,hydrogen_bonds=3,0.5555555555555556,1.0,0.7142857142857143,0.5555555555555556,5,5,9,0.3333333333333333,0.5,0.4,0.25,1,2,3
3LUP,vina_pose,3,A:ELA:301,L:UNL:1,RDKit,20,11.865398503632315,3,18.657563560122203,NA,NA,2,0,hydrogen_bonds=2,none=0,0.0,0.0,0.0,0.0,0,5,14,0.0,0.0,0.0,0.0,0,2,0
3LUP,vina_pose,4,A:ELA:301,L:UNL:1,RDKit,20,11.860250678210813,3,18.202456720637098,NA,NA,2,1,hydrogen_bonds=2,hydrogen_bonds=1,0.0,0.0,0.0,0.0,0,5,12,0.0,0.0,0.0,0.0,0,2,1
3LUP,vina_pose,5,A:ELA:301,L:UNL:1,RDKit,20,2.4744212151531513,3,2.9940716980949755,NA,NA,2,4,hydrogen_bonds=2,hydrogen_bonds=4,0.5,0.6,0.5454545454545454,0.375,3,5,6,0.25,0.5,0.3333333333333333,0.2,1,2,4
3LUP,vina_pose,6,A:ELA:301,L:UNL:1,RDKit,20,12.11783131793804,3,17.042945246249737,NA,NA,2,0,hydrogen_bonds=2,none=0,0.0,0.0,0.0,0.0,0,5,11,0.0,0.0,0.0,0.0,0,2,0
3LUP,vina_pose,7,A:ELA:301,L:UNL:1,RDKit,20,11.60761846805795,3,18.81749076435715,NA,NA,2,2,hydrogen_bonds=2,hydrogen_bonds=2,0.0,0.0,0.0,0.0,0,5,9,0.0,0.0,0.0,0.0,0,2,2
3LUP,vina_pose,8,A:ELA:301,L:UNL:1,RDKit,20,3.7584107412575327,3,3.951200028683266,NA,NA,2,4,hydrogen_bonds=2,hydrogen_bonds=4,0.5555555555555556,1.0,0.7142857142857143,0.5555555555555556,5,5,9,0.5,1.0,0.6666666666666666,0.5,2,2,4
3LUP,vina_pose,9,A:ELA:301,L:UNL:1,RDKit,20,3.1067432867876286,3,6.655319075746856,NA,NA,2,1,hydrogen_bonds=2,hydrogen_bonds=1,0.375,0.6,0.4615384615384615,0.3,3,5,8,0.0,0.0,0.0,0.0,0,2,1
3LUP,vina_pose,10,A:ELA:301,L:UNL:1,RDKit,20,12.247489312099846,3,16.297356830684745,NA,NA,2,0,hydrogen_bonds=2,none=0,0.0,0.0,0.0,0.0,0,5,11,0.0,0.0,0.0,0.0,0,2,0
3LUP,vina_pose,11,A:ELA:301,L:UNL:1,RDKit,20,3.7125604102829084,3,4.176517648312606,NA,NA,2,3,hydrogen_bonds=2,hydrogen_bonds=3,0.5555555555555556,1.0,0.7142857142857143,0.5555555555555556,5,5,9,0.6666666666666666,1.0,0.8,0.6666666666666666,2,2,3
3LUP,vina_pose,12,A:ELA:301,L:UNL:1,RDKit,20,3.680638667405427,3,3.5005032495342734,NA,NA,2,1,hydrogen_bonds=2,hydrogen_bonds=1,1.0,0.2,0.33333333333333337,0.2,1,5,1,1.0,0.5,0.6666666666666666,0.5,1,2,1
3LUP,vina_pose,13,A:ELA:301,L:UNL:1,RDKit,20,12.115852283269222,3,14.118997332199859,NA,NA,2,0,hydrogen_bonds=2,none=0,0.0,0.0,0.0,0.0,0,5,8,0.0,0.0,0.0,0.0,0,2,0
3LUP,vina_pose,14,A:ELA:301,L:UNL:1,RDKit,20,6.228444693500939,3,4.432000526474093,NA,NA,2,1,hydrogen_bonds=2,hydrogen_bonds=1,0.4,0.4,0.4000000000000001,0.25,2,5,5,1.0,0.5,0.6666666666666666,0.5,1,2,1
3LUP,vina_pose,15,A:ELA:301,L:UNL:1,RDKit,20,5.18469546839542,3,5.614312929171889,NA,NA,2,4,hydrogen_bonds=2,hydrogen_bonds=4,0.4444444444444444,0.8,0.5714285714285714,0.4,4,5,9,0.5,1.0,0.6666666666666666,0.5,2,2,4
3LUP,vina_pose,16,A:ELA:301,L:UNL:1,RDKit,20,6.2176007470727805,3,2.9623135665669595,NA,NA,2,2,hydrogen_bonds=2,hydrogen_bonds=2,0.5,0.4,0.4444444444444445,0.2857142857142857,2,5,4,1.0,1.0,1.0,1.0,2,2,2
3LUP,vina_pose,17,A:ELA:301,L:UNL:1,RDKit,20,6.396765186404766,3,4.865759687174587,NA,NA,2,1,hydrogen_bonds=2,hydrogen_bonds=1,1.0,0.4,0.5714285714285715,0.4,2,5,2,0.0,0.0,0.0,0.0,0,2,1
3PEG,boltz,1,A:PEV:500,B:PEV:1,RDKit,47,5.148248679655684,7,2.873992357725545,244,2.85056644252617,1,0,hydrogen_bonds=1,none=0,0.8,1.0,0.888888888888889,0.8,4,4,5,0.0,0.0,0.0,0.0,0,1,0
3PEG,vina_pose,1,A:PEV:500,L:UNL:1,RDKit,47,8.375792046383156,7,7.442512939669158,NA,NA,1,6,hydrogen_bonds=1,attractive_charge=1;hydrogen_bonds=3;ionic=1;salt_bridge=1,0.375,0.75,0.5,0.3333333333333333,3,4,8,0.0,0.0,0.0,0.0,0,1,6
3PEG,vina_pose,2,A:PEV:500,L:UNL:1,RDKit,47,7.138618605566814,7,3.3831652972580906,NA,NA,1,4,hydrogen_bonds=1,attractive_charge=1;hydrogen_bonds=1;ionic=1;salt_bridge=1,0.8,1.0,0.888888888888889,0.8,4,4,5,0.0,0.0,0.0,0.0,0,1,4
3PEG,vina_pose,3,A:PEV:500,L:UNL:1,RDKit,47,9.876461855706934,7,10.315042794731529,NA,NA,1,0,hydrogen_bonds=1,none=0,0.14285714285714285,0.25,0.18181818181818182,0.1,1,4,7,0.0,0.0,0.0,0.0,0,1,0
3PEG,vina_pose,4,A:PEV:500,L:UNL:1,RDKit,47,9.384039502419984,7,8.893259992022852,NA,NA,1,1,hydrogen_bonds=1,hydrogen_bonds=1,0.2222222222222222,0.5,0.30769230769230765,0.18181818181818182,2,4,9,0.0,0.0,0.0,0.0,0,1,1
3PEG,vina_pose,5,A:PEV:500,L:UNL:1,RDKit,47,10.017706360410264,7,10.607512607312126,NA,NA,1,2,hydrogen_bonds=1,hydrogen_bonds=2,0.18181818181818182,0.5,0.26666666666666666,0.15384615384615385,2,4,11,0.0,0.0,0.0,0.0,0,1,2
3PEG,vina_pose,6,A:PEV:500,L:UNL:1,RDKit,47,9.40377911131839,7,5.7158632518881785,NA,NA,1,1,hydrogen_bonds=1,hydrogen_bonds=1,0.25,0.25,0.25,0.14285714285714285,1,4,4,0.0,0.0,0.0,0.0,0,1,1
3PEG,vina_pose,7,A:PEV:500,L:UNL:1,RDKit,47,8.859264562916309,7,12.073758930601759,NA,NA,1,0,hydrogen_bonds=1,none=0,0.125,0.25,0.16666666666666666,0.09090909090909091,1,4,8,0.0,0.0,0.0,0.0,0,1,0
3PEG,vina_pose,8,A:PEV:500,L:UNL:1,RDKit,47,8.484476069281637,7,8.39283657991402,NA,NA,1,5,hydrogen_bonds=1,hydrogen_bonds=5,0.2,0.5,0.28571428571428575,0.16666666666666666,2,4,10,0.0,0.0,0.0,0.0,0,1,5
3PEG,vina_pose,9,A:PEV:500,L:UNL:1,RDKit,47,10.936228855252986,7,15.12790954777673,NA,NA,1,1,hydrogen_bonds=1,hydrogen_bonds=1,0.0,0.0,0.0,0.0,0,4,10,0.0,0.0,0.0,0.0,0,1,1
3PEG,vina_pose,10,A:PEV:500,L:UNL:1,RDKit,47,5.509759808642857,7,5.250046598432654,NA,NA,1,0,hydrogen_bonds=1,none=0,0.6,0.75,0.6666666666666665,0.5,3,4,5,0.0,0.0,0.0,0.0,0,1,0
3PEG,vina_pose,11,A:PEV:500,L:UNL:1,RDKit,47,10.021508989445246,7,13.397643337542613,NA,NA,1,0,hydrogen_bonds=1,none=0,0.0,0.0,0.0,0.0,0,4,11,0.0,0.0,0.0,0.0,0,1,0
3PEG,vina_pose,12,A:PEV:500,L:UNL:1,RDKit,47,8.853803965504007,7,7.046795299992756,NA,NA,1,1,hydrogen_bonds=1,hydrogen_bonds=1,0.5,0.5,0.5,0.3333333333333333,2,4,4,0.0,0.0,0.0,0.0,0,1,1
3PEG,vina_pose,13,A:PEV:500,L:UNL:1,RDKit,47,8.601543462435693,7,11.440962877810088,NA,NA,1,1,hydrogen_bonds=1,hydrogen_bonds=1,0.1,0.25,0.14285714285714288,0.07692307692307693,1,4,10,0.0,0.0,0.0,0.0,0,1,1
3PEG,vina_pose,14,A:PEV:500,L:UNL:1,RDKit,47,11.067617995083964,7,11.94063916690751,NA,NA,1,0,hydrogen_bonds=1,none=0,0.1111111111111111,0.25,0.15384615384615383,0.08333333333333333,1,4,9,0.0,0.0,0.0,0.0,0,1,0
3PEG,vina_pose,15,A:PEV:500,L:UNL:1,RDKit,47,9.283753231523864,7,12.232433784235837,NA,NA,1,0,hydrogen_bonds=1,none=0,0.2,0.25,0.22222222222222224,0.125,1,4,5,0.0,0.0,0.0,0.0,0,1,0
3PEG,vina_pose,16,A:PEV:500,L:UNL:1,RDKit,47,10.013165447379553,7,12.954088163311889,NA,NA,1,0,hydrogen_bonds=1,none=0,0.0,0.0,0.0,0.0,0,4,8,0.0,0.0,0.0,0.0,0,1,0
3PEG,vina_pose,17,A:PEV:500,L:UNL:1,RDKit,47,9.47834590111991,7,12.520101425878535,NA,NA,1,0,hydrogen_bonds=1,none=0,0.0,0.0,0.0,0.0,0,4,5,0.0,0.0,0.0,0.0,0,1,0
3PEG,vina_pose,18,A:PEV:500,L:UNL:1,RDKit,47,9.636612926860126,7,9.70318134133631,NA,NA,1,0,hydrogen_bonds=1,none=0,0.2,0.25,0.22222222222222224,0.125,1,4,5,0.0,0.0,0.0,0.0,0,1,0
3PEG,vina_pose,19,A:PEV:500,L:UNL:1,RDKit,47,9.65288577841175,7,13.309921004380797,NA,NA,1,3,hydrogen_bonds=1,hydrogen_bonds=3,0.0,0.0,0.0,0.0,0,4,9,0.0,0.0,0.0,0.0,0,1,3
3PEG,vina_pose,20,A:PEV:500,L:UNL:1,RDKit,47,10.37936388101256,7,5.540376753563656,NA,NA,1,2,hydrogen_bonds=1,hydrogen_bonds=2,0.25,0.5,0.3333333333333333,0.2,2,4,8,0.0,0.0,0.0,0.0,0,1,2
3PL5,boltz,1,A:PLM:702,B:PLM:1,RDKit,18,3.8681922167000704,3,4.3797158188007,277,2.1283324975415883,3,1,hydrogen_bonds=3,hydrogen_bonds=1,1.0,0.5,0.6666666666666666,0.5,5,10,5,1.0,0.3333333333333333,0.5,0.3333333333333333,1,3,1
3PL5,vina_pose,1,A:PLM:702,L:UNL:1,RDKit,18,1.7426822876117023,3,2.711783054252927,NA,NA,3,3,hydrogen_bonds=3,hydrogen_bonds=3,0.6666666666666666,0.6,0.631578947368421,0.46153846153846156,6,10,9,0.3333333333333333,0.3333333333333333,0.3333333333333333,0.2,1,3,3
3PL5,vina_pose,2,A:PLM:702,L:UNL:1,RDKit,18,2.1690014727724116,3,3.155680433757513,NA,NA,3,2,hydrogen_bonds=3,hydrogen_bonds=2,0.6666666666666666,0.6,0.631578947368421,0.46153846153846156,6,10,9,0.5,0.3333333333333333,0.4,0.25,1,3,2
3PL5,vina_pose,3,A:PLM:702,L:UNL:1,RDKit,18,1.4693936580175588,3,2.192860612685327,NA,NA,3,4,hydrogen_bonds=3,hydrogen_bonds=4,0.8,0.8,0.8000000000000002,0.6666666666666666,8,10,10,0.25,0.3333333333333333,0.28571428571428575,0.16666666666666666,1,3,4
3PL5,vina_pose,4,A:PLM:702,L:UNL:1,RDKit,18,9.35313917296695,3,14.748805838665946,NA,NA,3,0,hydrogen_bonds=3,none=0,0.0,0.0,0.0,0.0,0,10,9,0.0,0.0,0.0,0.0,0,3,0
3PL5,vina_pose,5,A:PLM:702,L:UNL:1,RDKit,18,9.543074792748929,3,14.961929766354784,NA,NA,3,0,hydrogen_bonds=3,none=0,0.0,0.0,0.0,0.0,0,10,9,0.0,0.0,0.0,0.0,0,3,0
3PL5,vina_pose,6,A:PLM:702,L:UNL:1,RDKit,18,2.705407321971643,3,2.7948849707993353,NA,NA,3,4,hydrogen_bonds=3,hydrogen_bonds=4,1.0,0.8,0.888888888888889,0.8,8,10,8,0.25,0.3333333333333333,0.28571428571428575,0.16666666666666666,1,3,4
3PL5,vina_pose,7,A:PLM:702,L:UNL:1,RDKit,18,9.55107089109209,3,13.821700727479234,NA,NA,3,1,hydrogen_bonds=3,hydrogen_bonds=1,0.0,0.0,0.0,0.0,0,10,6,0.0,0.0,0.0,0.0,0,3,1
3PL5,vina_pose,8,A:PLM:702,L:UNL:1,RDKit,18,10.356486826568597,3,13.965309305561407,NA,NA,3,0,hydrogen_bonds=3,none=0,0.0,0.0,0.0,0.0,0,10,10,0.0,0.0,0.0,0.0,0,3,0
3PL5,vina_pose,9,A:PLM:702,L:UNL:1,RDKit,18,4.811682663638112,3,4.655872528323773,NA,NA,3,2,hydrogen_bonds=3,hydrogen_bonds=2,1.0,0.5,0.6666666666666666,0.5,5,10,5,0.0,0.0,0.0,0.0,0,3,2
3PL5,vina_pose,10,A:PLM:702,L:UNL:1,RDKit,18,3.3476158597492103,3,3.096483004959013,NA,NA,3,4,hydrogen_bonds=3,hydrogen_bonds=4,0.75,0.6,0.6666666666666665,0.5,6,10,8,0.25,0.3333333333333333,0.28571428571428575,0.16666666666666666,1,3,4
3PL5,vina_pose,11,A:PLM:702,L:UNL:1,RDKit,18,8.421270001872903,3,11.695586432496661,NA,NA,3,0,hydrogen_bonds=3,none=0,0.2,0.1,0.13333333333333333,0.07142857142857142,1,10,5,0.0,0.0,0.0,0.0,0,3,0
3PPT,boltz,1,A:PAM:500,B:PAM:1,RDKit,18,6.104807294315593,3,7.747721445987343,133,0.498542835449314,3,4,hydrogen_bonds=3,hydrogen_bonds=4,0.0,0.0,0.0,0.0,0,8,7,0.0,0.0,0.0,0.0,0,3,4
3PPT,vina_pose,1,A:PAM:500,L:UNL:1,RDKit,18,4.875393431417727,3,1.245849375593481,NA,NA,3,3,hydrogen_bonds=3,hydrogen_bonds=3,0.75,0.75,0.75,0.6,6,8,8,1.0,1.0,1.0,1.0,3,3,3
3PPT,vina_pose,2,A:PAM:500,L:UNL:1,RDKit,18,2.9218002631558813,3,1.8608371771866565,NA,NA,3,3,hydrogen_bonds=3,hydrogen_bonds=3,0.875,0.875,0.875,0.7777777777777778,7,8,8,1.0,1.0,1.0,1.0,3,3,3
3PPT,vina_pose,3,A:PAM:500,L:UNL:1,RDKit,18,4.876994327110364,3,1.1269139275028965,NA,NA,3,3,hydrogen_bonds=3,hydrogen_bonds=3,0.75,0.75,0.75,0.6,6,8,8,1.0,1.0,1.0,1.0,3,3,3
3PPT,vina_pose,4,A:PAM:500,L:UNL:1,RDKit,18,4.615517606702176,3,7.280571223010827,NA,NA,3,2,hydrogen_bonds=3,hydrogen_bonds=2,0.0,0.0,0.0,0.0,0,8,9,0.0,0.0,0.0,0.0,0,3,2
3PPT,vina_pose,5,A:PAM:500,L:UNL:1,RDKit,18,4.13381354065334,3,3.0442572164651276,NA,NA,3,3,hydrogen_bonds=3,hydrogen_bonds=3,0.8333333333333334,0.625,0.7142857142857143,0.5555555555555556,5,8,6,0.3333333333333333,0.3333333333333333,0.3333333333333333,0.2,1,3,3
3PPT,vina_pose,6,A:PAM:500,L:UNL:1,RDKit,18,4.6249028758570825,3,7.3130129905532115,NA,NA,3,2,hydrogen_bonds=3,hydrogen_bonds=2,0.0,0.0,0.0,0.0,0,8,8,0.0,0.0,0.0,0.0,0,3,2
3PPT,vina_pose,7,A:PAM:500,L:UNL:1,RDKit,18,4.7055339465593296,3,7.785308728624705,NA,NA,3,2,hydrogen_bonds=3,hydrogen_bonds=2,0.0,0.0,0.0,0.0,0,8,8,0.0,0.0,0.0,0.0,0,3,2
3PPT,vina_pose,8,A:PAM:500,L:UNL:1,RDKit,18,4.108270695939001,3,1.8391676559429457,NA,NA,3,3,hydrogen_bonds=3,hydrogen_bonds=3,1.0,0.875,0.9333333333333333,0.875,7,8,7,1.0,1.0,1.0,1.0,3,3,3
3PPT,vina_pose,9,A:PAM:500,L:UNL:1,RDKit,18,2.066728520579754,3,1.893979584543262,NA,NA,3,3,hydrogen_bonds=3,hydrogen_bonds=3,0.8571428571428571,0.75,0.7999999999999999,0.6666666666666666,6,8,7,1.0,1.0,1.0,1.0,3,3,3
3PPT,vina_pose,10,A:PAM:500,L:UNL:1,RDKit,18,3.822159431816291,3,4.522339844225185,NA,NA,3,4,hydrogen_bonds=3,hydrogen_bonds=4,0.8,0.5,0.6153846153846154,0.4444444444444444,4,8,5,0.25,0.3333333333333333,0.28571428571428575,0.16666666666666666,1,3,4
3PPT,vina_pose,11,A:PAM:500,L:UNL:1,RDKit,18,3.9295300892374176,3,1.7835261889489233,NA,NA,3,2,hydrogen_bonds=3,hydrogen_bonds=2,0.75,0.75,0.75,0.6,6,8,8,1.0,0.6666666666666666,0.8,0.6666666666666666,2,3,2
3PPT,vina_pose,12,A:PAM:500,L:UNL:1,RDKit,18,4.331735699077989,3,0.6008061251352234,NA,NA,3,3,hydrogen_bonds=3,hydrogen_bonds=3,0.875,0.875,0.875,0.7777777777777778,7,8,8,1.0,1.0,1.0,1.0,3,3,3
3PPT,vina_pose,13,A:PAM:500,L:UNL:1,RDKit,18,5.429110301574896,3,8.938804655358942,NA,NA,3,1,hydrogen_bonds=3,hydrogen_bonds=1,0.0,0.0,0.0,0.0,0,8,6,0.0,0.0,0.0,0.0,0,3,1
3PPT,vina_pose,14,A:PAM:500,L:UNL:1,RDKit,18,5.675878938298652,3,7.980456503233387,NA,NA,3,2,hydrogen_bonds=3,hydrogen_bonds=2,0.0,0.0,0.0,0.0,0,8,8,0.0,0.0,0.0,0.0,0,3,2
3PPT,vina_pose,15,A:PAM:500,L:UNL:1,RDKit,18,4.5451350792786,3,8.168143301877118,NA,NA,3,3,hydrogen_bonds=3,hydrogen_bonds=3,0.0,0.0,0.0,0.0,0,8,8,0.0,0.0,0.0,0.0,0,3,3
3PPT,vina_pose,16,A:PAM:500,L:UNL:1,RDKit,18,4.668570885304315,3,8.081468781519028,NA,NA,3,3,hydrogen_bonds=3,hydrogen_bonds=3,0.0,0.0,0.0,0.0,0,8,8,0.0,0.0,0.0,0.0,0,3,3
3PPT,vina_pose,17,A:PAM:500,L:UNL:1,RDKit,18,4.909515743261584,3,7.361290579782871,NA,NA,3,2,hydrogen_bonds=3,hydrogen_bonds=2,0.0,0.0,0.0,0.0,0,8,8,0.0,0.0,0.0,0.0,0,3,2
3PPT,vina_pose,18,A:PAM:500,L:UNL:1,RDKit,18,2.5652840215288273,3,4.61640487825754,NA,NA,3,4,hydrogen_bonds=3,hydrogen_bonds=4,0.8,0.5,0.6153846153846154,0.4444444444444444,4,8,5,0.25,0.3333333333333333,0.28571428571428575,0.16666666666666666,1,3,4
3PPT,vina_pose,19,A:PAM:500,L:UNL:1,RDKit,18,4.915321120966791,3,5.706799278054206,NA,NA,3,2,hydrogen_bonds=3,hydrogen_bonds=2,0.25,0.25,0.25,0.14285714285714285,2,8,8,0.5,0.3333333333333333,0.4,0.25,1,3,2
3PPT,vina_pose,20,A:PAM:500,L:UNL:1,RDKit,18,5.101502703452517,3,7.687403549530449,NA,NA,3,2,hydrogen_bonds=3,hydrogen_bonds=2,0.0,0.0,0.0,0.0,0,8,9,0.0,0.0,0.0,0.0,0,3,2
3S0K,boltz,1,A:03F:210,B:03F:1,RDKit,51,6.691584641905708,3,4.498758559732996,203,0.8984827152079193,0,0,none=0,none=0,0.3333333333333333,0.25,0.28571428571428575,0.16666666666666666,1,4,3,NA,NA,NA,NA,0,0,0
3S0K,vina_pose,1,A:03F:210,A:03F:210,RDKit,51,12.051789568521412,3,13.129868671595057,NA,NA,0,2,none=0,hydrogen_bonds=2,0.0,0.0,0.0,0.0,0,4,7,NA,NA,NA,NA,0,0,2
3S0K,vina_pose,2,A:03F:210,A:03F:210,RDKit,51,8.933454407286066,3,3.9155934416126508,NA,NA,0,0,none=0,none=0,0.75,0.75,0.75,0.6,3,4,4,NA,NA,NA,NA,0,0,0
3S0K,vina_pose,3,A:03F:210,A:03F:210,RDKit,51,8.848577803085359,3,11.456197303934088,NA,NA,0,2,none=0,hydrogen_bonds=2,0.08333333333333333,0.25,0.125,0.06666666666666667,1,4,12,NA,NA,NA,NA,0,0,2
3S0K,vina_pose,4,A:03F:210,A:03F:210,RDKit,51,10.733506585801818,3,2.8428914857939978,NA,NA,0,1,none=0,hydrogen_bonds=1,0.6666666666666666,0.5,0.5714285714285715,0.4,2,4,3,NA,NA,NA,NA,0,0,1
3S0K,vina_pose,5,A:03F:210,A:03F:210,RDKit,51,11.51484022093774,3,9.567677339180428,NA,NA,0,1,none=0,hydrogen_bonds=1,0.1111111111111111,0.25,0.15384615384615383,0.08333333333333333,1,4,9,NA,NA,NA,NA,0,0,1
3S0K,vina_pose,6,A:03F:210,A:03F:210,RDKit,51,9.47929789118392,3,3.403468720780806,NA,NA,0,0,none=0,none=0,0.3333333333333333,0.25,0.28571428571428575,0.16666666666666666,1,4,3,NA,NA,NA,NA,0,0,0
3S0K,vina_pose,7,A:03F:210,A:03F:210,RDKit,51,11.40172984209663,3,6.316535152544733,NA,NA,0,0,none=0,none=0,0.6,0.75,0.6666666666666665,0.5,3,4,5,NA,NA,NA,NA,0,0,0
3S0K,vina_pose,8,A:03F:210,A:03F:210,RDKit,51,9.592145430548074,3,6.0608902536398634,NA,NA,0,3,none=0,hydrogen_bonds=3,0.125,0.25,0.16666666666666666,0.09090909090909091,1,4,8,NA,NA,NA,NA,0,0,3
3S0K,vina_pose,9,A:03F:210,A:03F:210,RDKit,51,10.921659493778371,3,2.9354959263016074,NA,NA,0,0,none=0,none=0,1.0,0.75,0.8571428571428571,0.75,3,4,3,NA,NA,NA,NA,0,0,0
3S0K,vina_pose,10,A:03F:210,A:03F:210,RDKit,51,12.293793992315399,3,14.689342724120324,NA,NA,0,0,none=0,none=0,0.0,0.0,0.0,0.0,0,4,5,NA,NA,NA,NA,0,0,0
3S0K,vina_pose,11,A:03F:210,A:03F:210,RDKit,51,14.663442166042143,3,9.620068693448435,NA,NA,0,3,none=0,hydrogen_bonds=3,0.1,0.25,0.14285714285714288,0.07692307692307693,1,4,10,NA,NA,NA,NA,0,0,3
3S0K,vina_pose,12,A:03F:210,A:03F:210,RDKit,51,12.352393863412175,3,15.208590138471088,NA,NA,0,1,none=0,hydrogen_bonds=1,0.0,0.0,0.0,0.0,0,4,7,NA,NA,NA,NA,0,0,1
3S0K,vina_pose,13,A:03F:210,A:03F:210,RDKit,51,11.764853495250414,3,9.548304247351988,NA,NA,0,0,none=0,none=0,0.0,0.0,0.0,0.0,0,4,4,NA,NA,NA,NA,0,0,0
3S0K,vina_pose,14,A:03F:210,A:03F:210,RDKit,51,11.609615818405896,3,15.68445449056698,NA,NA,0,0,none=0,none=0,0.0,0.0,0.0,0.0,0,4,6,NA,NA,NA,NA,0,0,0
3S0K,vina_pose,15,A:03F:210,A:03F:210,RDKit,51,12.094239253365506,3,14.50117718210031,NA,NA,0,0,none=0,none=0,0.0,0.0,0.0,0.0,0,4,6,NA,NA,NA,NA,0,0,0
3S0K,vina_pose,16,A:03F:210,A:03F:210,RDKit,51,13.212386736487463,3,18.81521124870336,NA,NA,0,0,none=0,none=0,0.0,0.0,0.0,0.0,0,4,7,NA,NA,NA,NA,0,0,0
3S0K,vina_pose,17,A:03F:210,A:03F:210,RDKit,51,8.848145768974401,3,8.954531329630454,NA,NA,0,0,none=0,none=0,0.2,0.25,0.22222222222222224,0.125,1,4,5,NA,NA,NA,NA,0,0,0
3S0K,vina_pose,18,A:03F:210,A:03F:210,RDKit,51,12.354317486960882,3,8.902380318394252,NA,NA,0,1,none=0,hydrogen_bonds=1,0.2222222222222222,0.5,0.30769230769230765,0.18181818181818182,2,4,9,NA,NA,NA,NA,0,0,1
3S0K,vina_pose,19,A:03F:210,A:03F:210,RDKit,51,11.016748240034975,3,2.6317679102332203,NA,NA,0,1,none=0,hydrogen_bonds=1,0.6,0.75,0.6666666666666665,0.5,3,4,5,NA,NA,NA,NA,0,0,1
3S0K,vina_pose,20,A:03F:210,A:03F:210,RDKit,51,12.291522654124782,3,15.74201648455496,NA,NA,0,0,none=0,none=0,0.0,0.0,0.0,0.0,0,4,6,NA,NA,NA,NA,0,0,0
3STM,boltz,1,X:PLM:130,B:PLM:1,RDKit,18,8.858842673248818,3,8.99764916531361,127,0.5699567596224243,2,2,hydrogen_bonds=2,hydrogen_bonds=2,0.125,0.2,0.15384615384615385,0.08333333333333333,1,5,8,0.0,0.0,0.0,0.0,0,2,2
3STM,vina_pose,1,X:PLM:130,L:UNL:1,RDKit,18,3.426712337568539,3,1.8026277116106546,NA,NA,2,3,hydrogen_bonds=2,hydrogen_bonds=3,0.8333333333333334,1.0,0.9090909090909091,0.8333333333333334,5,5,6,0.6666666666666666,1.0,0.8,0.6666666666666666,2,2,3
3STM,vina_pose,2,X:PLM:130,L:UNL:1,RDKit,18,2.7055128801106165,3,1.5590060936378665,NA,NA,2,3,hydrogen_bonds=2,hydrogen_bonds=3,0.8333333333333334,1.0,0.9090909090909091,0.8333333333333334,5,5,6,0.6666666666666666,1.0,0.8,0.6666666666666666,2,2,3
3STM,vina_pose,3,X:PLM:130,L:UNL:1,RDKit,18,2.0021389395677147,3,1.7977878072787121,NA,NA,2,3,hydrogen_bonds=2,hydrogen_bonds=3,0.8333333333333334,1.0,0.9090909090909091,0.8333333333333334,5,5,6,0.6666666666666666,1.0,0.8,0.6666666666666666,2,2,3
3STM,vina_pose,4,X:PLM:130,L:UNL:1,RDKit,18,5.339564375697911,3,9.771449329551887,NA,NA,2,5,hydrogen_bonds=2,hydrogen_bonds=5,0.125,0.2,0.15384615384615385,0.08333333333333333,1,5,8,0.0,0.0,0.0,0.0,0,2,5
3STM,vina_pose,5,X:PLM:130,L:UNL:1,RDKit,18,5.9076906467568,3,6.744133846042303,NA,NA,2,3,hydrogen_bonds=2,hydrogen_bonds=3,0.2,0.2,0.20000000000000004,0.1111111111111111,1,5,5,0.0,0.0,0.0,0.0,0,2,3
3STM,vina_pose,6,X:PLM:130,L:UNL:1,RDKit,18,2.094644851891498,3,2.9429605275413855,NA,NA,2,1,hydrogen_bonds=2,hydrogen_bonds=1,0.5,0.6,0.5454545454545454,0.375,3,5,6,1.0,0.5,0.6666666666666666,0.5,1,2,1
3STM,vina_pose,7,X:PLM:130,L:UNL:1,RDKit,18,4.2909136944633754,3,2.1320208723180922,NA,NA,2,3,hydrogen_bonds=2,hydrogen_bonds=3,0.5714285714285714,0.8,0.6666666666666666,0.5,4,5,7,0.6666666666666666,1.0,0.8,0.6666666666666666,2,2,3
3STM,vina_pose,8,X:PLM:130,L:UNL:1,RDKit,18,3.7928505404540025,3,1.0611393248139782,NA,NA,2,3,hydrogen_bonds=2,hydrogen_bonds=3,0.8333333333333334,1.0,0.9090909090909091,0.8333333333333334,5,5,6,0.6666666666666666,1.0,0.8,0.6666666666666666,2,2,3
3STM,vina_pose,9,X:PLM:130,L:UNL:1,RDKit,18,6.720045051932316,3,7.833905071333624,NA,NA,2,1,hydrogen_bonds=2,hydrogen_bonds=1,0.16666666666666666,0.2,0.1818181818181818,0.1,1,5,6,0.0,0.0,0.0,0.0,0,2,1
3STM,vina_pose,10,X:PLM:130,L:UNL:1,RDKit,18,6.865969442758167,3,8.939910364949602,NA,NA,2,1,hydrogen_bonds=2,hydrogen_bonds=1,0.2,0.2,0.20000000000000004,0.1111111111111111,1,5,5,0.0,0.0,0.0,0.0,0,2,1
3STM,vina_pose,11,X:PLM:130,L:UNL:1,RDKit,18,5.388738390796536,3,5.220381244059991,NA,NA,2,2,hydrogen_bonds=2,hydrogen_bonds=2,0.5,0.6,0.5454545454545454,0.375,3,5,6,0.0,0.0,0.0,0.0,0,2,2
3STM,vina_pose,12,X:PLM:130,L:UNL:1,RDKit,18,6.801297645792799,3,10.072614225380288,NA,NA,2,1,hydrogen_bonds=2,hydrogen_bonds=1,0.0,0.0,0.0,0.0,0,5,7,0.0,0.0,0.0,0.0,0,2,1
3STM,vina_pose,13,X:PLM:130,L:UNL:1,RDKit,18,6.378774690765897,3,9.503449654379896,NA,NA,2,2,hydrogen_bonds=2,hydrogen_bonds=2,0.0,0.0,0.0,0.0,0,5,7,0.0,0.0,0.0,0.0,0,2,2
3STM,vina_pose,14,X:PLM:130,L:UNL:1,RDKit,18,6.729540338438181,3,8.536144719173091,NA,NA,2,1,hydrogen_bonds=2,hydrogen_bonds=1,0.14285714285714285,0.2,0.16666666666666666,0.09090909090909091,1,5,7,0.0,0.0,0.0,0.0,0,2,1
3STM,vina_pose,15,X:PLM:130,L:UNL:1,RDKit,18,7.206470437507301,3,9.846590611306366,NA,NA,2,5,hydrogen_bonds=2,hydrogen_bonds=5,0.125,0.2,0.15384615384615385,0.08333333333333333,1,5,8,0.0,0.0,0.0,0.0,0,2,5
3STM,vina_pose,16,X:PLM:130,L:UNL:1,RDKit,18,3.2337884044019396,3,4.18898026572896,NA,NA,2,1,hydrogen_bonds=2,hydrogen_bonds=1,0.42857142857142855,0.6,0.5,0.3333333333333333,3,5,7,1.0,0.5,0.6666666666666666,0.5,1,2,1
3STM,vina_pose,17,X:PLM:130,L:UNL:1,RDKit,18,1.7632213732572295,3,1.1921101738793551,NA,NA,2,3,hydrogen_bonds=2,hydrogen_bonds=3,0.8333333333333334,1.0,0.9090909090909091,0.8333333333333334,5,5,6,0.6666666666666666,1.0,0.8,0.6666666666666666,2,2,3
3STM,vina_pose,18,X:PLM:130,L:UNL:1,RDKit,18,6.715311968429563,3,9.197772338996003,NA,NA,2,3,hydrogen_bonds=2,hydrogen_bonds=3,0.14285714285714285,0.2,0.16666666666666666,0.09090909090909091,1,5,7,0.0,0.0,0.0,0.0,0,2,3
3STM,vina_pose,19,X:PLM:130,L:UNL:1,RDKit,18,2.6331722841048166,3,3.6472470897011253,NA,NA,2,2,hydrogen_bonds=2,hydrogen_bonds=2,0.75,0.6,0.6666666666666665,0.5,3,5,4,0.5,0.5,0.5,0.3333333333333333,1,2,2
3STM,vina_pose,20,X:PLM:130,L:UNL:1,RDKit,18,3.4210913869374746,3,3.7703281024335267,NA,NA,2,1,hydrogen_bonds=2,hydrogen_bonds=1,0.42857142857142855,0.6,0.5,0.3333333333333333,3,5,7,0.0,0.0,0.0,0.0,0,2,1
3W9K,boltz,1,A:MYR:201,B:MYR:1,RDKit,16,9.306120830368764,3,15.142424722224494,135,0.8318155128855,0,2,none=0,hydrogen_bonds=2,0.0,0.0,0.0,0.0,0,4,9,NA,NA,NA,NA,0,0,2
3W9K,vina_pose,1,A:MYR:201,L:UNL:1,RDKit,16,2.223334011119337,3,3.070914250403832,NA,NA,0,2,none=0,hydrogen_bonds=2,0.6666666666666666,1.0,0.8,0.6666666666666666,4,4,6,NA,NA,NA,NA,0,0,2
3W9K,vina_pose,2,A:MYR:201,L:UNL:1,RDKit,16,9.234883905604878,3,13.822485425325407,NA,NA,0,1,none=0,hydrogen_bonds=1,0.0,0.0,0.0,0.0,0,4,9,NA,NA,NA,NA,0,0,1
3W9K,vina_pose,3,A:MYR:201,L:UNL:1,RDKit,16,9.40338391883475,3,13.884311578180604,NA,NA,0,1,none=0,hydrogen_bonds=1,0.0,0.0,0.0,0.0,0,4,9,NA,NA,NA,NA,0,0,1
3W9K,vina_pose,4,A:MYR:201,L:UNL:1,RDKit,16,1.9810994895511933,3,2.8209728227451367,NA,NA,0,1,none=0,hydrogen_bonds=1,0.6666666666666666,1.0,0.8,0.6666666666666666,4,4,6,NA,NA,NA,NA,0,0,1
3W9K,vina_pose,5,A:MYR:201,L:UNL:1,RDKit,16,1.4635894660047257,3,1.7083958362549745,NA,NA,0,1,none=0,hydrogen_bonds=1,1.0,1.0,1.0,1.0,4,4,4,NA,NA,NA,NA,0,0,1
3W9K,vina_pose,6,A:MYR:201,L:UNL:1,RDKit,16,2.396899807563929,3,2.4076930175308204,NA,NA,0,1,none=0,hydrogen_bonds=1,0.6,0.75,0.6666666666666665,0.5,3,4,5,NA,NA,NA,NA,0,0,1
3W9K,vina_pose,7,A:MYR:201,L:UNL:1,RDKit,16,9.351946889551929,3,12.614735140567426,NA,NA,0,0,none=0,none=0,0.0,0.0,0.0,0.0,0,4,8,NA,NA,NA,NA,0,0,0
3W9K,vina_pose,8,A:MYR:201,L:UNL:1,RDKit,16,3.3605958642032516,3,3.935219773617055,NA,NA,0,2,none=0,hydrogen_bonds=2,0.5714285714285714,1.0,0.7272727272727273,0.5714285714285714,4,4,7,NA,NA,NA,NA,0,0,2
3W9K,vina_pose,9,A:MYR:201,L:UNL:1,RDKit,16,2.7069114665056926,3,2.539345191186106,NA,NA,0,1,none=0,hydrogen_bonds=1,0.6666666666666666,0.5,0.5714285714285715,0.4,2,4,3,NA,NA,NA,NA,0,0,1
3W9K,vina_pose,10,A:MYR:201,L:UNL:1,RDKit,16,3.2800266290839772,3,2.153338570685066,NA,NA,0,0,none=0,none=0,0.75,0.75,0.75,0.6,3,4,4,NA,NA,NA,NA,0,0,0
3W9K,vina_pose,11,A:MYR:201,L:UNL:1,RDKit,16,9.07950739302524,3,10.763979515030677,NA,NA,0,1,none=0,hydrogen_bonds=1,0.0,0.0,0.0,0.0,0,4,7,NA,NA,NA,NA,0,0,1
3W9K,vina_pose,12,A:MYR:201,L:UNL:1,RDKit,16,9.386536105640886,3,10.73737804742542,NA,NA,0,0,none=0,none=0,0.0,0.0,0.0,0.0,0,4,8,NA,NA,NA,NA,0,0,0
3W9K,vina_pose,13,A:MYR:201,L:UNL:1,RDKit,16,3.5278500800771,3,4.513841047267836,NA,NA,0,2,none=0,hydrogen_bonds=2,0.5714285714285714,1.0,0.7272727272727273,0.5714285714285714,4,4,7,NA,NA,NA,NA,0,0,2
3W9K,vina_pose,14,A:MYR:201,L:UNL:1,RDKit,16,6.042445510718321,3,4.064030552706678,NA,NA,0,1,none=0,hydrogen_bonds=1,1.0,0.25,0.4,0.25,1,4,1,NA,NA,NA,NA,0,0,1
3W9K,vina_pose,15,A:MYR:201,L:UNL:1,RDKit,16,4.867044990289282,3,3.263399250270592,NA,NA,0,2,none=0,hydrogen_bonds=2,1.0,0.5,0.6666666666666666,0.5,2,4,2,NA,NA,NA,NA,0,0,2
3W9K,vina_pose,16,A:MYR:201,L:UNL:1,RDKit,16,5.964236581491382,3,3.2341456367949797,NA,NA,0,0,none=0,none=0,1.0,0.25,0.4,0.25,1,4,1,NA,NA,NA,NA,0,0,0
3W9K,vina_pose,17,A:MYR:201,L:UNL:1,RDKit,16,4.976925010737052,3,3.1798786664483503,NA,NA,0,1,none=0,hydrogen_bonds=1,0.5,0.5,0.5,0.3333333333333333,2,4,4,NA,NA,NA,NA,0,0,1
3W9K,vina_pose,18,A:MYR:201,L:UNL:1,RDKit,16,6.8275002563163625,3,2.9213547656295806,NA,NA,0,2,none=0,hydrogen_bonds=2,1.0,0.75,0.8571428571428571,0.75,3,4,3,NA,NA,NA,NA,0,0,2
3WEB,boltz,1,A:OLA:201,B:OLA:1,RDKit,20,2.557508804396572,3,3.671545310151334,132,0.883245732042393,2,1,hydrogen_bonds=2,hydrogen_bonds=1,0.5,0.8,0.6153846153846154,0.4444444444444444,4,5,8,1.0,0.5,0.6666666666666666,0.5,1,2,1
3WEB,vina_pose,1,A:OLA:201,L:UNL:1,RDKit,20,2.976705066008388,3,2.6485563363211044,NA,NA,2,3,hydrogen_bonds=2,hydrogen_bonds=3,0.625,1.0,0.7692307692307693,0.625,5,5,8,0.6666666666666666,1.0,0.8,0.6666666666666666,2,2,3
3WEB,vina_pose,2,A:OLA:201,L:UNL:1,RDKit,20,3.089835942246773,3,2.5763890104821785,NA,NA,2,3,hydrogen_bonds=2,hydrogen_bonds=3,0.625,1.0,0.7692307692307693,0.625,5,5,8,0.6666666666666666,1.0,0.8,0.6666666666666666,2,2,3
3WEB,vina_pose,3,A:OLA:201,L:UNL:1,RDKit,20,3.174252604944982,3,1.3675908257467468,NA,NA,2,2,hydrogen_bonds=2,hydrogen_bonds=2,0.7142857142857143,1.0,0.8333333333333333,0.7142857142857143,5,5,7,1.0,1.0,1.0,1.0,2,2,2
3WEB,vina_pose,4,A:OLA:201,L:UNL:1,RDKit,20,2.4714407336612383,3,4.397948953773793,NA,NA,2,1,hydrogen_bonds=2,hydrogen_bonds=1,0.42857142857142855,0.6,0.5,0.3333333333333333,3,5,7,0.0,0.0,0.0,0.0,0,2,1
3WEB,vina_pose,5,A:OLA:201,L:UNL:1,RDKit,20,3.0109486295850343,3,2.8305711437799976,NA,NA,2,2,hydrogen_bonds=2,hydrogen_bonds=2,0.5555555555555556,1.0,0.7142857142857143,0.5555555555555556,5,5,9,0.5,0.5,0.5,0.3333333333333333,1,2,2
3WEB,vina_pose,6,A:OLA:201,L:UNL:1,RDKit,20,5.711312865707848,3,10.198467613649937,NA,NA,2,1,hydrogen_bonds=2,hydrogen_bonds=1,0.0,0.0,0.0,0.0,0,5,7,0.0,0.0,0.0,0.0,0,2,1
3WEB,vina_pose,7,A:OLA:201,L:UNL:1,RDKit,20,1.8158064599510602,3,2.7236115117003514,NA,NA,2,3,hydrogen_bonds=2,hydrogen_bonds=3,0.625,1.0,0.7692307692307693,0.625,5,5,8,0.6666666666666666,1.0,0.8,0.6666666666666666,2,2,3
3WEB,vina_pose,8,A:OLA:201,L:UNL:1,RDKit,20,4.830370415402943,3,2.353893299762474,NA,NA,2,2,hydrogen_bonds=2,hydrogen_bonds=2,0.625,1.0,0.7692307692307693,0.625,5,5,8,0.5,0.5,0.5,0.3333333333333333,1,2,2
3WEB,vina_pose,9,A:OLA:201,L:UNL:1,RDKit,20,6.705647996278958,3,11.365530783909742,NA,NA,2,0,hydrogen_bonds=2,none=0,0.0,0.0,0.0,0.0,0,5,5,0.0,0.0,0.0,0.0,0,2,0
3WEB,vina_pose,10,A:OLA:201,L:UNL:1,RDKit,20,6.718970631726262,3,7.055486801064827,NA,NA,2,0,hydrogen_bonds=2,none=0,0.25,0.2,0.22222222222222224,0.125,1,5,4,0.0,0.0,0.0,0.0,0,2,0
3WEB,vina_pose,11,A:OLA:201,L:UNL:1,RDKit,20,5.1389699843451115,3,2.204415493201467,NA,NA,2,2,hydrogen_bonds=2,hydrogen_bonds=2,0.7142857142857143,1.0,0.8333333333333333,0.7142857142857143,5,5,7,1.0,1.0,1.0,1.0,2,2,2
3WEB,vina_pose,12,A:OLA:201,L:UNL:1,RDKit,20,7.424684521917412,3,8.400484628877074,NA,NA,2,0,hydrogen_bonds=2,none=0,0.2,0.2,0.20000000000000004,0.1111111111111111,1,5,5,0.0,0.0,0.0,0.0,0,2,0
3WEB,vina_pose,13,A:OLA:201,L:UNL:1,RDKit,20,7.470111217378225,3,11.721663789752714,NA,NA,2,0,hydrogen_bonds=2,none=0,0.0,0.0,0.0,0.0,0,5,4,0.0,0.0,0.0,0.0,0,2,0
3WEB,vina_pose,14,A:OLA:201,L:UNL:1,RDKit,20,4.2220807251875225,3,5.422395042783215,NA,NA,2,0,hydrogen_bonds=2,none=0,0.0,0.0,0.0,0.0,0,5,1,0.0,0.0,0.0,0.0,0,2,0
3WEB,vina_pose,15,A:OLA:201,L:UNL:1,RDKit,20,3.071348164894368,3,2.5901895040067378,NA,NA,2,2,hydrogen_bonds=2,hydrogen_bonds=2,0.625,1.0,0.7692307692307693,0.625,5,5,8,0.5,0.5,0.5,0.3333333333333333,1,2,2
3WEB,vina_pose,16,A:OLA:201,L:UNL:1,RDKit,20,4.133065454357093,3,4.179285903915484,NA,NA,2,2,hydrogen_bonds=2,hydrogen_bonds=2,0.4,0.4,0.4000000000000001,0.25,2,5,5,0.0,0.0,0.0,0.0,0,2,2
3WEB,vina_pose,17,A:OLA:201,L:UNL:1,RDKit,20,8.097631017773036,3,11.120045518491967,NA,NA,2,0,hydrogen_bonds=2,none=0,0.0,0.0,0.0,0.0,0,5,6,0.0,0.0,0.0,0.0,0,2,0
3WEB,vina_pose,18,A:OLA:201,L:UNL:1,RDKit,20,7.29600662691585,3,10.343628489719327,NA,NA,2,1,hydrogen_bonds=2,hydrogen_bonds=1,0.0,0.0,0.0,0.0,0,5,7,0.0,0.0,0.0,0.0,0,2,1
3WEB,vina_pose,19,A:OLA:201,L:UNL:1,RDKit,20,3.058280391004069,3,2.926459123240918,NA,NA,2,2,hydrogen_bonds=2,hydrogen_bonds=2,0.625,1.0,0.7692307692307693,0.625,5,5,8,0.5,0.5,0.5,0.3333333333333333,1,2,2
3WEB,vina_pose,20,A:OLA:201,L:UNL:1,RDKit,20,6.924199043932807,3,10.713042222761313,NA,NA,2,0,hydrogen_bonds=2,none=0,0.0,0.0,0.0,0.0,0,5,5,0.0,0.0,0.0,0.0,0,2,0
4AZP,boltz,1,A:A9M:1136,B:A9M:1,RDKit,25,6.726820814297385,3,9.002504258829262,134,0.6557075373744926,1,1,hydrogen_bonds=1,hydrogen_bonds=1,0.125,0.1111111111111111,0.11764705882352941,0.0625,1,9,8,0.0,0.0,0.0,0.0,0,1,1
4AZP,vina_pose,1,A:A9M:1136,A:A9M:1136,RDKit,25,4.78363968960874,3,5.247512140687877,NA,NA,1,4,hydrogen_bonds=1,hydrogen_bonds=4,0.3,0.3333333333333333,0.3157894736842105,0.1875,3,9,10,0.0,0.0,0.0,0.0,0,1,4
4AZP,vina_pose,2,A:A9M:1136,A:A9M:1136,RDKit,25,4.305389334311125,3,3.4042515574890557,NA,NA,1,2,hydrogen_bonds=1,hydrogen_bonds=2,0.8333333333333334,0.5555555555555556,0.6666666666666667,0.5,5,9,6,0.5,1.0,0.6666666666666666,0.5,1,1,2
4AZP,vina_pose,3,A:A9M:1136,A:A9M:1136,RDKit,25,3.052204213351394,3,5.571309122040648,NA,NA,1,4,hydrogen_bonds=1,hydrogen_bonds=4,0.1111111111111111,0.1111111111111111,0.1111111111111111,0.058823529411764705,1,9,9,0.0,0.0,0.0,0.0,0,1,4
4AZP,vina_pose,4,A:A9M:1136,A:A9M:1136,RDKit,25,4.603715721023617,3,5.445063054425234,NA,NA,1,3,hydrogen_bonds=1,hydrogen_bonds=3,0.09090909090909091,0.1111111111111111,0.09999999999999999,0.05263157894736842,1,9,11,0.0,0.0,0.0,0.0,0,1,3
4AZP,vina_pose,5,A:A9M:1136,A:A9M:1136,RDKit,25,6.935179242096054,3,8.145297191222266,NA,NA,1,3,hydrogen_bonds=1,hydrogen_bonds=3,0.2222222222222222,0.2222222222222222,0.2222222222222222,0.125,2,9,9,0.0,0.0,0.0,0.0,0,1,3
4AZP,vina_pose,6,A:A9M:1136,A:A9M:1136,RDKit,25,2.500430914862476,3,4.450113032272326,NA,NA,1,3,hydrogen_bonds=1,hydrogen_bonds=3,0.2857142857142857,0.2222222222222222,0.25,0.14285714285714285,2,9,7,0.0,0.0,0.0,0.0,0,1,3
4AZP,vina_pose,7,A:A9M:1136,A:A9M:1136,RDKit,25,7.113976820316467,3,8.44057158412075,NA,NA,1,3,hydrogen_bonds=1,hydrogen_bonds=3,0.09090909090909091,0.1111111111111111,0.09999999999999999,0.05263157894736842,1,9,11,0.0,0.0,0.0,0.0,0,1,3
4AZP,vina_pose,8,A:A9M:1136,A:A9M:1136,RDKit,25,1.7901733100457062,3,1.5820567836416837,NA,NA,1,2,hydrogen_bonds=1,hydrogen_bonds=2,0.8,0.8888888888888888,0.8421052631578948,0.7272727272727273,8,9,10,0.0,0.0,0.0,0.0,0,1,2
4AZP,vina_pose,9,A:A9M:1136,A:A9M:1136,RDKit,25,1.7817527101143975,3,2.3346497239057804,NA,NA,1,2,hydrogen_bonds=1,hydrogen_bonds=2,0.8333333333333334,0.5555555555555556,0.6666666666666667,0.5,5,9,6,0.5,1.0,0.6666666666666666,0.5,1,1,2
4AZP,vina_pose,10,A:A9M:1136,A:A9M:1136,RDKit,25,3.8561281565840106,3,2.1892099792695374,NA,NA,1,2,hydrogen_bonds=1,hydrogen_bonds=2,0.8333333333333334,0.5555555555555556,0.6666666666666667,0.5,5,9,6,0.5,1.0,0.6666666666666666,0.5,1,1,2
4AZP,vina_pose,11,A:A9M:1136,A:A9M:1136,RDKit,25,6.856044827741429,3,9.867238688373424,NA,NA,1,2,hydrogen_bonds=1,hydrogen_bonds=2,0.0,0.0,0.0,0.0,0,9,8,0.0,0.0,0.0,0.0,0,1,2
4AZP,vina_pose,12,A:A9M:1136,A:A9M:1136,RDKit,25,3.0519616183694054,3,5.408952640453295,NA,NA,1,4,hydrogen_bonds=1,hydrogen_bonds=4,0.25,0.3333333333333333,0.28571428571428575,0.16666666666666666,3,9,12,0.0,0.0,0.0,0.0,0,1,4
4AZP,vina_pose,13,A:A9M:1136,A:A9M:1136,RDKit,25,2.5121595570345447,3,3.680436749445189,NA,NA,1,2,hydrogen_bonds=1,hydrogen_bonds=2,0.6666666666666666,0.4444444444444444,0.5333333333333333,0.36363636363636365,4,9,6,0.0,0.0,0.0,0.0,0,1,2
4AZP,vina_pose,14,A:A9M:1136,A:A9M:1136,RDKit,25,4.642139976347115,3,5.093026834146207,NA,NA,1,3,hydrogen_bonds=1,hydrogen_bonds=3,0.3333333333333333,0.3333333333333333,0.3333333333333333,0.2,3,9,9,0.0,0.0,0.0,0.0,0,1,3
4AZP,vina_pose,15,A:A9M:1136,A:A9M:1136,RDKit,25,4.709414515627182,3,4.909151793674069,NA,NA,1,3,hydrogen_bonds=1,hydrogen_bonds=3,0.2,0.2222222222222222,0.2105263157894737,0.11764705882352941,2,9,10,0.0,0.0,0.0,0.0,0,1,3
4AZP,vina_pose,16,A:A9M:1136,A:A9M:1136,RDKit,25,5.744429527812139,3,6.745415406036903,NA,NA,1,2,hydrogen_bonds=1,hydrogen_bonds=2,0.125,0.1111111111111111,0.11764705882352941,0.0625,1,9,8,0.0,0.0,0.0,0.0,0,1,2
4AZP,vina_pose,17,A:A9M:1136,A:A9M:1136,RDKit,25,4.728476782220676,3,4.594570708999917,NA,NA,1,3,hydrogen_bonds=1,hydrogen_bonds=3,0.375,0.3333333333333333,0.35294117647058826,0.21428571428571427,3,9,8,0.0,0.0,0.0,0.0,0,1,3
4AZP,vina_pose,18,A:A9M:1136,A:A9M:1136,RDKit,25,6.707657808803308,3,7.561285120048487,NA,NA,1,2,hydrogen_bonds=1,hydrogen_bonds=2,0.18181818181818182,0.2222222222222222,0.19999999999999998,0.1111111111111111,2,9,11,0.0,0.0,0.0,0.0,0,1,2
4AZP,vina_pose,19,A:A9M:1136,A:A9M:1136,RDKit,25,4.781674238172233,3,4.698404835686256,NA,NA,1,4,hydrogen_bonds=1,hydrogen_bonds=4,0.375,0.3333333333333333,0.35294117647058826,0.21428571428571427,3,9,8,0.0,0.0,0.0,0.0,0,1,4
4AZP,vina_pose,20,A:A9M:1136,A:A9M:1136,RDKit,25,3.748301647413132,3,2.137785770370829,NA,NA,1,2,hydrogen_bonds=1,hydrogen_bonds=2,0.875,0.7777777777777778,0.823529411764706,0.7,7,9,8,0.5,1.0,0.6666666666666666,0.5,1,1,2
4DOL,boltz,1,A:PLM:301,B:PLM:1,RDKit,18,9.328519154958515,3,12.678737599264487,207,1.2456609620956731,2,1,hydrogen_bonds=2,hydrogen_bonds=1,0.0,0.0,0.0,0.0,0,5,3,0.0,0.0,0.0,0.0,0,2,1
4DOL,vina_pose,1,A:PLM:301,L:UNL:1,RDKit,18,5.756794386732178,3,4.444256668255485,NA,NA,2,1,hydrogen_bonds=2,hydrogen_bonds=1,0.42857142857142855,0.6,0.5,0.3333333333333333,3,5,7,1.0,0.5,0.6666666666666666,0.5,1,2,1
4DOL,vina_pose,2,A:PLM:301,L:UNL:1,RDKit,18,5.546143730356957,3,3.2041309274123,NA,NA,2,1,hydrogen_bonds=2,hydrogen_bonds=1,0.5,0.6,0.5454545454545454,0.375,3,5,6,1.0,0.5,0.6666666666666666,0.5,1,2,1
4DOL,vina_pose,3,A:PLM:301,L:UNL:1,RDKit,18,6.0147661956961285,3,3.855196493046755,NA,NA,2,1,hydrogen_bonds=2,hydrogen_bonds=1,0.5,0.6,0.5454545454545454,0.375,3,5,6,1.0,0.5,0.6666666666666666,0.5,1,2,1
4DOL,vina_pose,4,A:PLM:301,L:UNL:1,RDKit,18,1.8464798942853395,3,0.626150674092639,NA,NA,2,2,hydrogen_bonds=2,hydrogen_bonds=2,0.8333333333333334,1.0,0.9090909090909091,0.8333333333333334,5,5,6,1.0,1.0,1.0,1.0,2,2,2
4DOL,vina_pose,5,A:PLM:301,L:UNL:1,RDKit,18,5.2623231825665915,3,2.7734585508590763,NA,NA,2,1,hydrogen_bonds=2,hydrogen_bonds=1,0.6,0.6,0.6,0.42857142857142855,3,5,5,1.0,0.5,0.6666666666666666,0.5,1,2,1
4DOL,vina_pose,6,A:PLM:301,L:UNL:1,RDKit,18,1.9673802801356597,3,1.428889428892243,NA,NA,2,2,hydrogen_bonds=2,hydrogen_bonds=2,1.0,1.0,1.0,1.0,5,5,5,1.0,1.0,1.0,1.0,2,2,2
4DOL,vina_pose,7,A:PLM:301,L:UNL:1,RDKit,18,6.195239852768682,3,4.868471765691297,NA,NA,2,0,hydrogen_bonds=2,none=0,0.42857142857142855,0.6,0.5,0.3333333333333333,3,5,7,0.0,0.0,0.0,0.0,0,2,0
4DOL,vina_pose,8,A:PLM:301,L:UNL:1,RDKit,18,5.412523199847636,3,5.372577252430469,NA,NA,2,0,hydrogen_bonds=2,none=0,0.2857142857142857,0.4,0.3333333333333333,0.2,2,5,7,0.0,0.0,0.0,0.0,0,2,0
4DOL,vina_pose,9,A:PLM:301,L:UNL:1,RDKit,18,2.391177871073399,3,3.9899887635597846,NA,NA,2,1,hydrogen_bonds=2,hydrogen_bonds=1,0.5,0.4,0.4444444444444445,0.2857142857142857,2,5,4,0.0,0.0,0.0,0.0,0,2,1
4DOL,vina_pose,10,A:PLM:301,L:UNL:1,RDKit,18,4.949675511249871,3,0.6299891533457803,NA,NA,2,2,hydrogen_bonds=2,hydrogen_bonds=2,0.8333333333333334,1.0,0.9090909090909091,0.8333333333333334,5,5,6,1.0,1.0,1.0,1.0,2,2,2
4DOL,vina_pose,11,A:PLM:301,L:UNL:1,RDKit,18,5.089582437576671,3,3.2532611843092663,NA,NA,2,1,hydrogen_bonds=2,hydrogen_bonds=1,0.6,0.6,0.6,0.42857142857142855,3,5,5,1.0,0.5,0.6666666666666666,0.5,1,2,1
4DOL,vina_pose,12,A:PLM:301,L:UNL:1,RDKit,18,2.9702475579580154,3,0.6998938014680044,NA,NA,2,2,hydrogen_bonds=2,hydrogen_bonds=2,0.8333333333333334,1.0,0.9090909090909091,0.8333333333333334,5,5,6,1.0,1.0,1.0,1.0,2,2,2
4DOL,vina_pose,13,A:PLM:301,L:UNL:1,RDKit,18,5.488608652877744,3,3.8507834700659727,NA,NA,2,1,hydrogen_bonds=2,hydrogen_bonds=1,0.5,0.6,0.5454545454545454,0.375,3,5,6,1.0,0.5,0.6666666666666666,0.5,1,2,1
4DOL,vina_pose,14,A:PLM:301,L:UNL:1,RDKit,18,1.7581866131519337,3,1.6003741229266784,NA,NA,2,2,hydrogen_bonds=2,hydrogen_bonds=2,0.8333333333333334,1.0,0.9090909090909091,0.8333333333333334,5,5,6,1.0,1.0,1.0,1.0,2,2,2
4DOL,vina_pose,15,A:PLM:301,L:UNL:1,RDKit,18,2.6730007482228655,3,2.1054330512588932,NA,NA,2,1,hydrogen_bonds=2,hydrogen_bonds=1,0.7142857142857143,1.0,0.8333333333333333,0.7142857142857143,5,5,7,1.0,0.5,0.6666666666666666,0.5,1,2,1
4DOL,vina_pose,16,A:PLM:301,L:UNL:1,RDKit,18,5.529781390093303,3,7.005651718434195,NA,NA,2,0,hydrogen_bonds=2,none=0,0.0,0.0,0.0,0.0,0,5,7,0.0,0.0,0.0,0.0,0,2,0
4DOL,vina_pose,17,A:PLM:301,L:UNL:1,RDKit,18,5.535431655355444,3,4.677459174951005,NA,NA,2,1,hydrogen_bonds=2,hydrogen_bonds=1,0.42857142857142855,0.6,0.5,0.3333333333333333,3,5,7,1.0,0.5,0.6666666666666666,0.5,1,2,1
4DOL,vina_pose,18,A:PLM:301,L:UNL:1,RDKit,18,3.6797519466519604,3,6.818519242963729,NA,NA,2,0,hydrogen_bonds=2,none=0,0.0,0.0,0.0,0.0,0,5,9,0.0,0.0,0.0,0.0,0,2,0
4DOL,vina_pose,19,A:PLM:301,L:UNL:1,RDKit,18,4.869508907477221,3,7.618860566602681,NA,NA,2,0,hydrogen_bonds=2,none=0,0.0,0.0,0.0,0.0,0,5,6,0.0,0.0,0.0,0.0,0,2,0
4DOL,vina_pose,20,A:PLM:301,L:UNL:1,RDKit,18,5.167014520548162,3,5.670921353713169,NA,NA,2,0,hydrogen_bonds=2,none=0,0.14285714285714285,0.2,0.16666666666666666,0.09090909090909091,1,5,7,0.0,0.0,0.0,0.0,0,2,0
4INQ,boltz,1,A:PIF:1001,B:PIF:1,RDKit,43,17.74061331012658,13,23.31254283681901,372,0.9589115366052716,22,3,attractive_charge=5;hydrogen_bonds=7;ionic=5;salt_bridge=5,attractive_charge=1;ionic=1;salt_bridge=1,0.0,0.0,0.0,0.0,0,14,7,0.0,0.0,0.0,0.0,0,22,3
4INQ,vina_pose,1,A:PIF:1001,L:UNL:1,RDKit,43,3.9284903278249206,13,1.1592746737640607,NA,NA,22,19,attractive_charge=5;hydrogen_bonds=7;ionic=5;salt_bridge=5,attractive_charge=4;hydrogen_bonds=7;ionic=4;salt_bridge=4,0.875,1.0,0.9333333333333333,0.875,14,14,16,1.0,0.8636363636363636,0.9268292682926829,0.8636363636363636,19,22,19
4INQ,vina_pose,2,A:PIF:1001,L:UNL:1,RDKit,43,3.6419138400852717,13,1.1554945661091152,NA,NA,22,18,attractive_charge=5;hydrogen_bonds=7;ionic=5;salt_bridge=5,attractive_charge=4;hydrogen_bonds=6;ionic=4;salt_bridge=4,0.875,1.0,0.9333333333333333,0.875,14,14,16,1.0,0.8181818181818182,0.9,0.8181818181818182,18,22,18
4INQ,vina_pose,3,A:PIF:1001,L:UNL:1,RDKit,43,1.6839290088886598,13,1.14411356348653,NA,NA,22,19,attractive_charge=5;hydrogen_bonds=7;ionic=5;salt_bridge=5,attractive_charge=4;hydrogen_bonds=7;ionic=4;salt_bridge=4,0.9333333333333333,1.0,0.9655172413793104,0.9333333333333333,14,14,15,1.0,0.8636363636363636,0.9268292682926829,0.8636363636363636,19,22,19
4INQ,vina_pose,4,A:PIF:1001,L:UNL:1,RDKit,43,1.9436198546873522,13,1.1368300732231775,NA,NA,22,17,attractive_charge=5;hydrogen_bonds=7;ionic=5;salt_bridge=5,attractive_charge=4;hydrogen_bonds=5;ionic=4;salt_bridge=4,0.875,1.0,0.9333333333333333,0.875,14,14,16,1.0,0.7727272727272727,0.8717948717948718,0.7727272727272727,17,22,17
4INQ,vina_pose,5,A:PIF:1001,L:UNL:1,RDKit,43,4.752709173552711,13,4.096216068144242,NA,NA,22,11,attractive_charge=5;hydrogen_bonds=7;ionic=5;salt_bridge=5,attractive_charge=2;hydrogen_bonds=5;ionic=2;salt_bridge=2,0.7,0.5,0.5833333333333334,0.4117647058823529,7,14,10,0.8181818181818182,0.4090909090909091,0.5454545454545455,0.375,9,22,11
4INQ,vina_pose,6,A:PIF:1001,L:UNL:1,RDKit,43,5.197255892675816,13,4.185312413667586,NA,NA,22,11,attractive_charge=5;hydrogen_bonds=7;ionic=5;salt_bridge=5,attractive_charge=2;hydrogen_bonds=5;ionic=2;salt_bridge=2,0.7,0.5,0.5833333333333334,0.4117647058823529,7,14,10,0.9090909090909091,0.45454545454545453,0.6060606060606061,0.43478260869565216,10,22,11
4INQ,vina_pose,7,A:PIF:1001,L:UNL:1,RDKit,43,11.96580880268131,13,15.305617432825112,NA,NA,22,6,attractive_charge=5;hydrogen_bonds=7;ionic=5;salt_bridge=5,attractive_charge=1;hydrogen_bonds=3;ionic=1;salt_bridge=1,0.13333333333333333,0.14285714285714285,0.1379310344827586,0.07407407407407407,2,14,15,0.5,0.13636363636363635,0.21428571428571427,0.12,3,22,6
4INQ,vina_pose,8,A:PIF:1001,L:UNL:1,RDKit,43,4.936201024891464,13,4.396137692951009,NA,NA,22,10,attractive_charge=5;hydrogen_bonds=7;ionic=5;salt_bridge=5,attractive_charge=2;hydrogen_bonds=4;ionic=2;salt_bridge=2,0.75,0.6428571428571429,0.6923076923076924,0.5294117647058824,9,14,12,0.9,0.4090909090909091,0.5625000000000001,0.391304347826087,9,22,10
4INQ,vina_pose,9,A:PIF:1001,L:UNL:1,RDKit,43,8.808065835780399,13,9.877874880451065,NA,NA,22,2,attractive_charge=5;hydrogen_bonds=7;ionic=5;salt_bridge=5,hydrogen_bonds=2,0.375,0.42857142857142855,0.39999999999999997,0.25,6,14,16,0.5,0.045454545454545456,0.08333333333333334,0.043478260869565216,1,22,2
4INQ,vina_pose,10,A:PIF:1001,L:UNL:1,RDKit,43,5.135964590908874,13,7.406782837372782,NA,NA,22,13,attractive_charge=5;hydrogen_bonds=7;ionic=5;salt_bridge=5,attractive_charge=3;hydrogen_bonds=4;ionic=3;salt_bridge=3,0.75,0.8571428571428571,0.7999999999999999,0.6666666666666666,12,14,16,0.9230769230769231,0.5454545454545454,0.6857142857142856,0.5217391304347826,12,22,13
4INQ,vina_pose,11,A:PIF:1001,L:UNL:1,RDKit,43,7.134572132344582,13,7.881103788371075,NA,NA,22,1,attractive_charge=5;hydrogen_bonds=7;ionic=5;salt_bridge=5,hydrogen_bonds=1,0.46153846153846156,0.42857142857142855,0.4444444444444445,0.2857142857142857,6,14,13,1.0,0.045454545454545456,0.08695652173913045,0.045454545454545456,1,22,1
4INQ,vina_pose,12,A:PIF:1001,L:UNL:1,RDKit,43,5.318132892765682,13,4.001070875883874,NA,NA,22,12,attractive_charge=5;hydrogen_bonds=7;ionic=5;salt_bridge=5,attractive_charge=2;hydrogen_bonds=6;ionic=2;salt_bridge=2,0.7272727272727273,0.5714285714285714,0.64,0.47058823529411764,8,14,11,0.8333333333333334,0.45454545454545453,0.5882352941176471,0.4166666666666667,10,22,12
4INQ,vina_pose,13,A:PIF:1001,L:UNL:1,RDKit,43,11.929026566067892,13,14.850001434861367,NA,NA,22,12,attractive_charge=5;hydrogen_bonds=7;ionic=5;salt_bridge=5,attractive_charge=3;hydrogen_bonds=3;ionic=3;salt_bridge=3,0.1,0.14285714285714285,0.11764705882352941,0.0625,2,14,20,0.25,0.13636363636363635,0.1764705882352941,0.0967741935483871,3,22,12
4INQ,vina_pose,14,A:PIF:1001,L:UNL:1,RDKit,43,2.555917206687623,13,1.1842916415763864,NA,NA,22,19,attractive_charge=5;hydrogen_bonds=7;ionic=5;salt_bridge=5,attractive_charge=4;hydrogen_bonds=7;ionic=4;salt_bridge=4,1.0,1.0,1.0,1.0,14,14,14,0.9473684210526315,0.8181818181818182,0.8780487804878049,0.782608695652174,18,22,19
4INQ,vina_pose,15,A:PIF:1001,L:UNL:1,RDKit,43,2.603200168308052,13,1.7337441253851995,NA,NA,22,15,attractive_charge=5;hydrogen_bonds=7;ionic=5;salt_bridge=5,attractive_charge=3;hydrogen_bonds=6;ionic=3;salt_bridge=3,0.9230769230769231,0.8571428571428571,0.888888888888889,0.8,12,14,13,1.0,0.6818181818181818,0.8108108108108109,0.6818181818181818,15,22,15
4INQ,vina_pose,16,A:PIF:1001,L:UNL:1,RDKit,43,6.565765638416029,13,7.980595485782518,NA,NA,22,1,attractive_charge=5;hydrogen_bonds=7;ionic=5;salt_bridge=5,hydrogen_bonds=1,0.4166666666666667,0.35714285714285715,0.3846153846153846,0.23809523809523808,5,14,12,1.0,0.045454545454545456,0.08695652173913045,0.045454545454545456,1,22,1
4INQ,vina_pose,17,A:PIF:1001,L:UNL:1,RDKit,43,11.748643638686008,13,14.98295904070303,NA,NA,22,4,attractive_charge=5;hydrogen_bonds=7;ionic=5;salt_bridge=5,attractive_charge=1;hydrogen_bonds=1;ionic=1;salt_bridge=1,0.125,0.14285714285714285,0.13333333333333333,0.07142857142857142,2,14,16,0.75,0.13636363636363635,0.23076923076923075,0.13043478260869565,3,22,4
4INQ,vina_pose,18,A:PIF:1001,L:UNL:1,RDKit,43,3.4620737165179847,13,4.985114218273316,NA,NA,22,6,attractive_charge=5;hydrogen_bonds=7;ionic=5;salt_bridge=5,attractive_charge=1;hydrogen_bonds=3;ionic=1;salt_bridge=1,0.6923076923076923,0.6428571428571429,0.6666666666666666,0.5,9,14,13,0.8333333333333334,0.22727272727272727,0.35714285714285715,0.21739130434782608,5,22,6
4INQ,vina_pose,19,A:PIF:1001,L:UNL:1,RDKit,43,8.443123358480062,13,9.94574906874598,NA,NA,22,2,attractive_charge=5;hydrogen_bonds=7;ionic=5;salt_bridge=5,hydrogen_bonds=2,0.4,0.42857142857142855,0.4137931034482759,0.2608695652173913,6,14,15,0.5,0.045454545454545456,0.08333333333333334,0.043478260869565216,1,22,2
4INQ,vina_pose,20,A:PIF:1001,L:UNL:1,RDKit,43,2.579257234887775,13,1.7872384370221088,NA,NA,22,16,attractive_charge=5;hydrogen_bonds=7;ionic=5;salt_bridge=5,attractive_charge=3;hydrogen_bonds=7;ionic=3;salt_bridge=3,0.9285714285714286,0.9285714285714286,0.9285714285714286,0.8666666666666667,13,14,14,0.9375,0.6818181818181818,0.7894736842105263,0.6521739130434783,15,22,16
4K80,boltz,1,A:1PW:301,B:1PW:1,RDKit,28,1.5664134858673222,6,2.803570918525243,209,0.9335560830031374,11,0,attractive_charge=3;hydrogen_bonds=2;ionic=3;salt_bridge=3,none=0,0.5,0.3333333333333333,0.4,0.25,2,6,4,0.0,0.0,0.0,0.0,0,11,0
4K80,vina_pose,1,A:1PW:301,L:UNL:1,RDKit,28,3.2456935919549066,6,4.389153904797598,NA,NA,11,11,attractive_charge=3;hydrogen_bonds=2;ionic=3;salt_bridge=3,attractive_charge=3;hydrogen_bonds=2;ionic=3;salt_bridge=3,0.3333333333333333,0.3333333333333333,0.3333333333333333,0.2,2,6,6,0.5454545454545454,0.5454545454545454,0.5454545454545454,0.375,6,11,11
4K80,vina_pose,2,A:1PW:301,L:UNL:1,RDKit,28,1.3410107728341119,6,2.0087055118491928,NA,NA,11,12,attractive_charge=3;hydrogen_bonds=2;ionic=3;salt_bridge=3,attractive_charge=3;hydrogen_bonds=3;ionic=3;salt_bridge=3,0.8571428571428571,1.0,0.923076923076923,0.8571428571428571,6,6,7,0.9166666666666666,1.0,0.9565217391304348,0.9166666666666666,11,11,12
4K80,vina_pose,3,A:1PW:301,L:UNL:1,RDKit,28,3.209098404759282,6,3.7901662012810635,NA,NA,11,8,attractive_charge=3;hydrogen_bonds=2;ionic=3;salt_bridge=3,attractive_charge=2;hydrogen_bonds=2;ionic=2;salt_bridge=2,0.5,0.5,0.5,0.3333333333333333,3,6,6,0.375,0.2727272727272727,0.3157894736842105,0.1875,3,11,8
4K80,vina_pose,4,A:1PW:301,L:UNL:1,RDKit,28,1.9404535736338995,6,1.6541492778263192,NA,NA,11,16,attractive_charge=3;hydrogen_bonds=2;ionic=3;salt_bridge=3,attractive_charge=4;hydrogen_bonds=4;ionic=4;salt_bridge=4,1.0,0.8333333333333334,0.9090909090909091,0.8333333333333334,5,6,5,0.6875,1.0,0.8148148148148148,0.6875,11,11,16
4K80,vina_pose,5,A:1PW:301,L:UNL:1,RDKit,28,3.0113325479404818,6,3.7059734888420346,NA,NA,11,3,attractive_charge=3;hydrogen_bonds=2;ionic=3;salt_bridge=3,attractive_charge=1;ionic=1;salt_bridge=1,0.5,0.5,0.5,0.3333333333333333,3,6,6,0.0,0.0,0.0,0.0,0,11,3
4K80,vina_pose,6,A:1PW:301,L:UNL:1,RDKit,28,3.6513514670207106,6,3.8244121334744605,NA,NA,11,11,attractive_charge=3;hydrogen_bonds=2;ionic=3;salt_bridge=3,attractive_charge=3;hydrogen_bonds=2;ionic=3;salt_bridge=3,0.7142857142857143,0.8333333333333334,0.7692307692307692,0.625,5,6,7,0.6363636363636364,0.6363636363636364,0.6363636363636364,0.4666666666666667,7,11,11
4K80,vina_pose,7,A:1PW:301,L:UNL:1,RDKit,28,2.5192410847033173,6,2.0632625459047467,NA,NA,11,16,attractive_charge=3;hydrogen_bonds=2;ionic=3;salt_bridge=3,attractive_charge=4;hydrogen_bonds=4;ionic=4;salt_bridge=4,1.0,1.0,1.0,1.0,6,6,6,0.6875,1.0,0.8148148148148148,0.6875,11,11,16
4K80,vina_pose,8,A:1PW:301,L:UNL:1,RDKit,28,1.771985357485455,6,1.8705031408687873,NA,NA,11,12,attractive_charge=3;hydrogen_bonds=2;ionic=3;salt_bridge=3,attractive_charge=3;hydrogen_bonds=3;ionic=3;salt_bridge=3,1.0,1.0,1.0,1.0,6,6,6,0.5833333333333334,0.6363636363636364,0.6086956521739131,0.4375,7,11,12
4K80,vina_pose,9,A:1PW:301,L:UNL:1,RDKit,28,4.705085360543419,6,8.459634014936265,NA,NA,11,6,attractive_charge=3;hydrogen_bonds=2;ionic=3;salt_bridge=3,attractive_charge=1;hydrogen_bonds=3;ionic=1;salt_bridge=1,0.2,0.16666666666666666,0.1818181818181818,0.1,1,6,5,0.0,0.0,0.0,0.0,0,11,6
4K80,vina_pose,10,A:1PW:301,L:UNL:1,RDKit,28,3.1604328817426266,6,4.179659435887093,NA,NA,11,12,attractive_charge=3;hydrogen_bonds=2;ionic=3;salt_bridge=3,attractive_charge=3;hydrogen_bonds=3;ionic=3;salt_bridge=3,0.42857142857142855,0.5,0.4615384615384615,0.3,3,6,7,0.5,0.5454545454545454,0.5217391304347826,0.35294117647058826,6,11,12
4K80,vina_pose,11,A:1PW:301,L:UNL:1,RDKit,28,4.311190231744097,6,7.536428154857799,NA,NA,11,1,attractive_charge=3;hydrogen_bonds=2;ionic=3;salt_bridge=3,hydrogen_bonds=1,0.2,0.16666666666666666,0.1818181818181818,0.1,1,6,5,0.0,0.0,0.0,0.0,0,11,1
4K80,vina_pose,12,A:1PW:301,L:UNL:1,RDKit,28,3.1525002662286057,6,3.6846183655841487,NA,NA,11,7,attractive_charge=3;hydrogen_bonds=2;ionic=3;salt_bridge=3,attractive_charge=2;hydrogen_bonds=1;ionic=2;salt_bridge=2,0.42857142857142855,0.5,0.4615384615384615,0.3,3,6,7,0.8571428571428571,0.5454545454545454,0.6666666666666665,0.5,6,11,7
4K80,vina_pose,13,A:1PW:301,L:UNL:1,RDKit,28,3.679146994500609,6,3.02294224776679,NA,NA,11,12,attractive_charge=3;hydrogen_bonds=2;ionic=3;salt_bridge=3,attractive_charge=3;hydrogen_bonds=3;ionic=3;salt_bridge=3,1.0,0.8333333333333334,0.9090909090909091,0.8333333333333334,5,6,5,0.5833333333333334,0.6363636363636364,0.6086956521739131,0.4375,7,11,12
4K80,vina_pose,14,A:1PW:301,L:UNL:1,RDKit,28,4.035755939102365,6,1.9985106954930205,NA,NA,11,16,attractive_charge=3;hydrogen_bonds=2;ionic=3;salt_bridge=3,attractive_charge=4;hydrogen_bonds=4;ionic=4;salt_bridge=4,1.0,0.8333333333333334,0.9090909090909091,0.8333333333333334,5,6,5,0.6875,1.0,0.8148148148148148,0.6875,11,11,16
4K80,vina_pose,15,A:1PW:301,L:UNL:1,RDKit,28,3.0539359206019463,6,1.6258754564849045,NA,NA,11,13,attractive_charge=3;hydrogen_bonds=2;ionic=3;salt_bridge=3,attractive_charge=3;hydrogen_bonds=4;ionic=3;salt_bridge=3,0.8333333333333334,0.8333333333333334,0.8333333333333334,0.7142857142857143,5,6,6,0.8461538461538461,1.0,0.9166666666666666,0.8461538461538461,11,11,13
4K80,vina_pose,16,A:1PW:301,L:UNL:1,RDKit,28,3.7015460283508568,6,2.1503738434669137,NA,NA,11,15,attractive_charge=3;hydrogen_bonds=2;ionic=3;salt_bridge=3,attractive_charge=4;hydrogen_bonds=3;ionic=4;salt_bridge=4,1.0,0.8333333333333334,0.9090909090909091,0.8333333333333334,5,6,5,0.7333333333333333,1.0,0.846153846153846,0.7333333333333333,11,11,15
4K80,vina_pose,17,A:1PW:301,L:UNL:1,RDKit,28,2.401603809362165,6,1.9555999505693058,NA,NA,11,12,attractive_charge=3;hydrogen_bonds=2;ionic=3;salt_bridge=3,attractive_charge=3;hydrogen_bonds=3;ionic=3;salt_bridge=3,1.0,1.0,1.0,1.0,6,6,6,0.6666666666666666,0.7272727272727273,0.6956521739130435,0.5333333333333333,8,11,12
4K80,vina_pose,18,A:1PW:301,L:UNL:1,RDKit,28,3.3201323284729822,6,2.7015656880162413,NA,NA,11,12,attractive_charge=3;hydrogen_bonds=2;ionic=3;salt_bridge=3,attractive_charge=3;hydrogen_bonds=3;ionic=3;salt_bridge=3,1.0,1.0,1.0,1.0,6,6,6,0.6666666666666666,0.7272727272727273,0.6956521739130435,0.5333333333333333,8,11,12
4K80,vina_pose,19,A:1PW:301,L:UNL:1,RDKit,28,4.598648151514591,6,5.286912362932957,NA,NA,11,3,attractive_charge=3;hydrogen_bonds=2;ionic=3;salt_bridge=3,attractive_charge=1;ionic=1;salt_bridge=1,0.3333333333333333,0.16666666666666666,0.2222222222222222,0.125,1,6,3,0.0,0.0,0.0,0.0,0,11,3
4K80,vina_pose,20,A:1PW:301,L:UNL:1,RDKit,28,3.58527817211281,6,4.254672725369132,NA,NA,11,0,attractive_charge=3;hydrogen_bonds=2;ionic=3;salt_bridge=3,none=0,0.5,0.3333333333333333,0.4,0.25,2,6,4,0.0,0.0,0.0,0.0,0,11,0
4NS0,boltz,1,A:PIO:601,B:PIO:1,RDKit_partial_pred,34,12.808936387371585,19,14.524388412792863,128,1.4348906155330932,15,3,attractive_charge=3;hydrogen_bonds=6;ionic=3;salt_bridge=3,attractive_charge=1;ionic=1;salt_bridge=1,0.2,0.125,0.15384615384615385,0.08333333333333333,1,8,5,0.0,0.0,0.0,0.0,0,15,3
4NS0,vina_pose,1,A:PIO:601,L:UNL:1,RDKit,34,6.071313863523428,19,5.736856240687558,NA,NA,15,9,attractive_charge=3;hydrogen_bonds=6;ionic=3;salt_bridge=3,attractive_charge=2;hydrogen_bonds=3;ionic=2;salt_bridge=2,0.8888888888888888,1.0,0.9411764705882353,0.8888888888888888,8,8,9,0.7777777777777778,0.4666666666666667,0.5833333333333334,0.4117647058823529,7,15,9
4NS0,vina_pose,2,A:PIO:601,L:UNL:1,RDKit,34,9.820330012724803,19,7.4009144349657365,NA,NA,15,10,attractive_charge=3;hydrogen_bonds=6;ionic=3;salt_bridge=3,attractive_charge=2;hydrogen_bonds=4;ionic=2;salt_bridge=2,1.0,1.0,1.0,1.0,8,8,8,0.9,0.6,0.7200000000000001,0.5625,9,15,10
4NS0,vina_pose,3,A:PIO:601,L:UNL:1,RDKit,34,5.75809149601416,19,5.876173159463564,NA,NA,15,11,attractive_charge=3;hydrogen_bonds=6;ionic=3;salt_bridge=3,attractive_charge=3;hydrogen_bonds=2;ionic=3;salt_bridge=3,0.7777777777777778,0.875,0.823529411764706,0.7,7,8,9,0.8181818181818182,0.6,0.6923076923076923,0.5294117647058824,9,15,11
4NS0,vina_pose,4,A:PIO:601,L:UNL:1,RDKit,34,10.229351099251835,19,7.177144579551778,NA,NA,15,9,attractive_charge=3;hydrogen_bonds=6;ionic=3;salt_bridge=3,attractive_charge=2;hydrogen_bonds=3;ionic=2;salt_bridge=2,0.8888888888888888,1.0,0.9411764705882353,0.8888888888888888,8,8,9,0.8888888888888888,0.5333333333333333,0.6666666666666667,0.5,8,15,9
4NS0,vina_pose,5,A:PIO:601,L:UNL:1,RDKit,34,6.251049947103003,19,6.234637983834641,NA,NA,15,14,attractive_charge=3;hydrogen_bonds=6;ionic=3;salt_bridge=3,attractive_charge=4;hydrogen_bonds=2;ionic=4;salt_bridge=4,0.8,1.0,0.888888888888889,0.8,8,8,10,0.7142857142857143,0.6666666666666666,0.689655172413793,0.5263157894736842,10,15,14
4NS0,vina_pose,6,A:PIO:601,L:UNL:1,RDKit,34,10.009372960321917,19,7.409971045472233,NA,NA,15,10,attractive_charge=3;hydrogen_bonds=6;ionic=3;salt_bridge=3,attractive_charge=2;hydrogen_bonds=4;ionic=2;salt_bridge=2,1.0,1.0,1.0,1.0,8,8,8,0.9,0.6,0.7200000000000001,0.5625,9,15,10
4NS0,vina_pose,7,A:PIO:601,L:UNL:1,RDKit,34,9.502452695767241,19,7.105595600799786,NA,NA,15,10,attractive_charge=3;hydrogen_bonds=6;ionic=3;salt_bridge=3,attractive_charge=2;hydrogen_bonds=4;ionic=2;salt_bridge=2,0.8888888888888888,1.0,0.9411764705882353,0.8888888888888888,8,8,9,0.9,0.6,0.7200000000000001,0.5625,9,15,10
4NS0,vina_pose,8,A:PIO:601,L:UNL:1,RDKit,34,5.627195443453473,19,5.640878029825536,NA,NA,15,14,attractive_charge=3;hydrogen_bonds=6;ionic=3;salt_bridge=3,attractive_charge=3;hydrogen_bonds=5;ionic=3;salt_bridge=3,0.875,0.875,0.875,0.7777777777777778,7,8,8,0.8571428571428571,0.8,0.8275862068965518,0.7058823529411765,12,15,14
4NS0,vina_pose,9,A:PIO:601,L:UNL:1,RDKit,34,9.076863785276862,19,6.385273010690509,NA,NA,15,10,attractive_charge=3;hydrogen_bonds=6;ionic=3;salt_bridge=3,attractive_charge=2;hydrogen_bonds=4;ionic=2;salt_bridge=2,0.875,0.875,0.875,0.7777777777777778,7,8,8,0.9,0.6,0.7200000000000001,0.5625,9,15,10
4NS0,vina_pose,10,A:PIO:601,L:UNL:1,RDKit,34,5.137956225628104,19,5.251818502095,NA,NA,15,11,attractive_charge=3;hydrogen_bonds=6;ionic=3;salt_bridge=3,attractive_charge=2;hydrogen_bonds=5;ionic=2;salt_bridge=2,0.8888888888888888,1.0,0.9411764705882353,0.8888888888888888,8,8,9,0.8181818181818182,0.6,0.6923076923076923,0.5294117647058824,9,15,11
4NS0,vina_pose,11,A:PIO:601,L:UNL:1,RDKit,34,5.11775406277586,19,5.128360141101842,NA,NA,15,11,attractive_charge=3;hydrogen_bonds=6;ionic=3;salt_bridge=3,attractive_charge=2;hydrogen_bonds=5;ionic=2;salt_bridge=2,0.8888888888888888,1.0,0.9411764705882353,0.8888888888888888,8,8,9,0.7272727272727273,0.5333333333333333,0.6153846153846153,0.4444444444444444,8,15,11
4NS0,vina_pose,12,A:PIO:601,L:UNL:1,RDKit,34,10.113845067966167,19,7.711116613114642,NA,NA,15,10,attractive_charge=3;hydrogen_bonds=6;ionic=3;salt_bridge=3,attractive_charge=2;hydrogen_bonds=4;ionic=2;salt_bridge=2,0.75,0.75,0.75,0.6,6,8,8,0.8,0.5333333333333333,0.64,0.47058823529411764,8,15,10
4NS0,vina_pose,13,A:PIO:601,L:UNL:1,RDKit,34,7.824697915612349,19,7.386354467244953,NA,NA,15,9,attractive_charge=3;hydrogen_bonds=6;ionic=3;salt_bridge=3,attractive_charge=2;hydrogen_bonds=3;ionic=2;salt_bridge=2,0.875,0.875,0.875,0.7777777777777778,7,8,8,0.8888888888888888,0.5333333333333333,0.6666666666666667,0.5,8,15,9
4NS0,vina_pose,14,A:PIO:601,L:UNL:1,RDKit,34,7.740190402734822,19,7.282442877438717,NA,NA,15,12,attractive_charge=3;hydrogen_bonds=6;ionic=3;salt_bridge=3,attractive_charge=3;hydrogen_bonds=3;ionic=3;salt_bridge=3,0.8571428571428571,0.75,0.7999999999999999,0.6666666666666666,6,8,7,0.9166666666666666,0.7333333333333333,0.8148148148148148,0.6875,11,15,12
4NS0,vina_pose,15,A:PIO:601,L:UNL:1,RDKit,34,5.469253110639083,19,5.343492027937496,NA,NA,15,13,attractive_charge=3;hydrogen_bonds=6;ionic=3;salt_bridge=3,attractive_charge=3;hydrogen_bonds=4;ionic=3;salt_bridge=3,0.875,0.875,0.875,0.7777777777777778,7,8,8,0.9230769230769231,0.8,0.8571428571428571,0.75,12,15,13
4NS0,vina_pose,16,A:PIO:601,L:UNL:1,RDKit,34,8.793915744288608,19,7.999224505176145,NA,NA,15,5,attractive_charge=3;hydrogen_bonds=6;ionic=3;salt_bridge=3,attractive_charge=1;hydrogen_bonds=2;ionic=1;salt_bridge=1,0.6666666666666666,0.5,0.5714285714285715,0.4,4,8,6,0.6,0.2,0.3,0.17647058823529413,3,15,5
4NS0,vina_pose,17,A:PIO:601,L:UNL:1,RDKit,34,6.198721538017526,19,5.497497243961875,NA,NA,15,8,attractive_charge=3;hydrogen_bonds=6;ionic=3;salt_bridge=3,attractive_charge=2;hydrogen_bonds=2;ionic=2;salt_bridge=2,1.0,0.875,0.9333333333333333,0.875,7,8,7,0.875,0.4666666666666667,0.608695652173913,0.4375,7,15,8
4NS0,vina_pose,18,A:PIO:601,L:UNL:1,RDKit,34,5.753228183325581,19,5.518728290772108,NA,NA,15,13,attractive_charge=3;hydrogen_bonds=6;ionic=3;salt_bridge=3,attractive_charge=3;hydrogen_bonds=4;ionic=3;salt_bridge=3,1.0,0.875,0.9333333333333333,0.875,7,8,7,0.8461538461538461,0.7333333333333333,0.7857142857142856,0.6470588235294118,11,15,13
4NS0,vina_pose,19,A:PIO:601,L:UNL:1,RDKit,34,9.639613863696846,19,7.245267784088997,NA,NA,15,13,attractive_charge=3;hydrogen_bonds=6;ionic=3;salt_bridge=3,attractive_charge=3;hydrogen_bonds=4;ionic=3;salt_bridge=3,0.7777777777777778,0.875,0.823529411764706,0.7,7,8,9,0.9230769230769231,0.8,0.8571428571428571,0.75,12,15,13
4NS0,vina_pose,20,A:PIO:601,L:UNL:1,RDKit,34,3.8986266548770288,19,2.274116890482753,NA,NA,15,13,attractive_charge=3;hydrogen_bonds=6;ionic=3;salt_bridge=3,attractive_charge=3;hydrogen_bonds=4;ionic=3;salt_bridge=3,1.0,1.0,1.0,1.0,8,8,8,0.9230769230769231,0.8,0.8571428571428571,0.75,12,15,13
4QA8,boltz,1,A:PJZ:301,B:PJZ:1,RDKit,34,0.8429059352073992,6,1.209038916368787,210,0.6035058752131516,0,0,none=0,none=0,1.0,1.0,1.0,1.0,5,5,5,NA,NA,NA,NA,0,0,0
4QA8,vina_pose,1,A:PJZ:301,A:PJZ:301,RDKit,34,5.767509330928988,6,5.2375578119323265,NA,NA,0,1,none=0,hydrogen_bonds=1,0.625,1.0,0.7692307692307693,0.625,5,5,8,NA,NA,NA,NA,0,0,1
4QA8,vina_pose,2,A:PJZ:301,A:PJZ:301,RDKit,34,2.0947486301533678,6,2.70193291922653,NA,NA,0,0,none=0,none=0,0.7142857142857143,1.0,0.8333333333333333,0.7142857142857143,5,5,7,NA,NA,NA,NA,0,0,0
4QA8,vina_pose,3,A:PJZ:301,A:PJZ:301,RDKit,34,6.231408659553066,6,5.307220930016009,NA,NA,0,0,none=0,none=0,0.7142857142857143,1.0,0.8333333333333333,0.7142857142857143,5,5,7,NA,NA,NA,NA,0,0,0
4QA8,vina_pose,4,A:PJZ:301,A:PJZ:301,RDKit,34,4.859852012997442,6,4.498734414625222,NA,NA,0,0,none=0,none=0,0.42857142857142855,0.6,0.5,0.3333333333333333,3,5,7,NA,NA,NA,NA,0,0,0
4QA8,vina_pose,5,A:PJZ:301,A:PJZ:301,RDKit,34,5.794886257321546,6,5.391304959531288,NA,NA,0,0,none=0,none=0,0.8333333333333334,1.0,0.9090909090909091,0.8333333333333334,5,5,6,NA,NA,NA,NA,0,0,0
4QA8,vina_pose,6,A:PJZ:301,A:PJZ:301,RDKit,34,11.504633327490277,6,13.3570769319738,NA,NA,0,0,none=0,none=0,0.0,0.0,0.0,0.0,0,5,10,NA,NA,NA,NA,0,0,0
4QA8,vina_pose,7,A:PJZ:301,A:PJZ:301,RDKit,34,4.35549599728354,6,4.250420077278637,NA,NA,0,1,none=0,hydrogen_bonds=1,0.5,0.8,0.6153846153846154,0.4444444444444444,4,5,8,NA,NA,NA,NA,0,0,1
4QA8,vina_pose,8,A:PJZ:301,A:PJZ:301,RDKit,34,11.190158898624746,6,13.881812993986053,NA,NA,0,2,none=0,hydrogen_bonds=2,0.0,0.0,0.0,0.0,0,5,14,NA,NA,NA,NA,0,0,2
4QA8,vina_pose,9,A:PJZ:301,A:PJZ:301,RDKit,34,1.6459907440237218,6,2.027926979290264,NA,NA,0,1,none=0,hydrogen_bonds=1,1.0,1.0,1.0,1.0,5,5,5,NA,NA,NA,NA,0,0,1
4QA8,vina_pose,10,A:PJZ:301,A:PJZ:301,RDKit,34,3.0154408125708003,6,4.514724631691284,NA,NA,0,1,none=0,hydrogen_bonds=1,0.6666666666666666,0.8,0.7272727272727272,0.5714285714285714,4,5,6,NA,NA,NA,NA,0,0,1
4QA8,vina_pose,11,A:PJZ:301,A:PJZ:301,RDKit,34,6.376442318962733,6,6.412879111600343,NA,NA,0,0,none=0,none=0,0.375,0.6,0.4615384615384615,0.3,3,5,8,NA,NA,NA,NA,0,0,0
4QA8,vina_pose,12,A:PJZ:301,A:PJZ:301,RDKit,34,2.191444749072012,6,2.4970949788370755,NA,NA,0,0,none=0,none=0,0.75,0.6,0.6666666666666665,0.5,3,5,4,NA,NA,NA,NA,0,0,0
4QA8,vina_pose,13,A:PJZ:301,A:PJZ:301,RDKit,34,2.305804957059465,6,2.1232600327483837,NA,NA,0,0,none=0,none=0,1.0,1.0,1.0,1.0,5,5,5,NA,NA,NA,NA,0,0,0
4QA8,vina_pose,14,A:PJZ:301,A:PJZ:301,RDKit,34,10.698260646149034,6,10.707139899774045,NA,NA,0,0,none=0,none=0,0.2222222222222222,0.4,0.2857142857142857,0.16666666666666666,2,5,9,NA,NA,NA,NA,0,0,0
4QA8,vina_pose,15,A:PJZ:301,A:PJZ:301,RDKit,34,10.637363415864689,6,10.710077847522864,NA,NA,0,1,none=0,hydrogen_bonds=1,0.2222222222222222,0.4,0.2857142857142857,0.16666666666666666,2,5,9,NA,NA,NA,NA,0,0,1
4QA8,vina_pose,16,A:PJZ:301,A:PJZ:301,RDKit,34,4.1405651965714565,6,3.564990252441092,NA,NA,0,0,none=0,none=0,0.5,0.6,0.5454545454545454,0.375,3,5,6,NA,NA,NA,NA,0,0,0
4QA8,vina_pose,17,A:PJZ:301,A:PJZ:301,RDKit,34,11.539141864566371,6,11.634000071629131,NA,NA,0,0,none=0,none=0,0.0,0.0,0.0,0.0,0,5,8,NA,NA,NA,NA,0,0,0
4QA8,vina_pose,18,A:PJZ:301,A:PJZ:301,RDKit,34,4.874796300419971,6,4.463594945034028,NA,NA,0,1,none=0,hydrogen_bonds=1,0.5714285714285714,0.8,0.6666666666666666,0.5,4,5,7,NA,NA,NA,NA,0,0,1
4QA8,vina_pose,19,A:PJZ:301,A:PJZ:301,RDKit,34,9.798746448938672,6,10.825429529584497,NA,NA,0,0,none=0,none=0,0.09090909090909091,0.2,0.12500000000000003,0.06666666666666667,1,5,11,NA,NA,NA,NA,0,0,0
4QA8,vina_pose,20,A:PJZ:301,A:PJZ:301,RDKit,34,6.695017833741569,6,5.842088396569615,NA,NA,0,0,none=0,none=0,0.75,0.6,0.6666666666666665,0.5,3,5,4,NA,NA,NA,NA,0,0,0
4TW3,boltz,1,A:STE:303,B:STE:1,RDKit,20,12.847190604638877,3,9.797007272517602,222,0.5469335033553291,5,0,hydrogen_bonds=5,none=0,0.25,0.16666666666666666,0.2,0.1111111111111111,2,12,8,0.0,0.0,0.0,0.0,0,5,0
4TW3,vina_pose,1,A:STE:303,L:UNL:1,RDKit,20,8.166895897463123,3,11.594453199698552,NA,NA,5,4,hydrogen_bonds=5,hydrogen_bonds=4,0.1111111111111111,0.08333333333333333,0.09523809523809525,0.05,1,12,9,0.0,0.0,0.0,0.0,0,5,4
4TW3,vina_pose,2,A:STE:303,L:UNL:1,RDKit,20,8.035663192916935,3,15.204072009388362,NA,NA,5,2,hydrogen_bonds=5,hydrogen_bonds=2,0.0,0.0,0.0,0.0,0,12,8,0.0,0.0,0.0,0.0,0,5,2
4TW3,vina_pose,3,A:STE:303,L:UNL:1,RDKit,20,8.547441140481752,3,13.9149877110977,NA,NA,5,2,hydrogen_bonds=5,hydrogen_bonds=2,0.0,0.0,0.0,0.0,0,12,8,0.0,0.0,0.0,0.0,0,5,2
4TW3,vina_pose,4,A:STE:303,L:UNL:1,RDKit,20,8.800957484842204,3,15.099605447383937,NA,NA,5,0,hydrogen_bonds=5,none=0,0.0,0.0,0.0,0.0,0,12,7,0.0,0.0,0.0,0.0,0,5,0
4TW3,vina_pose,5,A:STE:303,L:UNL:1,RDKit,20,7.576407641488147,3,6.013154413450565,NA,NA,5,3,hydrogen_bonds=5,hydrogen_bonds=3,0.5555555555555556,0.4166666666666667,0.4761904761904762,0.3125,5,12,9,0.0,0.0,0.0,0.0,0,5,3
4TW3,vina_pose,6,A:STE:303,L:UNL:1,RDKit,20,7.243142839955594,3,9.755571502138322,NA,NA,5,0,hydrogen_bonds=5,none=0,0.0,0.0,0.0,0.0,0,12,6,0.0,0.0,0.0,0.0,0,5,0
4TW3,vina_pose,7,A:STE:303,L:UNL:1,RDKit,20,7.890643351463808,3,11.018662562519404,NA,NA,5,2,hydrogen_bonds=5,hydrogen_bonds=2,0.1,0.08333333333333333,0.0909090909090909,0.047619047619047616,1,12,10,0.0,0.0,0.0,0.0,0,5,2
4TW3,vina_pose,8,A:STE:303,L:UNL:1,RDKit,20,5.861668431428035,3,8.836754532443836,NA,NA,5,1,hydrogen_bonds=5,hydrogen_bonds=1,0.2222222222222222,0.16666666666666666,0.1904761904761905,0.10526315789473684,2,12,9,0.0,0.0,0.0,0.0,0,5,1
4TW3,vina_pose,9,A:STE:303,L:UNL:1,RDKit,20,7.275489175993598,3,6.115749204581016,NA,NA,5,1,hydrogen_bonds=5,hydrogen_bonds=1,0.625,0.4166666666666667,0.5,0.3333333333333333,5,12,8,1.0,0.2,0.33333333333333337,0.2,1,5,1
4TW3,vina_pose,10,A:STE:303,L:UNL:1,RDKit,20,6.922921243954751,3,9.589099349434926,NA,NA,5,2,hydrogen_bonds=5,hydrogen_bonds=2,0.25,0.16666666666666666,0.2,0.1111111111111111,2,12,8,0.0,0.0,0.0,0.0,0,5,2
4TW3,vina_pose,11,A:STE:303,L:UNL:1,RDKit,20,6.875270489224405,3,7.622588536711134,NA,NA,5,0,hydrogen_bonds=5,none=0,0.16666666666666666,0.08333333333333333,0.1111111111111111,0.058823529411764705,1,12,6,0.0,0.0,0.0,0.0,0,5,0
4TW3,vina_pose,12,A:STE:303,L:UNL:1,RDKit,20,7.0472286609702115,3,10.7774598893555,NA,NA,5,2,hydrogen_bonds=5,hydrogen_bonds=2,0.25,0.16666666666666666,0.2,0.1111111111111111,2,12,8,0.0,0.0,0.0,0.0,0,5,2
4TW3,vina_pose,13,A:STE:303,L:UNL:1,RDKit,20,6.942226580860063,3,12.738146385300073,NA,NA,5,1,hydrogen_bonds=5,hydrogen_bonds=1,0.125,0.08333333333333333,0.1,0.05263157894736842,1,12,8,0.0,0.0,0.0,0.0,0,5,1
4TW3,vina_pose,14,A:STE:303,L:UNL:1,RDKit,20,7.156776288944626,3,9.054552667028892,NA,NA,5,0,hydrogen_bonds=5,none=0,0.2857142857142857,0.16666666666666666,0.2105263157894737,0.11764705882352941,2,12,7,0.0,0.0,0.0,0.0,0,5,0
4TW3,vina_pose,15,A:STE:303,L:UNL:1,RDKit,20,6.391758662527865,3,8.363966084739145,NA,NA,5,2,hydrogen_bonds=5,hydrogen_bonds=2,0.3,0.25,0.2727272727272727,0.15789473684210525,3,12,10,0.0,0.0,0.0,0.0,0,5,2
4TW3,vina_pose,16,A:STE:303,L:UNL:1,RDKit,20,8.049045281895237,3,14.239137813318145,NA,NA,5,1,hydrogen_bonds=5,hydrogen_bonds=1,0.0,0.0,0.0,0.0,0,12,10,0.0,0.0,0.0,0.0,0,5,1
4TW3,vina_pose,17,A:STE:303,L:UNL:1,RDKit,20,7.86164825911208,3,13.432633658370946,NA,NA,5,0,hydrogen_bonds=5,none=0,0.0,0.0,0.0,0.0,0,12,8,0.0,0.0,0.0,0.0,0,5,0
4TW3,vina_pose,18,A:STE:303,L:UNL:1,RDKit,20,8.889639534311838,3,11.682659272043615,NA,NA,5,2,hydrogen_bonds=5,hydrogen_bonds=2,0.1111111111111111,0.08333333333333333,0.09523809523809525,0.05,1,12,9,0.0,0.0,0.0,0.0,0,5,2
4TW3,vina_pose,19,A:STE:303,L:UNL:1,RDKit,20,10.484508123894035,3,11.97276939559098,NA,NA,5,0,hydrogen_bonds=5,none=0,0.0,0.0,0.0,0.0,0,12,6,0.0,0.0,0.0,0.0,0,5,0
4TW3,vina_pose,20,A:STE:303,L:UNL:1,RDKit,20,6.2679356848965835,3,5.998134654484954,NA,NA,5,1,hydrogen_bonds=5,hydrogen_bonds=1,0.3333333333333333,0.25,0.28571428571428575,0.16666666666666666,3,12,9,0.0,0.0,0.0,0.0,0,5,1
4WBK,boltz,1,A:STE:200,B:STE:1,RDKit,20,6.075813097986068,3,11.139616930439612,133,0.4408122831944552,2,1,hydrogen_bonds=2,hydrogen_bonds=1,0.0,0.0,0.0,0.0,0,7,6,0.0,0.0,0.0,0.0,0,2,1
4WBK,vina_pose,1,A:STE:200,L:UNL:1,RDKit,20,4.316245231679961,3,7.767361199274822,NA,NA,2,3,hydrogen_bonds=2,hydrogen_bonds=3,0.0,0.0,0.0,0.0,0,7,9,0.0,0.0,0.0,0.0,0,2,3
4WBK,vina_pose,2,A:STE:200,L:UNL:1,RDKit,20,5.332039633198539,3,7.125367733200395,NA,NA,2,2,hydrogen_bonds=2,hydrogen_bonds=2,0.16666666666666666,0.14285714285714285,0.15384615384615383,0.08333333333333333,1,7,6,0.0,0.0,0.0,0.0,0,2,2
4WBK,vina_pose,3,A:STE:200,L:UNL:1,RDKit,20,5.211019382040332,3,6.284577206675615,NA,NA,2,2,hydrogen_bonds=2,hydrogen_bonds=2,0.16666666666666666,0.14285714285714285,0.15384615384615383,0.08333333333333333,1,7,6,0.0,0.0,0.0,0.0,0,2,2
4WBK,vina_pose,4,A:STE:200,L:UNL:1,RDKit,20,4.761886779418427,3,1.7700678894701565,NA,NA,2,2,hydrogen_bonds=2,hydrogen_bonds=2,0.7142857142857143,0.7142857142857143,0.7142857142857143,0.5555555555555556,5,7,7,1.0,1.0,1.0,1.0,2,2,2
4WBK,vina_pose,5,A:STE:200,L:UNL:1,RDKit,20,2.108510718493032,3,2.120424092801563,NA,NA,2,2,hydrogen_bonds=2,hydrogen_bonds=2,0.8333333333333334,0.7142857142857143,0.7692307692307692,0.625,5,7,6,1.0,1.0,1.0,1.0,2,2,2
4WBK,vina_pose,6,A:STE:200,L:UNL:1,RDKit,20,3.1618310043390996,3,1.6488305957051295,NA,NA,2,2,hydrogen_bonds=2,hydrogen_bonds=2,0.7142857142857143,0.7142857142857143,0.7142857142857143,0.5555555555555556,5,7,7,1.0,1.0,1.0,1.0,2,2,2
4WBK,vina_pose,7,A:STE:200,L:UNL:1,RDKit,20,4.7139805790860025,3,1.8695631397022492,NA,NA,2,2,hydrogen_bonds=2,hydrogen_bonds=2,0.75,0.8571428571428571,0.7999999999999999,0.6666666666666666,6,7,8,1.0,1.0,1.0,1.0,2,2,2
4WBK,vina_pose,8,A:STE:200,L:UNL:1,RDKit,20,5.139238148792096,3,6.614768955400735,NA,NA,2,2,hydrogen_bonds=2,hydrogen_bonds=2,0.2857142857142857,0.2857142857142857,0.2857142857142857,0.16666666666666666,2,7,7,0.0,0.0,0.0,0.0,0,2,2
4WBK,vina_pose,9,A:STE:200,L:UNL:1,RDKit,20,3.426745679212276,3,7.593964291900948,NA,NA,2,3,hydrogen_bonds=2,hydrogen_bonds=3,0.0,0.0,0.0,0.0,0,7,7,0.0,0.0,0.0,0.0,0,2,3
4WBK,vina_pose,10,A:STE:200,L:UNL:1,RDKit,20,5.510278786050666,3,7.3134732058942635,NA,NA,2,0,hydrogen_bonds=2,none=0,0.0,0.0,0.0,0.0,0,7,7,0.0,0.0,0.0,0.0,0,2,0
4WBK,vina_pose,11,A:STE:200,L:UNL:1,RDKit,20,3.902285496987631,3,1.33451714114132,NA,NA,2,1,hydrogen_bonds=2,hydrogen_bonds=1,0.7142857142857143,0.7142857142857143,0.7142857142857143,0.5555555555555556,5,7,7,1.0,0.5,0.6666666666666666,0.5,1,2,1
4WBK,vina_pose,12,A:STE:200,L:UNL:1,RDKit,20,5.335465110934566,3,6.1999001067221515,NA,NA,2,2,hydrogen_bonds=2,hydrogen_bonds=2,0.2,0.14285714285714285,0.16666666666666666,0.09090909090909091,1,7,5,0.0,0.0,0.0,0.0,0,2,2
4WBK,vina_pose,13,A:STE:200,L:UNL:1,RDKit,20,2.9322268500237154,3,5.251011235943035,NA,NA,2,2,hydrogen_bonds=2,hydrogen_bonds=2,0.4,0.2857142857142857,0.3333333333333333,0.2,2,7,5,0.0,0.0,0.0,0.0,0,2,2
4WBK,vina_pose,14,A:STE:200,L:UNL:1,RDKit,20,5.173588372686795,3,7.058743915645804,NA,NA,2,2,hydrogen_bonds=2,hydrogen_bonds=2,0.2857142857142857,0.2857142857142857,0.2857142857142857,0.16666666666666666,2,7,7,0.0,0.0,0.0,0.0,0,2,2
4WBK,vina_pose,15,A:STE:200,L:UNL:1,RDKit,20,5.114728140380484,3,4.957042296907837,NA,NA,2,2,hydrogen_bonds=2,hydrogen_bonds=2,0.4,0.2857142857142857,0.3333333333333333,0.2,2,7,5,0.0,0.0,0.0,0.0,0,2,2
4WBK,vina_pose,16,A:STE:200,L:UNL:1,RDKit,20,4.715723428064881,3,3.019752528491919,NA,NA,2,4,hydrogen_bonds=2,hydrogen_bonds=4,0.8333333333333334,0.7142857142857143,0.7692307692307692,0.625,5,7,6,0.25,0.5,0.3333333333333333,0.2,1,2,4
4WBK,vina_pose,17,A:STE:200,L:UNL:1,RDKit,20,1.2690504915093013,3,0.8315285122391575,NA,NA,2,2,hydrogen_bonds=2,hydrogen_bonds=2,0.8333333333333334,0.7142857142857143,0.7692307692307692,0.625,5,7,6,1.0,1.0,1.0,1.0,2,2,2
4WBK,vina_pose,18,A:STE:200,L:UNL:1,RDKit,20,5.575212942121584,3,7.333919711404899,NA,NA,2,3,hydrogen_bonds=2,hydrogen_bonds=3,0.0,0.0,0.0,0.0,0,7,8,0.0,0.0,0.0,0.0,0,2,3
4WBK,vina_pose,19,A:STE:200,L:UNL:1,RDKit,20,2.6838311888045414,3,2.3841761679875924,NA,NA,2,2,hydrogen_bonds=2,hydrogen_bonds=2,0.8333333333333334,0.7142857142857143,0.7692307692307692,0.625,5,7,6,1.0,1.0,1.0,1.0,2,2,2
4WBK,vina_pose,20,A:STE:200,L:UNL:1,RDKit,20,5.0279682278232425,3,7.428066078507021,NA,NA,2,2,hydrogen_bonds=2,hydrogen_bonds=2,0.0,0.0,0.0,0.0,0,7,7,0.0,0.0,0.0,0.0,0,2,2
4X9X,boltz,1,A:OLA:301,B:OLA:1,RDKit,20,4.089962358493748,3,7.730361211977616,268,4.358869300420852,4,0,hydrogen_bonds=4,none=0,1.0,0.1,0.18181818181818182,0.1,1,10,1,0.0,0.0,0.0,0.0,0,4,0
4X9X,vina_pose,1,A:OLA:301,L:UNL:1,RDKit,20,1.943406583811015,3,3.1733516456054276,NA,NA,4,3,hydrogen_bonds=4,hydrogen_bonds=3,0.75,0.6,0.6666666666666665,0.5,6,10,8,0.6666666666666666,0.5,0.5714285714285715,0.4,2,4,3
4X9X,vina_pose,2,A:OLA:301,L:UNL:1,RDKit,20,9.2449482881193,3,15.10998642178962,NA,NA,4,3,hydrogen_bonds=4,hydrogen_bonds=3,0.0,0.0,0.0,0.0,0,10,12,0.0,0.0,0.0,0.0,0,4,3
4X9X,vina_pose,3,A:OLA:301,L:UNL:1,RDKit,20,2.184351311030348,3,2.955093286739581,NA,NA,4,3,hydrogen_bonds=4,hydrogen_bonds=3,0.75,0.6,0.6666666666666665,0.5,6,10,8,0.6666666666666666,0.5,0.5714285714285715,0.4,2,4,3
4X9X,vina_pose,4,A:OLA:301,L:UNL:1,RDKit,20,9.53840646020078,3,15.157180201695388,NA,NA,4,4,hydrogen_bonds=4,hydrogen_bonds=4,0.0,0.0,0.0,0.0,0,10,11,0.0,0.0,0.0,0.0,0,4,4
4X9X,vina_pose,5,A:OLA:301,L:UNL:1,RDKit,20,9.391003729634015,3,14.847294332638524,NA,NA,4,3,hydrogen_bonds=4,hydrogen_bonds=3,0.0,0.0,0.0,0.0,0,10,12,0.0,0.0,0.0,0.0,0,4,3
4X9X,vina_pose,6,A:OLA:301,L:UNL:1,RDKit,20,1.5080001326259886,3,2.3173896953253257,NA,NA,4,5,hydrogen_bonds=4,hydrogen_bonds=5,0.75,0.6,0.6666666666666665,0.5,6,10,8,0.6,0.75,0.6666666666666665,0.5,3,4,5
4X9X,vina_pose,7,A:OLA:301,L:UNL:1,RDKit,20,1.9192124947488225,3,0.47741002642731906,NA,NA,4,4,hydrogen_bonds=4,hydrogen_bonds=4,1.0,1.0,1.0,1.0,10,10,10,0.75,0.75,0.75,0.6,3,4,4
4X9X,vina_pose,8,A:OLA:301,L:UNL:1,RDKit,20,9.250217056912774,3,14.658594486966798,NA,NA,4,5,hydrogen_bonds=4,hydrogen_bonds=5,0.0,0.0,0.0,0.0,0,10,10,0.0,0.0,0.0,0.0,0,4,5
4X9X,vina_pose,9,A:OLA:301,L:UNL:1,RDKit,20,9.227967173218596,3,14.688939535128691,NA,NA,4,4,hydrogen_bonds=4,hydrogen_bonds=4,0.0,0.0,0.0,0.0,0,10,9,0.0,0.0,0.0,0.0,0,4,4
4X9X,vina_pose,10,A:OLA:301,L:UNL:1,RDKit,20,2.1968143298877125,3,2.261901412528849,NA,NA,4,3,hydrogen_bonds=4,hydrogen_bonds=3,0.8181818181818182,0.9,0.8571428571428572,0.75,9,10,11,1.0,0.75,0.8571428571428571,0.75,3,4,3
4X9X,vina_pose,11,A:OLA:301,L:UNL:1,RDKit,20,9.553840259288409,3,14.313040732143538,NA,NA,4,4,hydrogen_bonds=4,hydrogen_bonds=4,0.0,0.0,0.0,0.0,0,10,9,0.0,0.0,0.0,0.0,0,4,4
4X9X,vina_pose,12,A:OLA:301,L:UNL:1,RDKit,20,3.211034303771917,3,2.7615912079813696,NA,NA,4,4,hydrogen_bonds=4,hydrogen_bonds=4,1.0,0.8,0.888888888888889,0.8,8,10,8,0.5,0.5,0.5,0.3333333333333333,2,4,4
4X9X,vina_pose,13,A:OLA:301,L:UNL:1,RDKit,20,10.380882720173656,3,14.237761036530054,NA,NA,4,0,hydrogen_bonds=4,none=0,0.0,0.0,0.0,0.0,0,10,12,0.0,0.0,0.0,0.0,0,4,0
4X9X,vina_pose,14,A:OLA:301,L:UNL:1,RDKit,20,10.190096005435866,3,15.263970125756929,NA,NA,4,4,hydrogen_bonds=4,hydrogen_bonds=4,0.0,0.0,0.0,0.0,0,10,11,0.0,0.0,0.0,0.0,0,4,4
4X9X,vina_pose,15,A:OLA:301,L:UNL:1,RDKit,20,9.237833839705063,3,14.873691494268218,NA,NA,4,2,hydrogen_bonds=4,hydrogen_bonds=2,0.0,0.0,0.0,0.0,0,10,13,0.0,0.0,0.0,0.0,0,4,2
4X9X,vina_pose,16,A:OLA:301,L:UNL:1,RDKit,20,11.3746025952558,3,12.887267967519985,NA,NA,4,0,hydrogen_bonds=4,none=0,0.14285714285714285,0.1,0.11764705882352941,0.0625,1,10,7,0.0,0.0,0.0,0.0,0,4,0
4X9X,vina_pose,17,A:OLA:301,L:UNL:1,RDKit,20,4.0338525320095675,3,2.8210558897925697,NA,NA,4,4,hydrogen_bonds=4,hydrogen_bonds=4,0.75,0.6,0.6666666666666665,0.5,6,10,8,0.75,0.75,0.75,0.6,3,4,4
4X9X,vina_pose,18,A:OLA:301,L:UNL:1,RDKit,20,4.70674768284853,3,3.420126752037123,NA,NA,4,3,hydrogen_bonds=4,hydrogen_bonds=3,0.75,0.6,0.6666666666666665,0.5,6,10,8,0.6666666666666666,0.5,0.5714285714285715,0.4,2,4,3
4X9X,vina_pose,19,A:OLA:301,L:UNL:1,RDKit,20,11.527205650113128,3,13.502557683639052,NA,NA,4,0,hydrogen_bonds=4,none=0,0.0,0.0,0.0,0.0,0,10,8,0.0,0.0,0.0,0.0,0,4,0
4X9X,vina_pose,20,A:OLA:301,L:UNL:1,RDKit,20,4.190479065691655,3,9.070359915681406,NA,NA,4,1,hydrogen_bonds=4,hydrogen_bonds=1,0.3333333333333333,0.2,0.25,0.14285714285714285,2,10,6,0.0,0.0,0.0,0.0,0,4,1
5BVT,boltz,1,A:PAM:201,B:PAM:1,RDKit,18,9.59761137269245,3,5.608962381613086,134,0.5486440072880894,0,2,none=0,hydrogen_bonds=2,0.25,0.25,0.25,0.14285714285714285,2,8,8,NA,NA,NA,NA,0,0,2
5BVT,vina_pose,1,A:PAM:201,L:UNL:1,RDKit,18,2.4811973811940975,3,5.41102846046849,NA,NA,0,3,none=0,hydrogen_bonds=3,0.25,0.25,0.25,0.14285714285714285,2,8,8,NA,NA,NA,NA,0,0,3
5BVT,vina_pose,2,A:PAM:201,L:UNL:1,RDKit,18,6.161944813846429,3,6.1011700517195875,NA,NA,0,1,none=0,hydrogen_bonds=1,0.4444444444444444,0.5,0.47058823529411764,0.3076923076923077,4,8,9,NA,NA,NA,NA,0,0,1
5BVT,vina_pose,3,A:PAM:201,L:UNL:1,RDKit,18,1.7231912739642883,3,2.722539133480607,NA,NA,0,2,none=0,hydrogen_bonds=2,0.8571428571428571,0.75,0.7999999999999999,0.6666666666666666,6,8,7,NA,NA,NA,NA,0,0,2
5BVT,vina_pose,4,A:PAM:201,L:UNL:1,RDKit,18,2.7735077268886617,3,5.184839116758269,NA,NA,0,3,none=0,hydrogen_bonds=3,0.2857142857142857,0.25,0.26666666666666666,0.15384615384615385,2,8,7,NA,NA,NA,NA,0,0,3
5BVT,vina_pose,5,A:PAM:201,L:UNL:1,RDKit,18,3.4601025113266353,3,5.192103684121367,NA,NA,0,4,none=0,hydrogen_bonds=4,0.3,0.375,0.33333333333333326,0.2,3,8,10,NA,NA,NA,NA,0,0,4
5BVT,vina_pose,6,A:PAM:201,L:UNL:1,RDKit,18,6.506250883231876,3,6.7398935451533655,NA,NA,0,1,none=0,hydrogen_bonds=1,0.3333333333333333,0.375,0.35294117647058826,0.21428571428571427,3,8,9,NA,NA,NA,NA,0,0,1
5BVT,vina_pose,7,A:PAM:201,L:UNL:1,RDKit,18,6.506307520825891,3,7.1914987543163305,NA,NA,0,1,none=0,hydrogen_bonds=1,0.25,0.25,0.25,0.14285714285714285,2,8,8,NA,NA,NA,NA,0,0,1
5BVT,vina_pose,8,A:PAM:201,L:UNL:1,RDKit,18,3.113117533563065,3,4.005245560511864,NA,NA,0,1,none=0,hydrogen_bonds=1,0.42857142857142855,0.375,0.39999999999999997,0.25,3,8,7,NA,NA,NA,NA,0,0,1
5BVT,vina_pose,9,A:PAM:201,L:UNL:1,RDKit,18,1.092493198554979,3,1.4485023299946742,NA,NA,0,0,none=0,none=0,1.0,0.75,0.8571428571428571,0.75,6,8,6,NA,NA,NA,NA,0,0,0
5BVT,vina_pose,10,A:PAM:201,L:UNL:1,RDKit,18,3.235991235738715,3,2.6536821588125434,NA,NA,0,2,none=0,hydrogen_bonds=2,1.0,0.625,0.7692307692307693,0.625,5,8,5,NA,NA,NA,NA,0,0,2
5BVT,vina_pose,11,A:PAM:201,L:UNL:1,RDKit,18,7.083422932766647,3,8.891391567128286,NA,NA,0,2,none=0,hydrogen_bonds=2,0.125,0.125,0.125,0.06666666666666667,1,8,8,NA,NA,NA,NA,0,0,2
5BVT,vina_pose,12,A:PAM:201,L:UNL:1,RDKit,18,5.439419260260133,3,4.386756926629664,NA,NA,0,1,none=0,hydrogen_bonds=1,0.5714285714285714,0.5,0.5333333333333333,0.36363636363636365,4,8,7,NA,NA,NA,NA,0,0,1
5BVT,vina_pose,13,A:PAM:201,L:UNL:1,RDKit,18,6.959792565555065,3,9.80518028051159,NA,NA,0,1,none=0,hydrogen_bonds=1,0.14285714285714285,0.125,0.13333333333333333,0.07142857142857142,1,8,7,NA,NA,NA,NA,0,0,1
5BVT,vina_pose,14,A:PAM:201,L:UNL:1,RDKit,18,7.102149831017523,3,8.360026036642072,NA,NA,0,2,none=0,hydrogen_bonds=2,0.16666666666666666,0.125,0.14285714285714288,0.07692307692307693,1,8,6,NA,NA,NA,NA,0,0,2
5BVT,vina_pose,15,A:PAM:201,L:UNL:1,RDKit,18,4.243089879111945,3,2.1224841577736218,NA,NA,0,3,none=0,hydrogen_bonds=3,1.0,0.75,0.8571428571428571,0.75,6,8,6,NA,NA,NA,NA,0,0,3
5BVT,vina_pose,16,A:PAM:201,L:UNL:1,RDKit,18,3.2531230464824956,3,3.4545311789976174,NA,NA,0,2,none=0,hydrogen_bonds=2,0.375,0.375,0.375,0.23076923076923078,3,8,8,NA,NA,NA,NA,0,0,2
5BVT,vina_pose,17,A:PAM:201,L:UNL:1,RDKit,18,6.042748427293293,3,6.529894715843434,NA,NA,0,0,none=0,none=0,0.3333333333333333,0.25,0.28571428571428575,0.16666666666666666,2,8,6,NA,NA,NA,NA,0,0,0
5BVT,vina_pose,18,A:PAM:201,L:UNL:1,RDKit,18,5.353833559028313,3,2.740910432684731,NA,NA,0,3,none=0,hydrogen_bonds=3,0.8,0.5,0.6153846153846154,0.4444444444444444,4,8,5,NA,NA,NA,NA,0,0,3
5BVT,vina_pose,19,A:PAM:201,L:UNL:1,RDKit,18,7.430559721701844,3,9.459301330789007,NA,NA,0,1,none=0,hydrogen_bonds=1,0.14285714285714285,0.125,0.13333333333333333,0.07142857142857142,1,8,7,NA,NA,NA,NA,0,0,1
5BVT,vina_pose,20,A:PAM:201,L:UNL:1,RDKit,18,4.1108697444160835,3,2.196140933546843,NA,NA,0,3,none=0,hydrogen_bonds=3,1.0,0.625,0.7692307692307693,0.625,5,8,5,NA,NA,NA,NA,0,0,3
5NU2,boltz,1,A:PLM:201,B:PLM:1,RDKit,18,4.497732690393944,3,8.582302669983639,174,0.8864595602323782,3,2,hydrogen_bonds=3,hydrogen_bonds=2,0.16666666666666666,0.125,0.14285714285714288,0.07692307692307693,1,8,6,0.0,0.0,0.0,0.0,0,3,2
5NU2,vina_pose,1,A:PLM:201,L:UNL:1,RDKit,18,1.9602524213874994,3,1.961929747298137,NA,NA,3,4,hydrogen_bonds=3,hydrogen_bonds=4,0.7777777777777778,0.875,0.823529411764706,0.7,7,8,9,0.5,0.6666666666666666,0.5714285714285715,0.4,2,3,4
5NU2,vina_pose,2,A:PLM:201,L:UNL:1,RDKit,18,2.1741870383611843,3,1.9921584608994662,NA,NA,3,3,hydrogen_bonds=3,hydrogen_bonds=3,0.6666666666666666,0.75,0.7058823529411765,0.5454545454545454,6,8,9,0.6666666666666666,0.6666666666666666,0.6666666666666666,0.5,2,3,3
5NU2,vina_pose,3,A:PLM:201,L:UNL:1,RDKit,18,1.5015637219615796,3,2.1283391020543077,NA,NA,3,3,hydrogen_bonds=3,hydrogen_bonds=3,0.7777777777777778,0.875,0.823529411764706,0.7,7,8,9,0.6666666666666666,0.6666666666666666,0.6666666666666666,0.5,2,3,3
5NU2,vina_pose,4,A:PLM:201,L:UNL:1,RDKit,18,2.765253976681989,3,1.995573685267806,NA,NA,3,4,hydrogen_bonds=3,hydrogen_bonds=4,0.7777777777777778,0.875,0.823529411764706,0.7,7,8,9,0.75,1.0,0.8571428571428571,0.75,3,3,4
5NU2,vina_pose,5,A:PLM:201,L:UNL:1,RDKit,18,3.212097246694474,3,1.6640484768579713,NA,NA,3,4,hydrogen_bonds=3,hydrogen_bonds=4,0.7777777777777778,0.875,0.823529411764706,0.7,7,8,9,0.75,1.0,0.8571428571428571,0.75,3,3,4
5NU2,vina_pose,6,A:PLM:201,L:UNL:1,RDKit,18,1.672966759316448,3,1.8871928006080005,NA,NA,3,3,hydrogen_bonds=3,hydrogen_bonds=3,0.7,0.875,0.7777777777777777,0.6363636363636364,7,8,10,0.6666666666666666,0.6666666666666666,0.6666666666666666,0.5,2,3,3
5NU2,vina_pose,7,A:PLM:201,L:UNL:1,RDKit,18,6.939602770412085,3,10.644320551355076,NA,NA,3,2,hydrogen_bonds=3,hydrogen_bonds=2,0.0,0.0,0.0,0.0,0,8,8,0.0,0.0,0.0,0.0,0,3,2
5NU2,vina_pose,8,A:PLM:201,L:UNL:1,RDKit,18,2.6019740049090077,3,3.3090349549881357,NA,NA,3,1,hydrogen_bonds=3,hydrogen_bonds=1,0.6666666666666666,0.75,0.7058823529411765,0.5454545454545454,6,8,9,0.0,0.0,0.0,0.0,0,3,1
5NU2,vina_pose,9,A:PLM:201,L:UNL:1,RDKit,18,6.92865112734394,3,10.487827611092776,NA,NA,3,2,hydrogen_bonds=3,hydrogen_bonds=2,0.0,0.0,0.0,0.0,0,8,10,0.0,0.0,0.0,0.0,0,3,2
5NU2,vina_pose,10,A:PLM:201,L:UNL:1,RDKit,18,6.001398855452138,3,10.59309191564641,NA,NA,3,2,hydrogen_bonds=3,hydrogen_bonds=2,0.0,0.0,0.0,0.0,0,8,8,0.0,0.0,0.0,0.0,0,3,2
5NU2,vina_pose,11,A:PLM:201,L:UNL:1,RDKit,18,5.453129718081373,3,10.011882956433986,NA,NA,3,3,hydrogen_bonds=3,hydrogen_bonds=3,0.0,0.0,0.0,0.0,0,8,8,0.0,0.0,0.0,0.0,0,3,3
5NU2,vina_pose,12,A:PLM:201,L:UNL:1,RDKit,18,6.260733978092699,3,10.133524526705076,NA,NA,3,0,hydrogen_bonds=3,none=0,0.0,0.0,0.0,0.0,0,8,8,0.0,0.0,0.0,0.0,0,3,0
5NU2,vina_pose,13,A:PLM:201,L:UNL:1,RDKit,18,5.790528526059698,3,6.971102184494691,NA,NA,3,2,hydrogen_bonds=3,hydrogen_bonds=2,0.16666666666666666,0.125,0.14285714285714288,0.07692307692307693,1,8,6,0.0,0.0,0.0,0.0,0,3,2
5NU2,vina_pose,14,A:PLM:201,L:UNL:1,RDKit,18,6.173452892110793,3,7.297423495088294,NA,NA,3,0,hydrogen_bonds=3,none=0,0.3333333333333333,0.25,0.28571428571428575,0.16666666666666666,2,8,6,0.0,0.0,0.0,0.0,0,3,0
5NU2,vina_pose,15,A:PLM:201,L:UNL:1,RDKit,18,5.574104786121865,3,6.058161574823395,NA,NA,3,1,hydrogen_bonds=3,hydrogen_bonds=1,0.4,0.25,0.3076923076923077,0.18181818181818182,2,8,5,0.0,0.0,0.0,0.0,0,3,1
5NU2,vina_pose,16,A:PLM:201,L:UNL:1,RDKit,18,5.742788845345284,3,10.549088523027319,NA,NA,3,4,hydrogen_bonds=3,hydrogen_bonds=4,0.0,0.0,0.0,0.0,0,8,8,0.0,0.0,0.0,0.0,0,3,4
5NU2,vina_pose,17,A:PLM:201,L:UNL:1,RDKit,18,7.333182521176524,3,10.080540362500415,NA,NA,3,2,hydrogen_bonds=3,hydrogen_bonds=2,0.0,0.0,0.0,0.0,0,8,8,0.0,0.0,0.0,0.0,0,3,2
5NU2,vina_pose,18,A:PLM:201,L:UNL:1,RDKit,18,4.509430556560822,3,7.673852074849154,NA,NA,3,3,hydrogen_bonds=3,hydrogen_bonds=3,0.16666666666666666,0.125,0.14285714285714288,0.07692307692307693,1,8,6,0.0,0.0,0.0,0.0,0,3,3
5NU2,vina_pose,19,A:PLM:201,L:UNL:1,RDKit,18,6.63709741612334,3,8.276978132144604,NA,NA,3,0,hydrogen_bonds=3,none=0,0.1111111111111111,0.125,0.11764705882352941,0.0625,1,8,9,0.0,0.0,0.0,0.0,0,3,0
5NU2,vina_pose,20,A:PLM:201,L:UNL:1,RDKit,18,3.603711150405309,3,7.487107786054637,NA,NA,3,3,hydrogen_bonds=3,hydrogen_bonds=3,0.16666666666666666,0.125,0.14285714285714288,0.07692307692307693,1,8,6,0.0,0.0,0.0,0.0,0,3,3
5NU6,boltz,1,A:PLM:201,B:PLM:1,RDKit,18,2.105417065867249,3,3.9373452413199717,174,0.79296588785664,3,3,hydrogen_bonds=3,hydrogen_bonds=3,0.5,0.5,0.5,0.3333333333333333,4,8,8,0.0,0.0,0.0,0.0,0,3,3
5NU6,vina_pose,1,A:PLM:201,L:UNL:1,RDKit,18,2.1514648239952447,3,1.9711562596608112,NA,NA,3,4,hydrogen_bonds=3,hydrogen_bonds=4,0.6666666666666666,0.75,0.7058823529411765,0.5454545454545454,6,8,9,0.75,1.0,0.8571428571428571,0.75,3,3,4
5NU6,vina_pose,2,A:PLM:201,L:UNL:1,RDKit,18,1.582070075003703,3,1.7014205829247508,NA,NA,3,4,hydrogen_bonds=3,hydrogen_bonds=4,0.6666666666666666,0.75,0.7058823529411765,0.5454545454545454,6,8,9,0.75,1.0,0.8571428571428571,0.75,3,3,4
5NU6,vina_pose,3,A:PLM:201,L:UNL:1,RDKit,18,2.309948652627971,3,1.9992738681831457,NA,NA,3,3,hydrogen_bonds=3,hydrogen_bonds=3,0.6666666666666666,0.75,0.7058823529411765,0.5454545454545454,6,8,9,0.6666666666666666,0.6666666666666666,0.6666666666666666,0.5,2,3,3
5NU6,vina_pose,4,A:PLM:201,L:UNL:1,RDKit,18,6.89595598481055,3,10.49978534701226,NA,NA,3,4,hydrogen_bonds=3,hydrogen_bonds=4,0.0,0.0,0.0,0.0,0,8,9,0.0,0.0,0.0,0.0,0,3,4
5NU6,vina_pose,5,A:PLM:201,L:UNL:1,RDKit,18,2.78579666443112,3,4.096861481671061,NA,NA,3,3,hydrogen_bonds=3,hydrogen_bonds=3,0.3333333333333333,0.375,0.35294117647058826,0.21428571428571427,3,8,9,0.0,0.0,0.0,0.0,0,3,3
5NU6,vina_pose,6,A:PLM:201,L:UNL:1,RDKit,18,3.423717951454399,3,3.906637428787063,NA,NA,3,3,hydrogen_bonds=3,hydrogen_bonds=3,0.25,0.25,0.25,0.14285714285714285,2,8,8,0.0,0.0,0.0,0.0,0,3,3
5NU6,vina_pose,7,A:PLM:201,L:UNL:1,RDKit,18,1.63726095795522,3,1.926420601357173,NA,NA,3,2,hydrogen_bonds=3,hydrogen_bonds=2,0.7142857142857143,0.625,0.6666666666666666,0.5,5,8,7,1.0,0.6666666666666666,0.8,0.6666666666666666,2,3,2
5NU6,vina_pose,8,A:PLM:201,L:UNL:1,RDKit,18,3.37751714363607,3,1.9525800879861495,NA,NA,3,3,hydrogen_bonds=3,hydrogen_bonds=3,0.625,0.625,0.625,0.45454545454545453,5,8,8,0.6666666666666666,0.6666666666666666,0.6666666666666666,0.5,2,3,3
5NU6,vina_pose,9,A:PLM:201,L:UNL:1,RDKit,18,6.178082204229904,3,10.987973289010126,NA,NA,3,2,hydrogen_bonds=3,hydrogen_bonds=2,0.0,0.0,0.0,0.0,0,8,9,0.0,0.0,0.0,0.0,0,3,2
5NU6,vina_pose,10,A:PLM:201,L:UNL:1,RDKit,18,6.778824750648153,3,10.352967191422307,NA,NA,3,1,hydrogen_bonds=3,hydrogen_bonds=1,0.0,0.0,0.0,0.0,0,8,8,0.0,0.0,0.0,0.0,0,3,1
5NU6,vina_pose,11,A:PLM:201,L:UNL:1,RDKit,18,3.275457228472928,3,1.841652156805586,NA,NA,3,4,hydrogen_bonds=3,hydrogen_bonds=4,0.6,0.75,0.6666666666666665,0.5,6,8,10,0.75,1.0,0.8571428571428571,0.75,3,3,4
5NU6,vina_pose,12,A:PLM:201,L:UNL:1,RDKit,18,5.545392376659302,3,10.129621644793387,NA,NA,3,2,hydrogen_bonds=3,hydrogen_bonds=2,0.0,0.0,0.0,0.0,0,8,9,0.0,0.0,0.0,0.0,0,3,2
5NU6,vina_pose,13,A:PLM:201,L:UNL:1,RDKit,18,7.159489014199579,3,10.28286163153688,NA,NA,3,5,hydrogen_bonds=3,hydrogen_bonds=5,0.0,0.0,0.0,0.0,0,8,8,0.0,0.0,0.0,0.0,0,3,5
5NU6,vina_pose,14,A:PLM:201,L:UNL:1,RDKit,18,6.977340706410526,3,10.224707330774804,NA,NA,3,4,hydrogen_bonds=3,hydrogen_bonds=4,0.0,0.0,0.0,0.0,0,8,8,0.0,0.0,0.0,0.0,0,3,4
5NU6,vina_pose,15,A:PLM:201,L:UNL:1,RDKit,18,5.923005918544326,3,7.170900454847587,NA,NA,3,2,hydrogen_bonds=3,hydrogen_bonds=2,0.3333333333333333,0.25,0.28571428571428575,0.16666666666666666,2,8,6,0.0,0.0,0.0,0.0,0,3,2
5NU6,vina_pose,16,A:PLM:201,L:UNL:1,RDKit,18,6.32151222678034,3,10.12669222072703,NA,NA,3,0,hydrogen_bonds=3,none=0,0.0,0.0,0.0,0.0,0,8,8,0.0,0.0,0.0,0.0,0,3,0
5NU6,vina_pose,17,A:PLM:201,L:UNL:1,RDKit,18,6.1087764141256455,3,6.993473338287159,NA,NA,3,0,hydrogen_bonds=3,none=0,0.2,0.125,0.15384615384615385,0.08333333333333333,1,8,5,0.0,0.0,0.0,0.0,0,3,0
5NU6,vina_pose,18,A:PLM:201,L:UNL:1,RDKit,18,4.296347912924288,3,3.799031718740974,NA,NA,3,2,hydrogen_bonds=3,hydrogen_bonds=2,0.3333333333333333,0.375,0.35294117647058826,0.21428571428571427,3,8,9,0.0,0.0,0.0,0.0,0,3,2
5NU6,vina_pose,19,A:PLM:201,L:UNL:1,RDKit,18,6.268314508524423,3,7.59998287278772,NA,NA,3,0,hydrogen_bonds=3,none=0,0.2857142857142857,0.25,0.26666666666666666,0.15384615384615385,2,8,7,0.0,0.0,0.0,0.0,0,3,0
5NU6,vina_pose,20,A:PLM:201,L:UNL:1,RDKit,18,5.9193055429763985,3,7.594872941662684,NA,NA,3,0,hydrogen_bonds=3,none=0,0.2857142857142857,0.25,0.26666666666666666,0.15384615384615385,2,8,7,0.0,0.0,0.0,0.0,0,3,0
5NUA,boltz,1,A:DAO:201,B:DAO:1,RDKit,14,2.7480424508784207,3,5.324795235359564,174,0.6733292960748545,3,3,hydrogen_bonds=3,hydrogen_bonds=3,0.5,0.5,0.5,0.3333333333333333,4,8,8,0.0,0.0,0.0,0.0,0,3,3
5NUA,vina_pose,1,A:DAO:201,L:UNL:1,RDKit,14,1.842532515704559,3,1.7255042741181486,NA,NA,3,4,hydrogen_bonds=3,hydrogen_bonds=4,0.7777777777777778,0.875,0.823529411764706,0.7,7,8,9,0.75,1.0,0.8571428571428571,0.75,3,3,4
5NUA,vina_pose,2,A:DAO:201,L:UNL:1,RDKit,14,1.9326863244125854,3,0.2532587609540878,NA,NA,3,3,hydrogen_bonds=3,hydrogen_bonds=3,1.0,1.0,1.0,1.0,8,8,8,1.0,1.0,1.0,1.0,3,3,3
5NUA,vina_pose,3,A:DAO:201,L:UNL:1,RDKit,14,2.108943726811397,3,2.312950784892176,NA,NA,3,4,hydrogen_bonds=3,hydrogen_bonds=4,0.7,0.875,0.7777777777777777,0.6363636363636364,7,8,10,0.5,0.6666666666666666,0.5714285714285715,0.4,2,3,4
5NUA,vina_pose,4,A:DAO:201,L:UNL:1,RDKit,14,2.2256161105250323,3,1.9577203579673987,NA,NA,3,3,hydrogen_bonds=3,hydrogen_bonds=3,0.75,0.75,0.75,0.6,6,8,8,0.6666666666666666,0.6666666666666666,0.6666666666666666,0.5,2,3,3
5NUA,vina_pose,5,A:DAO:201,L:UNL:1,RDKit,14,5.815715463908362,3,7.334753029243725,NA,NA,3,3,hydrogen_bonds=3,hydrogen_bonds=3,0.16666666666666666,0.125,0.14285714285714288,0.07692307692307693,1,8,6,0.0,0.0,0.0,0.0,0,3,3
5NUA,vina_pose,6,A:DAO:201,L:UNL:1,RDKit,14,2.628967844719944,3,1.9549865302178762,NA,NA,3,3,hydrogen_bonds=3,hydrogen_bonds=3,0.7777777777777778,0.875,0.823529411764706,0.7,7,8,9,0.6666666666666666,0.6666666666666666,0.6666666666666666,0.5,2,3,3
5NUA,vina_pose,7,A:DAO:201,L:UNL:1,RDKit,14,7.328247222709047,3,10.38593255321832,NA,NA,3,4,hydrogen_bonds=3,hydrogen_bonds=4,0.0,0.0,0.0,0.0,0,8,9,0.0,0.0,0.0,0.0,0,3,4
5NUA,vina_pose,8,A:DAO:201,L:UNL:1,RDKit,14,2.013701176582918,3,1.855547358597996,NA,NA,3,3,hydrogen_bonds=3,hydrogen_bonds=3,0.7,0.875,0.7777777777777777,0.6363636363636364,7,8,10,0.6666666666666666,0.6666666666666666,0.6666666666666666,0.5,2,3,3
5NUA,vina_pose,9,A:DAO:201,L:UNL:1,RDKit,14,3.4973349241141563,3,4.242075042554842,NA,NA,3,4,hydrogen_bonds=3,hydrogen_bonds=4,0.2857142857142857,0.25,0.26666666666666666,0.15384615384615385,2,8,7,0.0,0.0,0.0,0.0,0,3,4
5NUA,vina_pose,10,A:DAO:201,L:UNL:1,RDKit,14,6.356804694858214,3,8.806919325167001,NA,NA,3,0,hydrogen_bonds=3,none=0,0.2222222222222222,0.25,0.23529411764705882,0.13333333333333333,2,8,9,0.0,0.0,0.0,0.0,0,3,0
5NUA,vina_pose,11,A:DAO:201,L:UNL:1,RDKit,14,4.027527272231863,3,5.020108796961808,NA,NA,3,3,hydrogen_bonds=3,hydrogen_bonds=3,0.2857142857142857,0.25,0.26666666666666666,0.15384615384615385,2,8,7,0.0,0.0,0.0,0.0,0,3,3
5NUA,vina_pose,12,A:DAO:201,L:UNL:1,RDKit,14,5.9854932067935245,3,10.088028102657129,NA,NA,3,2,hydrogen_bonds=3,hydrogen_bonds=2,0.0,0.0,0.0,0.0,0,8,8,0.0,0.0,0.0,0.0,0,3,2
5NUA,vina_pose,13,A:DAO:201,L:UNL:1,RDKit,14,6.191856500967333,3,7.701526645196178,NA,NA,3,0,hydrogen_bonds=3,none=0,0.4,0.25,0.3076923076923077,0.18181818181818182,2,8,5,0.0,0.0,0.0,0.0,0,3,0
5NUA,vina_pose,14,A:DAO:201,L:UNL:1,RDKit,14,6.093889210864087,3,10.287359768181533,NA,NA,3,0,hydrogen_bonds=3,none=0,0.0,0.0,0.0,0.0,0,8,9,0.0,0.0,0.0,0.0,0,3,0
5NUA,vina_pose,15,A:DAO:201,L:UNL:1,RDKit,14,6.399992209816688,3,9.76622325500839,NA,NA,3,0,hydrogen_bonds=3,none=0,0.0,0.0,0.0,0.0,0,8,7,0.0,0.0,0.0,0.0,0,3,0
5NUA,vina_pose,16,A:DAO:201,L:UNL:1,RDKit,14,2.277267661035918,3,2.065127034026397,NA,NA,3,4,hydrogen_bonds=3,hydrogen_bonds=4,0.7777777777777778,0.875,0.823529411764706,0.7,7,8,9,0.5,0.6666666666666666,0.5714285714285715,0.4,2,3,4
5NUA,vina_pose,17,A:DAO:201,L:UNL:1,RDKit,14,4.782021494245773,3,7.9187362838607855,NA,NA,3,2,hydrogen_bonds=3,hydrogen_bonds=2,0.14285714285714285,0.125,0.13333333333333333,0.07142857142857142,1,8,7,0.0,0.0,0.0,0.0,0,3,2
5NUA,vina_pose,18,A:DAO:201,L:UNL:1,RDKit,14,4.947992457264144,3,8.47630068681694,NA,NA,3,0,hydrogen_bonds=3,none=0,0.14285714285714285,0.125,0.13333333333333333,0.07142857142857142,1,8,7,0.0,0.0,0.0,0.0,0,3,0
5NUA,vina_pose,19,A:DAO:201,L:UNL:1,RDKit,14,5.339115382854033,3,8.956362133515295,NA,NA,3,0,hydrogen_bonds=3,none=0,0.25,0.25,0.25,0.14285714285714285,2,8,8,0.0,0.0,0.0,0.0,0,3,0
5NUA,vina_pose,20,A:DAO:201,L:UNL:1,RDKit,14,3.6688462764198775,3,4.467064920056568,NA,NA,3,3,hydrogen_bonds=3,hydrogen_bonds=3,0.375,0.375,0.375,0.23076923076923078,3,8,8,0.0,0.0,0.0,0.0,0,3,3
5UWZ,boltz,1,A:STE:303,B:STE:1,RDKit,20,9.623241190777613,3,13.86784286799904,219,1.0261787187777283,2,2,hydrogen_bonds=2,hydrogen_bonds=2,0.0,0.0,0.0,0.0,0,10,8,0.0,0.0,0.0,0.0,0,2,2
5UWZ,vina_pose,1,A:STE:303,L:UNL:1,RDKit,20,8.149079153499493,3,12.714882579088176,NA,NA,2,2,hydrogen_bonds=2,hydrogen_bonds=2,0.0,0.0,0.0,0.0,0,10,7,0.0,0.0,0.0,0.0,0,2,2
5UWZ,vina_pose,2,A:STE:303,L:UNL:1,RDKit,20,7.965768446923373,3,12.33620213031547,NA,NA,2,1,hydrogen_bonds=2,hydrogen_bonds=1,0.0,0.0,0.0,0.0,0,10,6,0.0,0.0,0.0,0.0,0,2,1
5UWZ,vina_pose,3,A:STE:303,L:UNL:1,RDKit,20,2.6635674292196923,3,4.964756690916484,NA,NA,2,2,hydrogen_bonds=2,hydrogen_bonds=2,0.6666666666666666,0.4,0.5,0.3333333333333333,4,10,6,0.0,0.0,0.0,0.0,0,2,2
5UWZ,vina_pose,4,A:STE:303,L:UNL:1,RDKit,20,3.120940363095713,3,6.544770074902046,NA,NA,2,2,hydrogen_bonds=2,hydrogen_bonds=2,0.3333333333333333,0.2,0.25,0.14285714285714285,2,10,6,0.0,0.0,0.0,0.0,0,2,2
5UWZ,vina_pose,5,A:STE:303,L:UNL:1,RDKit,20,8.280841551436664,3,12.203784850064617,NA,NA,2,1,hydrogen_bonds=2,hydrogen_bonds=1,0.0,0.0,0.0,0.0,0,10,6,0.0,0.0,0.0,0.0,0,2,1
5UWZ,vina_pose,6,A:STE:303,L:UNL:1,RDKit,20,2.8371081932136466,3,4.152923628802565,NA,NA,2,2,hydrogen_bonds=2,hydrogen_bonds=2,0.625,0.5,0.5555555555555556,0.38461538461538464,5,10,8,0.0,0.0,0.0,0.0,0,2,2
5UWZ,vina_pose,7,A:STE:303,L:UNL:1,RDKit,20,1.5490799043303096,3,1.949661252628261,NA,NA,2,4,hydrogen_bonds=2,hydrogen_bonds=4,0.8888888888888888,0.8,0.8421052631578948,0.7272727272727273,8,10,9,0.25,0.5,0.3333333333333333,0.2,1,2,4
5UWZ,vina_pose,8,A:STE:303,L:UNL:1,RDKit,20,8.05452814260401,3,12.088366473597663,NA,NA,2,2,hydrogen_bonds=2,hydrogen_bonds=2,0.0,0.0,0.0,0.0,0,10,8,0.0,0.0,0.0,0.0,0,2,2
5UWZ,vina_pose,9,A:STE:303,L:UNL:1,RDKit,20,1.074492903652695,3,1.3665625976636904,NA,NA,2,3,hydrogen_bonds=2,hydrogen_bonds=3,1.0,1.0,1.0,1.0,10,10,10,0.3333333333333333,0.5,0.4,0.25,1,2,3
5UWZ,vina_pose,10,A:STE:303,L:UNL:1,RDKit,20,8.639902832208243,3,12.016492888248772,NA,NA,2,0,hydrogen_bonds=2,none=0,0.1111111111111111,0.1,0.10526315789473685,0.05555555555555555,1,10,9,0.0,0.0,0.0,0.0,0,2,0
5UWZ,vina_pose,11,A:STE:303,L:UNL:1,RDKit,20,2.5845274713185,3,1.8350283376558516,NA,NA,2,2,hydrogen_bonds=2,hydrogen_bonds=2,0.9090909090909091,1.0,0.9523809523809523,0.9090909090909091,10,10,11,0.5,0.5,0.5,0.3333333333333333,1,2,2
5UWZ,vina_pose,12,A:STE:303,L:UNL:1,RDKit,20,8.78970897129137,3,11.541087542630748,NA,NA,2,0,hydrogen_bonds=2,none=0,0.1111111111111111,0.1,0.10526315789473685,0.05555555555555555,1,10,9,0.0,0.0,0.0,0.0,0,2,0
5UWZ,vina_pose,13,A:STE:303,L:UNL:1,RDKit,20,8.666115646585846,3,12.235478195259336,NA,NA,2,1,hydrogen_bonds=2,hydrogen_bonds=1,0.0,0.0,0.0,0.0,0,10,8,0.0,0.0,0.0,0.0,0,2,1
5UWZ,vina_pose,14,A:STE:303,L:UNL:1,RDKit,20,8.873005012395744,3,11.694380573591745,NA,NA,2,0,hydrogen_bonds=2,none=0,0.0,0.0,0.0,0.0,0,10,8,0.0,0.0,0.0,0.0,0,2,0
5UWZ,vina_pose,15,A:STE:303,L:UNL:1,RDKit,20,4.757638164047367,3,2.5941303616690767,NA,NA,2,3,hydrogen_bonds=2,hydrogen_bonds=3,0.8888888888888888,0.8,0.8421052631578948,0.7272727272727273,8,10,9,0.0,0.0,0.0,0.0,0,2,3
5UWZ,vina_pose,16,A:STE:303,L:UNL:1,RDKit,20,4.163998961335125,3,3.2150203731858373,NA,NA,2,4,hydrogen_bonds=2,hydrogen_bonds=4,0.6666666666666666,0.6,0.631578947368421,0.46153846153846156,6,10,9,0.25,0.5,0.3333333333333333,0.2,1,2,4
5UWZ,vina_pose,17,A:STE:303,L:UNL:1,RDKit,20,8.416641756068746,3,13.499134070993838,NA,NA,2,1,hydrogen_bonds=2,hydrogen_bonds=1,0.0,0.0,0.0,0.0,0,10,6,0.0,0.0,0.0,0.0,0,2,1
5UWZ,vina_pose,18,A:STE:303,L:UNL:1,RDKit,20,8.968652270547679,3,12.760916163557118,NA,NA,2,0,hydrogen_bonds=2,none=0,0.0,0.0,0.0,0.0,0,10,9,0.0,0.0,0.0,0.0,0,2,0
5UWZ,vina_pose,19,A:STE:303,L:UNL:1,RDKit,20,8.382840941470857,3,11.085072680561609,NA,NA,2,1,hydrogen_bonds=2,hydrogen_bonds=1,0.0,0.0,0.0,0.0,0,10,5,0.0,0.0,0.0,0.0,0,2,1
5UWZ,vina_pose,20,A:STE:303,L:UNL:1,RDKit,20,4.611974587961213,3,1.0156966410630028,NA,NA,2,3,hydrogen_bonds=2,hydrogen_bonds=3,1.0,1.0,1.0,1.0,10,10,10,0.6666666666666666,1.0,0.8,0.6666666666666666,2,2,3
6C74,boltz,1,A:PC:201,B:PC:1,RDKit,11,6.120432953799865,6,8.04193671694573,111,0.5326450007516996,6,6,attractive_charge=1;hydrogen_bonds=3;ionic=1;salt_bridge=1,attractive_charge=1;hydrogen_bonds=3;ionic=1;salt_bridge=1,0.16666666666666666,0.16666666666666666,0.16666666666666666,0.09090909090909091,1,6,6,0.0,0.0,0.0,0.0,0,6,6
6C74,vina_pose,1,A:PC:201,L:UNL:1,RDKit,11,4.317752456165971,6,3.8375901509497687,NA,NA,6,6,attractive_charge=1;hydrogen_bonds=3;ionic=1;salt_bridge=1,attractive_charge=1;hydrogen_bonds=3;ionic=1;salt_bridge=1,0.375,0.5,0.42857142857142855,0.2727272727272727,3,6,8,0.6666666666666666,0.6666666666666666,0.6666666666666666,0.5,4,6,6
6C74,vina_pose,2,A:PC:201,L:UNL:1,RDKit,11,5.135600230476738,6,6.175835665451816,NA,NA,6,1,attractive_charge=1;hydrogen_bonds=3;ionic=1;salt_bridge=1,hydrogen_bonds=1,0.25,0.3333333333333333,0.28571428571428575,0.16666666666666666,2,6,8,0.0,0.0,0.0,0.0,0,6,1
6C74,vina_pose,3,A:PC:201,L:UNL:1,RDKit,11,4.3165324888471215,6,5.336013212127571,NA,NA,6,7,attractive_charge=1;hydrogen_bonds=3;ionic=1;salt_bridge=1,attractive_charge=1;hydrogen_bonds=4;ionic=1;salt_bridge=1,0.2857142857142857,0.3333333333333333,0.30769230769230765,0.18181818181818182,2,6,7,0.5714285714285714,0.6666666666666666,0.6153846153846153,0.4444444444444444,4,6,7
6C74,vina_pose,4,A:PC:201,L:UNL:1,RDKit,11,3.345203010553796,6,2.4849593893395254,NA,NA,6,4,attractive_charge=1;hydrogen_bonds=3;ionic=1;salt_bridge=1,attractive_charge=1;hydrogen_bonds=1;ionic=1;salt_bridge=1,0.625,0.8333333333333334,0.7142857142857143,0.5555555555555556,5,6,8,1.0,0.6666666666666666,0.8,0.6666666666666666,4,6,4
6C74,vina_pose,5,A:PC:201,L:UNL:1,RDKit,11,2.725685585149342,6,2.706146891800221,NA,NA,6,5,attractive_charge=1;hydrogen_bonds=3;ionic=1;salt_bridge=1,attractive_charge=1;hydrogen_bonds=2;ionic=1;salt_bridge=1,0.5555555555555556,0.8333333333333334,0.6666666666666667,0.5,5,6,9,1.0,0.8333333333333334,0.9090909090909091,0.8333333333333334,5,6,5
6C74,vina_pose,6,A:PC:201,L:UNL:1,RDKit,11,4.4551427994662935,6,4.684591248622088,NA,NA,6,6,attractive_charge=1;hydrogen_bonds=3;ionic=1;salt_bridge=1,attractive_charge=1;hydrogen_bonds=3;ionic=1;salt_bridge=1,0.36363636363636365,0.6666666666666666,0.4705882352941177,0.3076923076923077,4,6,11,0.8333333333333334,0.8333333333333334,0.8333333333333334,0.7142857142857143,5,6,6
6C74,vina_pose,7,A:PC:201,L:UNL:1,RDKit,11,4.54892599711984,6,3.510778261297628,NA,NA,6,6,attractive_charge=1;hydrogen_bonds=3;ionic=1;salt_bridge=1,attractive_charge=1;hydrogen_bonds=3;ionic=1;salt_bridge=1,0.5555555555555556,0.8333333333333334,0.6666666666666667,0.5,5,6,9,0.8333333333333334,0.8333333333333334,0.8333333333333334,0.7142857142857143,5,6,6
6C74,vina_pose,8,A:PC:201,L:UNL:1,RDKit,11,3.708950758270151,6,3.9735153831336802,NA,NA,6,1,attractive_charge=1;hydrogen_bonds=3;ionic=1;salt_bridge=1,hydrogen_bonds=1,0.5,0.16666666666666666,0.25,0.14285714285714285,1,6,2,1.0,0.16666666666666666,0.2857142857142857,0.16666666666666666,1,6,1
6C74,vina_pose,9,A:PC:201,L:UNL:1,RDKit,11,4.035260090750038,6,3.485639109259592,NA,NA,6,4,attractive_charge=1;hydrogen_bonds=3;ionic=1;salt_bridge=1,attractive_charge=1;hydrogen_bonds=1;ionic=1;salt_bridge=1,0.6,0.5,0.5454545454545454,0.375,3,6,5,1.0,0.6666666666666666,0.8,0.6666666666666666,4,6,4
6C74,vina_pose,10,A:PC:201,L:UNL:1,RDKit,11,3.7745930786100517,6,4.149290762688646,NA,NA,6,9,attractive_charge=1;hydrogen_bonds=3;ionic=1;salt_bridge=1,attractive_charge=1;hydrogen_bonds=6;ionic=1;salt_bridge=1,0.5454545454545454,1.0,0.7058823529411764,0.5454545454545454,6,6,11,0.5555555555555556,0.8333333333333334,0.6666666666666667,0.5,5,6,9
6C74,vina_pose,11,A:PC:201,L:UNL:1,RDKit,11,5.093178021985524,6,3.6598068482730977,NA,NA,6,0,attractive_charge=1;hydrogen_bonds=3;ionic=1;salt_bridge=1,none=0,1.0,0.8333333333333334,0.9090909090909091,0.8333333333333334,5,6,5,0.0,0.0,0.0,0.0,0,6,0
6C74,vina_pose,12,A:PC:201,L:UNL:1,RDKit,11,4.513784815832093,6,3.3767379969432034,NA,NA,6,5,attractive_charge=1;hydrogen_bonds=3;ionic=1;salt_bridge=1,attractive_charge=1;hydrogen_bonds=2;ionic=1;salt_bridge=1,0.6,1.0,0.7499999999999999,0.6,6,6,10,0.8,0.6666666666666666,0.7272727272727272,0.5714285714285714,4,6,5
6C74,vina_pose,13,A:PC:201,L:UNL:1,RDKit,11,2.5905055491158477,6,2.7458094434974907,NA,NA,6,6,attractive_charge=1;hydrogen_bonds=3;ionic=1;salt_bridge=1,attractive_charge=1;hydrogen_bonds=3;ionic=1;salt_bridge=1,0.625,0.8333333333333334,0.7142857142857143,0.5555555555555556,5,6,8,0.8333333333333334,0.8333333333333334,0.8333333333333334,0.7142857142857143,5,6,6
6C74,vina_pose,14,A:PC:201,L:UNL:1,RDKit,11,4.513951423591691,6,4.187912447349713,NA,NA,6,1,attractive_charge=1;hydrogen_bonds=3;ionic=1;salt_bridge=1,hydrogen_bonds=1,0.4444444444444444,0.6666666666666666,0.5333333333333333,0.36363636363636365,4,6,9,1.0,0.16666666666666666,0.2857142857142857,0.16666666666666666,1,6,1
6C74,vina_pose,15,A:PC:201,L:UNL:1,RDKit,11,4.975888600404591,6,4.659534418801948,NA,NA,6,8,attractive_charge=1;hydrogen_bonds=3;ionic=1;salt_bridge=1,attractive_charge=1;hydrogen_bonds=5;ionic=1;salt_bridge=1,0.5,0.8333333333333334,0.625,0.45454545454545453,5,6,10,0.125,0.16666666666666666,0.14285714285714288,0.07692307692307693,1,6,8
6C74,vina_pose,16,A:PC:201,L:UNL:1,RDKit,11,4.563616787353884,6,3.436361035552968,NA,NA,6,1,attractive_charge=1;hydrogen_bonds=3;ionic=1;salt_bridge=1,hydrogen_bonds=1,0.6,0.5,0.5454545454545454,0.375,3,6,5,1.0,0.16666666666666666,0.2857142857142857,0.16666666666666666,1,6,1
6C74,vina_pose,17,A:PC:201,L:UNL:1,RDKit,11,3.304421390693494,6,3.8816182836543827,NA,NA,6,0,attractive_charge=1;hydrogen_bonds=3;ionic=1;salt_bridge=1,none=0,0.75,0.5,0.6,0.42857142857142855,3,6,4,0.0,0.0,0.0,0.0,0,6,0
6C74,vina_pose,18,A:PC:201,L:UNL:1,RDKit,11,5.645229345530292,6,4.508176220306093,NA,NA,6,1,attractive_charge=1;hydrogen_bonds=3;ionic=1;salt_bridge=1,hydrogen_bonds=1,0.6666666666666666,0.3333333333333333,0.4444444444444444,0.2857142857142857,2,6,3,1.0,0.16666666666666666,0.2857142857142857,0.16666666666666666,1,6,1
6C74,vina_pose,19,A:PC:201,L:UNL:1,RDKit,11,3.9662641799878315,6,4.709988605789474,NA,NA,6,3,attractive_charge=1;hydrogen_bonds=3;ionic=1;salt_bridge=1,hydrogen_bonds=3,0.5,0.6666666666666666,0.5714285714285715,0.4,4,6,8,0.3333333333333333,0.16666666666666666,0.2222222222222222,0.125,1,6,3
6C74,vina_pose,20,A:PC:201,L:UNL:1,RDKit,11,5.518067703627619,6,6.079108583227205,NA,NA,6,0,attractive_charge=1;hydrogen_bonds=3;ionic=1;salt_bridge=1,none=0,0.6666666666666666,0.3333333333333333,0.4444444444444444,0.2857142857142857,2,6,3,0.0,0.0,0.0,0.0,0,6,0
6DGG,boltz,1,A:DAO:301,B:DAO:1,RDKit,14,2.2756378966480293,3,3.785632442371335,103,1.5170610815345473,4,0,hydrogen_bonds=4,none=0,0.7142857142857143,0.7142857142857143,0.7142857142857143,0.5555555555555556,5,7,7,0.0,0.0,0.0,0.0,0,4,0
6DGG,vina_pose,1,A:DAO:301,L:UNL:1,RDKit,14,2.944551809213561,3,4.150407208937455,NA,NA,4,2,hydrogen_bonds=4,hydrogen_bonds=2,0.4,0.5714285714285714,0.47058823529411764,0.3076923076923077,4,7,10,0.5,0.25,0.3333333333333333,0.2,1,4,2
6DGG,vina_pose,2,A:DAO:301,L:UNL:1,RDKit,14,1.2813505430933856,3,1.2702226838891937,NA,NA,4,4,hydrogen_bonds=4,hydrogen_bonds=4,1.0,1.0,1.0,1.0,7,7,7,0.75,0.75,0.75,0.6,3,4,4
6DGG,vina_pose,3,A:DAO:301,L:UNL:1,RDKit,14,8.456896767051814,3,12.518188473843436,NA,NA,4,0,hydrogen_bonds=4,none=0,0.0,0.0,0.0,0.0,0,7,8,0.0,0.0,0.0,0.0,0,4,0
6DGG,vina_pose,4,A:DAO:301,L:UNL:1,RDKit,14,1.4029453456414982,3,1.954140987748837,NA,NA,4,4,hydrogen_bonds=4,hydrogen_bonds=4,0.875,1.0,0.9333333333333333,0.875,7,7,8,0.75,0.75,0.75,0.6,3,4,4
6DGG,vina_pose,5,A:DAO:301,L:UNL:1,RDKit,14,8.649603578860049,3,12.914102859535642,NA,NA,4,1,hydrogen_bonds=4,hydrogen_bonds=1,0.0,0.0,0.0,0.0,0,7,9,0.0,0.0,0.0,0.0,0,4,1
6DGG,vina_pose,6,A:DAO:301,L:UNL:1,RDKit,14,3.19050627420074,3,3.804212095384097,NA,NA,4,2,hydrogen_bonds=4,hydrogen_bonds=2,0.5,0.8571428571428571,0.631578947368421,0.46153846153846156,6,7,12,0.5,0.25,0.3333333333333333,0.2,1,4,2
6DGG,vina_pose,7,A:DAO:301,L:UNL:1,RDKit,14,8.824190197568111,3,12.547786923066022,NA,NA,4,0,hydrogen_bonds=4,none=0,0.0,0.0,0.0,0.0,0,7,10,0.0,0.0,0.0,0.0,0,4,0
6DGG,vina_pose,8,A:DAO:301,L:UNL:1,RDKit,14,2.252147847849121,3,1.7013524032369076,NA,NA,4,5,hydrogen_bonds=4,hydrogen_bonds=5,0.875,1.0,0.9333333333333333,0.875,7,7,8,0.8,1.0,0.888888888888889,0.8,4,4,5
6DGG,vina_pose,9,A:DAO:301,L:UNL:1,RDKit,14,8.793837606934918,3,13.152975645584284,NA,NA,4,1,hydrogen_bonds=4,hydrogen_bonds=1,0.0,0.0,0.0,0.0,0,7,8,0.0,0.0,0.0,0.0,0,4,1
6DGG,vina_pose,10,A:DAO:301,L:UNL:1,RDKit,14,2.076196367674035,3,3.513647108063074,NA,NA,4,1,hydrogen_bonds=4,hydrogen_bonds=1,0.5714285714285714,0.5714285714285714,0.5714285714285714,0.4,4,7,7,0.0,0.0,0.0,0.0,0,4,1
6DGG,vina_pose,11,A:DAO:301,L:UNL:1,RDKit,14,2.4401568011678503,3,2.336633119112484,NA,NA,4,3,hydrogen_bonds=4,hydrogen_bonds=3,0.6363636363636364,1.0,0.7777777777777778,0.6363636363636364,7,7,11,0.6666666666666666,0.5,0.5714285714285715,0.4,2,4,3
6DGG,vina_pose,12,A:DAO:301,L:UNL:1,RDKit,14,8.762811637009795,3,12.786711474547838,NA,NA,4,1,hydrogen_bonds=4,hydrogen_bonds=1,0.0,0.0,0.0,0.0,0,7,7,0.0,0.0,0.0,0.0,0,4,1
6DKE,boltz,1,A:PLM:401,B:PLM:1,RDKit,18,10.298158384478421,3,15.449655334712741,283,1.5094443515820637,3,2,hydrogen_bonds=3,hydrogen_bonds=2,0.0,0.0,0.0,0.0,0,8,10,0.0,0.0,0.0,0.0,0,3,2
6DKE,vina_pose,1,A:PLM:401,L:UNL:1,RDKit,18,1.5104141264346453,3,2.2122053852810923,NA,NA,3,3,hydrogen_bonds=3,hydrogen_bonds=3,0.7,0.875,0.7777777777777777,0.6363636363636364,7,8,10,1.0,1.0,1.0,1.0,3,3,3
6DKE,vina_pose,2,A:PLM:401,L:UNL:1,RDKit,18,1.4462528401969617,3,1.8194790463206765,NA,NA,3,3,hydrogen_bonds=3,hydrogen_bonds=3,0.625,0.625,0.625,0.45454545454545453,5,8,8,0.6666666666666666,0.6666666666666666,0.6666666666666666,0.5,2,3,3
6DKE,vina_pose,3,A:PLM:401,L:UNL:1,RDKit,18,10.39645116534163,3,15.05931317601614,NA,NA,3,1,hydrogen_bonds=3,hydrogen_bonds=1,0.0,0.0,0.0,0.0,0,8,11,0.0,0.0,0.0,0.0,0,3,1
6DKE,vina_pose,4,A:PLM:401,L:UNL:1,RDKit,18,1.555558206346948,3,1.8700437606287899,NA,NA,3,3,hydrogen_bonds=3,hydrogen_bonds=3,1.0,1.0,1.0,1.0,8,8,8,1.0,1.0,1.0,1.0,3,3,3
6DKE,vina_pose,5,A:PLM:401,L:UNL:1,RDKit,18,3.1118810406426385,3,3.242426149248944,NA,NA,3,2,hydrogen_bonds=3,hydrogen_bonds=2,1.0,0.75,0.8571428571428571,0.75,6,8,6,0.5,0.3333333333333333,0.4,0.25,1,3,2
6DKE,vina_pose,6,A:PLM:401,L:UNL:1,RDKit,18,11.081402445839908,3,14.418945742783462,NA,NA,3,0,hydrogen_bonds=3,none=0,0.0,0.0,0.0,0.0,0,8,10,0.0,0.0,0.0,0.0,0,3,0
6DKE,vina_pose,7,A:PLM:401,L:UNL:1,RDKit,18,10.213210677026757,3,15.777087352655855,NA,NA,3,1,hydrogen_bonds=3,hydrogen_bonds=1,0.0,0.0,0.0,0.0,0,8,12,0.0,0.0,0.0,0.0,0,3,1
6DKE,vina_pose,8,A:PLM:401,L:UNL:1,RDKit,18,5.648086057339346,3,4.564986929517616,NA,NA,3,2,hydrogen_bonds=3,hydrogen_bonds=2,1.0,0.5,0.6666666666666666,0.5,4,8,4,1.0,0.6666666666666666,0.8,0.6666666666666666,2,3,2
6DKE,vina_pose,9,A:PLM:401,L:UNL:1,RDKit,18,3.4823054544048513,3,6.832434241664289,NA,NA,3,2,hydrogen_bonds=3,hydrogen_bonds=2,0.2857142857142857,0.25,0.26666666666666666,0.15384615384615385,2,8,7,0.0,0.0,0.0,0.0,0,3,2
6DKE,vina_pose,10,A:PLM:401,L:UNL:1,RDKit,18,11.13651881075151,3,12.239561920264958,NA,NA,3,0,hydrogen_bonds=3,none=0,0.0,0.0,0.0,0.0,0,8,8,0.0,0.0,0.0,0.0,0,3,0
6DKE,vina_pose,11,A:PLM:401,L:UNL:1,RDKit,18,7.287957155472307,3,5.818188492420415,NA,NA,3,3,hydrogen_bonds=3,hydrogen_bonds=3,0.6,0.375,0.4615384615384615,0.3,3,8,5,0.6666666666666666,0.6666666666666666,0.6666666666666666,0.5,2,3,3
6DKE,vina_pose,12,A:PLM:401,L:UNL:1,RDKit,18,10.39928357575121,3,14.618975670910281,NA,NA,3,0,hydrogen_bonds=3,none=0,0.0,0.0,0.0,0.0,0,8,9,0.0,0.0,0.0,0.0,0,3,0
6DKE,vina_pose,13,A:PLM:401,L:UNL:1,RDKit,18,11.34176538531615,3,9.307192917308633,NA,NA,3,0,hydrogen_bonds=3,none=0,0.42857142857142855,0.375,0.39999999999999997,0.25,3,8,7,0.0,0.0,0.0,0.0,0,3,0
6DKE,vina_pose,14,A:PLM:401,L:UNL:1,RDKit,18,3.5011487241888037,3,4.459908780830986,NA,NA,3,2,hydrogen_bonds=3,hydrogen_bonds=2,0.5,0.5,0.5,0.3333333333333333,4,8,8,0.5,0.3333333333333333,0.4,0.25,1,3,2
6DKE,vina_pose,15,A:PLM:401,L:UNL:1,RDKit,18,5.0273240341601655,3,4.6472729996561775,NA,NA,3,1,hydrogen_bonds=3,hydrogen_bonds=1,1.0,0.375,0.5454545454545454,0.375,3,8,3,0.0,0.0,0.0,0.0,0,3,1
6DKE,vina_pose,16,A:PLM:401,L:UNL:1,RDKit,18,11.292558141930856,3,10.312433595745802,NA,NA,3,0,hydrogen_bonds=3,none=0,0.3333333333333333,0.25,0.28571428571428575,0.16666666666666666,2,8,6,0.0,0.0,0.0,0.0,0,3,0
6E5F,boltz,1,A:L6T:301,B:L6T:1,RDKit,35,7.706267934287701,5,8.419791105330738,173,0.5896542820746253,0,0,none=0,none=0,0.5,0.16666666666666666,0.25,0.14285714285714285,1,6,2,NA,NA,NA,NA,0,0,0
6E5F,vina_pose,1,A:L6T:301,A:L6T:301,RDKit,35,6.065687883008583,5,5.980383715986794,NA,NA,0,0,none=0,none=0,0.75,0.5,0.6,0.42857142857142855,3,6,4,NA,NA,NA,NA,0,0,0
6E5F,vina_pose,2,A:L6T:301,A:L6T:301,RDKit,35,7.2300389940317755,5,7.094015513546613,NA,NA,0,1,none=0,hydrogen_bonds=1,0.6,0.5,0.5454545454545454,0.375,3,6,5,NA,NA,NA,NA,0,0,1
6E5F,vina_pose,3,A:L6T:301,A:L6T:301,RDKit,35,3.5541271209386176,5,3.9017120660602314,NA,NA,0,0,none=0,none=0,0.8333333333333334,0.8333333333333334,0.8333333333333334,0.7142857142857143,5,6,6,NA,NA,NA,NA,0,0,0
6E5F,vina_pose,4,A:L6T:301,A:L6T:301,RDKit,35,5.256581094135237,5,5.036806413039914,NA,NA,0,0,none=0,none=0,0.0,0.0,0.0,0.0,0,6,0,NA,NA,NA,NA,0,0,0
6E5F,vina_pose,5,A:L6T:301,A:L6T:301,RDKit,35,4.4111126728903995,5,3.8145238327267017,NA,NA,0,0,none=0,none=0,1.0,0.5,0.6666666666666666,0.5,3,6,3,NA,NA,NA,NA,0,0,0
6E5F,vina_pose,6,A:L6T:301,A:L6T:301,RDKit,35,4.28598082174464,5,3.6029449130454387,NA,NA,0,0,none=0,none=0,1.0,0.16666666666666666,0.2857142857142857,0.16666666666666666,1,6,1,NA,NA,NA,NA,0,0,0
6E5F,vina_pose,7,A:L6T:301,A:L6T:301,RDKit,35,5.0711941385851125,5,4.900560558389214,NA,NA,0,0,none=0,none=0,0.5,0.16666666666666666,0.25,0.14285714285714285,1,6,2,NA,NA,NA,NA,0,0,0
6E5F,vina_pose,8,A:L6T:301,A:L6T:301,RDKit,35,3.0708540956766877,5,2.318045278772613,NA,NA,0,1,none=0,hydrogen_bonds=1,0.8571428571428571,1.0,0.923076923076923,0.8571428571428571,6,6,7,NA,NA,NA,NA,0,0,1
6E5F,vina_pose,9,A:L6T:301,A:L6T:301,RDKit,35,6.395819681574833,5,6.548080598346359,NA,NA,0,0,none=0,none=0,0.0,0.0,0.0,0.0,0,6,3,NA,NA,NA,NA,0,0,0
6E5F,vina_pose,10,A:L6T:301,A:L6T:301,RDKit,35,10.181037635263342,5,8.454566644981872,NA,NA,0,0,none=0,none=0,0.5,0.3333333333333333,0.4,0.25,2,6,4,NA,NA,NA,NA,0,0,0
6E5F,vina_pose,11,A:L6T:301,A:L6T:301,RDKit,35,10.390315031567617,5,7.947675297245101,NA,NA,0,0,none=0,none=0,0.5,0.3333333333333333,0.4,0.25,2,6,4,NA,NA,NA,NA,0,0,0
6E5F,vina_pose,12,A:L6T:301,A:L6T:301,RDKit,35,6.7761792747255445,5,8.498508177229695,NA,NA,0,0,none=0,none=0,0.5,0.16666666666666666,0.25,0.14285714285714285,1,6,2,NA,NA,NA,NA,0,0,0
6E5F,vina_pose,13,A:L6T:301,A:L6T:301,RDKit,35,6.168002055661831,5,5.739775090579769,NA,NA,0,0,none=0,none=0,0.25,0.16666666666666666,0.2,0.1111111111111111,1,6,4,NA,NA,NA,NA,0,0,0
6E5F,vina_pose,14,A:L6T:301,A:L6T:301,RDKit,35,10.682752144692596,5,8.959613850297345,NA,NA,0,0,none=0,none=0,0.3333333333333333,0.16666666666666666,0.2222222222222222,0.125,1,6,3,NA,NA,NA,NA,0,0,0
6E5F,vina_pose,15,A:L6T:301,A:L6T:301,RDKit,35,6.687066653543562,5,6.826955720849522,NA,NA,0,0,none=0,none=0,1.0,0.16666666666666666,0.2857142857142857,0.16666666666666666,1,6,1,NA,NA,NA,NA,0,0,0
6E5F,vina_pose,16,A:L6T:301,A:L6T:301,RDKit,35,3.645150264559748,5,3.454695090227211,NA,NA,0,1,none=0,hydrogen_bonds=1,0.5,0.3333333333333333,0.4,0.25,2,6,4,NA,NA,NA,NA,0,0,1
6E5F,vina_pose,17,A:L6T:301,A:L6T:301,RDKit,35,10.622316952869557,5,7.9790564586572525,NA,NA,0,0,none=0,none=0,0.5,0.3333333333333333,0.4,0.25,2,6,4,NA,NA,NA,NA,0,0,0
6E5F,vina_pose,18,A:L6T:301,A:L6T:301,RDKit,35,6.393996911373087,5,5.83077221904955,NA,NA,0,0,none=0,none=0,0.25,0.16666666666666666,0.2,0.1111111111111111,1,6,4,NA,NA,NA,NA,0,0,0
6E5F,vina_pose,19,A:L6T:301,A:L6T:301,RDKit,35,4.328982374490403,5,4.499986744251587,NA,NA,0,0,none=0,none=0,0.3333333333333333,0.16666666666666666,0.2222222222222222,0.125,1,6,3,NA,NA,NA,NA,0,0,0
6E5F,vina_pose,20,A:L6T:301,A:L6T:301,RDKit,35,4.114549924120151,5,3.1577933685470945,NA,NA,0,1,none=0,hydrogen_bonds=1,1.0,1.0,1.0,1.0,6,6,6,NA,NA,NA,NA,0,0,1
6EW2,boltz,1,A:PLM:201,B:PLM:1,RDKit,18,5.332989076032343,3,7.410972356415495,133,0.48591060428743976,3,1,hydrogen_bonds=3,hydrogen_bonds=1,0.1111111111111111,0.16666666666666666,0.13333333333333333,0.07142857142857142,1,6,9,0.0,0.0,0.0,0.0,0,3,1
6EW2,vina_pose,1,A:PLM:201,L:UNL:1,RDKit,18,1.7294346378706156,3,0.9903665987905674,NA,NA,3,3,hydrogen_bonds=3,hydrogen_bonds=3,1.0,0.8333333333333334,0.9090909090909091,0.8333333333333334,5,6,5,1.0,1.0,1.0,1.0,3,3,3
6EW2,vina_pose,2,A:PLM:201,L:UNL:1,RDKit,18,4.053140935675004,3,7.412980349809829,NA,NA,3,3,hydrogen_bonds=3,hydrogen_bonds=3,0.125,0.16666666666666666,0.14285714285714288,0.07692307692307693,1,6,8,0.0,0.0,0.0,0.0,0,3,3
6EW2,vina_pose,3,A:PLM:201,L:UNL:1,RDKit,18,4.098325593052199,3,7.392959127890987,NA,NA,3,3,hydrogen_bonds=3,hydrogen_bonds=3,0.1111111111111111,0.16666666666666666,0.13333333333333333,0.07142857142857142,1,6,9,0.0,0.0,0.0,0.0,0,3,3
6EW2,vina_pose,4,A:PLM:201,L:UNL:1,RDKit,18,3.5303652392099933,3,7.4681429418564305,NA,NA,3,3,hydrogen_bonds=3,hydrogen_bonds=3,0.1111111111111111,0.16666666666666666,0.13333333333333333,0.07142857142857142,1,6,9,0.0,0.0,0.0,0.0,0,3,3
6EW2,vina_pose,5,A:PLM:201,L:UNL:1,RDKit,18,2.5065977384140083,3,1.0563594716446374,NA,NA,3,3,hydrogen_bonds=3,hydrogen_bonds=3,1.0,0.8333333333333334,0.9090909090909091,0.8333333333333334,5,6,5,1.0,1.0,1.0,1.0,3,3,3
6EW2,vina_pose,6,A:PLM:201,L:UNL:1,RDKit,18,2.0505504410062954,3,1.233410177786234,NA,NA,3,3,hydrogen_bonds=3,hydrogen_bonds=3,1.0,0.8333333333333334,0.9090909090909091,0.8333333333333334,5,6,5,1.0,1.0,1.0,1.0,3,3,3
6EW2,vina_pose,7,A:PLM:201,L:UNL:1,RDKit,18,4.1707111104302905,3,7.2466375881048,NA,NA,3,3,hydrogen_bonds=3,hydrogen_bonds=3,0.125,0.16666666666666666,0.14285714285714288,0.07692307692307693,1,6,8,0.0,0.0,0.0,0.0,0,3,3
6EW2,vina_pose,8,A:PLM:201,L:UNL:1,RDKit,18,1.715412454451958,3,1.8504292294852378,NA,NA,3,3,hydrogen_bonds=3,hydrogen_bonds=3,1.0,0.8333333333333334,0.9090909090909091,0.8333333333333334,5,6,5,1.0,1.0,1.0,1.0,3,3,3
6EW2,vina_pose,9,A:PLM:201,L:UNL:1,RDKit,18,4.990827915063568,3,2.826704028841131,NA,NA,3,2,hydrogen_bonds=3,hydrogen_bonds=2,0.5714285714285714,0.6666666666666666,0.6153846153846153,0.4444444444444444,4,6,7,1.0,0.6666666666666666,0.8,0.6666666666666666,2,3,2
6EW2,vina_pose,10,A:PLM:201,L:UNL:1,RDKit,18,7.029383891130778,3,10.701529547997644,NA,NA,3,2,hydrogen_bonds=3,hydrogen_bonds=2,0.0,0.0,0.0,0.0,0,6,7,0.0,0.0,0.0,0.0,0,3,2
6EW2,vina_pose,11,A:PLM:201,L:UNL:1,RDKit,18,2.9794367849571093,3,2.144990442869152,NA,NA,3,2,hydrogen_bonds=3,hydrogen_bonds=2,0.8333333333333334,0.8333333333333334,0.8333333333333334,0.7142857142857143,5,6,6,1.0,0.6666666666666666,0.8,0.6666666666666666,2,3,2
6EW2,vina_pose,12,A:PLM:201,L:UNL:1,RDKit,18,5.450909939328173,3,5.7864655014957105,NA,NA,3,2,hydrogen_bonds=3,hydrogen_bonds=2,0.25,0.16666666666666666,0.2,0.1111111111111111,1,6,4,0.0,0.0,0.0,0.0,0,3,2
6EW2,vina_pose,13,A:PLM:201,L:UNL:1,RDKit,18,4.348533763107847,3,1.8344853047471725,NA,NA,3,3,hydrogen_bonds=3,hydrogen_bonds=3,1.0,1.0,1.0,1.0,6,6,6,1.0,1.0,1.0,1.0,3,3,3
6EW2,vina_pose,14,A:PLM:201,L:UNL:1,RDKit,18,5.921423266411546,3,2.460709924662663,NA,NA,3,3,hydrogen_bonds=3,hydrogen_bonds=3,0.6,0.5,0.5454545454545454,0.375,3,6,5,0.6666666666666666,0.6666666666666666,0.6666666666666666,0.5,2,3,3
6EW2,vina_pose,15,A:PLM:201,L:UNL:1,RDKit,18,4.907952130075344,3,1.0092526938284574,NA,NA,3,3,hydrogen_bonds=3,hydrogen_bonds=3,1.0,0.8333333333333334,0.9090909090909091,0.8333333333333334,5,6,5,1.0,1.0,1.0,1.0,3,3,3
6EW2,vina_pose,16,A:PLM:201,L:UNL:1,RDKit,18,6.5659462295155056,3,8.720025630696275,NA,NA,3,1,hydrogen_bonds=3,hydrogen_bonds=1,0.0,0.0,0.0,0.0,0,6,8,0.0,0.0,0.0,0.0,0,3,1
6EW2,vina_pose,17,A:PLM:201,L:UNL:1,RDKit,18,5.795943222059145,3,5.918415750857655,NA,NA,3,3,hydrogen_bonds=3,hydrogen_bonds=3,0.14285714285714285,0.16666666666666666,0.15384615384615383,0.08333333333333333,1,6,7,0.3333333333333333,0.3333333333333333,0.3333333333333333,0.2,1,3,3
6EW2,vina_pose,18,A:PLM:201,L:UNL:1,RDKit,18,1.9444729362991924,3,2.688711587359269,NA,NA,3,2,hydrogen_bonds=3,hydrogen_bonds=2,0.5,0.3333333333333333,0.4,0.25,2,6,4,1.0,0.6666666666666666,0.8,0.6666666666666666,2,3,2
6EW2,vina_pose,19,A:PLM:201,L:UNL:1,RDKit,18,2.8374383987439558,3,2.9708874656124786,NA,NA,3,2,hydrogen_bonds=3,hydrogen_bonds=2,0.6666666666666666,0.6666666666666666,0.6666666666666666,0.5,4,6,6,1.0,0.6666666666666666,0.8,0.6666666666666666,2,3,2
6EW2,vina_pose,20,A:PLM:201,L:UNL:1,RDKit,18,5.855517194160659,3,7.606189694365151,NA,NA,3,2,hydrogen_bonds=3,hydrogen_bonds=2,0.0,0.0,0.0,0.0,0,6,7,0.0,0.0,0.0,0.0,0,3,2
6EW4,boltz,1,A:PLM:201,B:PLM:1,RDKit,18,8.683647413436807,3,8.29242409106709,133,0.4506913810766884,3,2,hydrogen_bonds=3,hydrogen_bonds=2,0.16666666666666666,0.14285714285714285,0.15384615384615383,0.08333333333333333,1,7,6,0.0,0.0,0.0,0.0,0,3,2
6EW4,vina_pose,1,A:PLM:201,L:UNL:1,RDKit,18,3.39244326899262,3,7.531699940916393,NA,NA,3,3,hydrogen_bonds=3,hydrogen_bonds=3,0.1,0.14285714285714285,0.11764705882352941,0.0625,1,7,10,0.0,0.0,0.0,0.0,0,3,3
6EW4,vina_pose,2,A:PLM:201,L:UNL:1,RDKit,18,4.766734172016169,3,7.570581835852072,NA,NA,3,3,hydrogen_bonds=3,hydrogen_bonds=3,0.1,0.14285714285714285,0.11764705882352941,0.0625,1,7,10,0.0,0.0,0.0,0.0,0,3,3
6EW4,vina_pose,3,A:PLM:201,L:UNL:1,RDKit,18,4.04879554106321,3,7.51927891046298,NA,NA,3,3,hydrogen_bonds=3,hydrogen_bonds=3,0.1,0.14285714285714285,0.11764705882352941,0.0625,1,7,10,0.0,0.0,0.0,0.0,0,3,3
6EW4,vina_pose,4,A:PLM:201,L:UNL:1,RDKit,18,3.51618683930318,3,7.350479530842415,NA,NA,3,3,hydrogen_bonds=3,hydrogen_bonds=3,0.125,0.14285714285714285,0.13333333333333333,0.07142857142857142,1,7,8,0.0,0.0,0.0,0.0,0,3,3
6EW4,vina_pose,5,A:PLM:201,L:UNL:1,RDKit,18,4.086346303375561,3,7.038789905469074,NA,NA,3,3,hydrogen_bonds=3,hydrogen_bonds=3,0.1111111111111111,0.14285714285714285,0.125,0.06666666666666667,1,7,9,0.0,0.0,0.0,0.0,0,3,3
6EW4,vina_pose,6,A:PLM:201,L:UNL:1,RDKit,18,6.409203660015459,3,8.010219722329719,NA,NA,3,2,hydrogen_bonds=3,hydrogen_bonds=2,0.125,0.14285714285714285,0.13333333333333333,0.07142857142857142,1,7,8,0.0,0.0,0.0,0.0,0,3,2
6EW4,vina_pose,7,A:PLM:201,L:UNL:1,RDKit,18,1.6561005907452195,3,1.9923031897781016,NA,NA,3,3,hydrogen_bonds=3,hydrogen_bonds=3,0.8333333333333334,0.7142857142857143,0.7692307692307692,0.625,5,7,6,1.0,1.0,1.0,1.0,3,3,3
6EW4,vina_pose,8,A:PLM:201,L:UNL:1,RDKit,18,2.9049113296851825,3,1.6281393265524504,NA,NA,3,3,hydrogen_bonds=3,hydrogen_bonds=3,1.0,0.8571428571428571,0.923076923076923,0.8571428571428571,6,7,6,1.0,1.0,1.0,1.0,3,3,3
6EW4,vina_pose,9,A:PLM:201,L:UNL:1,RDKit,18,3.2702096093200033,3,1.7963895271720252,NA,NA,3,3,hydrogen_bonds=3,hydrogen_bonds=3,0.8333333333333334,0.7142857142857143,0.7692307692307692,0.625,5,7,6,1.0,1.0,1.0,1.0,3,3,3
6EW4,vina_pose,10,A:PLM:201,L:UNL:1,RDKit,18,3.494750626932406,3,1.352357817541891,NA,NA,3,3,hydrogen_bonds=3,hydrogen_bonds=3,0.8571428571428571,0.8571428571428571,0.8571428571428571,0.75,6,7,7,1.0,1.0,1.0,1.0,3,3,3
6EW4,vina_pose,11,A:PLM:201,L:UNL:1,RDKit,18,6.389274167610035,3,7.856948326163282,NA,NA,3,2,hydrogen_bonds=3,hydrogen_bonds=2,0.16666666666666666,0.14285714285714285,0.15384615384615383,0.08333333333333333,1,7,6,0.0,0.0,0.0,0.0,0,3,2
6EW4,vina_pose,12,A:PLM:201,L:UNL:1,RDKit,18,3.2573421083931464,3,3.427362931856891,NA,NA,3,2,hydrogen_bonds=3,hydrogen_bonds=2,0.6,0.42857142857142855,0.5,0.3333333333333333,3,7,5,1.0,0.6666666666666666,0.8,0.6666666666666666,2,3,2
6EW4,vina_pose,13,A:PLM:201,L:UNL:1,RDKit,18,5.58867508150784,3,7.835417942479733,NA,NA,3,2,hydrogen_bonds=3,hydrogen_bonds=2,0.14285714285714285,0.14285714285714285,0.14285714285714285,0.07692307692307693,1,7,7,0.0,0.0,0.0,0.0,0,3,2
6EW4,vina_pose,14,A:PLM:201,L:UNL:1,RDKit,18,4.3351182926318295,3,4.870191748449609,NA,NA,3,3,hydrogen_bonds=3,hydrogen_bonds=3,0.5,0.2857142857142857,0.36363636363636365,0.2222222222222222,2,7,4,0.3333333333333333,0.3333333333333333,0.3333333333333333,0.2,1,3,3
6EW4,vina_pose,15,A:PLM:201,L:UNL:1,RDKit,18,3.8998711873314202,3,2.466433389870213,NA,NA,3,2,hydrogen_bonds=3,hydrogen_bonds=2,0.6666666666666666,0.5714285714285714,0.6153846153846153,0.4444444444444444,4,7,6,1.0,0.6666666666666666,0.8,0.6666666666666666,2,3,2
6EW4,vina_pose,16,A:PLM:201,L:UNL:1,RDKit,18,4.424727367621397,3,7.300721516854801,NA,NA,3,3,hydrogen_bonds=3,hydrogen_bonds=3,0.1,0.14285714285714285,0.11764705882352941,0.0625,1,7,10,0.0,0.0,0.0,0.0,0,3,3
6EW4,vina_pose,17,A:PLM:201,L:UNL:1,RDKit,18,4.287046425635667,3,2.3332737373341628,NA,NA,3,3,hydrogen_bonds=3,hydrogen_bonds=3,1.0,0.8571428571428571,0.923076923076923,0.8571428571428571,6,7,6,1.0,1.0,1.0,1.0,3,3,3
6EW4,vina_pose,18,A:PLM:201,L:UNL:1,RDKit,18,4.844746908880908,3,2.9525275612600126,NA,NA,3,2,hydrogen_bonds=3,hydrogen_bonds=2,0.8,0.5714285714285714,0.6666666666666666,0.5,4,7,5,1.0,0.6666666666666666,0.8,0.6666666666666666,2,3,2
6EW4,vina_pose,19,A:PLM:201,L:UNL:1,RDKit,18,5.5187516503080465,3,0.9486335787155471,NA,NA,3,3,hydrogen_bonds=3,hydrogen_bonds=3,0.8571428571428571,0.8571428571428571,0.8571428571428571,0.75,6,7,7,1.0,1.0,1.0,1.0,3,3,3
6EW4,vina_pose,20,A:PLM:201,L:UNL:1,RDKit,18,1.212926282453582,3,1.2938565093033567,NA,NA,3,3,hydrogen_bonds=3,hydrogen_bonds=3,1.0,0.8571428571428571,0.923076923076923,0.8571428571428571,6,7,6,1.0,1.0,1.0,1.0,3,3,3
6GE7,boltz,1,A:EW8:201,B:EW8:1,RDKit,21,2.551783458760742,3,5.885858008644473,162,0.6527460583233345,1,1,hydrogen_bonds=1,hydrogen_bonds=1,0.3333333333333333,0.3333333333333333,0.3333333333333333,0.2,1,3,3,0.0,0.0,0.0,0.0,0,1,1
6GE7,vina_pose,1,A:EW8:201,L:UNL:1,RDKit,21,11.453617222353403,3,17.173342151912852,NA,NA,1,0,hydrogen_bonds=1,none=0,0.0,0.0,0.0,0.0,0,3,9,0.0,0.0,0.0,0.0,0,1,0
6GE7,vina_pose,2,A:EW8:201,L:UNL:1,RDKit,21,2.6116546661528774,3,3.173318347303554,NA,NA,1,0,hydrogen_bonds=1,none=0,0.75,1.0,0.8571428571428571,0.75,3,3,4,0.0,0.0,0.0,0.0,0,1,0
6GE7,vina_pose,3,A:EW8:201,L:UNL:1,RDKit,21,4.334331035328235,3,5.509056150255386,NA,NA,1,0,hydrogen_bonds=1,none=0,0.5,0.3333333333333333,0.4,0.25,1,3,2,0.0,0.0,0.0,0.0,0,1,0
6GE7,vina_pose,4,A:EW8:201,L:UNL:1,RDKit,21,5.287999630790276,3,7.847505824570423,NA,NA,1,0,hydrogen_bonds=1,none=0,0.0,0.0,0.0,0.0,0,3,4,0.0,0.0,0.0,0.0,0,1,0
6GE7,vina_pose,5,A:EW8:201,L:UNL:1,RDKit,21,2.8398447392167663,3,3.606516786781027,NA,NA,1,0,hydrogen_bonds=1,none=0,0.6666666666666666,0.6666666666666666,0.6666666666666666,0.5,2,3,3,0.0,0.0,0.0,0.0,0,1,0
6GE7,vina_pose,6,A:EW8:201,L:UNL:1,RDKit,21,11.566405141821807,3,17.18497493936685,NA,NA,1,0,hydrogen_bonds=1,none=0,0.0,0.0,0.0,0.0,0,3,9,0.0,0.0,0.0,0.0,0,1,0
6GE7,vina_pose,7,A:EW8:201,L:UNL:1,RDKit,21,11.56044864428465,3,17.944840790600512,NA,NA,1,0,hydrogen_bonds=1,none=0,0.0,0.0,0.0,0.0,0,3,8,0.0,0.0,0.0,0.0,0,1,0
6GE7,vina_pose,8,A:EW8:201,L:UNL:1,RDKit,21,2.8881373137122734,3,4.3933588517215405,NA,NA,1,0,hydrogen_bonds=1,none=0,0.4,0.6666666666666666,0.5,0.3333333333333333,2,3,5,0.0,0.0,0.0,0.0,0,1,0
6GE7,vina_pose,9,A:EW8:201,L:UNL:1,RDKit,21,11.412131587961666,3,17.292398802171245,NA,NA,1,0,hydrogen_bonds=1,none=0,0.0,0.0,0.0,0.0,0,3,8,0.0,0.0,0.0,0.0,0,1,0
6GE7,vina_pose,10,A:EW8:201,L:UNL:1,RDKit,21,4.644462642555675,3,5.595382560647666,NA,NA,1,0,hydrogen_bonds=1,none=0,0.3333333333333333,0.6666666666666666,0.4444444444444444,0.2857142857142857,2,3,6,0.0,0.0,0.0,0.0,0,1,0
6GE7,vina_pose,11,A:EW8:201,L:UNL:1,RDKit,21,11.802461714566565,3,16.31643846963342,NA,NA,1,0,hydrogen_bonds=1,none=0,0.0,0.0,0.0,0.0,0,3,9,0.0,0.0,0.0,0.0,0,1,0
6GE7,vina_pose,12,A:EW8:201,L:UNL:1,RDKit,21,10.908378020935057,3,17.104834569988295,NA,NA,1,0,hydrogen_bonds=1,none=0,0.0,0.0,0.0,0.0,0,3,8,0.0,0.0,0.0,0.0,0,1,0
6GE7,vina_pose,13,A:EW8:201,L:UNL:1,RDKit,21,11.117489008636026,3,16.81709149446875,NA,NA,1,0,hydrogen_bonds=1,none=0,0.0,0.0,0.0,0.0,0,3,8,0.0,0.0,0.0,0.0,0,1,0
6GE7,vina_pose,14,A:EW8:201,L:UNL:1,RDKit,21,3.7828548428276707,3,7.048132684146443,NA,NA,1,1,hydrogen_bonds=1,hydrogen_bonds=1,0.0,0.0,0.0,0.0,0,3,3,0.0,0.0,0.0,0.0,0,1,1
6GE7,vina_pose,15,A:EW8:201,L:UNL:1,RDKit,21,11.07238833658712,3,16.455653770057268,NA,NA,1,0,hydrogen_bonds=1,none=0,0.0,0.0,0.0,0.0,0,3,7,0.0,0.0,0.0,0.0,0,1,0
6GE7,vina_pose,16,A:EW8:201,L:UNL:1,RDKit,21,1.8581433770093754,3,1.8314120235490419,NA,NA,1,0,hydrogen_bonds=1,none=0,1.0,1.0,1.0,1.0,3,3,3,0.0,0.0,0.0,0.0,0,1,0
6GE7,vina_pose,17,A:EW8:201,L:UNL:1,RDKit,21,11.45408728254637,3,16.79299775700178,NA,NA,1,0,hydrogen_bonds=1,none=0,0.0,0.0,0.0,0.0,0,3,7,0.0,0.0,0.0,0.0,0,1,0
6GE7,vina_pose,18,A:EW8:201,L:UNL:1,RDKit,21,3.318073365244184,3,4.988653993480275,NA,NA,1,0,hydrogen_bonds=1,none=0,0.3333333333333333,0.3333333333333333,0.3333333333333333,0.2,1,3,3,0.0,0.0,0.0,0.0,0,1,0
6GE7,vina_pose,19,A:EW8:201,L:UNL:1,RDKit,21,11.566453555742264,3,16.149842764972462,NA,NA,1,0,hydrogen_bonds=1,none=0,0.0,0.0,0.0,0.0,0,3,8,0.0,0.0,0.0,0.0,0,1,0
6GE7,vina_pose,20,A:EW8:201,L:UNL:1,RDKit,21,3.5060669458199785,3,6.371290816362623,NA,NA,1,0,hydrogen_bonds=1,none=0,0.0,0.0,0.0,0.0,0,3,2,0.0,0.0,0.0,0.0,0,1,0
6GF9,boltz,1,A:X90:201,B:X90:1,RDKit,19,1.708959390324232,3,3.2163536254156897,161,0.8271858751814621,0,1,none=0,hydrogen_bonds=1,0.25,0.5,0.3333333333333333,0.2,1,2,4,NA,NA,NA,NA,0,0,1
6GF9,vina_pose,1,A:X90:201,L:UNL:1,RDKit,19,11.096586217581086,3,16.996030879786808,NA,NA,0,0,none=0,none=0,0.0,0.0,0.0,0.0,0,2,9,NA,NA,NA,NA,0,0,0
6GF9,vina_pose,2,A:X90:201,L:UNL:1,RDKit,19,10.964890505129254,3,16.959237394411343,NA,NA,0,0,none=0,none=0,0.0,0.0,0.0,0.0,0,2,9,NA,NA,NA,NA,0,0,0
6GF9,vina_pose,3,A:X90:201,L:UNL:1,RDKit,19,2.341952267031212,3,3.7410065044940333,NA,NA,0,0,none=0,none=0,0.4,1.0,0.5714285714285715,0.4,2,2,5,NA,NA,NA,NA,0,0,0
6GF9,vina_pose,4,A:X90:201,L:UNL:1,RDKit,19,10.767555151814566,3,16.644608356261596,NA,NA,0,0,none=0,none=0,0.0,0.0,0.0,0.0,0,2,9,NA,NA,NA,NA,0,0,0
6GF9,vina_pose,5,A:X90:201,L:UNL:1,RDKit,19,1.8602532227176973,3,3.1735415547933195,NA,NA,0,1,none=0,hydrogen_bonds=1,0.2,0.5,0.28571428571428575,0.16666666666666666,1,2,5,NA,NA,NA,NA,0,0,1
6GF9,vina_pose,6,A:X90:201,L:UNL:1,RDKit,19,2.6332360119702223,3,3.427093374858643,NA,NA,0,0,none=0,none=0,0.3333333333333333,0.5,0.4,0.25,1,2,3,NA,NA,NA,NA,0,0,0
6GF9,vina_pose,7,A:X90:201,L:UNL:1,RDKit,19,2.8156909407255992,3,5.632125590455762,NA,NA,0,1,none=0,hydrogen_bonds=1,0.0,0.0,0.0,0.0,0,2,5,NA,NA,NA,NA,0,0,1
6GF9,vina_pose,8,A:X90:201,L:UNL:1,RDKit,19,2.4729101862934053,3,4.50834437460139,NA,NA,0,0,none=0,none=0,0.4,1.0,0.5714285714285715,0.4,2,2,5,NA,NA,NA,NA,0,0,0
6GF9,vina_pose,9,A:X90:201,L:UNL:1,RDKit,19,11.051124360515491,3,16.808874352555556,NA,NA,0,0,none=0,none=0,0.0,0.0,0.0,0.0,0,2,9,NA,NA,NA,NA,0,0,0
6GF9,vina_pose,10,A:X90:201,L:UNL:1,RDKit,19,2.137715553920513,3,2.6963657640115026,NA,NA,0,0,none=0,none=0,0.5,0.5,0.5,0.3333333333333333,1,2,2,NA,NA,NA,NA,0,0,0
6GF9,vina_pose,11,A:X90:201,L:UNL:1,RDKit,19,10.788526329783002,3,16.569481514720568,NA,NA,0,0,none=0,none=0,0.0,0.0,0.0,0.0,0,2,8,NA,NA,NA,NA,0,0,0
6GF9,vina_pose,12,A:X90:201,L:UNL:1,RDKit,19,10.943297100099798,3,15.991419355391816,NA,NA,0,0,none=0,none=0,0.0,0.0,0.0,0.0,0,2,7,NA,NA,NA,NA,0,0,0
6GF9,vina_pose,13,A:X90:201,L:UNL:1,RDKit,19,11.137004725829916,3,16.4487945353654,NA,NA,0,0,none=0,none=0,0.0,0.0,0.0,0.0,0,2,8,NA,NA,NA,NA,0,0,0
6GF9,vina_pose,14,A:X90:201,L:UNL:1,RDKit,19,4.116634643671174,3,5.594340682034538,NA,NA,0,1,none=0,hydrogen_bonds=1,0.0,0.0,0.0,0.0,0,2,3,NA,NA,NA,NA,0,0,1
6GF9,vina_pose,15,A:X90:201,L:UNL:1,RDKit,19,2.408390650686842,3,2.6711816361553047,NA,NA,0,0,none=0,none=0,0.3333333333333333,0.5,0.4,0.25,1,2,3,NA,NA,NA,NA,0,0,0
6GF9,vina_pose,16,A:X90:201,L:UNL:1,RDKit,19,10.573757560459216,3,14.727027489166533,NA,NA,0,0,none=0,none=0,0.0,0.0,0.0,0.0,0,2,8,NA,NA,NA,NA,0,0,0
6GF9,vina_pose,17,A:X90:201,L:UNL:1,RDKit,19,2.027243305834954,3,2.629310682796286,NA,NA,0,0,none=0,none=0,0.0,0.0,0.0,0.0,0,2,2,NA,NA,NA,NA,0,0,0
6GF9,vina_pose,18,A:X90:201,L:UNL:1,RDKit,19,3.7754070676306934,3,4.039618793896276,NA,NA,0,0,none=0,none=0,0.3333333333333333,1.0,0.5,0.3333333333333333,2,2,6,NA,NA,NA,NA,0,0,0
6GF9,vina_pose,19,A:X90:201,L:UNL:1,RDKit,19,3.5860432747557653,3,4.471020316065077,NA,NA,0,0,none=0,none=0,0.25,0.5,0.3333333333333333,0.2,1,2,4,NA,NA,NA,NA,0,0,0
6GF9,vina_pose,20,A:X90:201,L:UNL:1,RDKit,19,1.8532264894104644,3,1.5313594178593948,NA,NA,0,0,none=0,none=0,1.0,0.5,0.6666666666666666,0.5,1,2,1,NA,NA,NA,NA,0,0,0
6GFS,boltz,1,A:F15:201,B:F15:1,RDKit,17,0.5844964334213791,3,0.9251522646398873,162,0.8200244499348855,0,0,none=0,none=0,0.5,0.3333333333333333,0.4,0.25,1,3,2,NA,NA,NA,NA,0,0,0
6GFS,vina_pose,1,A:F15:201,L:UNL:1,RDKit,17,4.3207658702922505,3,7.648710174489117,NA,NA,0,1,none=0,hydrogen_bonds=1,0.0,0.0,0.0,0.0,0,3,5,NA,NA,NA,NA,0,0,1
6GFS,vina_pose,2,A:F15:201,L:UNL:1,RDKit,17,4.008974065621219,3,7.245681357424804,NA,NA,0,1,none=0,hydrogen_bonds=1,0.0,0.0,0.0,0.0,0,3,4,NA,NA,NA,NA,0,0,1
6GFS,vina_pose,3,A:F15:201,L:UNL:1,RDKit,17,3.967909762375266,3,6.782000466922229,NA,NA,0,1,none=0,hydrogen_bonds=1,0.0,0.0,0.0,0.0,0,3,4,NA,NA,NA,NA,0,0,1
6GFS,vina_pose,4,A:F15:201,L:UNL:1,RDKit,17,10.770653991831914,3,17.028285527321888,NA,NA,0,0,none=0,none=0,0.0,0.0,0.0,0.0,0,3,9,NA,NA,NA,NA,0,0,0
6GFS,vina_pose,5,A:F15:201,L:UNL:1,RDKit,17,3.1432415733181074,3,4.082995428195661,NA,NA,0,0,none=0,none=0,0.2,0.3333333333333333,0.25,0.14285714285714285,1,3,5,NA,NA,NA,NA,0,0,0
6GFS,vina_pose,6,A:F15:201,L:UNL:1,RDKit,17,10.286610566225226,3,16.73733870721388,NA,NA,0,0,none=0,none=0,0.0,0.0,0.0,0.0,0,3,9,NA,NA,NA,NA,0,0,0
6GFS,vina_pose,7,A:F15:201,L:UNL:1,RDKit,17,1.7698076831379501,3,2.6676694572853936,NA,NA,0,0,none=0,none=0,0.5,1.0,0.6666666666666666,0.5,3,3,6,NA,NA,NA,NA,0,0,0
6GFS,vina_pose,8,A:F15:201,L:UNL:1,RDKit,17,10.273716585081965,3,16.651513965202483,NA,NA,0,0,none=0,none=0,0.0,0.0,0.0,0.0,0,3,9,NA,NA,NA,NA,0,0,0
6GFS,vina_pose,9,A:F15:201,L:UNL:1,RDKit,17,3.530409574639447,3,6.776307352336768,NA,NA,0,1,none=0,hydrogen_bonds=1,0.0,0.0,0.0,0.0,0,3,4,NA,NA,NA,NA,0,0,1
6GFS,vina_pose,10,A:F15:201,L:UNL:1,RDKit,17,10.302377072935215,3,15.198279584654749,NA,NA,0,0,none=0,none=0,0.0,0.0,0.0,0.0,0,3,7,NA,NA,NA,NA,0,0,0
6GFS,vina_pose,11,A:F15:201,L:UNL:1,RDKit,17,2.170512449657372,3,2.2133458834985547,NA,NA,0,1,none=0,hydrogen_bonds=1,0.6,1.0,0.7499999999999999,0.6,3,3,5,NA,NA,NA,NA,0,0,1
6GFS,vina_pose,12,A:F15:201,L:UNL:1,RDKit,17,4.510411478555183,3,8.44479216243163,NA,NA,0,1,none=0,hydrogen_bonds=1,0.0,0.0,0.0,0.0,0,3,6,NA,NA,NA,NA,0,0,1
6GFS,vina_pose,13,A:F15:201,L:UNL:1,RDKit,17,9.615479174992055,3,14.65693711751083,NA,NA,0,0,none=0,none=0,0.0,0.0,0.0,0.0,0,3,9,NA,NA,NA,NA,0,0,0
6GFS,vina_pose,14,A:F15:201,L:UNL:1,RDKit,17,9.47569309276294,3,13.951568155587386,NA,NA,0,0,none=0,none=0,0.0,0.0,0.0,0.0,0,3,8,NA,NA,NA,NA,0,0,0
6GFS,vina_pose,15,A:F15:201,L:UNL:1,RDKit,17,2.6451603087192144,3,3.723892766089451,NA,NA,0,0,none=0,none=0,0.0,0.0,0.0,0.0,0,3,4,NA,NA,NA,NA,0,0,0
6GFS,vina_pose,16,A:F15:201,L:UNL:1,RDKit,17,2.908168354217236,3,4.093133111281218,NA,NA,0,0,none=0,none=0,0.0,0.0,0.0,0.0,0,3,4,NA,NA,NA,NA,0,0,0
6GFS,vina_pose,17,A:F15:201,L:UNL:1,RDKit,17,2.2773376483749357,3,3.0690558265803287,NA,NA,0,0,none=0,none=0,0.42857142857142855,1.0,0.6,0.42857142857142855,3,3,7,NA,NA,NA,NA,0,0,0
6GFS,vina_pose,18,A:F15:201,L:UNL:1,RDKit,17,3.8704489251704297,3,4.681348844083295,NA,NA,0,0,none=0,none=0,0.25,0.3333333333333333,0.28571428571428575,0.16666666666666666,1,3,4,NA,NA,NA,NA,0,0,0
6GFS,vina_pose,19,A:F15:201,L:UNL:1,RDKit,17,8.895191900188353,3,9.632358416642658,NA,NA,0,0,none=0,none=0,0.0,0.0,0.0,0.0,0,3,6,NA,NA,NA,NA,0,0,0
6GFS,vina_pose,20,A:F15:201,L:UNL:1,RDKit,17,8.58948082728828,3,10.296493788340443,NA,NA,0,0,none=0,none=0,0.0,0.0,0.0,0.0,0,3,7,NA,NA,NA,NA,0,0,0
6IWP,boltz,1,A:MYR:101,B:MYR:1,RDKit,16,10.923497499905478,3,12.698687061176948,90,0.7158221426941234,0,1,none=0,hydrogen_bonds=1,0.0,0.0,0.0,0.0,0,5,7,NA,NA,NA,NA,0,0,1
6IWP,vina_pose,1,A:MYR:101,L:UNL:1,RDKit,16,2.672365419904246,3,3.0791656337391133,NA,NA,0,3,none=0,hydrogen_bonds=3,0.7142857142857143,1.0,0.8333333333333333,0.7142857142857143,5,5,7,NA,NA,NA,NA,0,0,3
6IWP,vina_pose,2,A:MYR:101,L:UNL:1,RDKit,16,8.630964100985473,3,13.917509714983735,NA,NA,0,1,none=0,hydrogen_bonds=1,0.0,0.0,0.0,0.0,0,5,8,NA,NA,NA,NA,0,0,1
6IWP,vina_pose,3,A:MYR:101,L:UNL:1,RDKit,16,2.405858721433991,3,3.6855163365079067,NA,NA,0,2,none=0,hydrogen_bonds=2,0.5714285714285714,0.8,0.6666666666666666,0.5,4,5,7,NA,NA,NA,NA,0,0,2
6IWP,vina_pose,4,A:MYR:101,L:UNL:1,RDKit,16,8.082622984681397,3,11.929417756118696,NA,NA,0,1,none=0,hydrogen_bonds=1,0.14285714285714285,0.2,0.16666666666666666,0.09090909090909091,1,5,7,NA,NA,NA,NA,0,0,1
6IWP,vina_pose,5,A:MYR:101,L:UNL:1,RDKit,16,8.773870856839642,3,13.24867959458602,NA,NA,0,4,none=0,hydrogen_bonds=4,0.0,0.0,0.0,0.0,0,5,7,NA,NA,NA,NA,0,0,4
6IWP,vina_pose,6,A:MYR:101,L:UNL:1,RDKit,16,8.920767340173153,3,13.826588781522844,NA,NA,0,2,none=0,hydrogen_bonds=2,0.0,0.0,0.0,0.0,0,5,7,NA,NA,NA,NA,0,0,2
6IWP,vina_pose,7,A:MYR:101,L:UNL:1,RDKit,16,2.4914659464861244,3,3.226702857923755,NA,NA,0,2,none=0,hydrogen_bonds=2,0.625,1.0,0.7692307692307693,0.625,5,5,8,NA,NA,NA,NA,0,0,2
6IWP,vina_pose,8,A:MYR:101,L:UNL:1,RDKit,16,1.9286511802293331,3,1.828726788415007,NA,NA,0,2,none=0,hydrogen_bonds=2,0.8333333333333334,1.0,0.9090909090909091,0.8333333333333334,5,5,6,NA,NA,NA,NA,0,0,2
6IWP,vina_pose,9,A:MYR:101,L:UNL:1,RDKit,16,2.728590684767504,3,1.0603419259842557,NA,NA,0,2,none=0,hydrogen_bonds=2,0.8333333333333334,1.0,0.9090909090909091,0.8333333333333334,5,5,6,NA,NA,NA,NA,0,0,2
6IWP,vina_pose,10,A:MYR:101,L:UNL:1,RDKit,16,1.2510986172160847,3,1.2220241405144168,NA,NA,0,2,none=0,hydrogen_bonds=2,1.0,1.0,1.0,1.0,5,5,5,NA,NA,NA,NA,0,0,2
6IWP,vina_pose,11,A:MYR:101,L:UNL:1,RDKit,16,2.429967502354712,3,1.3337162366860495,NA,NA,0,1,none=0,hydrogen_bonds=1,1.0,1.0,1.0,1.0,5,5,5,NA,NA,NA,NA,0,0,1
6IWP,vina_pose,12,A:MYR:101,L:UNL:1,RDKit,16,7.907646422134717,3,11.31562704110264,NA,NA,0,1,none=0,hydrogen_bonds=1,0.0,0.0,0.0,0.0,0,5,7,NA,NA,NA,NA,0,0,1
6IWP,vina_pose,13,A:MYR:101,L:UNL:1,RDKit,16,8.831541552158377,3,11.872518140647331,NA,NA,0,1,none=0,hydrogen_bonds=1,0.125,0.2,0.15384615384615385,0.08333333333333333,1,5,8,NA,NA,NA,NA,0,0,1
6IWP,vina_pose,14,A:MYR:101,L:UNL:1,RDKit,16,2.7963544012696246,3,2.936868002935554,NA,NA,0,2,none=0,hydrogen_bonds=2,1.0,0.4,0.5714285714285715,0.4,2,5,2,NA,NA,NA,NA,0,0,2
6IWP,vina_pose,15,A:MYR:101,L:UNL:1,RDKit,16,8.749784500917722,3,10.808432803448735,NA,NA,0,0,none=0,none=0,0.0,0.0,0.0,0.0,0,5,6,NA,NA,NA,NA,0,0,0
6IWP,vina_pose,16,A:MYR:101,L:UNL:1,RDKit,16,3.27043617121631,3,3.08993484289448,NA,NA,0,1,none=0,hydrogen_bonds=1,0.6666666666666666,0.4,0.5,0.3333333333333333,2,5,3,NA,NA,NA,NA,0,0,1
6IWP,vina_pose,17,A:MYR:101,L:UNL:1,RDKit,16,3.6290249551360207,3,3.6825985843332596,NA,NA,0,2,none=0,hydrogen_bonds=2,0.7142857142857143,1.0,0.8333333333333333,0.7142857142857143,5,5,7,NA,NA,NA,NA,0,0,2
6IWP,vina_pose,18,A:MYR:101,L:UNL:1,RDKit,16,9.037528737851957,3,8.765679988835245,NA,NA,0,2,none=0,hydrogen_bonds=2,0.125,0.2,0.15384615384615385,0.08333333333333333,1,5,8,NA,NA,NA,NA,0,0,2
6IWP,vina_pose,19,A:MYR:101,L:UNL:1,RDKit,16,3.5536060558255467,3,3.551946414760973,NA,NA,0,2,none=0,hydrogen_bonds=2,0.6,0.6,0.6,0.42857142857142855,3,5,5,NA,NA,NA,NA,0,0,2
6LX7,boltz,1,A:STE:502,B:STE:1,RDKit,20,6.535831837993255,3,12.994207946619971,268,1.75752121812198,4,0,hydrogen_bonds=4,none=0,0.0,0.0,0.0,0.0,0,9,7,0.0,0.0,0.0,0.0,0,4,0
6LX7,vina_pose,1,A:STE:502,L:UNL:1,RDKit,20,7.943901069373914,3,9.416872605417717,NA,NA,4,1,hydrogen_bonds=4,hydrogen_bonds=1,0.14285714285714285,0.1111111111111111,0.125,0.06666666666666667,1,9,7,0.0,0.0,0.0,0.0,0,4,1
6LX7,vina_pose,2,A:STE:502,L:UNL:1,RDKit,20,6.419379381996363,3,7.051696297109417,NA,NA,4,1,hydrogen_bonds=4,hydrogen_bonds=1,0.2857142857142857,0.2222222222222222,0.25,0.14285714285714285,2,9,7,0.0,0.0,0.0,0.0,0,4,1
6LX7,vina_pose,3,A:STE:502,L:UNL:1,RDKit,20,9.92286513563497,3,12.03327284379995,NA,NA,4,2,hydrogen_bonds=4,hydrogen_bonds=2,0.0,0.0,0.0,0.0,0,9,5,0.0,0.0,0.0,0.0,0,4,2
6LX7,vina_pose,4,A:STE:502,L:UNL:1,RDKit,20,7.688471554867066,3,11.618816534684877,NA,NA,4,1,hydrogen_bonds=4,hydrogen_bonds=1,0.0,0.0,0.0,0.0,0,9,6,0.0,0.0,0.0,0.0,0,4,1
6LX7,vina_pose,5,A:STE:502,L:UNL:1,RDKit,20,9.444877979624723,3,11.552213106875525,NA,NA,4,1,hydrogen_bonds=4,hydrogen_bonds=1,0.0,0.0,0.0,0.0,0,9,7,0.0,0.0,0.0,0.0,0,4,1
6LX7,vina_pose,6,A:STE:502,L:UNL:1,RDKit,20,3.7953291359248413,3,3.8761823572513543,NA,NA,4,1,hydrogen_bonds=4,hydrogen_bonds=1,0.7142857142857143,0.5555555555555556,0.6250000000000001,0.45454545454545453,5,9,7,1.0,0.25,0.4,0.25,1,4,1
6LX7,vina_pose,7,A:STE:502,L:UNL:1,RDKit,20,4.6594668686449525,3,4.8301636618234784,NA,NA,4,2,hydrogen_bonds=4,hydrogen_bonds=2,0.5,0.3333333333333333,0.4,0.25,3,9,6,0.5,0.25,0.3333333333333333,0.2,1,4,2
6LX7,vina_pose,8,A:STE:502,L:UNL:1,RDKit,20,2.6837554937065335,3,2.7653048656522485,NA,NA,4,1,hydrogen_bonds=4,hydrogen_bonds=1,0.75,0.6666666666666666,0.7058823529411765,0.5454545454545454,6,9,8,1.0,0.25,0.4,0.25,1,4,1
6LX7,vina_pose,9,A:STE:502,L:UNL:1,RDKit,20,2.124257670340395,3,1.8988507928042513,NA,NA,4,4,hydrogen_bonds=4,hydrogen_bonds=4,0.9,1.0,0.9473684210526316,0.9,9,9,10,1.0,1.0,1.0,1.0,4,4,4
6LX7,vina_pose,10,A:STE:502,L:UNL:1,RDKit,20,5.684899933156255,3,6.252953568781183,NA,NA,4,1,hydrogen_bonds=4,hydrogen_bonds=1,0.3333333333333333,0.2222222222222222,0.26666666666666666,0.15384615384615385,2,9,6,0.0,0.0,0.0,0.0,0,4,1
6LX7,vina_pose,11,A:STE:502,L:UNL:1,RDKit,20,10.231327396775065,3,14.061483409180793,NA,NA,4,0,hydrogen_bonds=4,none=0,0.0,0.0,0.0,0.0,0,9,8,0.0,0.0,0.0,0.0,0,4,0
6LX7,vina_pose,12,A:STE:502,L:UNL:1,RDKit,20,8.375645590042597,3,11.638476045714347,NA,NA,4,3,hydrogen_bonds=4,hydrogen_bonds=3,0.0,0.0,0.0,0.0,0,9,6,0.0,0.0,0.0,0.0,0,4,3
6LX7,vina_pose,13,A:STE:502,L:UNL:1,RDKit,20,7.2025341339003734,3,10.226509277363416,NA,NA,4,1,hydrogen_bonds=4,hydrogen_bonds=1,0.0,0.0,0.0,0.0,0,9,7,0.0,0.0,0.0,0.0,0,4,1
6LX7,vina_pose,14,A:STE:502,L:UNL:1,RDKit,20,9.783298032872146,3,11.647999642284793,NA,NA,4,3,hydrogen_bonds=4,hydrogen_bonds=3,0.0,0.0,0.0,0.0,0,9,7,0.0,0.0,0.0,0.0,0,4,3
6LX7,vina_pose,15,A:STE:502,L:UNL:1,RDKit,20,10.808282437556858,3,16.492905393936308,NA,NA,4,1,hydrogen_bonds=4,hydrogen_bonds=1,0.0,0.0,0.0,0.0,0,9,7,0.0,0.0,0.0,0.0,0,4,1
6LX7,vina_pose,16,A:STE:502,L:UNL:1,RDKit,20,9.547814548366553,3,16.56286033067155,NA,NA,4,1,hydrogen_bonds=4,hydrogen_bonds=1,0.0,0.0,0.0,0.0,0,9,7,0.0,0.0,0.0,0.0,0,4,1
6LX7,vina_pose,17,A:STE:502,L:UNL:1,RDKit,20,1.3993703762764167,3,1.142854175591386,NA,NA,4,6,hydrogen_bonds=4,hydrogen_bonds=6,1.0,1.0,1.0,1.0,9,9,9,0.6666666666666666,1.0,0.8,0.6666666666666666,4,4,6
6LX7,vina_pose,18,A:STE:502,L:UNL:1,RDKit,20,10.62362184003177,3,16.07575161539889,NA,NA,4,0,hydrogen_bonds=4,none=0,0.0,0.0,0.0,0.0,0,9,8,0.0,0.0,0.0,0.0,0,4,0
6LX7,vina_pose,19,A:STE:502,L:UNL:1,RDKit,20,9.038106701627283,3,10.858900727053362,NA,NA,4,0,hydrogen_bonds=4,none=0,0.14285714285714285,0.1111111111111111,0.125,0.06666666666666667,1,9,7,0.0,0.0,0.0,0.0,0,4,0
6LX7,vina_pose,20,A:STE:502,L:UNL:1,RDKit,20,7.838339170385522,3,14.173685018371193,NA,NA,4,1,hydrogen_bonds=4,hydrogen_bonds=1,0.0,0.0,0.0,0.0,0,9,8,0.0,0.0,0.0,0.0,0,4,1
6NOK,boltz,1,A:MYR:401,B:MYR:1,RDKit,16,9.9900395863741,3,14.725257247835051,285,2.0871061982999706,3,1,hydrogen_bonds=3,hydrogen_bonds=1,0.0,0.0,0.0,0.0,0,9,11,0.0,0.0,0.0,0.0,0,3,1
6NOK,vina_pose,1,A:MYR:401,L:UNL:1,RDKit,16,7.102410629497565,3,9.829677495557354,NA,NA,3,1,hydrogen_bonds=3,hydrogen_bonds=1,0.0,0.0,0.0,0.0,0,9,8,0.0,0.0,0.0,0.0,0,3,1
6NOK,vina_pose,2,A:MYR:401,L:UNL:1,RDKit,16,6.232583428041698,3,7.791586295485664,NA,NA,3,4,hydrogen_bonds=3,hydrogen_bonds=4,0.18181818181818182,0.2222222222222222,0.19999999999999998,0.1111111111111111,2,9,11,0.0,0.0,0.0,0.0,0,3,4
6NOK,vina_pose,3,A:MYR:401,L:UNL:1,RDKit,16,5.224875154010859,3,3.639015022411055,NA,NA,3,3,hydrogen_bonds=3,hydrogen_bonds=3,0.8571428571428571,0.6666666666666666,0.75,0.6,6,9,7,0.6666666666666666,0.6666666666666666,0.6666666666666666,0.5,2,3,3
6NOK,vina_pose,4,A:MYR:401,L:UNL:1,RDKit,16,8.892975201669012,3,13.70992631879058,NA,NA,3,2,hydrogen_bonds=3,hydrogen_bonds=2,0.0,0.0,0.0,0.0,0,9,10,0.0,0.0,0.0,0.0,0,3,2
6NOK,vina_pose,5,A:MYR:401,L:UNL:1,RDKit,16,6.643592349963986,3,2.6071407710363474,NA,NA,3,3,hydrogen_bonds=3,hydrogen_bonds=3,0.625,0.5555555555555556,0.5882352941176471,0.4166666666666667,5,9,8,0.3333333333333333,0.3333333333333333,0.3333333333333333,0.2,1,3,3
6NOK,vina_pose,6,A:MYR:401,L:UNL:1,RDKit,16,7.067001879333272,3,11.003401458942896,NA,NA,3,3,hydrogen_bonds=3,hydrogen_bonds=3,0.0,0.0,0.0,0.0,0,9,9,0.0,0.0,0.0,0.0,0,3,3
6NOK,vina_pose,7,A:MYR:401,L:UNL:1,RDKit,16,8.92827442734597,3,4.007948810385017,NA,NA,3,2,hydrogen_bonds=3,hydrogen_bonds=2,0.625,0.5555555555555556,0.5882352941176471,0.4166666666666667,5,9,8,0.5,0.3333333333333333,0.4,0.25,1,3,2
6NOK,vina_pose,8,A:MYR:401,L:UNL:1,RDKit,16,7.0037048900921,3,5.682492410905621,NA,NA,3,3,hydrogen_bonds=3,hydrogen_bonds=3,0.5,0.3333333333333333,0.4,0.25,3,9,6,0.6666666666666666,0.6666666666666666,0.6666666666666666,0.5,2,3,3
6NOK,vina_pose,9,A:MYR:401,L:UNL:1,RDKit,16,6.116608987012331,3,4.81603820582852,NA,NA,3,3,hydrogen_bonds=3,hydrogen_bonds=3,0.8,0.4444444444444444,0.5714285714285714,0.4,4,9,5,0.3333333333333333,0.3333333333333333,0.3333333333333333,0.2,1,3,3
6NOK,vina_pose,10,A:MYR:401,L:UNL:1,RDKit,16,4.538229149403983,3,3.4494511640742695,NA,NA,3,3,hydrogen_bonds=3,hydrogen_bonds=3,0.8571428571428571,0.6666666666666666,0.75,0.6,6,9,7,0.6666666666666666,0.6666666666666666,0.6666666666666666,0.5,2,3,3
6NOK,vina_pose,11,A:MYR:401,L:UNL:1,RDKit,16,7.190842974749205,3,5.12804420157757,NA,NA,3,2,hydrogen_bonds=3,hydrogen_bonds=2,0.6666666666666666,0.4444444444444444,0.5333333333333333,0.36363636363636365,4,9,6,0.5,0.3333333333333333,0.4,0.25,1,3,2
6NOK,vina_pose,12,A:MYR:401,L:UNL:1,RDKit,16,5.6715095267926685,3,2.379374497635881,NA,NA,3,2,hydrogen_bonds=3,hydrogen_bonds=2,0.7,0.7777777777777778,0.7368421052631577,0.5833333333333334,7,9,10,0.5,0.3333333333333333,0.4,0.25,1,3,2
6NOK,vina_pose,13,A:MYR:401,L:UNL:1,RDKit,16,6.2833531603356505,3,6.9211686633592935,NA,NA,3,0,hydrogen_bonds=3,none=0,0.42857142857142855,0.3333333333333333,0.375,0.23076923076923078,3,9,7,0.0,0.0,0.0,0.0,0,3,0
6NOK,vina_pose,14,A:MYR:401,L:UNL:1,RDKit,16,8.480849688415661,3,13.145604449143194,NA,NA,3,1,hydrogen_bonds=3,hydrogen_bonds=1,0.16666666666666666,0.1111111111111111,0.13333333333333333,0.07142857142857142,1,9,6,0.0,0.0,0.0,0.0,0,3,1
6NOK,vina_pose,15,A:MYR:401,L:UNL:1,RDKit,16,6.563238101349059,3,10.304708276640666,NA,NA,3,3,hydrogen_bonds=3,hydrogen_bonds=3,0.18181818181818182,0.2222222222222222,0.19999999999999998,0.1111111111111111,2,9,11,0.0,0.0,0.0,0.0,0,3,3
6NOK,vina_pose,16,A:MYR:401,L:UNL:1,RDKit,16,7.12415968290296,3,3.115928486556348,NA,NA,3,3,hydrogen_bonds=3,hydrogen_bonds=3,1.0,0.6666666666666666,0.8,0.6666666666666666,6,9,6,0.6666666666666666,0.6666666666666666,0.6666666666666666,0.5,2,3,3
6NOK,vina_pose,17,A:MYR:401,L:UNL:1,RDKit,16,7.732441347174901,3,8.791563873016754,NA,NA,3,2,hydrogen_bonds=3,hydrogen_bonds=2,0.2222222222222222,0.2222222222222222,0.2222222222222222,0.125,2,9,9,0.5,0.3333333333333333,0.4,0.25,1,3,2
6NOK,vina_pose,18,A:MYR:401,L:UNL:1,RDKit,16,5.923711241696375,3,7.172712643530805,NA,NA,3,2,hydrogen_bonds=3,hydrogen_bonds=2,0.3333333333333333,0.2222222222222222,0.26666666666666666,0.15384615384615385,2,9,6,0.0,0.0,0.0,0.0,0,3,2
6NOK,vina_pose,19,A:MYR:401,L:UNL:1,RDKit,16,8.022883022953781,3,5.2435238469309295,NA,NA,3,2,hydrogen_bonds=3,hydrogen_bonds=2,0.45454545454545453,0.5555555555555556,0.5,0.3333333333333333,5,9,11,0.5,0.3333333333333333,0.4,0.25,1,3,2
6NOK,vina_pose,20,A:MYR:401,L:UNL:1,RDKit,16,7.122734021251952,3,11.541452999225587,NA,NA,3,2,hydrogen_bonds=3,hydrogen_bonds=2,0.1111111111111111,0.1111111111111111,0.1111111111111111,0.058823529411764705,1,9,9,0.0,0.0,0.0,0.0,0,3,2
6XU5,boltz,1,A:PLM:201,B:PLM:1,RDKit,18,4.752804097358637,3,5.985682404471263,133,0.3796029801964093,3,0,hydrogen_bonds=3,none=0,0.3333333333333333,0.25,0.28571428571428575,0.16666666666666666,2,8,6,0.0,0.0,0.0,0.0,0,3,0
6XU5,vina_pose,1,A:PLM:201,L:UNL:1,RDKit,18,3.501694875342511,3,7.566837406296856,NA,NA,3,3,hydrogen_bonds=3,hydrogen_bonds=3,0.1,0.125,0.11111111111111112,0.058823529411764705,1,8,10,0.0,0.0,0.0,0.0,0,3,3
6XU5,vina_pose,2,A:PLM:201,L:UNL:1,RDKit,18,3.9293702138864157,3,7.289143365307064,NA,NA,3,3,hydrogen_bonds=3,hydrogen_bonds=3,0.1,0.125,0.11111111111111112,0.058823529411764705,1,8,10,0.0,0.0,0.0,0.0,0,3,3
6XU5,vina_pose,3,A:PLM:201,L:UNL:1,RDKit,18,1.820478981538162,3,2.1756602829179625,NA,NA,3,3,hydrogen_bonds=3,hydrogen_bonds=3,1.0,0.75,0.8571428571428571,0.75,6,8,6,1.0,1.0,1.0,1.0,3,3,3
6XU5,vina_pose,4,A:PLM:201,L:UNL:1,RDKit,18,4.112011436700481,3,2.3881479574487563,NA,NA,3,3,hydrogen_bonds=3,hydrogen_bonds=3,0.8333333333333334,0.625,0.7142857142857143,0.5555555555555556,5,8,6,0.6666666666666666,0.6666666666666666,0.6666666666666666,0.5,2,3,3
6XU5,vina_pose,5,A:PLM:201,L:UNL:1,RDKit,18,5.205153626722057,3,7.426675276775379,NA,NA,3,3,hydrogen_bonds=3,hydrogen_bonds=3,0.125,0.125,0.125,0.06666666666666667,1,8,8,0.0,0.0,0.0,0.0,0,3,3
6XU5,vina_pose,6,A:PLM:201,L:UNL:1,RDKit,18,1.8897707826906178,3,1.8216411099152696,NA,NA,3,3,hydrogen_bonds=3,hydrogen_bonds=3,1.0,1.0,1.0,1.0,8,8,8,1.0,1.0,1.0,1.0,3,3,3
6XU5,vina_pose,7,A:PLM:201,L:UNL:1,RDKit,18,3.099431587673241,3,5.917670008823856,NA,NA,3,2,hydrogen_bonds=3,hydrogen_bonds=2,0.4,0.25,0.3076923076923077,0.18181818181818182,2,8,5,0.0,0.0,0.0,0.0,0,3,2
6XU5,vina_pose,8,A:PLM:201,L:UNL:1,RDKit,18,3.888685674849251,3,7.342290673443358,NA,NA,3,3,hydrogen_bonds=3,hydrogen_bonds=3,0.125,0.125,0.125,0.06666666666666667,1,8,8,0.0,0.0,0.0,0.0,0,3,3
6XU5,vina_pose,9,A:PLM:201,L:UNL:1,RDKit,18,2.640097430862059,3,3.0233015617588217,NA,NA,3,1,hydrogen_bonds=3,hydrogen_bonds=1,0.8333333333333334,0.625,0.7142857142857143,0.5555555555555556,5,8,6,1.0,0.3333333333333333,0.5,0.3333333333333333,1,3,1
6XU5,vina_pose,10,A:PLM:201,L:UNL:1,RDKit,18,4.952811249964789,3,5.232167524076422,NA,NA,3,2,hydrogen_bonds=3,hydrogen_bonds=2,0.5,0.25,0.3333333333333333,0.2,2,8,4,0.0,0.0,0.0,0.0,0,3,2
6XU5,vina_pose,11,A:PLM:201,L:UNL:1,RDKit,18,5.592894778198495,3,5.794937762104668,NA,NA,3,1,hydrogen_bonds=3,hydrogen_bonds=1,0.42857142857142855,0.375,0.39999999999999997,0.25,3,8,7,1.0,0.3333333333333333,0.5,0.3333333333333333,1,3,1
6XU5,vina_pose,12,A:PLM:201,L:UNL:1,RDKit,18,5.195925914705781,3,7.530659223025123,NA,NA,3,3,hydrogen_bonds=3,hydrogen_bonds=3,0.1,0.125,0.11111111111111112,0.058823529411764705,1,8,10,0.0,0.0,0.0,0.0,0,3,3
6XU5,vina_pose,13,A:PLM:201,L:UNL:1,RDKit,18,2.0848570827650406,3,3.078837821862875,NA,NA,3,3,hydrogen_bonds=3,hydrogen_bonds=3,0.8333333333333334,0.625,0.7142857142857143,0.5555555555555556,5,8,6,0.6666666666666666,0.6666666666666666,0.6666666666666666,0.5,2,3,3
6XU5,vina_pose,14,A:PLM:201,L:UNL:1,RDKit,18,4.764486931687632,3,6.269778890306526,NA,NA,3,3,hydrogen_bonds=3,hydrogen_bonds=3,0.2,0.125,0.15384615384615385,0.08333333333333333,1,8,5,0.0,0.0,0.0,0.0,0,3,3
6XU5,vina_pose,15,A:PLM:201,L:UNL:1,RDKit,18,3.7076095623280865,3,2.393065328541339,NA,NA,3,2,hydrogen_bonds=3,hydrogen_bonds=2,0.8,0.5,0.6153846153846154,0.4444444444444444,4,8,5,1.0,0.6666666666666666,0.8,0.6666666666666666,2,3,2
6XU5,vina_pose,16,A:PLM:201,L:UNL:1,RDKit,18,6.03512590313298,3,9.047371865169834,NA,NA,3,2,hydrogen_bonds=3,hydrogen_bonds=2,0.14285714285714285,0.125,0.13333333333333333,0.07142857142857142,1,8,7,0.0,0.0,0.0,0.0,0,3,2
6XU5,vina_pose,17,A:PLM:201,L:UNL:1,RDKit,18,4.63899367679385,3,2.9713194599930404,NA,NA,3,3,hydrogen_bonds=3,hydrogen_bonds=3,0.8333333333333334,0.625,0.7142857142857143,0.5555555555555556,5,8,6,0.6666666666666666,0.6666666666666666,0.6666666666666666,0.5,2,3,3
6XU5,vina_pose,18,A:PLM:201,L:UNL:1,RDKit,18,4.889925891281198,3,7.487749550654946,NA,NA,3,2,hydrogen_bonds=3,hydrogen_bonds=2,0.1111111111111111,0.125,0.11764705882352941,0.0625,1,8,9,0.0,0.0,0.0,0.0,0,3,2
6XU5,vina_pose,19,A:PLM:201,L:UNL:1,RDKit,18,4.640861138960216,3,6.45105151635504,NA,NA,3,1,hydrogen_bonds=3,hydrogen_bonds=1,0.2,0.125,0.15384615384615385,0.08333333333333333,1,8,5,0.0,0.0,0.0,0.0,0,3,1
6XU5,vina_pose,20,A:PLM:201,L:UNL:1,RDKit,18,6.654772689998927,3,8.98003745352249,NA,NA,3,2,hydrogen_bonds=3,hydrogen_bonds=2,0.0,0.0,0.0,0.0,0,8,7,0.0,0.0,0.0,0.0,0,3,2
7E25,boltz,1,A:PLM:202,B:PLM:1,RDKit,18,5.858050940140185,3,9.88200222202028,139,1.9385037020033264,2,0,hydrogen_bonds=2,none=0,0.0,0.0,0.0,0.0,0,8,9,0.0,0.0,0.0,0.0,0,2,0
7E25,vina_pose,1,A:PLM:202,L:UNL:1,RDKit,18,4.814141748824787,3,7.854813683340937,NA,NA,2,3,hydrogen_bonds=2,hydrogen_bonds=3,0.0,0.0,0.0,0.0,0,8,7,0.0,0.0,0.0,0.0,0,2,3
7E25,vina_pose,2,A:PLM:202,L:UNL:1,RDKit,18,1.5146490425911283,3,2.172004987716803,NA,NA,2,2,hydrogen_bonds=2,hydrogen_bonds=2,0.75,0.75,0.75,0.6,6,8,8,1.0,1.0,1.0,1.0,2,2,2
7E25,vina_pose,3,A:PLM:202,L:UNL:1,RDKit,18,3.7344272578863333,3,7.782706898416943,NA,NA,2,3,hydrogen_bonds=2,hydrogen_bonds=3,0.0,0.0,0.0,0.0,0,8,8,0.0,0.0,0.0,0.0,0,2,3
7E25,vina_pose,4,A:PLM:202,L:UNL:1,RDKit,18,5.8164326504978785,3,7.687515897002535,NA,NA,2,2,hydrogen_bonds=2,hydrogen_bonds=2,0.0,0.0,0.0,0.0,0,8,9,0.0,0.0,0.0,0.0,0,2,2
7E25,vina_pose,5,A:PLM:202,L:UNL:1,RDKit,18,4.612611094717515,3,2.376750863398742,NA,NA,2,2,hydrogen_bonds=2,hydrogen_bonds=2,0.6666666666666666,0.5,0.5714285714285715,0.4,4,8,6,1.0,1.0,1.0,1.0,2,2,2
7E25,vina_pose,6,A:PLM:202,L:UNL:1,RDKit,18,5.111775463465594,3,6.407232397845422,NA,NA,2,2,hydrogen_bonds=2,hydrogen_bonds=2,0.25,0.25,0.25,0.14285714285714285,2,8,8,0.0,0.0,0.0,0.0,0,2,2
7E25,vina_pose,7,A:PLM:202,L:UNL:1,RDKit,18,3.1974461944912647,3,5.271869782155095,NA,NA,2,1,hydrogen_bonds=2,hydrogen_bonds=1,0.5,0.25,0.3333333333333333,0.2,2,8,4,0.0,0.0,0.0,0.0,0,2,1
7E25,vina_pose,8,A:PLM:202,L:UNL:1,RDKit,18,5.634931316745968,3,6.725561116615723,NA,NA,2,2,hydrogen_bonds=2,hydrogen_bonds=2,0.2857142857142857,0.25,0.26666666666666666,0.15384615384615385,2,8,7,0.0,0.0,0.0,0.0,0,2,2
7E25,vina_pose,9,A:PLM:202,L:UNL:1,RDKit,18,1.6207747290176455,3,1.72226391705801,NA,NA,2,2,hydrogen_bonds=2,hydrogen_bonds=2,0.8333333333333334,0.625,0.7142857142857143,0.5555555555555556,5,8,6,1.0,1.0,1.0,1.0,2,2,2
7E25,vina_pose,10,A:PLM:202,L:UNL:1,RDKit,18,5.1586799075818695,3,5.396024987587314,NA,NA,2,2,hydrogen_bonds=2,hydrogen_bonds=2,0.25,0.125,0.16666666666666666,0.09090909090909091,1,8,4,0.0,0.0,0.0,0.0,0,2,2
7E25,vina_pose,11,A:PLM:202,L:UNL:1,RDKit,18,4.247623191595245,3,6.4606258210795655,NA,NA,2,2,hydrogen_bonds=2,hydrogen_bonds=2,0.25,0.25,0.25,0.14285714285714285,2,8,8,0.0,0.0,0.0,0.0,0,2,2
7E25,vina_pose,12,A:PLM:202,L:UNL:1,RDKit,18,5.7017233213593705,3,6.3736109074840765,NA,NA,2,2,hydrogen_bonds=2,hydrogen_bonds=2,0.2857142857142857,0.25,0.26666666666666666,0.15384615384615385,2,8,7,0.0,0.0,0.0,0.0,0,2,2
7E25,vina_pose,13,A:PLM:202,L:UNL:1,RDKit,18,4.159214148530144,3,2.6380768879368675,NA,NA,2,2,hydrogen_bonds=2,hydrogen_bonds=2,0.6666666666666666,0.5,0.5714285714285715,0.4,4,8,6,1.0,1.0,1.0,1.0,2,2,2
7E25,vina_pose,14,A:PLM:202,L:UNL:1,RDKit,18,4.878764899484751,3,2.3972324320627183,NA,NA,2,2,hydrogen_bonds=2,hydrogen_bonds=2,0.6666666666666666,0.5,0.5714285714285715,0.4,4,8,6,1.0,1.0,1.0,1.0,2,2,2
7E25,vina_pose,15,A:PLM:202,L:UNL:1,RDKit,18,4.367879138285156,3,1.7420906023128269,NA,NA,2,2,hydrogen_bonds=2,hydrogen_bonds=2,1.0,0.75,0.8571428571428571,0.75,6,8,6,1.0,1.0,1.0,1.0,2,2,2
7E25,vina_pose,16,A:PLM:202,L:UNL:1,RDKit,18,2.512555228801504,3,4.836740465782027,NA,NA,2,1,hydrogen_bonds=2,hydrogen_bonds=1,0.5,0.25,0.3333333333333333,0.2,2,8,4,0.0,0.0,0.0,0.0,0,2,1
7E25,vina_pose,17,A:PLM:202,L:UNL:1,RDKit,18,5.181347132851756,3,5.34497243522671,NA,NA,2,2,hydrogen_bonds=2,hydrogen_bonds=2,0.3333333333333333,0.125,0.18181818181818182,0.1,1,8,3,0.0,0.0,0.0,0.0,0,2,2
7E25,vina_pose,18,A:PLM:202,L:UNL:1,RDKit,18,3.8735925257511994,3,6.704075949251569,NA,NA,2,2,hydrogen_bonds=2,hydrogen_bonds=2,0.14285714285714285,0.125,0.13333333333333333,0.07142857142857142,1,8,7,0.0,0.0,0.0,0.0,0,2,2
7E25,vina_pose,19,A:PLM:202,L:UNL:1,RDKit,18,4.78087333374702,3,2.186380265797024,NA,NA,2,2,hydrogen_bonds=2,hydrogen_bonds=2,0.8333333333333334,0.625,0.7142857142857143,0.5555555555555556,5,8,6,1.0,1.0,1.0,1.0,2,2,2
7E25,vina_pose,20,A:PLM:202,L:UNL:1,RDKit,18,4.7504664975604705,3,6.148303695600384,NA,NA,2,2,hydrogen_bonds=2,hydrogen_bonds=2,0.375,0.375,0.375,0.23076923076923078,3,8,8,0.0,0.0,0.0,0.0,0,2,2
7FXL,boltz,1,A:MYR:201,B:MYR:1,RDKit,16,4.530812449269436,3,6.931704387384821,130,0.4984404183868332,3,2,hydrogen_bonds=3,hydrogen_bonds=2,0.1,0.14285714285714285,0.11764705882352941,0.0625,1,7,10,0.0,0.0,0.0,0.0,0,3,2
7FXL,vina_pose,1,A:MYR:201,L:UNL:1,RDKit,16,3.6920760589402812,3,7.218775750314822,NA,NA,3,3,hydrogen_bonds=3,hydrogen_bonds=3,0.0,0.0,0.0,0.0,0,7,8,0.0,0.0,0.0,0.0,0,3,3
7FXL,vina_pose,2,A:MYR:201,L:UNL:1,RDKit,16,3.760087740000225,3,7.196567190913548,NA,NA,3,3,hydrogen_bonds=3,hydrogen_bonds=3,0.0,0.0,0.0,0.0,0,7,8,0.0,0.0,0.0,0.0,0,3,3
7FXL,vina_pose,3,A:MYR:201,L:UNL:1,RDKit,16,4.413478283904883,3,7.454563278064426,NA,NA,3,4,hydrogen_bonds=3,hydrogen_bonds=4,0.0,0.0,0.0,0.0,0,7,7,0.0,0.0,0.0,0.0,0,3,4
7FXL,vina_pose,4,A:MYR:201,L:UNL:1,RDKit,16,3.821314507142797,3,6.999579106393945,NA,NA,3,2,hydrogen_bonds=3,hydrogen_bonds=2,0.1,0.14285714285714285,0.11764705882352941,0.0625,1,7,10,0.0,0.0,0.0,0.0,0,3,2
7FXL,vina_pose,5,A:MYR:201,L:UNL:1,RDKit,16,5.007004780804588,3,7.365374577485292,NA,NA,3,2,hydrogen_bonds=3,hydrogen_bonds=2,0.0,0.0,0.0,0.0,0,7,9,0.0,0.0,0.0,0.0,0,3,2
7FXL,vina_pose,6,A:MYR:201,L:UNL:1,RDKit,16,4.248031978163536,3,1.8440779086940264,NA,NA,3,3,hydrogen_bonds=3,hydrogen_bonds=3,0.875,1.0,0.9333333333333333,0.875,7,7,8,1.0,1.0,1.0,1.0,3,3,3
7FXL,vina_pose,7,A:MYR:201,L:UNL:1,RDKit,16,6.1786205984831275,3,7.9878517971563125,NA,NA,3,1,hydrogen_bonds=3,hydrogen_bonds=1,0.125,0.14285714285714285,0.13333333333333333,0.07142857142857142,1,7,8,0.0,0.0,0.0,0.0,0,3,1
7FXL,vina_pose,8,A:MYR:201,L:UNL:1,RDKit,16,5.012303955019089,3,2.6024318114666,NA,NA,3,2,hydrogen_bonds=3,hydrogen_bonds=2,0.6666666666666666,0.5714285714285714,0.6153846153846153,0.4444444444444444,4,7,6,1.0,0.6666666666666666,0.8,0.6666666666666666,2,3,2
7FXL,vina_pose,9,A:MYR:201,L:UNL:1,RDKit,16,5.878850110778467,3,8.327649608382908,NA,NA,3,1,hydrogen_bonds=3,hydrogen_bonds=1,0.1111111111111111,0.14285714285714285,0.125,0.06666666666666667,1,7,9,0.0,0.0,0.0,0.0,0,3,1
7FXL,vina_pose,10,A:MYR:201,L:UNL:1,RDKit,16,4.506319652721054,3,7.3136830211141435,NA,NA,3,3,hydrogen_bonds=3,hydrogen_bonds=3,0.0,0.0,0.0,0.0,0,7,9,0.0,0.0,0.0,0.0,0,3,3
7FXL,vina_pose,11,A:MYR:201,L:UNL:1,RDKit,16,4.666883147508623,3,7.199199608289799,NA,NA,3,3,hydrogen_bonds=3,hydrogen_bonds=3,0.0,0.0,0.0,0.0,0,7,8,0.0,0.0,0.0,0.0,0,3,3
7FXL,vina_pose,12,A:MYR:201,L:UNL:1,RDKit,16,5.454857582925516,3,6.120643049005009,NA,NA,3,1,hydrogen_bonds=3,hydrogen_bonds=1,0.42857142857142855,0.42857142857142855,0.42857142857142855,0.2727272727272727,3,7,7,1.0,0.3333333333333333,0.5,0.3333333333333333,1,3,1
7FXL,vina_pose,13,A:MYR:201,L:UNL:1,RDKit,16,5.521339035958578,3,7.731891208925967,NA,NA,3,1,hydrogen_bonds=3,hydrogen_bonds=1,0.125,0.14285714285714285,0.13333333333333333,0.07142857142857142,1,7,8,0.0,0.0,0.0,0.0,0,3,1
7FXL,vina_pose,14,A:MYR:201,L:UNL:1,RDKit,16,6.2306018268703385,3,8.606560559635112,NA,NA,3,1,hydrogen_bonds=3,hydrogen_bonds=1,0.0,0.0,0.0,0.0,0,7,9,0.0,0.0,0.0,0.0,0,3,1
7FXL,vina_pose,15,A:MYR:201,L:UNL:1,RDKit,16,5.981622224572528,3,6.87664932943363,NA,NA,3,1,hydrogen_bonds=3,hydrogen_bonds=1,0.14285714285714285,0.14285714285714285,0.14285714285714285,0.07692307692307693,1,7,7,1.0,0.3333333333333333,0.5,0.3333333333333333,1,3,1
7FXL,vina_pose,16,A:MYR:201,L:UNL:1,RDKit,16,3.321847546923247,3,6.544022157664198,NA,NA,3,1,hydrogen_bonds=3,hydrogen_bonds=1,0.125,0.14285714285714285,0.13333333333333333,0.07142857142857142,1,7,8,0.0,0.0,0.0,0.0,0,3,1
7FXL,vina_pose,17,A:MYR:201,L:UNL:1,RDKit,16,5.451983538126284,3,4.983452250532088,NA,NA,3,3,hydrogen_bonds=3,hydrogen_bonds=3,0.4,0.2857142857142857,0.3333333333333333,0.2,2,7,5,0.3333333333333333,0.3333333333333333,0.3333333333333333,0.2,1,3,3
7FXL,vina_pose,18,A:MYR:201,L:UNL:1,RDKit,16,2.8801590776379,3,5.4913264335677585,NA,NA,3,2,hydrogen_bonds=3,hydrogen_bonds=2,0.5,0.2857142857142857,0.36363636363636365,0.2222222222222222,2,7,4,0.0,0.0,0.0,0.0,0,3,2
7FXL,vina_pose,19,A:MYR:201,L:UNL:1,RDKit,16,1.745578091922558,3,1.5720204621229745,NA,NA,3,2,hydrogen_bonds=3,hydrogen_bonds=2,0.8333333333333334,0.7142857142857143,0.7692307692307692,0.625,5,7,6,1.0,0.6666666666666666,0.8,0.6666666666666666,2,3,2
7FXL,vina_pose,20,A:MYR:201,L:UNL:1,RDKit,16,5.25080357540634,3,1.9164542780875318,NA,NA,3,3,hydrogen_bonds=3,hydrogen_bonds=3,0.8571428571428571,0.8571428571428571,0.8571428571428571,0.75,6,7,7,1.0,1.0,1.0,1.0,3,3,3
7FY1,boltz,1,A:MYR:201,B:MYR:1,RDKit,16,5.21515114558108,3,8.342637986570434,134,0.5247176490906902,3,2,hydrogen_bonds=3,hydrogen_bonds=2,0.125,0.14285714285714285,0.13333333333333333,0.07142857142857142,1,7,8,0.0,0.0,0.0,0.0,0,3,2
7FY1,vina_pose,1,A:MYR:201,L:UNL:1,RDKit,16,3.4685042075078987,3,1.3117035996494533,NA,NA,3,2,hydrogen_bonds=3,hydrogen_bonds=2,0.7142857142857143,0.7142857142857143,0.7142857142857143,0.5555555555555556,5,7,7,1.0,0.6666666666666666,0.8,0.6666666666666666,2,3,2
7FY1,vina_pose,2,A:MYR:201,L:UNL:1,RDKit,16,4.981230432834844,3,7.747628239231238,NA,NA,3,3,hydrogen_bonds=3,hydrogen_bonds=3,0.0,0.0,0.0,0.0,0,7,7,0.0,0.0,0.0,0.0,0,3,3
7FY1,vina_pose,3,A:MYR:201,L:UNL:1,RDKit,16,1.876028251386423,3,1.8159096893843574,NA,NA,3,3,hydrogen_bonds=3,hydrogen_bonds=3,1.0,1.0,1.0,1.0,7,7,7,1.0,1.0,1.0,1.0,3,3,3
7FY1,vina_pose,4,A:MYR:201,L:UNL:1,RDKit,16,6.136309762389771,3,7.636927676319407,NA,NA,3,3,hydrogen_bonds=3,hydrogen_bonds=3,0.125,0.14285714285714285,0.13333333333333333,0.07142857142857142,1,7,8,0.0,0.0,0.0,0.0,0,3,3
7FY1,vina_pose,5,A:MYR:201,L:UNL:1,RDKit,16,4.31698059991008,3,7.661843577103356,NA,NA,3,3,hydrogen_bonds=3,hydrogen_bonds=3,0.125,0.14285714285714285,0.13333333333333333,0.07142857142857142,1,7,8,0.0,0.0,0.0,0.0,0,3,3
7FY1,vina_pose,6,A:MYR:201,L:UNL:1,RDKit,16,2.5174074089229177,3,3.4246901563012466,NA,NA,3,2,hydrogen_bonds=3,hydrogen_bonds=2,0.42857142857142855,0.42857142857142855,0.42857142857142855,0.2727272727272727,3,7,7,1.0,0.6666666666666666,0.8,0.6666666666666666,2,3,2
7FY1,vina_pose,7,A:MYR:201,L:UNL:1,RDKit,16,4.6196423833452736,3,6.188892065628549,NA,NA,3,3,hydrogen_bonds=3,hydrogen_bonds=3,0.2,0.14285714285714285,0.16666666666666666,0.09090909090909091,1,7,5,0.0,0.0,0.0,0.0,0,3,3
7FY1,vina_pose,8,A:MYR:201,L:UNL:1,RDKit,16,3.525601243050609,3,2.144274780277318,NA,NA,3,3,hydrogen_bonds=3,hydrogen_bonds=3,0.8,0.5714285714285714,0.6666666666666666,0.5,4,7,5,0.6666666666666666,0.6666666666666666,0.6666666666666666,0.5,2,3,3
7FY1,vina_pose,9,A:MYR:201,L:UNL:1,RDKit,16,4.708633745578434,3,1.8888760326359855,NA,NA,3,3,hydrogen_bonds=3,hydrogen_bonds=3,1.0,0.8571428571428571,0.923076923076923,0.8571428571428571,6,7,6,1.0,1.0,1.0,1.0,3,3,3
7FY1,vina_pose,10,A:MYR:201,L:UNL:1,RDKit,16,3.3646090876207295,3,2.411161545811478,NA,NA,3,3,hydrogen_bonds=3,hydrogen_bonds=3,0.8,0.5714285714285714,0.6666666666666666,0.5,4,7,5,0.6666666666666666,0.6666666666666666,0.6666666666666666,0.5,2,3,3
7FY1,vina_pose,11,A:MYR:201,L:UNL:1,RDKit,16,3.2038234775030903,3,2.6484311708380606,NA,NA,3,3,hydrogen_bonds=3,hydrogen_bonds=3,0.8,0.5714285714285714,0.6666666666666666,0.5,4,7,5,0.6666666666666666,0.6666666666666666,0.6666666666666666,0.5,2,3,3
7FY1,vina_pose,12,A:MYR:201,L:UNL:1,RDKit,16,5.633010917795207,3,7.6310700429232075,NA,NA,3,3,hydrogen_bonds=3,hydrogen_bonds=3,0.0,0.0,0.0,0.0,0,7,7,0.0,0.0,0.0,0.0,0,3,3
7FY1,vina_pose,13,A:MYR:201,L:UNL:1,RDKit,16,6.444582400163722,3,8.564330310460162,NA,NA,3,2,hydrogen_bonds=3,hydrogen_bonds=2,0.0,0.0,0.0,0.0,0,7,8,0.0,0.0,0.0,0.0,0,3,2
7FY1,vina_pose,14,A:MYR:201,L:UNL:1,RDKit,16,5.6132082737949425,3,7.5701600379384315,NA,NA,3,2,hydrogen_bonds=3,hydrogen_bonds=2,0.125,0.14285714285714285,0.13333333333333333,0.07142857142857142,1,7,8,0.0,0.0,0.0,0.0,0,3,2
7FY1,vina_pose,15,A:MYR:201,L:UNL:1,RDKit,16,2.691490874032457,3,3.249589050941672,NA,NA,3,2,hydrogen_bonds=3,hydrogen_bonds=2,0.5,0.42857142857142855,0.4615384615384615,0.3,3,7,6,1.0,0.6666666666666666,0.8,0.6666666666666666,2,3,2
7FY1,vina_pose,16,A:MYR:201,L:UNL:1,RDKit,16,3.885318905829996,3,0.4997192545153053,NA,NA,3,3,hydrogen_bonds=3,hydrogen_bonds=3,1.0,1.0,1.0,1.0,7,7,7,1.0,1.0,1.0,1.0,3,3,3
7FY1,vina_pose,17,A:MYR:201,L:UNL:1,RDKit,16,4.60466123889695,3,0.6134856694876145,NA,NA,3,3,hydrogen_bonds=3,hydrogen_bonds=3,1.0,1.0,1.0,1.0,7,7,7,1.0,1.0,1.0,1.0,3,3,3
7FY1,vina_pose,18,A:MYR:201,L:UNL:1,RDKit,16,5.405535947063899,3,7.328991585932314,NA,NA,3,2,hydrogen_bonds=3,hydrogen_bonds=2,0.14285714285714285,0.14285714285714285,0.14285714285714285,0.07692307692307693,1,7,7,0.0,0.0,0.0,0.0,0,3,2
7FY1,vina_pose,19,A:MYR:201,L:UNL:1,RDKit,16,4.147825763276466,3,4.772817965660678,NA,NA,3,2,hydrogen_bonds=3,hydrogen_bonds=2,0.3333333333333333,0.2857142857142857,0.30769230769230765,0.18181818181818182,2,7,6,0.5,0.3333333333333333,0.4,0.25,1,3,2
7FY1,vina_pose,20,A:MYR:201,L:UNL:1,RDKit,16,4.376987498554229,3,2.697848710855867,NA,NA,3,2,hydrogen_bonds=3,hydrogen_bonds=2,0.6,0.42857142857142855,0.5,0.3333333333333333,3,7,5,1.0,0.6666666666666666,0.8,0.6666666666666666,2,3,2
7FZK,boltz,1,A:MYR:201,B:MYR:1,RDKit,16,5.5822554946068825,3,7.313992982172807,133,0.6141724316888326,2,3,hydrogen_bonds=2,hydrogen_bonds=3,0.1,0.1111111111111111,0.10526315789473685,0.05555555555555555,1,9,10,0.0,0.0,0.0,0.0,0,2,3
7FZK,vina_pose,1,A:MYR:201,L:UNL:1,RDKit,16,1.3678597789978328,3,1.9308988407820162,NA,NA,2,2,hydrogen_bonds=2,hydrogen_bonds=2,0.8571428571428571,0.6666666666666666,0.75,0.6,6,9,7,1.0,1.0,1.0,1.0,2,2,2
7FZK,vina_pose,2,A:MYR:201,L:UNL:1,RDKit,16,5.266097149455183,3,6.869479480523495,NA,NA,2,1,hydrogen_bonds=2,hydrogen_bonds=1,0.25,0.2222222222222222,0.23529411764705882,0.13333333333333333,2,9,8,0.0,0.0,0.0,0.0,0,2,1
7FZK,vina_pose,3,A:MYR:201,L:UNL:1,RDKit,16,4.662441983553254,3,7.154147911060641,NA,NA,2,2,hydrogen_bonds=2,hydrogen_bonds=2,0.0,0.0,0.0,0.0,0,9,8,0.0,0.0,0.0,0.0,0,2,2
7FZK,vina_pose,4,A:MYR:201,L:UNL:1,RDKit,16,4.552502567270007,3,7.294585023609408,NA,NA,2,2,hydrogen_bonds=2,hydrogen_bonds=2,0.0,0.0,0.0,0.0,0,9,9,0.0,0.0,0.0,0.0,0,2,2
7FZK,vina_pose,5,A:MYR:201,L:UNL:1,RDKit,16,1.506141137144856,3,0.746278321628958,NA,NA,2,2,hydrogen_bonds=2,hydrogen_bonds=2,0.8888888888888888,0.8888888888888888,0.8888888888888888,0.8,8,9,9,1.0,1.0,1.0,1.0,2,2,2
7FZK,vina_pose,6,A:MYR:201,L:UNL:1,RDKit,16,4.528218813727976,3,2.9032386513455397,NA,NA,2,2,hydrogen_bonds=2,hydrogen_bonds=2,0.8,0.4444444444444444,0.5714285714285714,0.4,4,9,5,1.0,1.0,1.0,1.0,2,2,2
7FZK,vina_pose,7,A:MYR:201,L:UNL:1,RDKit,16,3.8994265844480265,3,2.7466829692072827,NA,NA,2,4,hydrogen_bonds=2,hydrogen_bonds=4,0.8333333333333334,0.5555555555555556,0.6666666666666667,0.5,5,9,6,0.25,0.5,0.3333333333333333,0.2,1,2,4
7FZK,vina_pose,8,A:MYR:201,L:UNL:1,RDKit,16,5.923179852283738,3,6.180198055078818,NA,NA,2,2,hydrogen_bonds=2,hydrogen_bonds=2,0.375,0.3333333333333333,0.35294117647058826,0.21428571428571427,3,9,8,0.0,0.0,0.0,0.0,0,2,2
7FZK,vina_pose,9,A:MYR:201,L:UNL:1,RDKit,16,2.527267385438272,3,2.2726442748481333,NA,NA,2,1,hydrogen_bonds=2,hydrogen_bonds=1,0.8571428571428571,0.6666666666666666,0.75,0.6,6,9,7,1.0,0.5,0.6666666666666666,0.5,1,2,1
7FZK,vina_pose,10,A:MYR:201,L:UNL:1,RDKit,16,4.265690983006153,3,7.155858089705246,NA,NA,2,3,hydrogen_bonds=2,hydrogen_bonds=3,0.1,0.1111111111111111,0.10526315789473685,0.05555555555555555,1,9,10,0.0,0.0,0.0,0.0,0,2,3
7FZK,vina_pose,11,A:MYR:201,L:UNL:1,RDKit,16,5.402189128029488,3,6.079029747144413,NA,NA,2,2,hydrogen_bonds=2,hydrogen_bonds=2,0.2857142857142857,0.2222222222222222,0.25,0.14285714285714285,2,9,7,0.0,0.0,0.0,0.0,0,2,2
7FZK,vina_pose,12,A:MYR:201,L:UNL:1,RDKit,16,4.279685670408518,3,1.7270356105187867,NA,NA,2,2,hydrogen_bonds=2,hydrogen_bonds=2,0.8571428571428571,0.6666666666666666,0.75,0.6,6,9,7,1.0,1.0,1.0,1.0,2,2,2
7FZK,vina_pose,13,A:MYR:201,L:UNL:1,RDKit,16,4.778029647511619,3,7.009045702994572,NA,NA,2,2,hydrogen_bonds=2,hydrogen_bonds=2,0.1,0.1111111111111111,0.10526315789473685,0.05555555555555555,1,9,10,0.0,0.0,0.0,0.0,0,2,2
7FZK,vina_pose,14,A:MYR:201,L:UNL:1,RDKit,16,4.151034110616293,3,1.9359340553507158,NA,NA,2,2,hydrogen_bonds=2,hydrogen_bonds=2,0.8571428571428571,0.6666666666666666,0.75,0.6,6,9,7,1.0,1.0,1.0,1.0,2,2,2
7FZK,vina_pose,15,A:MYR:201,L:UNL:1,RDKit,16,5.009716521421147,3,7.720521765614896,NA,NA,2,3,hydrogen_bonds=2,hydrogen_bonds=3,0.1,0.1111111111111111,0.10526315789473685,0.05555555555555555,1,9,10,0.0,0.0,0.0,0.0,0,2,3
7FZK,vina_pose,16,A:MYR:201,L:UNL:1,RDKit,16,2.3471368063025215,3,2.9379239835865962,NA,NA,2,4,hydrogen_bonds=2,hydrogen_bonds=4,0.8333333333333334,0.5555555555555556,0.6666666666666667,0.5,5,9,6,0.25,0.5,0.3333333333333333,0.2,1,2,4
7FZK,vina_pose,17,A:MYR:201,L:UNL:1,RDKit,16,4.959575492166643,3,7.317464109922234,NA,NA,2,2,hydrogen_bonds=2,hydrogen_bonds=2,0.1111111111111111,0.1111111111111111,0.1111111111111111,0.058823529411764705,1,9,9,0.0,0.0,0.0,0.0,0,2,2
7FZK,vina_pose,18,A:MYR:201,L:UNL:1,RDKit,16,4.732110436950938,3,6.851913844564403,NA,NA,2,2,hydrogen_bonds=2,hydrogen_bonds=2,0.25,0.2222222222222222,0.23529411764705882,0.13333333333333333,2,9,8,0.0,0.0,0.0,0.0,0,2,2
7FZK,vina_pose,19,A:MYR:201,L:UNL:1,RDKit,16,2.922061943217494,3,5.795293176363039,NA,NA,2,1,hydrogen_bonds=2,hydrogen_bonds=1,0.25,0.1111111111111111,0.15384615384615383,0.08333333333333333,1,9,4,0.0,0.0,0.0,0.0,0,2,1
7FZK,vina_pose,20,A:MYR:201,L:UNL:1,RDKit,16,5.032246969545513,3,6.247825008219528,NA,NA,2,1,hydrogen_bonds=2,hydrogen_bonds=1,0.125,0.1111111111111111,0.11764705882352941,0.0625,1,9,8,0.0,0.0,0.0,0.0,0,2,1
7JX2,boltz,1,A:VLP:201,B:VLP:1,RDKit,23,1.5624899683221742,3,1.8030648525650754,135,0.7277122458598404,0,0,none=0,none=0,0.8571428571428571,0.75,0.7999999999999999,0.6666666666666666,6,8,7,NA,NA,NA,NA,0,0,0
7JX2,vina_pose,1,A:VLP:201,A:VLP:201,RDKit,23,3.89402463090399,3,3.2168428621864646,NA,NA,0,0,none=0,none=0,0.5714285714285714,0.5,0.5333333333333333,0.36363636363636365,4,8,7,NA,NA,NA,NA,0,0,0
7JX2,vina_pose,2,A:VLP:201,A:VLP:201,RDKit,23,9.163300855325957,3,10.723178431168003,NA,NA,0,1,none=0,hydrogen_bonds=1,0.14285714285714285,0.125,0.13333333333333333,0.07142857142857142,1,8,7,NA,NA,NA,NA,0,0,1
7JX2,vina_pose,3,A:VLP:201,A:VLP:201,RDKit,23,3.537229135428144,3,2.884974118890266,NA,NA,0,0,none=0,none=0,0.6,0.375,0.4615384615384615,0.3,3,8,5,NA,NA,NA,NA,0,0,0
7JX2,vina_pose,4,A:VLP:201,A:VLP:201,RDKit,23,4.657728084919029,3,2.837589939837444,NA,NA,0,0,none=0,none=0,0.7142857142857143,0.625,0.6666666666666666,0.5,5,8,7,NA,NA,NA,NA,0,0,0
7JX2,vina_pose,5,A:VLP:201,A:VLP:201,RDKit,23,8.114425155776326,3,9.714568355482056,NA,NA,0,0,none=0,none=0,0.0,0.0,0.0,0.0,0,8,7,NA,NA,NA,NA,0,0,0
7JX2,vina_pose,6,A:VLP:201,A:VLP:201,RDKit,23,1.6310189666479102,3,1.320966943820574,NA,NA,0,1,none=0,hydrogen_bonds=1,0.8571428571428571,0.75,0.7999999999999999,0.6666666666666666,6,8,7,NA,NA,NA,NA,0,0,1
7JX2,vina_pose,7,A:VLP:201,A:VLP:201,RDKit,23,2.641829562023752,3,2.365869889350075,NA,NA,0,2,none=0,hydrogen_bonds=2,0.8333333333333334,0.625,0.7142857142857143,0.5555555555555556,5,8,6,NA,NA,NA,NA,0,0,2
7JX2,vina_pose,8,A:VLP:201,A:VLP:201,RDKit,23,2.727007748589939,3,3.350319785731904,NA,NA,0,1,none=0,hydrogen_bonds=1,0.5714285714285714,0.5,0.5333333333333333,0.36363636363636365,4,8,7,NA,NA,NA,NA,0,0,1
7JX2,vina_pose,9,A:VLP:201,A:VLP:201,RDKit,23,9.756824984727803,3,10.71028510358151,NA,NA,0,0,none=0,none=0,0.125,0.125,0.125,0.06666666666666667,1,8,8,NA,NA,NA,NA,0,0,0
7JX2,vina_pose,10,A:VLP:201,A:VLP:201,RDKit,23,4.391475650769835,3,2.521087001011005,NA,NA,0,2,none=0,hydrogen_bonds=2,0.7142857142857143,0.625,0.6666666666666666,0.5,5,8,7,NA,NA,NA,NA,0,0,2
7JX2,vina_pose,11,A:VLP:201,A:VLP:201,RDKit,23,1.843126172283526,3,2.1095746806722286,NA,NA,0,1,none=0,hydrogen_bonds=1,0.625,0.625,0.625,0.45454545454545453,5,8,8,NA,NA,NA,NA,0,0,1
7JX2,vina_pose,12,A:VLP:201,A:VLP:201,RDKit,23,3.64540984157385,3,1.4565165063717387,NA,NA,0,0,none=0,none=0,0.625,0.625,0.625,0.45454545454545453,5,8,8,NA,NA,NA,NA,0,0,0
7JX2,vina_pose,13,A:VLP:201,A:VLP:201,RDKit,23,9.168154339887609,3,10.821763118826803,NA,NA,0,1,none=0,hydrogen_bonds=1,0.14285714285714285,0.125,0.13333333333333333,0.07142857142857142,1,8,7,NA,NA,NA,NA,0,0,1
7JX2,vina_pose,14,A:VLP:201,A:VLP:201,RDKit,23,4.119075223354408,3,2.381268359509276,NA,NA,0,1,none=0,hydrogen_bonds=1,0.8,0.5,0.6153846153846154,0.4444444444444444,4,8,5,NA,NA,NA,NA,0,0,1
7JX2,vina_pose,15,A:VLP:201,A:VLP:201,RDKit,23,7.965099761923343,3,9.402584059714648,NA,NA,0,1,none=0,hydrogen_bonds=1,0.0,0.0,0.0,0.0,0,8,7,NA,NA,NA,NA,0,0,1
7JX2,vina_pose,16,A:VLP:201,A:VLP:201,RDKit,23,3.358576289985412,3,2.546180080041473,NA,NA,0,0,none=0,none=0,0.8333333333333334,0.625,0.7142857142857143,0.5555555555555556,5,8,6,NA,NA,NA,NA,0,0,0
7JX2,vina_pose,17,A:VLP:201,A:VLP:201,RDKit,23,10.132520652957421,3,10.5958218180564,NA,NA,0,1,none=0,hydrogen_bonds=1,0.125,0.125,0.125,0.06666666666666667,1,8,8,NA,NA,NA,NA,0,0,1
7JX2,vina_pose,18,A:VLP:201,A:VLP:201,RDKit,23,2.874356623663807,3,1.3602634548743364,NA,NA,0,0,none=0,none=0,0.75,0.75,0.75,0.6,6,8,8,NA,NA,NA,NA,0,0,0
7JX2,vina_pose,19,A:VLP:201,A:VLP:201,RDKit,23,7.391330447396375,3,8.29853306313833,NA,NA,0,1,none=0,hydrogen_bonds=1,0.2,0.125,0.15384615384615385,0.08333333333333333,1,8,5,NA,NA,NA,NA,0,0,1
7JX2,vina_pose,20,A:VLP:201,A:VLP:201,RDKit,23,2.217951434368523,3,3.030838057919514,NA,NA,0,1,none=0,hydrogen_bonds=1,0.75,0.375,0.5,0.3333333333333333,3,8,4,NA,NA,NA,NA,0,0,1
7K3I,boltz,1,A:VLZ:201,B:VLZ:1,RDKit,19,2.5636798782778123,3,2.542394391360807,138,1.86790023859507,0,0,none=0,none=0,0.6,0.42857142857142855,0.5,0.3333333333333333,3,7,5,NA,NA,NA,NA,0,0,0
7K3I,vina_pose,1,A:VLZ:201,A:VLZ:201,RDKit,19,2.0983060461138394,3,1.9722053645601922,NA,NA,0,2,none=0,hydrogen_bonds=2,0.875,1.0,0.9333333333333333,0.875,7,7,8,NA,NA,NA,NA,0,0,2
7K3I,vina_pose,2,A:VLZ:201,A:VLZ:201,RDKit,19,9.25699034584988,3,7.0968916904985,NA,NA,0,1,none=0,hydrogen_bonds=1,0.4,0.2857142857142857,0.3333333333333333,0.2,2,7,5,NA,NA,NA,NA,0,0,1
7K3I,vina_pose,3,A:VLZ:201,A:VLZ:201,RDKit,19,2.7277742613809948,3,1.887601388005423,NA,NA,0,1,none=0,hydrogen_bonds=1,1.0,1.0,1.0,1.0,7,7,7,NA,NA,NA,NA,0,0,1
7K3I,vina_pose,4,A:VLZ:201,A:VLZ:201,RDKit,19,4.12995616135775,3,4.441306114196588,NA,NA,0,0,none=0,none=0,0.6,0.42857142857142855,0.5,0.3333333333333333,3,7,5,NA,NA,NA,NA,0,0,0
7K3I,vina_pose,5,A:VLZ:201,A:VLZ:201,RDKit,19,8.938883454942939,3,6.732423931987647,NA,NA,0,0,none=0,none=0,0.4,0.2857142857142857,0.3333333333333333,0.2,2,7,5,NA,NA,NA,NA,0,0,0
7K3I,vina_pose,6,A:VLZ:201,A:VLZ:201,RDKit,19,1.8421346313448426,3,2.241924247902532,NA,NA,0,1,none=0,hydrogen_bonds=1,0.7142857142857143,0.7142857142857143,0.7142857142857143,0.5555555555555556,5,7,7,NA,NA,NA,NA,0,0,1
7K3I,vina_pose,7,A:VLZ:201,A:VLZ:201,RDKit,19,2.8517874081096277,3,2.9927851576750375,NA,NA,0,1,none=0,hydrogen_bonds=1,0.7142857142857143,0.7142857142857143,0.7142857142857143,0.5555555555555556,5,7,7,NA,NA,NA,NA,0,0,1
7K3I,vina_pose,8,A:VLZ:201,A:VLZ:201,RDKit,19,9.774447102414271,3,8.330099059034852,NA,NA,0,1,none=0,hydrogen_bonds=1,0.0,0.0,0.0,0.0,0,7,4,NA,NA,NA,NA,0,0,1
7K3I,vina_pose,9,A:VLZ:201,A:VLZ:201,RDKit,19,9.802716997155215,3,9.02983582353522,NA,NA,0,0,none=0,none=0,0.2,0.14285714285714285,0.16666666666666666,0.09090909090909091,1,7,5,NA,NA,NA,NA,0,0,0
7K3I,vina_pose,10,A:VLZ:201,A:VLZ:201,RDKit,19,3.606499301334511,3,3.3561970045474583,NA,NA,0,1,none=0,hydrogen_bonds=1,0.5,0.2857142857142857,0.36363636363636365,0.2222222222222222,2,7,4,NA,NA,NA,NA,0,0,1
7K3I,vina_pose,11,A:VLZ:201,A:VLZ:201,RDKit,19,1.5218959263124123,3,2.046582761580875,NA,NA,0,0,none=0,none=0,0.6666666666666666,0.8571428571428571,0.75,0.6,6,7,9,NA,NA,NA,NA,0,0,0
7K3I,vina_pose,12,A:VLZ:201,A:VLZ:201,RDKit,19,2.1197101465207826,3,2.168987321309187,NA,NA,0,3,none=0,hydrogen_bonds=3,0.5,0.42857142857142855,0.4615384615384615,0.3,3,7,6,NA,NA,NA,NA,0,0,3
7K3I,vina_pose,13,A:VLZ:201,A:VLZ:201,RDKit,19,9.794473898447452,3,10.798949779183777,NA,NA,0,1,none=0,hydrogen_bonds=1,0.0,0.0,0.0,0.0,0,7,8,NA,NA,NA,NA,0,0,1
7K3I,vina_pose,14,A:VLZ:201,A:VLZ:201,RDKit,19,1.8868299786735032,3,2.4081230588710922,NA,NA,0,2,none=0,hydrogen_bonds=2,0.75,0.8571428571428571,0.7999999999999999,0.6666666666666666,6,7,8,NA,NA,NA,NA,0,0,2
7K3I,vina_pose,15,A:VLZ:201,A:VLZ:201,RDKit,19,2.6936167038701737,3,2.5025211287819333,NA,NA,0,2,none=0,hydrogen_bonds=2,0.8333333333333334,0.7142857142857143,0.7692307692307692,0.625,5,7,6,NA,NA,NA,NA,0,0,2
7K3I,vina_pose,16,A:VLZ:201,A:VLZ:201,RDKit,19,2.4937787645089506,3,2.9155104755999988,NA,NA,0,2,none=0,hydrogen_bonds=2,0.7142857142857143,0.7142857142857143,0.7142857142857143,0.5555555555555556,5,7,7,NA,NA,NA,NA,0,0,2
7K3I,vina_pose,17,A:VLZ:201,A:VLZ:201,RDKit,19,2.6219149992244013,3,1.6209579472233904,NA,NA,0,1,none=0,hydrogen_bonds=1,0.75,0.8571428571428571,0.7999999999999999,0.6666666666666666,6,7,8,NA,NA,NA,NA,0,0,1
7K3I,vina_pose,18,A:VLZ:201,A:VLZ:201,RDKit,19,8.951307910902713,3,8.256749259444259,NA,NA,0,1,none=0,hydrogen_bonds=1,0.16666666666666666,0.14285714285714285,0.15384615384615383,0.08333333333333333,1,7,6,NA,NA,NA,NA,0,0,1
7K3I,vina_pose,19,A:VLZ:201,A:VLZ:201,RDKit,19,3.316678125696505,3,1.768857069786401,NA,NA,0,1,none=0,hydrogen_bonds=1,1.0,1.0,1.0,1.0,7,7,7,NA,NA,NA,NA,0,0,1
7K3I,vina_pose,20,A:VLZ:201,A:VLZ:201,RDKit,19,3.2899768276259618,3,2.6619556094470593,NA,NA,0,2,none=0,hydrogen_bonds=2,0.625,0.7142857142857143,0.6666666666666666,0.5,5,7,8,NA,NA,NA,NA,0,0,2
7M6C,boltz,1,A:DAO:201,B:DAO:1,RDKit,14,10.15116085930697,3,16.3715359183588,122,1.1955002460678277,2,0,hydrogen_bonds=2,none=0,0.0,0.0,0.0,0.0,0,6,3,0.0,0.0,0.0,0.0,0,2,0
7M6C,vina_pose,1,A:DAO:201,L:UNL:1,RDKit,14,3.4693136723483016,3,2.562640370139101,NA,NA,2,2,hydrogen_bonds=2,hydrogen_bonds=2,0.5,0.6666666666666666,0.5714285714285715,0.4,4,6,8,0.5,0.5,0.5,0.3333333333333333,1,2,2
7M6C,vina_pose,2,A:DAO:201,L:UNL:1,RDKit,14,3.96638823652667,3,3.1631009573939735,NA,NA,2,1,hydrogen_bonds=2,hydrogen_bonds=1,0.625,0.8333333333333334,0.7142857142857143,0.5555555555555556,5,6,8,1.0,0.5,0.6666666666666666,0.5,1,2,1
7M6C,vina_pose,3,A:DAO:201,L:UNL:1,RDKit,14,4.545266305258063,3,1.9873288605562998,NA,NA,2,1,hydrogen_bonds=2,hydrogen_bonds=1,0.6,1.0,0.7499999999999999,0.6,6,6,10,1.0,0.5,0.6666666666666666,0.5,1,2,1
7M6C,vina_pose,4,A:DAO:201,L:UNL:1,RDKit,14,1.701835122952363,3,1.6917263372070546,NA,NA,2,1,hydrogen_bonds=2,hydrogen_bonds=1,1.0,1.0,1.0,1.0,6,6,6,1.0,0.5,0.6666666666666666,0.5,1,2,1
7M6C,vina_pose,5,A:DAO:201,L:UNL:1,RDKit,14,2.0012583362903027,3,2.4059445130758945,NA,NA,2,1,hydrogen_bonds=2,hydrogen_bonds=1,0.5454545454545454,1.0,0.7058823529411764,0.5454545454545454,6,6,11,1.0,0.5,0.6666666666666666,0.5,1,2,1
7M6C,vina_pose,6,A:DAO:201,L:UNL:1,RDKit,14,3.6030084056838634,3,1.6847285636960438,NA,NA,2,1,hydrogen_bonds=2,hydrogen_bonds=1,0.8571428571428571,1.0,0.923076923076923,0.8571428571428571,6,6,7,1.0,0.5,0.6666666666666666,0.5,1,2,1
7M6C,vina_pose,7,A:DAO:201,L:UNL:1,RDKit,14,4.620929498333796,3,2.726226085024254,NA,NA,2,1,hydrogen_bonds=2,hydrogen_bonds=1,0.4444444444444444,0.6666666666666666,0.5333333333333333,0.36363636363636365,4,6,9,1.0,0.5,0.6666666666666666,0.5,1,2,1
7M6C,vina_pose,8,A:DAO:201,L:UNL:1,RDKit,14,3.06659563452932,3,1.5220313181184324,NA,NA,2,2,hydrogen_bonds=2,hydrogen_bonds=2,0.75,1.0,0.8571428571428571,0.75,6,6,8,1.0,1.0,1.0,1.0,2,2,2
7M6C,vina_pose,9,A:DAO:201,L:UNL:1,RDKit,14,7.788444824592024,3,11.195295112977892,NA,NA,2,1,hydrogen_bonds=2,hydrogen_bonds=1,0.0,0.0,0.0,0.0,0,6,6,0.0,0.0,0.0,0.0,0,2,1
7M6C,vina_pose,10,A:DAO:201,L:UNL:1,RDKit,14,6.4840425055890645,3,7.31842694846372,NA,NA,2,0,hydrogen_bonds=2,none=0,0.16666666666666666,0.16666666666666666,0.16666666666666666,0.09090909090909091,1,6,6,0.0,0.0,0.0,0.0,0,2,0
7M6C,vina_pose,11,A:DAO:201,L:UNL:1,RDKit,14,6.747232099164812,3,8.839637794238707,NA,NA,2,1,hydrogen_bonds=2,hydrogen_bonds=1,0.0,0.0,0.0,0.0,0,6,5,0.0,0.0,0.0,0.0,0,2,1
7M6C,vina_pose,12,A:DAO:201,L:UNL:1,RDKit,14,4.509465695306137,3,2.366165463360498,NA,NA,2,2,hydrogen_bonds=2,hydrogen_bonds=2,0.4444444444444444,0.6666666666666666,0.5333333333333333,0.36363636363636365,4,6,9,0.5,0.5,0.5,0.3333333333333333,1,2,2
7M6C,vina_pose,13,A:DAO:201,L:UNL:1,RDKit,14,6.772936865622938,3,7.841022764920402,NA,NA,2,0,hydrogen_bonds=2,none=0,0.25,0.16666666666666666,0.2,0.1111111111111111,1,6,4,0.0,0.0,0.0,0.0,0,2,0
7M6C,vina_pose,14,A:DAO:201,L:UNL:1,RDKit,14,3.9070390323107853,3,4.964887645590111,NA,NA,2,0,hydrogen_bonds=2,none=0,0.42857142857142855,0.5,0.4615384615384615,0.3,3,6,7,0.0,0.0,0.0,0.0,0,2,0
7M6C,vina_pose,15,A:DAO:201,L:UNL:1,RDKit,14,5.433932501289598,3,7.486196564344273,NA,NA,2,0,hydrogen_bonds=2,none=0,0.0,0.0,0.0,0.0,0,6,6,0.0,0.0,0.0,0.0,0,2,0
7M6C,vina_pose,16,A:DAO:201,L:UNL:1,RDKit,14,5.74578497061728,3,4.6371607333223475,NA,NA,2,0,hydrogen_bonds=2,none=0,0.3333333333333333,0.3333333333333333,0.3333333333333333,0.2,2,6,6,0.0,0.0,0.0,0.0,0,2,0
7M6C,vina_pose,17,A:DAO:201,L:UNL:1,RDKit,14,5.832215028859716,3,6.9100534006619645,NA,NA,2,3,hydrogen_bonds=2,hydrogen_bonds=3,0.16666666666666666,0.16666666666666666,0.16666666666666666,0.09090909090909091,1,6,6,0.0,0.0,0.0,0.0,0,2,3
7M6C,vina_pose,18,A:DAO:201,L:UNL:1,RDKit,14,6.517363884271001,3,5.391838461971946,NA,NA,2,2,hydrogen_bonds=2,hydrogen_bonds=2,0.2857142857142857,0.3333333333333333,0.30769230769230765,0.18181818181818182,2,6,7,0.0,0.0,0.0,0.0,0,2,2
7M6C,vina_pose,19,A:DAO:201,L:UNL:1,RDKit,14,2.19546122716845,3,2.071202951587957,NA,NA,2,1,hydrogen_bonds=2,hydrogen_bonds=1,0.75,1.0,0.8571428571428571,0.75,6,6,8,1.0,0.5,0.6666666666666666,0.5,1,2,1
7M6C,vina_pose,20,A:DAO:201,L:UNL:1,RDKit,14,6.099337382044053,3,7.414321794113515,NA,NA,2,0,hydrogen_bonds=2,none=0,0.2,0.16666666666666666,0.1818181818181818,0.1,1,6,5,0.0,0.0,0.0,0.0,0,2,0
7Q02,boltz,1,A:PAM:201,B:PAM:1,RDKit,18,2.5580530228779716,3,5.035022710074751,153,0.9856189610890326,1,0,hydrogen_bonds=1,none=0,0.4,0.25,0.3076923076923077,0.18181818181818182,2,8,5,0.0,0.0,0.0,0.0,0,1,0
7Q02,vina_pose,1,A:PAM:201,L:UNL:1,RDKit,18,9.405083442243114,3,14.262756500760997,NA,NA,1,2,hydrogen_bonds=1,hydrogen_bonds=2,0.0,0.0,0.0,0.0,0,8,7,0.0,0.0,0.0,0.0,0,1,2
7Q02,vina_pose,2,A:PAM:201,L:UNL:1,RDKit,18,1.6847480688683267,3,2.4758276057377926,NA,NA,1,0,hydrogen_bonds=1,none=0,0.6,0.375,0.4615384615384615,0.3,3,8,5,0.0,0.0,0.0,0.0,0,1,0
7Q02,vina_pose,3,A:PAM:201,L:UNL:1,RDKit,18,1.6451062782284513,3,2.5908426557139035,NA,NA,1,1,hydrogen_bonds=1,hydrogen_bonds=1,0.7142857142857143,0.625,0.6666666666666666,0.5,5,8,7,0.0,0.0,0.0,0.0,0,1,1
7Q02,vina_pose,4,A:PAM:201,L:UNL:1,RDKit,18,9.589111376973365,3,12.433173140165522,NA,NA,1,1,hydrogen_bonds=1,hydrogen_bonds=1,0.0,0.0,0.0,0.0,0,8,8,0.0,0.0,0.0,0.0,0,1,1
7Q02,vina_pose,5,A:PAM:201,L:UNL:1,RDKit,18,2.109005268419741,3,1.521484034312114,NA,NA,1,1,hydrogen_bonds=1,hydrogen_bonds=1,1.0,0.875,0.9333333333333333,0.875,7,8,7,0.0,0.0,0.0,0.0,0,1,1
7Q02,vina_pose,6,A:PAM:201,L:UNL:1,RDKit,18,3.331852554427408,3,5.365387746162124,NA,NA,1,0,hydrogen_bonds=1,none=0,0.14285714285714285,0.125,0.13333333333333333,0.07142857142857142,1,8,7,0.0,0.0,0.0,0.0,0,1,0
7Q02,vina_pose,7,A:PAM:201,L:UNL:1,RDKit,18,9.532055779782706,3,12.445233090089822,NA,NA,1,1,hydrogen_bonds=1,hydrogen_bonds=1,0.0,0.0,0.0,0.0,0,8,8,0.0,0.0,0.0,0.0,0,1,1
7Q02,vina_pose,8,A:PAM:201,L:UNL:1,RDKit,18,1.848119164027159,3,3.52608375774976,NA,NA,1,0,hydrogen_bonds=1,none=0,0.5,0.375,0.42857142857142855,0.2727272727272727,3,8,6,0.0,0.0,0.0,0.0,0,1,0
7Q02,vina_pose,9,A:PAM:201,L:UNL:1,RDKit,18,3.7648990985446376,3,2.981599403005038,NA,NA,1,2,hydrogen_bonds=1,hydrogen_bonds=2,0.7,0.875,0.7777777777777777,0.6363636363636364,7,8,10,0.0,0.0,0.0,0.0,0,1,2
7Q02,vina_pose,10,A:PAM:201,L:UNL:1,RDKit,18,2.8694032964673646,3,2.4731548003848576,NA,NA,1,2,hydrogen_bonds=1,hydrogen_bonds=2,0.8888888888888888,1.0,0.9411764705882353,0.8888888888888888,8,8,9,0.0,0.0,0.0,0.0,0,1,2
7Q02,vina_pose,11,A:PAM:201,L:UNL:1,RDKit,18,8.887469368598566,3,12.225539538196259,NA,NA,1,1,hydrogen_bonds=1,hydrogen_bonds=1,0.0,0.0,0.0,0.0,0,8,8,0.0,0.0,0.0,0.0,0,1,1
7Q02,vina_pose,12,A:PAM:201,L:UNL:1,RDKit,18,9.717522063548689,3,13.966068248914343,NA,NA,1,1,hydrogen_bonds=1,hydrogen_bonds=1,0.0,0.0,0.0,0.0,0,8,8,0.0,0.0,0.0,0.0,0,1,1
7Q02,vina_pose,13,A:PAM:201,L:UNL:1,RDKit,18,5.6406580142154805,3,3.97737505565333,NA,NA,1,2,hydrogen_bonds=1,hydrogen_bonds=2,0.6666666666666666,0.75,0.7058823529411765,0.5454545454545454,6,8,9,0.0,0.0,0.0,0.0,0,1,2
7Q02,vina_pose,14,A:PAM:201,L:UNL:1,RDKit,18,9.014570899382843,3,13.668706498177995,NA,NA,1,1,hydrogen_bonds=1,hydrogen_bonds=1,0.0,0.0,0.0,0.0,0,8,7,0.0,0.0,0.0,0.0,0,1,1
7RJI,boltz,1,A:STE:201,B:STE:1,RDKit,20,7.942342961234938,3,5.494951289788805,122,0.7143348431296904,0,2,none=0,hydrogen_bonds=2,0.2857142857142857,0.25,0.26666666666666666,0.15384615384615385,2,8,7,NA,NA,NA,NA,0,0,2
7RJI,vina_pose,1,A:STE:201,L:UNL:1,RDKit,20,8.176954627179668,3,8.15912832843272,NA,NA,0,2,none=0,hydrogen_bonds=2,0.2222222222222222,0.25,0.23529411764705882,0.13333333333333333,2,8,9,NA,NA,NA,NA,0,0,2
7RJI,vina_pose,2,A:STE:201,L:UNL:1,RDKit,20,6.977256604350666,3,10.289700874167005,NA,NA,0,0,none=0,none=0,0.0,0.0,0.0,0.0,0,8,1,NA,NA,NA,NA,0,0,0
7RJI,vina_pose,3,A:STE:201,L:UNL:1,RDKit,20,7.688294031835345,3,10.88295700686016,NA,NA,0,0,none=0,none=0,0.0,0.0,0.0,0.0,0,8,2,NA,NA,NA,NA,0,0,0
7RJI,vina_pose,4,A:STE:201,L:UNL:1,RDKit,20,8.339355834352855,3,14.34422284707331,NA,NA,0,0,none=0,none=0,0.0,0.0,0.0,0.0,0,8,0,NA,NA,NA,NA,0,0,0
7RJI,vina_pose,5,A:STE:201,L:UNL:1,RDKit,20,8.377052544120456,3,4.569877136185746,NA,NA,0,0,none=0,none=0,0.5,0.125,0.2,0.1111111111111111,1,8,2,NA,NA,NA,NA,0,0,0
7RJI,vina_pose,6,A:STE:201,L:UNL:1,RDKit,20,4.3977480246092995,3,6.098597783630265,NA,NA,0,5,none=0,hydrogen_bonds=5,0.2222222222222222,0.25,0.23529411764705882,0.13333333333333333,2,8,9,NA,NA,NA,NA,0,0,5
7RJI,vina_pose,7,A:STE:201,L:UNL:1,RDKit,20,8.540136308569963,3,10.89321110477377,NA,NA,0,4,none=0,hydrogen_bonds=4,0.0,0.0,0.0,0.0,0,8,5,NA,NA,NA,NA,0,0,4
7RJI,vina_pose,8,A:STE:201,L:UNL:1,RDKit,20,8.363248558840937,3,4.357691501223246,NA,NA,0,3,none=0,hydrogen_bonds=3,0.4,0.25,0.3076923076923077,0.18181818181818182,2,8,5,NA,NA,NA,NA,0,0,3
7RJI,vina_pose,9,A:STE:201,L:UNL:1,RDKit,20,9.354593222153222,3,15.315047739826557,NA,NA,0,0,none=0,none=0,0.0,0.0,0.0,0.0,0,8,2,NA,NA,NA,NA,0,0,0
7RJI,vina_pose,10,A:STE:201,L:UNL:1,RDKit,20,9.11512141564527,3,6.580719671877335,NA,NA,0,0,none=0,none=0,0.0,0.0,0.0,0.0,0,8,3,NA,NA,NA,NA,0,0,0
7RJI,vina_pose,11,A:STE:201,L:UNL:1,RDKit,20,7.008319047386114,3,4.956873228138207,NA,NA,0,0,none=0,none=0,0.25,0.125,0.16666666666666666,0.09090909090909091,1,8,4,NA,NA,NA,NA,0,0,0
7RJI,vina_pose,12,A:STE:201,L:UNL:1,RDKit,20,11.03931098651338,3,6.879816319241376,NA,NA,0,2,none=0,hydrogen_bonds=2,0.16666666666666666,0.125,0.14285714285714288,0.07692307692307693,1,8,6,NA,NA,NA,NA,0,0,2
7RJI,vina_pose,13,A:STE:201,L:UNL:1,RDKit,20,7.990615840844498,3,11.86428014896676,NA,NA,0,0,none=0,none=0,0.0,0.0,0.0,0.0,0,8,2,NA,NA,NA,NA,0,0,0
7RJI,vina_pose,14,A:STE:201,L:UNL:1,RDKit,20,5.464357977745877,3,6.480304725846875,NA,NA,0,0,none=0,none=0,0.0,0.0,0.0,0.0,0,8,1,NA,NA,NA,NA,0,0,0
7RJI,vina_pose,15,A:STE:201,L:UNL:1,RDKit,20,8.207447773757382,3,9.087864789918113,NA,NA,0,0,none=0,none=0,0.0,0.0,0.0,0.0,0,8,2,NA,NA,NA,NA,0,0,0
7RJI,vina_pose,16,A:STE:201,L:UNL:1,RDKit,20,8.941765906014034,3,12.190783164334986,NA,NA,0,0,none=0,none=0,0.0,0.0,0.0,0.0,0,8,1,NA,NA,NA,NA,0,0,0
7RJI,vina_pose,17,A:STE:201,L:UNL:1,RDKit,20,5.133141297485879,3,4.999747948296993,NA,NA,0,0,none=0,none=0,0.6666666666666666,0.25,0.36363636363636365,0.2222222222222222,2,8,3,NA,NA,NA,NA,0,0,0
7RJI,vina_pose,18,A:STE:201,L:UNL:1,RDKit,20,7.367911544457832,3,10.897896751200816,NA,NA,0,0,none=0,none=0,0.0,0.0,0.0,0.0,0,8,1,NA,NA,NA,NA,0,0,0
7RJI,vina_pose,19,A:STE:201,L:UNL:1,RDKit,20,6.845674153212011,3,9.140106578508808,NA,NA,0,3,none=0,hydrogen_bonds=3,0.125,0.125,0.125,0.06666666666666667,1,8,8,NA,NA,NA,NA,0,0,3
7RJI,vina_pose,20,A:STE:201,L:UNL:1,RDKit,20,9.887602667732711,3,11.894566054849024,NA,NA,0,0,none=0,none=0,0.0,0.0,0.0,0.0,0,8,3,NA,NA,NA,NA,0,0,0
7U9D,boltz,1,A:M2R:301,B:M2R:1,RDKit,54,1.127713979298856,7,0.9638277173318606,203,0.5171049551618836,6,0,attractive_charge=1;hydrogen_bonds=3;ionic=1;salt_bridge=1,none=0,0.8571428571428571,0.75,0.7999999999999999,0.6666666666666666,6,8,7,0.0,0.0,0.0,0.0,0,6,0
7U9D,vina_pose,1,A:M2R:301,L:UNL:1,RDKit,54,7.220346784274644,7,2.0937157673107682,NA,NA,6,4,attractive_charge=1;hydrogen_bonds=3;ionic=1;salt_bridge=1,attractive_charge=1;hydrogen_bonds=1;ionic=1;salt_bridge=1,0.875,0.875,0.875,0.7777777777777778,7,8,8,1.0,0.6666666666666666,0.8,0.6666666666666666,4,6,4
7U9D,vina_pose,2,A:M2R:301,L:UNL:1,RDKit,54,7.904968714066513,7,3.1964466208588562,NA,NA,6,6,attractive_charge=1;hydrogen_bonds=3;ionic=1;salt_bridge=1,attractive_charge=1;hydrogen_bonds=3;ionic=1;salt_bridge=1,0.8571428571428571,0.75,0.7999999999999999,0.6666666666666666,6,8,7,1.0,1.0,1.0,1.0,6,6,6
7U9D,vina_pose,3,A:M2R:301,L:UNL:1,RDKit,54,7.834856049399684,7,1.8416699719858294,NA,NA,6,5,attractive_charge=1;hydrogen_bonds=3;ionic=1;salt_bridge=1,attractive_charge=1;hydrogen_bonds=2;ionic=1;salt_bridge=1,0.7777777777777778,0.875,0.823529411764706,0.7,7,8,9,1.0,0.8333333333333334,0.9090909090909091,0.8333333333333334,5,6,5
7U9D,vina_pose,4,A:M2R:301,L:UNL:1,RDKit,54,5.0770513770480195,7,1.0176803455477987,NA,NA,6,5,attractive_charge=1;hydrogen_bonds=3;ionic=1;salt_bridge=1,attractive_charge=1;hydrogen_bonds=2;ionic=1;salt_bridge=1,0.875,0.875,0.875,0.7777777777777778,7,8,8,1.0,0.8333333333333334,0.9090909090909091,0.8333333333333334,5,6,5
7U9D,vina_pose,5,A:M2R:301,L:UNL:1,RDKit,54,7.121803763924688,7,1.1974865343710557,NA,NA,6,6,attractive_charge=1;hydrogen_bonds=3;ionic=1;salt_bridge=1,attractive_charge=1;hydrogen_bonds=3;ionic=1;salt_bridge=1,0.875,0.875,0.875,0.7777777777777778,7,8,8,1.0,1.0,1.0,1.0,6,6,6
7U9D,vina_pose,6,A:M2R:301,L:UNL:1,RDKit,54,7.5040739984407185,7,3.327981219898936,NA,NA,6,6,attractive_charge=1;hydrogen_bonds=3;ionic=1;salt_bridge=1,attractive_charge=1;hydrogen_bonds=3;ionic=1;salt_bridge=1,0.8571428571428571,0.75,0.7999999999999999,0.6666666666666666,6,8,7,1.0,1.0,1.0,1.0,6,6,6
7U9D,vina_pose,7,A:M2R:301,L:UNL:1,RDKit,54,6.974423158146406,7,0.9988200896200332,NA,NA,6,5,attractive_charge=1;hydrogen_bonds=3;ionic=1;salt_bridge=1,attractive_charge=1;hydrogen_bonds=2;ionic=1;salt_bridge=1,0.8888888888888888,1.0,0.9411764705882353,0.8888888888888888,8,8,9,1.0,0.8333333333333334,0.9090909090909091,0.8333333333333334,5,6,5
7U9D,vina_pose,8,A:M2R:301,L:UNL:1,RDKit,54,6.7872132515651975,7,1.8665519012339313,NA,NA,6,5,attractive_charge=1;hydrogen_bonds=3;ionic=1;salt_bridge=1,attractive_charge=1;hydrogen_bonds=2;ionic=1;salt_bridge=1,0.8571428571428571,0.75,0.7999999999999999,0.6666666666666666,6,8,7,1.0,0.8333333333333334,0.9090909090909091,0.8333333333333334,5,6,5
7U9D,vina_pose,9,A:M2R:301,L:UNL:1,RDKit,54,7.614076165356625,7,2.113198557366804,NA,NA,6,4,attractive_charge=1;hydrogen_bonds=3;ionic=1;salt_bridge=1,attractive_charge=1;hydrogen_bonds=1;ionic=1;salt_bridge=1,0.7777777777777778,0.875,0.823529411764706,0.7,7,8,9,1.0,0.6666666666666666,0.8,0.6666666666666666,4,6,4
7U9D,vina_pose,10,A:M2R:301,L:UNL:1,RDKit,54,8.098013691068987,7,3.145318312303905,NA,NA,6,3,attractive_charge=1;hydrogen_bonds=3;ionic=1;salt_bridge=1,hydrogen_bonds=3,0.8571428571428571,0.75,0.7999999999999999,0.6666666666666666,6,8,7,1.0,0.5,0.6666666666666666,0.5,3,6,3
7U9D,vina_pose,11,A:M2R:301,L:UNL:1,RDKit,54,6.146726210846804,7,0.8152885554031959,NA,NA,6,6,attractive_charge=1;hydrogen_bonds=3;ionic=1;salt_bridge=1,attractive_charge=1;hydrogen_bonds=3;ionic=1;salt_bridge=1,1.0,0.75,0.8571428571428571,0.75,6,8,6,1.0,1.0,1.0,1.0,6,6,6
7U9D,vina_pose,12,A:M2R:301,L:UNL:1,RDKit,54,7.426369891088058,7,6.64953137983637,NA,NA,6,2,attractive_charge=1;hydrogen_bonds=3;ionic=1;salt_bridge=1,hydrogen_bonds=2,0.0,0.0,0.0,0.0,0,8,5,0.0,0.0,0.0,0.0,0,6,2
7U9D,vina_pose,13,A:M2R:301,L:UNL:1,RDKit,54,4.528067503341223,7,1.0369124498102185,NA,NA,6,5,attractive_charge=1;hydrogen_bonds=3;ionic=1;salt_bridge=1,attractive_charge=1;hydrogen_bonds=2;ionic=1;salt_bridge=1,0.8888888888888888,1.0,0.9411764705882353,0.8888888888888888,8,8,9,1.0,0.8333333333333334,0.9090909090909091,0.8333333333333334,5,6,5
7U9D,vina_pose,14,A:M2R:301,L:UNL:1,RDKit,54,5.237677006643873,7,1.6649746887823,NA,NA,6,5,attractive_charge=1;hydrogen_bonds=3;ionic=1;salt_bridge=1,attractive_charge=1;hydrogen_bonds=2;ionic=1;salt_bridge=1,0.8888888888888888,1.0,0.9411764705882353,0.8888888888888888,8,8,9,1.0,0.8333333333333334,0.9090909090909091,0.8333333333333334,5,6,5
7U9D,vina_pose,15,A:M2R:301,L:UNL:1,RDKit,54,8.142004579590585,7,12.457194845894136,NA,NA,6,2,attractive_charge=1;hydrogen_bonds=3;ionic=1;salt_bridge=1,hydrogen_bonds=2,0.0,0.0,0.0,0.0,0,8,7,0.0,0.0,0.0,0.0,0,6,2
7U9D,vina_pose,16,A:M2R:301,L:UNL:1,RDKit,54,5.938760255336998,7,4.618444636145687,NA,NA,6,5,attractive_charge=1;hydrogen_bonds=3;ionic=1;salt_bridge=1,attractive_charge=1;hydrogen_bonds=2;ionic=1;salt_bridge=1,0.5,0.375,0.42857142857142855,0.2727272727272727,3,8,6,0.8,0.6666666666666666,0.7272727272727272,0.5714285714285714,4,6,5
7U9D,vina_pose,17,A:M2R:301,L:UNL:1,RDKit,54,7.923672063062868,7,10.88425938815184,NA,NA,6,2,attractive_charge=1;hydrogen_bonds=3;ionic=1;salt_bridge=1,hydrogen_bonds=2,0.0,0.0,0.0,0.0,0,8,7,0.0,0.0,0.0,0.0,0,6,2
7U9D,vina_pose,18,A:M2R:301,L:UNL:1,RDKit,54,7.664732346562693,7,2.5131343548871983,NA,NA,6,1,attractive_charge=1;hydrogen_bonds=3;ionic=1;salt_bridge=1,hydrogen_bonds=1,0.875,0.875,0.875,0.7777777777777778,7,8,8,1.0,0.16666666666666666,0.2857142857142857,0.16666666666666666,1,6,1
7U9D,vina_pose,19,A:M2R:301,L:UNL:1,RDKit,54,8.695394534528672,7,8.318576389194074,NA,NA,6,3,attractive_charge=1;hydrogen_bonds=3;ionic=1;salt_bridge=1,hydrogen_bonds=3,0.0,0.0,0.0,0.0,0,8,7,0.0,0.0,0.0,0.0,0,6,3
7U9D,vina_pose,20,A:M2R:301,L:UNL:1,RDKit,54,6.792576901512633,7,2.309497502550223,NA,NA,6,6,attractive_charge=1;hydrogen_bonds=3;ionic=1;salt_bridge=1,attractive_charge=1;hydrogen_bonds=3;ionic=1;salt_bridge=1,0.8571428571428571,0.75,0.7999999999999999,0.6666666666666666,6,8,7,1.0,1.0,1.0,1.0,6,6,6
7VR6,boltz,1,A:PEF:301,B:PEF:1,RDKit,47,2.610623040729235,7,3.494626711980466,185,0.7132991500002713,0,0,none=0,none=0,1.0,0.3333333333333333,0.5,0.3333333333333333,1,3,1,NA,NA,NA,NA,0,0,0
7VR6,vina_pose,1,A:PEF:301,L:UNL:1,RDKit,47,3.859700126153557,7,4.049466755018492,NA,NA,0,1,none=0,hydrogen_bonds=1,0.14285714285714285,0.3333333333333333,0.2,0.1111111111111111,1,3,7,NA,NA,NA,NA,0,0,1
7VR6,vina_pose,2,A:PEF:301,L:UNL:1,RDKit,47,9.438135356096563,7,2.9980353805212414,NA,NA,0,1,none=0,hydrogen_bonds=1,0.16666666666666666,0.3333333333333333,0.2222222222222222,0.125,1,3,6,NA,NA,NA,NA,0,0,1
7VR6,vina_pose,3,A:PEF:301,L:UNL:1,RDKit,47,9.013290638144294,7,4.151365541257824,NA,NA,0,5,none=0,attractive_charge=1;hydrogen_bonds=2;ionic=1;salt_bridge=1,0.42857142857142855,1.0,0.6,0.42857142857142855,3,3,7,NA,NA,NA,NA,0,0,5
7VR6,vina_pose,4,A:PEF:301,L:UNL:1,RDKit,47,10.218263640647917,7,2.856101138665386,NA,NA,0,2,none=0,hydrogen_bonds=2,0.2857142857142857,0.6666666666666666,0.4,0.25,2,3,7,NA,NA,NA,NA,0,0,2
7VR6,vina_pose,5,A:PEF:301,L:UNL:1,RDKit,47,9.914989578432523,7,3.162205446474705,NA,NA,0,2,none=0,hydrogen_bonds=2,0.16666666666666666,0.3333333333333333,0.2222222222222222,0.125,1,3,6,NA,NA,NA,NA,0,0,2
7VR6,vina_pose,6,A:PEF:301,L:UNL:1,RDKit,47,9.111089892064319,7,3.561092208057201,NA,NA,0,1,none=0,hydrogen_bonds=1,0.375,1.0,0.5454545454545454,0.375,3,3,8,NA,NA,NA,NA,0,0,1
7VR6,vina_pose,7,A:PEF:301,L:UNL:1,RDKit,47,3.04073457320445,7,3.889097526602872,NA,NA,0,0,none=0,none=0,0.3333333333333333,0.6666666666666666,0.4444444444444444,0.2857142857142857,2,3,6,NA,NA,NA,NA,0,0,0
7VR6,vina_pose,8,A:PEF:301,L:UNL:1,RDKit,47,2.5055507866895956,7,3.3695177484534575,NA,NA,0,5,none=0,attractive_charge=1;hydrogen_bonds=2;ionic=1;salt_bridge=1,0.42857142857142855,1.0,0.6,0.42857142857142855,3,3,7,NA,NA,NA,NA,0,0,5
7VR6,vina_pose,9,A:PEF:301,L:UNL:1,RDKit,47,3.5625530022186367,7,3.165579951378804,NA,NA,0,5,none=0,attractive_charge=1;hydrogen_bonds=2;ionic=1;salt_bridge=1,0.6,1.0,0.7499999999999999,0.6,3,3,5,NA,NA,NA,NA,0,0,5
7VR6,vina_pose,10,A:PEF:301,L:UNL:1,RDKit,47,9.58058670859207,7,3.394926950613223,NA,NA,0,4,none=0,attractive_charge=1;hydrogen_bonds=1;ionic=1;salt_bridge=1,0.5,1.0,0.6666666666666666,0.5,3,3,6,NA,NA,NA,NA,0,0,4
7VR6,vina_pose,11,A:PEF:301,L:UNL:1,RDKit,47,3.0693246606282014,7,3.539001937592818,NA,NA,0,5,none=0,attractive_charge=1;hydrogen_bonds=2;ionic=1;salt_bridge=1,0.5,1.0,0.6666666666666666,0.5,3,3,6,NA,NA,NA,NA,0,0,5
7VR6,vina_pose,12,A:PEF:301,L:UNL:1,RDKit,47,3.9264793038298644,7,4.262579299639396,NA,NA,0,5,none=0,attractive_charge=1;hydrogen_bonds=2;ionic=1;salt_bridge=1,0.5,1.0,0.6666666666666666,0.5,3,3,6,NA,NA,NA,NA,0,0,5
7VR6,vina_pose,13,A:PEF:301,L:UNL:1,RDKit,47,3.278589509257413,7,3.0481488058913957,NA,NA,0,2,none=0,hydrogen_bonds=2,0.2,0.3333333333333333,0.25,0.14285714285714285,1,3,5,NA,NA,NA,NA,0,0,2
7VR6,vina_pose,14,A:PEF:301,L:UNL:1,RDKit,47,9.607931046796704,7,3.0943764892370247,NA,NA,0,5,none=0,attractive_charge=1;hydrogen_bonds=2;ionic=1;salt_bridge=1,0.6,1.0,0.7499999999999999,0.6,3,3,5,NA,NA,NA,NA,0,0,5
7VR6,vina_pose,15,A:PEF:301,L:UNL:1,RDKit,47,9.125441374344351,7,4.064433979218824,NA,NA,0,5,none=0,attractive_charge=1;hydrogen_bonds=2;ionic=1;salt_bridge=1,0.5,1.0,0.6666666666666666,0.5,3,3,6,NA,NA,NA,NA,0,0,5
7VR6,vina_pose,16,A:PEF:301,L:UNL:1,RDKit,47,1.9597406363348513,7,2.8992014171393574,NA,NA,0,1,none=0,hydrogen_bonds=1,0.2857142857142857,0.6666666666666666,0.4,0.25,2,3,7,NA,NA,NA,NA,0,0,1
7VR6,vina_pose,17,A:PEF:301,L:UNL:1,RDKit,47,9.098457294999859,7,3.703375371584299,NA,NA,0,5,none=0,attractive_charge=1;hydrogen_bonds=2;ionic=1;salt_bridge=1,0.6,1.0,0.7499999999999999,0.6,3,3,5,NA,NA,NA,NA,0,0,5
7VR6,vina_pose,18,A:PEF:301,L:UNL:1,RDKit,47,12.598593888951395,7,9.611552007870529,NA,NA,0,0,none=0,none=0,0.0,0.0,0.0,0.0,0,3,8,NA,NA,NA,NA,0,0,0
7VR6,vina_pose,19,A:PEF:301,L:UNL:1,RDKit,47,2.9734293654784136,7,3.090256692990314,NA,NA,0,5,none=0,attractive_charge=1;hydrogen_bonds=2;ionic=1;salt_bridge=1,0.5,1.0,0.6666666666666666,0.5,3,3,6,NA,NA,NA,NA,0,0,5
7VR6,vina_pose,20,A:PEF:301,L:UNL:1,RDKit,47,4.3837897478313765,7,6.697772529516276,NA,NA,0,0,none=0,none=0,0.0,0.0,0.0,0.0,0,3,4,NA,NA,NA,NA,0,0,0
7WVT,boltz,1,A:B7N:501,B:B7N:1,RDKit,57,5.934997501044994,7,8.55994222565427,364,0.8679752175762313,6,3,attractive_charge=1;hydrogen_bonds=3;ionic=1;salt_bridge=1,hydrogen_bonds=3,0.3333333333333333,0.18181818181818182,0.23529411764705885,0.13333333333333333,2,11,6,0.0,0.0,0.0,0.0,0,6,3
7WVT,vina_pose,1,A:B7N:501,L:UNL:1,RDKit,57,6.5351441949755635,7,0.5870470898610146,NA,NA,6,6,attractive_charge=1;hydrogen_bonds=3;ionic=1;salt_bridge=1,attractive_charge=1;hydrogen_bonds=3;ionic=1;salt_bridge=1,1.0,1.0,1.0,1.0,11,11,11,1.0,1.0,1.0,1.0,6,6,6
7WVT,vina_pose,2,A:B7N:501,L:UNL:1,RDKit,57,6.445630089107971,7,0.36888887215528743,NA,NA,6,6,attractive_charge=1;hydrogen_bonds=3;ionic=1;salt_bridge=1,attractive_charge=1;hydrogen_bonds=3;ionic=1;salt_bridge=1,1.0,1.0,1.0,1.0,11,11,11,1.0,1.0,1.0,1.0,6,6,6
7WVT,vina_pose,3,A:B7N:501,L:UNL:1,RDKit,57,1.721791972478449,7,0.6444683301539563,NA,NA,6,6,attractive_charge=1;hydrogen_bonds=3;ionic=1;salt_bridge=1,attractive_charge=1;hydrogen_bonds=3;ionic=1;salt_bridge=1,1.0,0.9090909090909091,0.9523809523809523,0.9090909090909091,10,11,10,1.0,1.0,1.0,1.0,6,6,6
7WVT,vina_pose,4,A:B7N:501,L:UNL:1,RDKit,57,2.2901075053291517,7,0.6806909304942609,NA,NA,6,6,attractive_charge=1;hydrogen_bonds=3;ionic=1;salt_bridge=1,attractive_charge=1;hydrogen_bonds=3;ionic=1;salt_bridge=1,1.0,0.9090909090909091,0.9523809523809523,0.9090909090909091,10,11,10,1.0,1.0,1.0,1.0,6,6,6
7WVT,vina_pose,5,A:B7N:501,L:UNL:1,RDKit,57,6.239452395281372,7,0.5655193567484167,NA,NA,6,6,attractive_charge=1;hydrogen_bonds=3;ionic=1;salt_bridge=1,attractive_charge=1;hydrogen_bonds=3;ionic=1;salt_bridge=1,1.0,1.0,1.0,1.0,11,11,11,1.0,1.0,1.0,1.0,6,6,6
7WVT,vina_pose,6,A:B7N:501,L:UNL:1,RDKit,57,5.514901704202673,7,0.7516898106457022,NA,NA,6,6,attractive_charge=1;hydrogen_bonds=3;ionic=1;salt_bridge=1,attractive_charge=1;hydrogen_bonds=3;ionic=1;salt_bridge=1,1.0,0.9090909090909091,0.9523809523809523,0.9090909090909091,10,11,10,1.0,1.0,1.0,1.0,6,6,6
7WVT,vina_pose,7,A:B7N:501,L:UNL:1,RDKit,57,8.691695461761187,7,7.526367668783814,NA,NA,6,2,attractive_charge=1;hydrogen_bonds=3;ionic=1;salt_bridge=1,hydrogen_bonds=2,0.4444444444444444,0.36363636363636365,0.39999999999999997,0.25,4,11,9,0.0,0.0,0.0,0.0,0,6,2
7WVT,vina_pose,8,A:B7N:501,L:UNL:1,RDKit,57,5.9671044228321035,7,0.5815855176031416,NA,NA,6,6,attractive_charge=1;hydrogen_bonds=3;ionic=1;salt_bridge=1,attractive_charge=1;hydrogen_bonds=3;ionic=1;salt_bridge=1,1.0,1.0,1.0,1.0,11,11,11,1.0,1.0,1.0,1.0,6,6,6
7WVT,vina_pose,9,A:B7N:501,L:UNL:1,RDKit,57,6.7060172953036945,7,2.239661868611931,NA,NA,6,4,attractive_charge=1;hydrogen_bonds=3;ionic=1;salt_bridge=1,hydrogen_bonds=4,1.0,0.8181818181818182,0.9,0.8181818181818182,9,11,9,0.5,0.3333333333333333,0.4,0.25,2,6,4
7WVT,vina_pose,10,A:B7N:501,L:UNL:1,RDKit,57,8.504442134410924,7,7.79653583330443,NA,NA,6,2,attractive_charge=1;hydrogen_bonds=3;ionic=1;salt_bridge=1,hydrogen_bonds=2,0.5,0.36363636363636365,0.4210526315789474,0.26666666666666666,4,11,8,0.0,0.0,0.0,0.0,0,6,2
7WVT,vina_pose,11,A:B7N:501,L:UNL:1,RDKit,57,6.888654131021683,7,4.46102896522444,NA,NA,6,1,attractive_charge=1;hydrogen_bonds=3;ionic=1;salt_bridge=1,hydrogen_bonds=1,0.8888888888888888,0.7272727272727273,0.7999999999999999,0.6666666666666666,8,11,9,1.0,0.16666666666666666,0.2857142857142857,0.16666666666666666,1,6,1
7WVT,vina_pose,12,A:B7N:501,L:UNL:1,RDKit,57,9.053709557655688,7,7.5625132066000385,NA,NA,6,1,attractive_charge=1;hydrogen_bonds=3;ionic=1;salt_bridge=1,hydrogen_bonds=1,0.4444444444444444,0.36363636363636365,0.39999999999999997,0.25,4,11,9,0.0,0.0,0.0,0.0,0,6,1
7WVT,vina_pose,13,A:B7N:501,L:UNL:1,RDKit,57,13.848420216444476,7,17.2927979641402,NA,NA,6,3,attractive_charge=1;hydrogen_bonds=3;ionic=1;salt_bridge=1,attractive_charge=1;ionic=1;salt_bridge=1,0.0,0.0,0.0,0.0,0,11,11,0.0,0.0,0.0,0.0,0,6,3
7WVT,vina_pose,14,A:B7N:501,L:UNL:1,RDKit,57,3.122831991818133,7,4.477019161387249,NA,NA,6,1,attractive_charge=1;hydrogen_bonds=3;ionic=1;salt_bridge=1,hydrogen_bonds=1,0.8888888888888888,0.7272727272727273,0.7999999999999999,0.6666666666666666,8,11,9,1.0,0.16666666666666666,0.2857142857142857,0.16666666666666666,1,6,1
7WVT,vina_pose,15,A:B7N:501,L:UNL:1,RDKit,57,12.721213681340148,7,16.335543420931636,NA,NA,6,0,attractive_charge=1;hydrogen_bonds=3;ionic=1;salt_bridge=1,none=0,0.0,0.0,0.0,0.0,0,11,7,0.0,0.0,0.0,0.0,0,6,0
7WVT,vina_pose,16,A:B7N:501,L:UNL:1,RDKit,57,3.7252347977336426,7,4.273495976029796,NA,NA,6,0,attractive_charge=1;hydrogen_bonds=3;ionic=1;salt_bridge=1,none=0,1.0,0.7272727272727273,0.8421052631578948,0.7272727272727273,8,11,8,0.0,0.0,0.0,0.0,0,6,0
7WVT,vina_pose,17,A:B7N:501,L:UNL:1,RDKit,57,3.9965250629700004,7,3.734937712236406,NA,NA,6,3,attractive_charge=1;hydrogen_bonds=3;ionic=1;salt_bridge=1,hydrogen_bonds=3,1.0,0.7272727272727273,0.8421052631578948,0.7272727272727273,8,11,8,0.3333333333333333,0.16666666666666666,0.2222222222222222,0.125,1,6,3
7WVT,vina_pose,18,A:B7N:501,L:UNL:1,RDKit,57,13.576101061611457,7,15.779024354231428,NA,NA,6,0,attractive_charge=1;hydrogen_bonds=3;ionic=1;salt_bridge=1,none=0,0.0,0.0,0.0,0.0,0,11,7,0.0,0.0,0.0,0.0,0,6,0
7WVT,vina_pose,19,A:B7N:501,L:UNL:1,RDKit,57,13.08334170387485,7,16.376669991179526,NA,NA,6,1,attractive_charge=1;hydrogen_bonds=3;ionic=1;salt_bridge=1,hydrogen_bonds=1,0.0,0.0,0.0,0.0,0,11,9,0.0,0.0,0.0,0.0,0,6,1
7WVT,vina_pose,20,A:B7N:501,L:UNL:1,RDKit,57,11.357376139405167,7,11.854191880632655,NA,NA,6,0,attractive_charge=1;hydrogen_bonds=3;ionic=1;salt_bridge=1,none=0,0.0,0.0,0.0,0.0,0,11,9,0.0,0.0,0.0,0.0,0,6,0
7YF1,boltz,1,A:PLM:201,B:PLM:1,RDKit,18,3.987974182234197,3,6.436291786903737,133,0.47691978959953063,2,1,hydrogen_bonds=2,hydrogen_bonds=1,0.125,0.125,0.125,0.06666666666666667,1,8,8,0.0,0.0,0.0,0.0,0,2,1
7YF1,vina_pose,1,A:PLM:201,L:UNL:1,RDKit,18,6.427833294603331,3,7.297956301170896,NA,NA,2,3,hydrogen_bonds=2,hydrogen_bonds=3,0.16666666666666666,0.125,0.14285714285714288,0.07692307692307693,1,8,6,0.0,0.0,0.0,0.0,0,2,3
7YF1,vina_pose,2,A:PLM:201,L:UNL:1,RDKit,18,1.5821113420890034,3,0.9455237175590404,NA,NA,2,2,hydrogen_bonds=2,hydrogen_bonds=2,0.8333333333333334,0.625,0.7142857142857143,0.5555555555555556,5,8,6,1.0,1.0,1.0,1.0,2,2,2
7YF1,vina_pose,3,A:PLM:201,L:UNL:1,RDKit,18,5.484244539475485,3,7.250539342729386,NA,NA,2,3,hydrogen_bonds=2,hydrogen_bonds=3,0.2857142857142857,0.25,0.26666666666666666,0.15384615384615385,2,8,7,0.0,0.0,0.0,0.0,0,2,3
7YF1,vina_pose,4,A:PLM:201,L:UNL:1,RDKit,18,5.417756578848442,3,7.710205107980808,NA,NA,2,3,hydrogen_bonds=2,hydrogen_bonds=3,0.14285714285714285,0.125,0.13333333333333333,0.07142857142857142,1,8,7,0.0,0.0,0.0,0.0,0,2,3
7YF1,vina_pose,5,A:PLM:201,L:UNL:1,RDKit,18,5.781774592524916,3,7.424578428018657,NA,NA,2,3,hydrogen_bonds=2,hydrogen_bonds=3,0.16666666666666666,0.125,0.14285714285714288,0.07692307692307693,1,8,6,0.0,0.0,0.0,0.0,0,2,3
7YF1,vina_pose,6,A:PLM:201,L:UNL:1,RDKit,18,5.372300533072917,3,7.345302068701237,NA,NA,2,3,hydrogen_bonds=2,hydrogen_bonds=3,0.16666666666666666,0.125,0.14285714285714288,0.07692307692307693,1,8,6,0.0,0.0,0.0,0.0,0,2,3
7YF1,vina_pose,7,A:PLM:201,L:UNL:1,RDKit,18,5.349066892239763,3,5.945877032628014,NA,NA,2,2,hydrogen_bonds=2,hydrogen_bonds=2,0.3333333333333333,0.375,0.35294117647058826,0.21428571428571427,3,8,9,0.0,0.0,0.0,0.0,0,2,2
7YF1,vina_pose,8,A:PLM:201,L:UNL:1,RDKit,18,5.743133986373062,3,6.213391107959217,NA,NA,2,2,hydrogen_bonds=2,hydrogen_bonds=2,0.375,0.375,0.375,0.23076923076923078,3,8,8,0.0,0.0,0.0,0.0,0,2,2
7YF1,vina_pose,9,A:PLM:201,L:UNL:1,RDKit,18,5.8431556892458945,3,5.339211468665887,NA,NA,2,3,hydrogen_bonds=2,hydrogen_bonds=3,0.3333333333333333,0.25,0.28571428571428575,0.16666666666666666,2,8,6,0.0,0.0,0.0,0.0,0,2,3
7YF1,vina_pose,10,A:PLM:201,L:UNL:1,RDKit,18,4.291975593268338,3,7.421220839848387,NA,NA,2,3,hydrogen_bonds=2,hydrogen_bonds=3,0.0,0.0,0.0,0.0,0,8,8,0.0,0.0,0.0,0.0,0,2,3
7YF1,vina_pose,11,A:PLM:201,L:UNL:1,RDKit,18,5.014134199871621,3,7.286198350337894,NA,NA,2,3,hydrogen_bonds=2,hydrogen_bonds=3,0.0,0.0,0.0,0.0,0,8,10,0.0,0.0,0.0,0.0,0,2,3
7YF1,vina_pose,12,A:PLM:201,L:UNL:1,RDKit,18,2.6131895955134983,3,4.952641764466046,NA,NA,2,2,hydrogen_bonds=2,hydrogen_bonds=2,0.5,0.25,0.3333333333333333,0.2,2,8,4,0.0,0.0,0.0,0.0,0,2,2
7YF1,vina_pose,13,A:PLM:201,L:UNL:1,RDKit,18,5.612764828781899,3,6.85575613678997,NA,NA,2,2,hydrogen_bonds=2,hydrogen_bonds=2,0.25,0.25,0.25,0.14285714285714285,2,8,8,0.0,0.0,0.0,0.0,0,2,2
7YF1,vina_pose,14,A:PLM:201,L:UNL:1,RDKit,18,1.995939390888411,3,1.8141057081842467,NA,NA,2,2,hydrogen_bonds=2,hydrogen_bonds=2,0.8333333333333334,0.625,0.7142857142857143,0.5555555555555556,5,8,6,1.0,1.0,1.0,1.0,2,2,2
7YF1,vina_pose,15,A:PLM:201,L:UNL:1,RDKit,18,4.661668246560333,3,1.4166709193740097,NA,NA,2,2,hydrogen_bonds=2,hydrogen_bonds=2,0.8333333333333334,0.625,0.7142857142857143,0.5555555555555556,5,8,6,1.0,1.0,1.0,1.0,2,2,2
7YF1,vina_pose,16,A:PLM:201,L:UNL:1,RDKit,18,5.798819072007487,3,7.32941032419844,NA,NA,2,3,hydrogen_bonds=2,hydrogen_bonds=3,0.16666666666666666,0.125,0.14285714285714288,0.07692307692307693,1,8,6,0.0,0.0,0.0,0.0,0,2,3
7YF1,vina_pose,17,A:PLM:201,L:UNL:1,RDKit,18,2.933842977864812,3,1.8952921517451253,NA,NA,2,2,hydrogen_bonds=2,hydrogen_bonds=2,0.8571428571428571,0.75,0.7999999999999999,0.6666666666666666,6,8,7,1.0,1.0,1.0,1.0,2,2,2
7YF1,vina_pose,18,A:PLM:201,L:UNL:1,RDKit,18,4.52584958260018,3,6.065049465074462,NA,NA,2,3,hydrogen_bonds=2,hydrogen_bonds=3,0.4,0.25,0.3076923076923077,0.18181818181818182,2,8,5,0.0,0.0,0.0,0.0,0,2,3
7YF1,vina_pose,19,A:PLM:201,L:UNL:1,RDKit,18,4.898731790744983,3,6.604417452518679,NA,NA,2,1,hydrogen_bonds=2,hydrogen_bonds=1,0.0,0.0,0.0,0.0,0,8,7,0.0,0.0,0.0,0.0,0,2,1
7YF1,vina_pose,20,A:PLM:201,L:UNL:1,RDKit,18,5.575174015011151,3,6.684055813187081,NA,NA,2,2,hydrogen_bonds=2,hydrogen_bonds=2,0.14285714285714285,0.125,0.13333333333333333,0.07142857142857142,1,8,7,0.0,0.0,0.0,0.0,0,2,2
7Z6W,boltz,1,A:IG7:201,B:IG7:1,RDKit,63,6.067687973511918,6,7.270211061394162,188,5.001871811801091,1,1,hydrogen_bonds=1,hydrogen_bonds=1,0.0,0.0,0.0,0.0,0,5,4,0.0,0.0,0.0,0.0,0,1,1
7Z6W,vina_pose,1,A:IG7:201,A:IG7:201,RDKit,63,5.830951836318005,6,5.221725704528469,NA,NA,1,1,hydrogen_bonds=1,hydrogen_bonds=1,0.42857142857142855,0.6,0.5,0.3333333333333333,3,5,7,1.0,1.0,1.0,1.0,1,1,1
7Z6W,vina_pose,2,A:IG7:201,A:IG7:201,RDKit,63,4.813631942326966,6,5.084576744102371,NA,NA,1,0,hydrogen_bonds=1,none=0,0.3333333333333333,0.4,0.3636363636363636,0.2222222222222222,2,5,6,0.0,0.0,0.0,0.0,0,1,0
7Z6W,vina_pose,3,A:IG7:201,A:IG7:201,RDKit,63,6.1285643247452075,6,6.077080974173923,NA,NA,1,1,hydrogen_bonds=1,hydrogen_bonds=1,0.4444444444444444,0.8,0.5714285714285714,0.4,4,5,9,0.0,0.0,0.0,0.0,0,1,1
7Z6W,vina_pose,4,A:IG7:201,A:IG7:201,RDKit,63,10.305070496435624,6,7.661104250258792,NA,NA,1,1,hydrogen_bonds=1,hydrogen_bonds=1,0.0,0.0,0.0,0.0,0,5,6,0.0,0.0,0.0,0.0,0,1,1
7Z6W,vina_pose,5,A:IG7:201,A:IG7:201,RDKit,63,6.734243428593561,6,7.127952405845595,NA,NA,1,0,hydrogen_bonds=1,none=0,0.14285714285714285,0.2,0.16666666666666666,0.09090909090909091,1,5,7,0.0,0.0,0.0,0.0,0,1,0
7Z6W,vina_pose,6,A:IG7:201,A:IG7:201,RDKit,63,4.258145572228093,6,2.447239397089436,NA,NA,1,1,hydrogen_bonds=1,hydrogen_bonds=1,0.8333333333333334,1.0,0.9090909090909091,0.8333333333333334,5,5,6,1.0,1.0,1.0,1.0,1,1,1
7Z6W,vina_pose,7,A:IG7:201,A:IG7:201,RDKit,63,6.667552982749951,6,7.714231836892987,NA,NA,1,0,hydrogen_bonds=1,none=0,0.2,0.2,0.20000000000000004,0.1111111111111111,1,5,5,0.0,0.0,0.0,0.0,0,1,0
7Z6W,vina_pose,8,A:IG7:201,A:IG7:201,RDKit,63,5.489502312133645,6,4.909592956651294,NA,NA,1,0,hydrogen_bonds=1,none=0,0.3333333333333333,0.4,0.3636363636363636,0.2222222222222222,2,5,6,0.0,0.0,0.0,0.0,0,1,0
7Z6W,vina_pose,9,A:IG7:201,A:IG7:201,RDKit,63,7.302084024115177,6,5.676315750555108,NA,NA,1,0,hydrogen_bonds=1,none=0,0.4,0.4,0.4000000000000001,0.25,2,5,5,0.0,0.0,0.0,0.0,0,1,0
7Z6W,vina_pose,10,A:IG7:201,A:IG7:201,RDKit,63,2.1015964982055526,6,2.2682329025036214,NA,NA,1,2,hydrogen_bonds=1,hydrogen_bonds=2,0.8333333333333334,1.0,0.9090909090909091,0.8333333333333334,5,5,6,0.5,1.0,0.6666666666666666,0.5,1,1,2
7Z6W,vina_pose,11,A:IG7:201,A:IG7:201,RDKit,63,5.76780334517149,6,6.119613359246372,NA,NA,1,1,hydrogen_bonds=1,hydrogen_bonds=1,0.2857142857142857,0.4,0.3333333333333333,0.2,2,5,7,1.0,1.0,1.0,1.0,1,1,1
7Z6W,vina_pose,12,A:IG7:201,A:IG7:201,RDKit,63,9.899084537599409,6,6.244856950590089,NA,NA,1,0,hydrogen_bonds=1,none=0,0.2,0.4,0.26666666666666666,0.15384615384615385,2,5,10,0.0,0.0,0.0,0.0,0,1,0
7Z6W,vina_pose,13,A:IG7:201,A:IG7:201,RDKit,63,5.478606096618442,6,4.905944982026059,NA,NA,1,0,hydrogen_bonds=1,none=0,0.75,0.6,0.6666666666666665,0.5,3,5,4,0.0,0.0,0.0,0.0,0,1,0
7Z6W,vina_pose,14,A:IG7:201,A:IG7:201,RDKit,63,4.154752358291666,6,4.756633122983805,NA,NA,1,2,hydrogen_bonds=1,hydrogen_bonds=2,0.5714285714285714,0.8,0.6666666666666666,0.5,4,5,7,0.5,1.0,0.6666666666666666,0.5,1,1,2
7Z6W,vina_pose,15,A:IG7:201,A:IG7:201,RDKit,63,8.520954813664249,6,4.798012036250014,NA,NA,1,0,hydrogen_bonds=1,none=0,0.4,0.4,0.4000000000000001,0.25,2,5,5,0.0,0.0,0.0,0.0,0,1,0
7Z6W,vina_pose,16,A:IG7:201,A:IG7:201,RDKit,63,6.546998134368802,6,5.592333636327503,NA,NA,1,1,hydrogen_bonds=1,hydrogen_bonds=1,0.4,0.4,0.4000000000000001,0.25,2,5,5,1.0,1.0,1.0,1.0,1,1,1
7Z6W,vina_pose,17,A:IG7:201,A:IG7:201,RDKit,63,5.818777860827031,6,5.427161888746886,NA,NA,1,1,hydrogen_bonds=1,hydrogen_bonds=1,0.16666666666666666,0.2,0.1818181818181818,0.1,1,5,6,0.0,0.0,0.0,0.0,0,1,1
7Z6W,vina_pose,18,A:IG7:201,A:IG7:201,RDKit,63,6.281899381657577,6,5.008191489949241,NA,NA,1,0,hydrogen_bonds=1,none=0,0.75,0.6,0.6666666666666665,0.5,3,5,4,0.0,0.0,0.0,0.0,0,1,0
7Z6W,vina_pose,19,A:IG7:201,A:IG7:201,RDKit,63,5.9493794367597435,6,3.9369159461012964,NA,NA,1,0,hydrogen_bonds=1,none=0,0.375,0.6,0.4615384615384615,0.3,3,5,8,0.0,0.0,0.0,0.0,0,1,0
7Z6W,vina_pose,20,A:IG7:201,A:IG7:201,RDKit,63,7.32452653001468,6,7.119896581645926,NA,NA,1,0,hydrogen_bonds=1,none=0,0.0,0.0,0.0,0.0,0,5,5,0.0,0.0,0.0,0.0,0,1,0
8GOT,boltz,1,A:K8U:301,B:K8U:1,RDKit,102,17.79180372320488,14,7.0713263792237475,208,1.2424985547954859,5,3,attractive_charge=1;hydrogen_bonds=2;ionic=1;salt_bridge=1,hydrogen_bonds=3,0.6,0.75,0.6666666666666665,0.5,6,8,10,0.3333333333333333,0.2,0.25,0.14285714285714285,1,5,3
8GOT,vina_pose,1,A:K8U:301,L:UNL:1,RDKit,102,13.69147738594356,14,3.407800474122359,NA,NA,5,4,attractive_charge=1;hydrogen_bonds=2;ionic=1;salt_bridge=1,attractive_charge=1;hydrogen_bonds=1;ionic=1;salt_bridge=1,0.875,0.875,0.875,0.7777777777777778,7,8,8,0.25,0.2,0.22222222222222224,0.125,1,5,4
8GOT,vina_pose,2,A:K8U:301,L:UNL:1,RDKit,102,15.078394933954797,14,5.581835009334168,NA,NA,5,1,attractive_charge=1;hydrogen_bonds=2;ionic=1;salt_bridge=1,hydrogen_bonds=1,0.8333333333333334,0.625,0.7142857142857143,0.5555555555555556,5,8,6,1.0,0.2,0.33333333333333337,0.2,1,5,1
8GOT,vina_pose,3,A:K8U:301,L:UNL:1,RDKit,102,15.784742747287307,14,5.749391383939197,NA,NA,5,1,attractive_charge=1;hydrogen_bonds=2;ionic=1;salt_bridge=1,hydrogen_bonds=1,0.8333333333333334,0.625,0.7142857142857143,0.5555555555555556,5,8,6,1.0,0.2,0.33333333333333337,0.2,1,5,1
8GOT,vina_pose,4,A:K8U:301,L:UNL:1,RDKit,102,16.02483262584276,14,6.934248033183864,NA,NA,5,1,attractive_charge=1;hydrogen_bonds=2;ionic=1;salt_bridge=1,hydrogen_bonds=1,0.5,0.625,0.5555555555555556,0.38461538461538464,5,8,10,0.0,0.0,0.0,0.0,0,5,1
8GOT,vina_pose,5,A:K8U:301,L:UNL:1,RDKit,102,18.69218915252372,14,8.510560246792553,NA,NA,5,9,attractive_charge=1;hydrogen_bonds=2;ionic=1;salt_bridge=1,attractive_charge=2;hydrogen_bonds=3;ionic=2;salt_bridge=2,0.4444444444444444,0.5,0.47058823529411764,0.3076923076923077,4,8,9,0.1111111111111111,0.2,0.14285714285714285,0.07692307692307693,1,5,9
8GOT,vina_pose,6,A:K8U:301,L:UNL:1,RDKit,102,14.456398137089307,14,7.102984664410951,NA,NA,5,10,attractive_charge=1;hydrogen_bonds=2;ionic=1;salt_bridge=1,attractive_charge=2;hydrogen_bonds=4;ionic=2;salt_bridge=2,0.5714285714285714,0.5,0.5333333333333333,0.36363636363636365,4,8,7,0.4,0.8,0.5333333333333333,0.36363636363636365,4,5,10
8GOT,vina_pose,7,A:K8U:301,L:UNL:1,RDKit,102,15.765434306810358,14,6.624869173910423,NA,NA,5,12,attractive_charge=1;hydrogen_bonds=2;ionic=1;salt_bridge=1,attractive_charge=3;hydrogen_bonds=3;ionic=3;salt_bridge=3,1.0,0.875,0.9333333333333333,0.875,7,8,7,0.4166666666666667,1.0,0.5882352941176471,0.4166666666666667,5,5,12
8GOT,vina_pose,8,A:K8U:301,L:UNL:1,RDKit,102,14.1559930345461,14,2.8959357357707867,NA,NA,5,6,attractive_charge=1;hydrogen_bonds=2;ionic=1;salt_bridge=1,attractive_charge=2;ionic=2;salt_bridge=2,0.75,0.75,0.75,0.6,6,8,8,0.0,0.0,0.0,0.0,0,5,6
8GOT,vina_pose,9,A:K8U:301,L:UNL:1,RDKit,102,13.555039469496496,14,3.484084220730443,NA,NA,5,8,attractive_charge=1;hydrogen_bonds=2;ionic=1;salt_bridge=1,attractive_charge=2;hydrogen_bonds=2;ionic=2;salt_bridge=2,0.75,0.75,0.75,0.6,6,8,8,0.125,0.2,0.15384615384615385,0.08333333333333333,1,5,8
8GOT,vina_pose,10,A:K8U:301,L:UNL:1,RDKit,102,13.552454402555036,14,7.482034272652249,NA,NA,5,9,attractive_charge=1;hydrogen_bonds=2;ionic=1;salt_bridge=1,attractive_charge=2;hydrogen_bonds=3;ionic=2;salt_bridge=2,0.36363636363636365,0.5,0.4210526315789474,0.26666666666666666,4,8,11,0.4444444444444444,0.8,0.5714285714285714,0.4,4,5,9
8GOT,vina_pose,11,A:K8U:301,L:UNL:1,RDKit,102,17.68988446215276,14,7.539009005546703,NA,NA,5,3,attractive_charge=1;hydrogen_bonds=2;ionic=1;salt_bridge=1,hydrogen_bonds=3,0.8333333333333334,0.625,0.7142857142857143,0.5555555555555556,5,8,6,0.6666666666666666,0.4,0.5,0.3333333333333333,2,5,3
8GOT,vina_pose,12,A:K8U:301,L:UNL:1,RDKit,102,13.745347370770126,14,10.886744367742425,NA,NA,5,8,attractive_charge=1;hydrogen_bonds=2;ionic=1;salt_bridge=1,attractive_charge=2;hydrogen_bonds=2;ionic=2;salt_bridge=2,0.2,0.125,0.15384615384615385,0.08333333333333333,1,8,5,0.0,0.0,0.0,0.0,0,5,8
8GOT,vina_pose,13,A:K8U:301,L:UNL:1,RDKit,102,17.790744369078052,14,6.7351022476065125,NA,NA,5,9,attractive_charge=1;hydrogen_bonds=2;ionic=1;salt_bridge=1,attractive_charge=2;hydrogen_bonds=3;ionic=2;salt_bridge=2,1.0,0.875,0.9333333333333333,0.875,7,8,7,0.4444444444444444,0.8,0.5714285714285714,0.4,4,5,9
8GOT,vina_pose,14,A:K8U:301,L:UNL:1,RDKit,102,11.922083918543114,14,7.606516764309029,NA,NA,5,10,attractive_charge=1;hydrogen_bonds=2;ionic=1;salt_bridge=1,attractive_charge=2;hydrogen_bonds=4;ionic=2;salt_bridge=2,0.4,0.5,0.4444444444444445,0.2857142857142857,4,8,10,0.4,0.8,0.5333333333333333,0.36363636363636365,4,5,10
8GOT,vina_pose,15,A:K8U:301,L:UNL:1,RDKit,102,16.311975361257584,14,6.867552693645678,NA,NA,5,9,attractive_charge=1;hydrogen_bonds=2;ionic=1;salt_bridge=1,attractive_charge=2;hydrogen_bonds=3;ionic=2;salt_bridge=2,1.0,0.875,0.9333333333333333,0.875,7,8,7,0.4444444444444444,0.8,0.5714285714285714,0.4,4,5,9
8GOT,vina_pose,16,A:K8U:301,L:UNL:1,RDKit,102,13.624773278559791,14,5.695541614782065,NA,NA,5,6,attractive_charge=1;hydrogen_bonds=2;ionic=1;salt_bridge=1,attractive_charge=1;hydrogen_bonds=3;ionic=1;salt_bridge=1,0.8333333333333334,0.625,0.7142857142857143,0.5555555555555556,5,8,6,0.16666666666666666,0.2,0.1818181818181818,0.1,1,5,6
8GOT,vina_pose,17,A:K8U:301,L:UNL:1,RDKit,102,17.82383139804353,14,6.357210192259765,NA,NA,5,1,attractive_charge=1;hydrogen_bonds=2;ionic=1;salt_bridge=1,hydrogen_bonds=1,0.8333333333333334,0.625,0.7142857142857143,0.5555555555555556,5,8,6,1.0,0.2,0.33333333333333337,0.2,1,5,1
8GOT,vina_pose,18,A:K8U:301,L:UNL:1,RDKit,102,17.400236659141093,14,6.866104510044771,NA,NA,5,8,attractive_charge=1;hydrogen_bonds=2;ionic=1;salt_bridge=1,attractive_charge=2;hydrogen_bonds=2;ionic=2;salt_bridge=2,1.0,0.875,0.9333333333333333,0.875,7,8,7,0.5,0.8,0.6153846153846154,0.4444444444444444,4,5,8
8GOT,vina_pose,19,A:K8U:301,L:UNL:1,RDKit,102,17.39843522206726,14,7.530750536490845,NA,NA,5,3,attractive_charge=1;hydrogen_bonds=2;ionic=1;salt_bridge=1,hydrogen_bonds=3,0.8333333333333334,0.625,0.7142857142857143,0.5555555555555556,5,8,6,0.6666666666666666,0.4,0.5,0.3333333333333333,2,5,3
8GOT,vina_pose,20,A:K8U:301,L:UNL:1,RDKit,102,16.058680787881016,14,6.666067967164537,NA,NA,5,4,attractive_charge=1;hydrogen_bonds=2;ionic=1;salt_bridge=1,attractive_charge=1;hydrogen_bonds=1;ionic=1;salt_bridge=1,0.3333333333333333,0.5,0.4,0.25,4,8,12,0.0,0.0,0.0,0.0,0,5,4
8GYN,boltz,1,A:6OU:201,B:6OU:1,RDKit,49,1.614901506136247,7,1.9351563272996875,160,0.8577530111508697,4,0,attractive_charge=1;hydrogen_bonds=1;ionic=1;salt_bridge=1,none=0,0.8,1.0,0.888888888888889,0.8,4,4,5,0.0,0.0,0.0,0.0,0,4,0
8GYN,vina_pose,1,A:6OU:201,L:UNL:1,RDKit,49,7.278676406896113,7,7.495354676741931,NA,NA,4,4,attractive_charge=1;hydrogen_bonds=1;ionic=1;salt_bridge=1,attractive_charge=1;hydrogen_bonds=1;ionic=1;salt_bridge=1,0.25,0.5,0.3333333333333333,0.2,2,4,8,1.0,1.0,1.0,1.0,4,4,4
8GYN,vina_pose,2,A:6OU:201,L:UNL:1,RDKit,49,4.506364340458856,7,6.160765789263308,NA,NA,4,4,attractive_charge=1;hydrogen_bonds=1;ionic=1;salt_bridge=1,attractive_charge=1;hydrogen_bonds=1;ionic=1;salt_bridge=1,0.3333333333333333,0.5,0.4,0.25,2,4,6,0.0,0.0,0.0,0.0,0,4,4
8GYN,vina_pose,3,A:6OU:201,L:UNL:1,RDKit,49,3.9421689701177427,7,6.05896259355982,NA,NA,4,4,attractive_charge=1;hydrogen_bonds=1;ionic=1;salt_bridge=1,attractive_charge=1;hydrogen_bonds=1;ionic=1;salt_bridge=1,0.25,0.25,0.25,0.14285714285714285,1,4,4,0.0,0.0,0.0,0.0,0,4,4
8GYN,vina_pose,4,A:6OU:201,L:UNL:1,RDKit,49,6.4160526350947364,7,5.979544400359566,NA,NA,4,5,attractive_charge=1;hydrogen_bonds=1;ionic=1;salt_bridge=1,attractive_charge=1;hydrogen_bonds=2;ionic=1;salt_bridge=1,0.42857142857142855,0.75,0.5454545454545454,0.375,3,4,7,0.8,1.0,0.888888888888889,0.8,4,4,5
8GYN,vina_pose,5,A:6OU:201,L:UNL:1,RDKit,49,7.271663122934737,7,7.188812677160255,NA,NA,4,2,attractive_charge=1;hydrogen_bonds=1;ionic=1;salt_bridge=1,hydrogen_bonds=2,0.2857142857142857,0.5,0.36363636363636365,0.2222222222222222,2,4,7,0.0,0.0,0.0,0.0,0,4,2
8GYN,vina_pose,6,A:6OU:201,L:UNL:1,RDKit,49,3.915832105745566,7,5.378518270080126,NA,NA,4,4,attractive_charge=1;hydrogen_bonds=1;ionic=1;salt_bridge=1,attractive_charge=1;hydrogen_bonds=1;ionic=1;salt_bridge=1,0.5,0.5,0.5,0.3333333333333333,2,4,4,0.0,0.0,0.0,0.0,0,4,4
8GYN,vina_pose,7,A:6OU:201,L:UNL:1,RDKit,49,5.787480775617562,7,5.802761175153724,NA,NA,4,5,attractive_charge=1;hydrogen_bonds=1;ionic=1;salt_bridge=1,attractive_charge=1;hydrogen_bonds=2;ionic=1;salt_bridge=1,0.5,0.75,0.6,0.42857142857142855,3,4,6,0.8,1.0,0.888888888888889,0.8,4,4,5
8GYN,vina_pose,8,A:6OU:201,L:UNL:1,RDKit,49,6.4340153256099475,7,6.549731601383155,NA,NA,4,0,attractive_charge=1;hydrogen_bonds=1;ionic=1;salt_bridge=1,none=0,0.14285714285714285,0.25,0.18181818181818182,0.1,1,4,7,0.0,0.0,0.0,0.0,0,4,0
8GYN,vina_pose,9,A:6OU:201,L:UNL:1,RDKit,49,5.833072689833168,7,6.728409811188674,NA,NA,4,0,attractive_charge=1;hydrogen_bonds=1;ionic=1;salt_bridge=1,none=0,0.3333333333333333,0.5,0.4,0.25,2,4,6,0.0,0.0,0.0,0.0,0,4,0
8GYN,vina_pose,10,A:6OU:201,L:UNL:1,RDKit,49,5.952937667148816,7,6.3112162376778524,NA,NA,4,4,attractive_charge=1;hydrogen_bonds=1;ionic=1;salt_bridge=1,attractive_charge=1;hydrogen_bonds=1;ionic=1;salt_bridge=1,0.2,0.25,0.22222222222222224,0.125,1,4,5,0.0,0.0,0.0,0.0,0,4,4
8GYN,vina_pose,11,A:6OU:201,L:UNL:1,RDKit,49,3.719169160507409,7,5.478383355791586,NA,NA,4,4,attractive_charge=1;hydrogen_bonds=1;ionic=1;salt_bridge=1,attractive_charge=1;hydrogen_bonds=1;ionic=1;salt_bridge=1,0.2,0.25,0.22222222222222224,0.125,1,4,5,0.0,0.0,0.0,0.0,0,4,4
8GYN,vina_pose,12,A:6OU:201,L:UNL:1,RDKit,49,2.5315023979036315,7,2.6211380306789316,NA,NA,4,3,attractive_charge=1;hydrogen_bonds=1;ionic=1;salt_bridge=1,attractive_charge=1;ionic=1;salt_bridge=1,1.0,0.75,0.8571428571428571,0.75,3,4,3,1.0,0.75,0.8571428571428571,0.75,3,4,3
8GYN,vina_pose,13,A:6OU:201,L:UNL:1,RDKit,49,5.844510445864249,7,7.520144724776626,NA,NA,4,2,attractive_charge=1;hydrogen_bonds=1;ionic=1;salt_bridge=1,hydrogen_bonds=2,0.14285714285714285,0.25,0.18181818181818182,0.1,1,4,7,0.0,0.0,0.0,0.0,0,4,2
8GYN,vina_pose,14,A:6OU:201,L:UNL:1,RDKit,49,5.809016684042988,7,5.690706750873995,NA,NA,4,4,attractive_charge=1;hydrogen_bonds=1;ionic=1;salt_bridge=1,attractive_charge=1;hydrogen_bonds=1;ionic=1;salt_bridge=1,0.375,0.75,0.5,0.3333333333333333,3,4,8,0.0,0.0,0.0,0.0,0,4,4
8GYN,vina_pose,15,A:6OU:201,L:UNL:1,RDKit,49,5.507994893138222,7,4.798195703016172,NA,NA,4,4,attractive_charge=1;hydrogen_bonds=1;ionic=1;salt_bridge=1,attractive_charge=1;hydrogen_bonds=1;ionic=1;salt_bridge=1,0.75,0.75,0.75,0.6,3,4,4,1.0,1.0,1.0,1.0,4,4,4
8GYN,vina_pose,16,A:6OU:201,L:UNL:1,RDKit,49,6.337921945312797,7,7.935031729985169,NA,NA,4,3,attractive_charge=1;hydrogen_bonds=1;ionic=1;salt_bridge=1,hydrogen_bonds=3,0.125,0.25,0.16666666666666666,0.09090909090909091,1,4,8,0.0,0.0,0.0,0.0,0,4,3
8GYN,vina_pose,17,A:6OU:201,L:UNL:1,RDKit,49,5.513305531535616,7,5.024515069296311,NA,NA,4,4,attractive_charge=1;hydrogen_bonds=1;ionic=1;salt_bridge=1,attractive_charge=1;hydrogen_bonds=1;ionic=1;salt_bridge=1,0.6,0.75,0.6666666666666665,0.5,3,4,5,1.0,1.0,1.0,1.0,4,4,4
8GYN,vina_pose,18,A:6OU:201,L:UNL:1,RDKit,49,4.405775977933365,7,5.740355288296311,NA,NA,4,4,attractive_charge=1;hydrogen_bonds=1;ionic=1;salt_bridge=1,attractive_charge=1;hydrogen_bonds=1;ionic=1;salt_bridge=1,0.3333333333333333,0.5,0.4,0.25,2,4,6,0.0,0.0,0.0,0.0,0,4,4
8GYN,vina_pose,19,A:6OU:201,L:UNL:1,RDKit,49,6.155970283273874,7,7.914377047871262,NA,NA,4,4,attractive_charge=1;hydrogen_bonds=1;ionic=1;salt_bridge=1,hydrogen_bonds=4,0.14285714285714285,0.25,0.18181818181818182,0.1,1,4,7,0.0,0.0,0.0,0.0,0,4,4
8GYN,vina_pose,20,A:6OU:201,L:UNL:1,RDKit,49,3.887623021740054,7,6.523124543511119,NA,NA,4,5,attractive_charge=1;hydrogen_bonds=1;ionic=1;salt_bridge=1,attractive_charge=1;hydrogen_bonds=2;ionic=1;salt_bridge=1,0.16666666666666666,0.25,0.2,0.1111111111111111,1,4,6,0.0,0.0,0.0,0.0,0,4,5
8IVL,boltz,1,A:CLR:201,B:CLR:1,RDKit,28,3.2219855062783025,1,7.081756685855829,134,0.8854556465274449,2,1,hydrogen_bonds=2,hydrogen_bonds=1,0.25,0.2,0.22222222222222224,0.125,1,5,4,0.0,0.0,0.0,0.0,0,2,1
8IVL,vina_pose,1,A:CLR:201,A:CLR:201,RDKit,28,3.4475024085768027,1,7.607896292668559,NA,NA,2,2,hydrogen_bonds=2,hydrogen_bonds=2,0.16666666666666666,0.2,0.1818181818181818,0.1,1,5,6,0.0,0.0,0.0,0.0,0,2,2
8IVL,vina_pose,2,A:CLR:201,A:CLR:201,RDKit,28,6.555768730122894,1,6.368559334731835,NA,NA,2,1,hydrogen_bonds=2,hydrogen_bonds=1,0.2,0.2,0.20000000000000004,0.1111111111111111,1,5,5,0.0,0.0,0.0,0.0,0,2,1
8IVL,vina_pose,3,A:CLR:201,A:CLR:201,RDKit,28,3.4287302314413717,1,7.3124196405840935,NA,NA,2,2,hydrogen_bonds=2,hydrogen_bonds=2,0.16666666666666666,0.2,0.1818181818181818,0.1,1,5,6,0.0,0.0,0.0,0.0,0,2,2
8IVL,vina_pose,4,A:CLR:201,A:CLR:201,RDKit,28,6.742107420108768,1,9.489289435990452,NA,NA,2,1,hydrogen_bonds=2,hydrogen_bonds=1,0.0,0.0,0.0,0.0,0,5,5,0.0,0.0,0.0,0.0,0,2,1
8IVL,vina_pose,5,A:CLR:201,A:CLR:201,RDKit,28,2.002247817186617,1,4.249808230967605,NA,NA,2,1,hydrogen_bonds=2,hydrogen_bonds=1,0.4,0.4,0.4000000000000001,0.25,2,5,5,0.0,0.0,0.0,0.0,0,2,1
8IVL,vina_pose,6,A:CLR:201,A:CLR:201,RDKit,28,4.762210047416461,1,8.779370592474157,NA,NA,2,2,hydrogen_bonds=2,hydrogen_bonds=2,0.0,0.0,0.0,0.0,0,5,5,0.0,0.0,0.0,0.0,0,2,2
8IVL,vina_pose,7,A:CLR:201,A:CLR:201,RDKit,28,5.912275090859693,1,6.140328737128005,NA,NA,2,1,hydrogen_bonds=2,hydrogen_bonds=1,0.2,0.2,0.20000000000000004,0.1111111111111111,1,5,5,0.0,0.0,0.0,0.0,0,2,1
8IVL,vina_pose,8,A:CLR:201,A:CLR:201,RDKit,28,2.4545951004479045,1,3.828770690443606,NA,NA,2,1,hydrogen_bonds=2,hydrogen_bonds=1,0.5,0.4,0.4444444444444445,0.2857142857142857,2,5,4,0.0,0.0,0.0,0.0,0,2,1
8IVL,vina_pose,9,A:CLR:201,A:CLR:201,RDKit,28,6.873083314641254,1,9.236689233702734,NA,NA,2,0,hydrogen_bonds=2,none=0,0.0,0.0,0.0,0.0,0,5,5,0.0,0.0,0.0,0.0,0,2,0
8IVL,vina_pose,10,A:CLR:201,A:CLR:201,RDKit,28,6.993926362515244,1,8.203652479231431,NA,NA,2,0,hydrogen_bonds=2,none=0,0.0,0.0,0.0,0.0,0,5,4,0.0,0.0,0.0,0.0,0,2,0
8IVL,vina_pose,11,A:CLR:201,A:CLR:201,RDKit,28,5.0772733331976525,1,9.299264110670263,NA,NA,2,1,hydrogen_bonds=2,hydrogen_bonds=1,0.0,0.0,0.0,0.0,0,5,7,0.0,0.0,0.0,0.0,0,2,1
8IVL,vina_pose,12,A:CLR:201,A:CLR:201,RDKit,28,6.694124892129558,1,9.456645071059821,NA,NA,2,0,hydrogen_bonds=2,none=0,0.0,0.0,0.0,0.0,0,5,6,0.0,0.0,0.0,0.0,0,2,0
8IVL,vina_pose,13,A:CLR:201,A:CLR:201,RDKit,28,6.343854925944365,1,6.591256632843239,NA,NA,2,1,hydrogen_bonds=2,hydrogen_bonds=1,0.16666666666666666,0.2,0.1818181818181818,0.1,1,5,6,0.0,0.0,0.0,0.0,0,2,1
8IVL,vina_pose,14,A:CLR:201,A:CLR:201,RDKit,28,3.9965598465608965,1,7.493661054518012,NA,NA,2,0,hydrogen_bonds=2,none=0,0.25,0.2,0.22222222222222224,0.125,1,5,4,0.0,0.0,0.0,0.0,0,2,0
8IVL,vina_pose,15,A:CLR:201,A:CLR:201,RDKit,28,3.028944087584696,1,3.3607680669751674,NA,NA,2,2,hydrogen_bonds=2,hydrogen_bonds=2,0.5,0.4,0.4444444444444445,0.2857142857142857,2,5,4,0.5,0.5,0.5,0.3333333333333333,1,2,2
8IVL,vina_pose,16,A:CLR:201,A:CLR:201,RDKit,28,5.477158765533198,1,6.716541074094611,NA,NA,2,1,hydrogen_bonds=2,hydrogen_bonds=1,0.2,0.2,0.20000000000000004,0.1111111111111111,1,5,5,0.0,0.0,0.0,0.0,0,2,1
8IVL,vina_pose,17,A:CLR:201,A:CLR:201,RDKit,28,7.102435580740695,1,9.668097692928015,NA,NA,2,0,hydrogen_bonds=2,none=0,0.0,0.0,0.0,0.0,0,5,5,0.0,0.0,0.0,0.0,0,2,0
8IVL,vina_pose,18,A:CLR:201,A:CLR:201,RDKit,28,6.429014554568775,1,5.088354645659047,NA,NA,2,2,hydrogen_bonds=2,hydrogen_bonds=2,0.3333333333333333,0.4,0.3636363636363636,0.2222222222222222,2,5,6,0.5,0.5,0.5,0.3333333333333333,1,2,2
8IVL,vina_pose,19,A:CLR:201,A:CLR:201,RDKit,28,6.791928747207442,1,9.244098712151445,NA,NA,2,0,hydrogen_bonds=2,none=0,0.0,0.0,0.0,0.0,0,5,6,0.0,0.0,0.0,0.0,0,2,0
8IVL,vina_pose,20,A:CLR:201,A:CLR:201,RDKit,28,5.140098338414492,1,9.593598594896495,NA,NA,2,1,hydrogen_bonds=2,hydrogen_bonds=1,0.0,0.0,0.0,0.0,0,5,6,0.0,0.0,0.0,0.0,0,2,1
8QJZ,boltz,1,A:LP5:303,B:LP5:1,RDKit,48,9.045880263759782,6,8.72480939680635,240,0.8896692142294156,10,4,attractive_charge=2;hydrogen_bonds=4;ionic=2;salt_bridge=2,attractive_charge=1;hydrogen_bonds=1;ionic=1;salt_bridge=1,0.3333333333333333,0.25,0.28571428571428575,0.16666666666666666,2,8,6,0.0,0.0,0.0,0.0,0,10,4
8QJZ,vina_pose,1,A:LP5:303,L:UNL:1,RDKit,48,10.372641145500664,6,10.763883244442965,NA,NA,10,2,attractive_charge=2;hydrogen_bonds=4;ionic=2;salt_bridge=2,hydrogen_bonds=2,0.16666666666666666,0.125,0.14285714285714288,0.07692307692307693,1,8,6,0.0,0.0,0.0,0.0,0,10,2
8QJZ,vina_pose,2,A:LP5:303,L:UNL:1,RDKit,48,9.866002905601302,6,10.237731267229083,NA,NA,10,1,attractive_charge=2;hydrogen_bonds=4;ionic=2;salt_bridge=2,hydrogen_bonds=1,0.0,0.0,0.0,0.0,0,8,6,0.0,0.0,0.0,0.0,0,10,1
8QJZ,vina_pose,3,A:LP5:303,L:UNL:1,RDKit,48,9.843533723550028,6,12.11032428687743,NA,NA,10,3,attractive_charge=2;hydrogen_bonds=4;ionic=2;salt_bridge=2,attractive_charge=1;ionic=1;salt_bridge=1,0.16666666666666666,0.125,0.14285714285714288,0.07692307692307693,1,8,6,0.0,0.0,0.0,0.0,0,10,3
8QJZ,vina_pose,4,A:LP5:303,L:UNL:1,RDKit,48,9.605915470210704,6,7.372214061370346,NA,NA,10,9,attractive_charge=2;hydrogen_bonds=4;ionic=2;salt_bridge=2,attractive_charge=2;hydrogen_bonds=3;ionic=2;salt_bridge=2,0.25,0.25,0.25,0.14285714285714285,2,8,8,0.7777777777777778,0.7,0.7368421052631577,0.5833333333333334,7,10,9
8QJZ,vina_pose,5,A:LP5:303,L:UNL:1,RDKit,48,9.03019157119604,6,10.062271264480996,NA,NA,10,0,attractive_charge=2;hydrogen_bonds=4;ionic=2;salt_bridge=2,none=0,0.16666666666666666,0.125,0.14285714285714288,0.07692307692307693,1,8,6,0.0,0.0,0.0,0.0,0,10,0
8QJZ,vina_pose,6,A:LP5:303,L:UNL:1,RDKit,48,11.20868230993278,6,8.31549584610964,NA,NA,10,10,attractive_charge=2;hydrogen_bonds=4;ionic=2;salt_bridge=2,attractive_charge=2;hydrogen_bonds=4;ionic=2;salt_bridge=2,0.3333333333333333,0.5,0.4,0.25,4,8,12,0.1,0.1,0.10000000000000002,0.05263157894736842,1,10,10
8QJZ,vina_pose,7,A:LP5:303,L:UNL:1,RDKit,48,8.705429783091317,6,8.426152117069805,NA,NA,10,2,attractive_charge=2;hydrogen_bonds=4;ionic=2;salt_bridge=2,hydrogen_bonds=2,0.125,0.125,0.125,0.06666666666666667,1,8,8,0.0,0.0,0.0,0.0,0,10,2
8QJZ,vina_pose,8,A:LP5:303,L:UNL:1,RDKit,48,10.852707383029667,6,14.020314428238287,NA,NA,10,0,attractive_charge=2;hydrogen_bonds=4;ionic=2;salt_bridge=2,none=0,0.0,0.0,0.0,0.0,0,8,4,0.0,0.0,0.0,0.0,0,10,0
8QJZ,vina_pose,9,A:LP5:303,L:UNL:1,RDKit,48,8.512281530480925,6,9.482680396385822,NA,NA,10,0,attractive_charge=2;hydrogen_bonds=4;ionic=2;salt_bridge=2,none=0,0.0,0.0,0.0,0.0,0,8,4,0.0,0.0,0.0,0.0,0,10,0
8QJZ,vina_pose,10,A:LP5:303,L:UNL:1,RDKit,48,8.274894781556641,6,4.212003007279711,NA,NA,10,2,attractive_charge=2;hydrogen_bonds=4;ionic=2;salt_bridge=2,hydrogen_bonds=2,0.6,0.75,0.6666666666666665,0.5,6,8,10,0.5,0.1,0.16666666666666669,0.09090909090909091,1,10,2
8QJZ,vina_pose,11,A:LP5:303,L:UNL:1,RDKit,48,9.328237551247287,6,8.385180966045594,NA,NA,10,7,attractive_charge=2;hydrogen_bonds=4;ionic=2;salt_bridge=2,attractive_charge=1;hydrogen_bonds=4;ionic=1;salt_bridge=1,0.3,0.375,0.33333333333333326,0.2,3,8,10,0.5714285714285714,0.4,0.47058823529411764,0.3076923076923077,4,10,7
8QJZ,vina_pose,12,A:LP5:303,L:UNL:1,RDKit,48,6.338730754917211,6,7.322771321933611,NA,NA,10,10,attractive_charge=2;hydrogen_bonds=4;ionic=2;salt_bridge=2,attractive_charge=1;hydrogen_bonds=7;ionic=1;salt_bridge=1,0.3333333333333333,0.375,0.35294117647058826,0.21428571428571427,3,8,9,0.3,0.3,0.3,0.17647058823529413,3,10,10
8QJZ,vina_pose,13,A:LP5:303,L:UNL:1,RDKit,48,6.477009503170939,6,7.726308174024641,NA,NA,10,2,attractive_charge=2;hydrogen_bonds=4;ionic=2;salt_bridge=2,hydrogen_bonds=2,0.42857142857142855,0.375,0.39999999999999997,0.25,3,8,7,0.0,0.0,0.0,0.0,0,10,2
8QJZ,vina_pose,14,A:LP5:303,L:UNL:1,RDKit,48,8.226070502777535,6,6.586363602170775,NA,NA,10,2,attractive_charge=2;hydrogen_bonds=4;ionic=2;salt_bridge=2,hydrogen_bonds=2,0.36363636363636365,0.5,0.4210526315789474,0.26666666666666666,4,8,11,0.5,0.1,0.16666666666666669,0.09090909090909091,1,10,2
8QJZ,vina_pose,15,A:LP5:303,L:UNL:1,RDKit,48,10.946201308368732,6,14.834530528466345,NA,NA,10,0,attractive_charge=2;hydrogen_bonds=4;ionic=2;salt_bridge=2,none=0,0.0,0.0,0.0,0.0,0,8,7,0.0,0.0,0.0,0.0,0,10,0
8QJZ,vina_pose,16,A:LP5:303,L:UNL:1,RDKit,48,11.790670821317448,6,7.849468294094828,NA,NA,10,6,attractive_charge=2;hydrogen_bonds=4;ionic=2;salt_bridge=2,attractive_charge=1;hydrogen_bonds=3;ionic=1;salt_bridge=1,0.2222222222222222,0.25,0.23529411764705882,0.13333333333333333,2,8,9,0.0,0.0,0.0,0.0,0,10,6
8QJZ,vina_pose,17,A:LP5:303,L:UNL:1,RDKit,48,10.192574291487897,6,9.352708484711794,NA,NA,10,5,attractive_charge=2;hydrogen_bonds=4;ionic=2;salt_bridge=2,attractive_charge=1;hydrogen_bonds=2;ionic=1;salt_bridge=1,0.14285714285714285,0.125,0.13333333333333333,0.07142857142857142,1,8,7,0.8,0.4,0.5333333333333333,0.36363636363636365,4,10,5
8QJZ,vina_pose,18,A:LP5:303,L:UNL:1,RDKit,48,9.947198061305171,6,13.808223805640848,NA,NA,10,3,attractive_charge=2;hydrogen_bonds=4;ionic=2;salt_bridge=2,attractive_charge=1;ionic=1;salt_bridge=1,0.0,0.0,0.0,0.0,0,8,10,0.0,0.0,0.0,0.0,0,10,3
8QJZ,vina_pose,19,A:LP5:303,L:UNL:1,RDKit,48,11.024743002484609,6,9.28669123890025,NA,NA,10,7,attractive_charge=2;hydrogen_bonds=4;ionic=2;salt_bridge=2,attractive_charge=1;hydrogen_bonds=4;ionic=1;salt_bridge=1,0.2,0.25,0.22222222222222224,0.125,2,8,10,0.5714285714285714,0.4,0.47058823529411764,0.3076923076923077,4,10,7
8QJZ,vina_pose,20,A:LP5:303,L:UNL:1,RDKit,48,12.116483655197438,6,16.248914030379588,NA,NA,10,0,attractive_charge=2;hydrogen_bonds=4;ionic=2;salt_bridge=2,none=0,0.0,0.0,0.0,0.0,0,8,3,0.0,0.0,0.0,0.0,0,10,0
8T5T,boltz,1,A:STE:310,B:STE:1,RDKit,20,7.893992105413814,3,13.903331464197903,195,3.173439362081575,2,0,hydrogen_bonds=2,none=0,0.0,0.0,0.0,0.0,0,7,6,0.0,0.0,0.0,0.0,0,2,0
8T5T,vina_pose,1,A:STE:310,L:UNL:1,RDKit,20,5.266855399571931,3,1.864410451948105,NA,NA,2,2,hydrogen_bonds=2,hydrogen_bonds=2,1.0,0.7142857142857143,0.8333333333333333,0.7142857142857143,5,7,5,1.0,1.0,1.0,1.0,2,2,2
8T5T,vina_pose,2,A:STE:310,L:UNL:1,RDKit,20,3.57888755760781,3,1.8667280644664523,NA,NA,2,2,hydrogen_bonds=2,hydrogen_bonds=2,0.625,0.7142857142857143,0.6666666666666666,0.5,5,7,8,0.5,0.5,0.5,0.3333333333333333,1,2,2
8T5T,vina_pose,3,A:STE:310,L:UNL:1,RDKit,20,2.416930294816134,3,3.1223990242546953,NA,NA,2,0,hydrogen_bonds=2,none=0,1.0,0.5714285714285714,0.7272727272727273,0.5714285714285714,4,7,4,0.0,0.0,0.0,0.0,0,2,0
8T5T,vina_pose,4,A:STE:310,L:UNL:1,RDKit,20,2.7357116167461806,3,3.4577039587950065,NA,NA,2,0,hydrogen_bonds=2,none=0,0.5714285714285714,0.5714285714285714,0.5714285714285714,0.4,4,7,7,0.0,0.0,0.0,0.0,0,2,0
8T5T,vina_pose,5,A:STE:310,L:UNL:1,RDKit,20,2.7463366326799785,3,1.3205440797893349,NA,NA,2,2,hydrogen_bonds=2,hydrogen_bonds=2,1.0,0.7142857142857143,0.8333333333333333,0.7142857142857143,5,7,5,1.0,1.0,1.0,1.0,2,2,2
8T5T,vina_pose,6,A:STE:310,L:UNL:1,RDKit,20,6.33383663351053,3,7.485691595748965,NA,NA,2,0,hydrogen_bonds=2,none=0,0.0,0.0,0.0,0.0,0,7,5,0.0,0.0,0.0,0.0,0,2,0
8T5T,vina_pose,7,A:STE:310,L:UNL:1,RDKit,20,5.30432416995794,3,1.9615252568685755,NA,NA,2,2,hydrogen_bonds=2,hydrogen_bonds=2,1.0,0.7142857142857143,0.8333333333333333,0.7142857142857143,5,7,5,1.0,1.0,1.0,1.0,2,2,2
8T5T,vina_pose,8,A:STE:310,L:UNL:1,RDKit,20,4.909450498782934,3,1.2839160149064766,NA,NA,2,2,hydrogen_bonds=2,hydrogen_bonds=2,0.8333333333333334,0.7142857142857143,0.7692307692307692,0.625,5,7,6,1.0,1.0,1.0,1.0,2,2,2
8T5T,vina_pose,9,A:STE:310,L:UNL:1,RDKit,20,4.455030297315608,3,1.4431838644700368,NA,NA,2,2,hydrogen_bonds=2,hydrogen_bonds=2,0.8333333333333334,0.7142857142857143,0.7692307692307692,0.625,5,7,6,1.0,1.0,1.0,1.0,2,2,2
8T5T,vina_pose,10,A:STE:310,L:UNL:1,RDKit,20,5.189700237007915,3,1.4607982977354068,NA,NA,2,2,hydrogen_bonds=2,hydrogen_bonds=2,0.8333333333333334,0.7142857142857143,0.7692307692307692,0.625,5,7,6,1.0,1.0,1.0,1.0,2,2,2
8T5T,vina_pose,11,A:STE:310,L:UNL:1,RDKit,20,3.478023756388101,3,2.447074103223412,NA,NA,2,1,hydrogen_bonds=2,hydrogen_bonds=1,0.7142857142857143,0.7142857142857143,0.7142857142857143,0.5555555555555556,5,7,7,1.0,0.5,0.6666666666666666,0.5,1,2,1
8T5T,vina_pose,12,A:STE:310,L:UNL:1,RDKit,20,3.7925242912867407,3,4.938552790713756,NA,NA,2,0,hydrogen_bonds=2,none=0,0.4,0.2857142857142857,0.3333333333333333,0.2,2,7,5,0.0,0.0,0.0,0.0,0,2,0
8T5T,vina_pose,13,A:STE:310,L:UNL:1,RDKit,20,5.883647533630818,3,7.70578018978827,NA,NA,2,0,hydrogen_bonds=2,none=0,0.2222222222222222,0.2857142857142857,0.25,0.14285714285714285,2,7,9,0.0,0.0,0.0,0.0,0,2,0
8T5T,vina_pose,14,A:STE:310,L:UNL:1,RDKit,20,5.580420651707181,3,7.945410687938039,NA,NA,2,0,hydrogen_bonds=2,none=0,0.125,0.14285714285714285,0.13333333333333333,0.07142857142857142,1,7,8,0.0,0.0,0.0,0.0,0,2,0
8T5T,vina_pose,15,A:STE:310,L:UNL:1,RDKit,20,4.294909312197407,3,2.179589946144306,NA,NA,2,3,hydrogen_bonds=2,hydrogen_bonds=3,0.6666666666666666,0.8571428571428571,0.75,0.6,6,7,9,0.3333333333333333,0.5,0.4,0.25,1,2,3
8T5T,vina_pose,16,A:STE:310,L:UNL:1,RDKit,20,4.385664801372763,3,1.869957575276329,NA,NA,2,3,hydrogen_bonds=2,hydrogen_bonds=3,0.625,0.7142857142857143,0.6666666666666666,0.5,5,7,8,0.3333333333333333,0.5,0.4,0.25,1,2,3
8T5T,vina_pose,17,A:STE:310,L:UNL:1,RDKit,20,4.719643996108181,3,2.3647423397345726,NA,NA,2,1,hydrogen_bonds=2,hydrogen_bonds=1,0.625,0.7142857142857143,0.6666666666666666,0.5,5,7,8,1.0,0.5,0.6666666666666666,0.5,1,2,1
8T5T,vina_pose,18,A:STE:310,L:UNL:1,RDKit,20,6.321838897820792,3,7.998408237476587,NA,NA,2,0,hydrogen_bonds=2,none=0,0.25,0.14285714285714285,0.18181818181818182,0.1,1,7,4,0.0,0.0,0.0,0.0,0,2,0
8T5T,vina_pose,19,A:STE:310,L:UNL:1,RDKit,20,6.071944515556775,3,7.372538120168206,NA,NA,2,0,hydrogen_bonds=2,none=0,0.25,0.2857142857142857,0.26666666666666666,0.15384615384615385,2,7,8,0.0,0.0,0.0,0.0,0,2,0
8T5T,vina_pose,20,A:STE:310,L:UNL:1,RDKit,20,5.894342079486055,3,7.634384170754483,NA,NA,2,1,hydrogen_bonds=2,hydrogen_bonds=1,0.14285714285714285,0.14285714285714285,0.14285714285714285,0.07692307692307693,1,7,7,0.0,0.0,0.0,0.0,0,2,1
