{
    "confidence_score": 0.9607195258140564,
    "ptm": 0.9677603244781494,
    "iptm": 0.9362633228302002,
    "ligand_iptm": 0.9362633228302002,
    "protein_iptm": 0.0,
    "complex_plddt": 0.9668334722518921,
    "complex_iplddt": 0.9226121306419373,
    "complex_pde": 0.3428240418434143,
    "complex_ipde": 0.5500181913375854,
    "chains_ptm": {
        "0": 0.9725347757339478,
        "1": 0.8053243160247803
    },
    "pair_chains_iptm": {
        "0": {
            "0": 0.9725347757339478,
            "1": 0.605525016784668
        },
        "1": {
            "0": 0.9362633228302002,
            "1": 0.8053243160247803
        }
    }
}