{
    "confidence_score": 0.9748085141181946,
    "ptm": 0.9863484501838684,
    "iptm": 0.9642953872680664,
    "ligand_iptm": 0.9642953872680664,
    "protein_iptm": 0.0,
    "complex_plddt": 0.9774367213249207,
    "complex_iplddt": 0.9497936964035034,
    "complex_pde": 0.3035593330860138,
    "complex_ipde": 0.42196717858314514,
    "chains_ptm": {
        "0": 0.9896445870399475,
        "1": 0.8714943528175354
    },
    "pair_chains_iptm": {
        "0": {
            "0": 0.9896445870399475,
            "1": 0.6632502675056458
        },
        "1": {
            "0": 0.9642953872680664,
            "1": 0.8714943528175354
        }
    }
}