{
    "confidence_score": 0.9477278590202332,
    "ptm": 0.9787032008171082,
    "iptm": 0.9683915376663208,
    "ligand_iptm": 0.9683915376663208,
    "protein_iptm": 0.0,
    "complex_plddt": 0.9425619840621948,
    "complex_iplddt": 0.900307297706604,
    "complex_pde": 0.353162944316864,
    "complex_ipde": 0.5097832083702087,
    "chains_ptm": {
        "0": 0.9824811220169067,
        "1": 0.9214749932289124
    },
    "pair_chains_iptm": {
        "0": {
            "0": 0.9824811220169067,
            "1": 0.8467122316360474
        },
        "1": {
            "0": 0.9683915376663208,
            "1": 0.9214749932289124
        }
    }
}