{
    "affinity_pred_value": -1.5811197757720947,
    "affinity_probability_binary": 0.9480985999107361,
    "affinity_pred_value1": -1.4480961561203003,
    "affinity_probability_binary1": 0.9403553009033203,
    "affinity_pred_value2": -1.7141432762145996,
    "affinity_probability_binary2": 0.9558418989181519
}