{
    "confidence_score": 0.9751760363578796,
    "ptm": 0.9595747590065002,
    "iptm": 0.9641270637512207,
    "ligand_iptm": 0.9641270637512207,
    "protein_iptm": 0.0,
    "complex_plddt": 0.9779383540153503,
    "complex_iplddt": 0.9727568030357361,
    "complex_pde": 0.3096095323562622,
    "complex_ipde": 0.39578977227211,
    "chains_ptm": {
        "0": 0.9592377543449402,
        "1": 0.9104129076004028
    },
    "pair_chains_iptm": {
        "0": {
            "0": 0.9592377543449402,
            "1": 0.7703360319137573
        },
        "1": {
            "0": 0.9641270637512207,
            "1": 0.9104129076004028
        }
    }
}