{
    "confidence_score": 0.9026644825935364,
    "ptm": 0.9272326827049255,
    "iptm": 0.862960159778595,
    "ligand_iptm": 0.862960159778595,
    "protein_iptm": 0.0,
    "complex_plddt": 0.9125905632972717,
    "complex_iplddt": 0.8618695139884949,
    "complex_pde": 0.551858127117157,
    "complex_ipde": 1.1542507410049438,
    "chains_ptm": {
        "0": 0.9477462768554688,
        "1": 0.7012450098991394
    },
    "pair_chains_iptm": {
        "0": {
            "0": 0.9477462768554688,
            "1": 0.40232053399086
        },
        "1": {
            "0": 0.862960159778595,
            "1": 0.7012450098991394
        }
    }
}