{
    "confidence_score": 0.972337543964386,
    "ptm": 0.9833565950393677,
    "iptm": 0.9641804695129395,
    "ligand_iptm": 0.9641804695129395,
    "protein_iptm": 0.0,
    "complex_plddt": 0.9743767380714417,
    "complex_iplddt": 0.9428566098213196,
    "complex_pde": 0.30635926127433777,
    "complex_ipde": 0.40237757563591003,
    "chains_ptm": {
        "0": 0.9864566326141357,
        "1": 0.8532176613807678
    },
    "pair_chains_iptm": {
        "0": {
            "0": 0.9864566326141357,
            "1": 0.6481989622116089
        },
        "1": {
            "0": 0.9641804695129395,
            "1": 0.8532176613807678
        }
    }
}