{
    "confidence_score": 0.9463602304458618,
    "ptm": 0.9612727761268616,
    "iptm": 0.951737105846405,
    "ligand_iptm": 0.951737105846405,
    "protein_iptm": 0.0,
    "complex_plddt": 0.9450159668922424,
    "complex_iplddt": 0.891825258731842,
    "complex_pde": 0.41281190514564514,
    "complex_ipde": 0.6982370018959045,
    "chains_ptm": {
        "0": 0.963638961315155,
        "1": 0.8784791827201843
    },
    "pair_chains_iptm": {
        "0": {
            "0": 0.963638961315155,
            "1": 0.7545682191848755
        },
        "1": {
            "0": 0.951737105846405,
            "1": 0.8784791827201843
        }
    }
}