{
    "affinity_pred_value": 0.6503678560256958,
    "affinity_probability_binary": 0.5532674193382263,
    "affinity_pred_value1": 1.3182387351989746,
    "affinity_probability_binary1": 0.6629838943481445,
    "affinity_pred_value2": -0.01750298961997032,
    "affinity_probability_binary2": 0.4435509741306305
}