{
    "confidence_score": 0.9310044646263123,
    "ptm": 0.9610875844955444,
    "iptm": 0.8985676765441895,
    "ligand_iptm": 0.8985676765441895,
    "protein_iptm": 0.0,
    "complex_plddt": 0.9391136169433594,
    "complex_iplddt": 0.8584088683128357,
    "complex_pde": 0.3761281967163086,
    "complex_ipde": 0.6850905418395996,
    "chains_ptm": {
        "0": 0.9711642861366272,
        "1": 0.7483102679252625
    },
    "pair_chains_iptm": {
        "0": {
            "0": 0.9711642861366272,
            "1": 0.38840246200561523
        },
        "1": {
            "0": 0.8985676765441895,
            "1": 0.7483102679252625
        }
    }
}