{
    "confidence_score": 0.8705563545227051,
    "ptm": 0.9133114814758301,
    "iptm": 0.8814727663993835,
    "ligand_iptm": 0.8814727663993835,
    "protein_iptm": 0.0,
    "complex_plddt": 0.8678272366523743,
    "complex_iplddt": 0.7193831205368042,
    "complex_pde": 0.5112676620483398,
    "complex_ipde": 1.1847468614578247,
    "chains_ptm": {
        "0": 0.9165769219398499,
        "1": 0.7410305142402649
    },
    "pair_chains_iptm": {
        "0": {
            "0": 0.9165769219398499,
            "1": 0.34486502408981323
        },
        "1": {
            "0": 0.8814727663993835,
            "1": 0.7410305142402649
        }
    }
}