{
    "confidence_score": 0.9603643417358398,
    "ptm": 0.9717066287994385,
    "iptm": 0.9393265247344971,
    "ligand_iptm": 0.9393265247344971,
    "protein_iptm": 0.0,
    "complex_plddt": 0.9656237959861755,
    "complex_iplddt": 0.9211952090263367,
    "complex_pde": 0.33800065517425537,
    "complex_ipde": 0.5440727472305298,
    "chains_ptm": {
        "0": 0.9767714738845825,
        "1": 0.8275721669197083
    },
    "pair_chains_iptm": {
        "0": {
            "0": 0.9767714738845825,
            "1": 0.6490412950515747
        },
        "1": {
            "0": 0.9393265247344971,
            "1": 0.8275721669197083
        }
    }
}