{
    "confidence_score": 0.8285819888114929,
    "ptm": 0.8596561551094055,
    "iptm": 0.6666823029518127,
    "ligand_iptm": 0.6666823029518127,
    "protein_iptm": 0.0,
    "complex_plddt": 0.8690569400787354,
    "complex_iplddt": 0.7452971339225769,
    "complex_pde": 1.3918542861938477,
    "complex_ipde": 3.7821826934814453,
    "chains_ptm": {
        "0": 0.9650042057037354,
        "1": 0.7107348442077637
    },
    "pair_chains_iptm": {
        "0": {
            "0": 0.9650042057037354,
            "1": 0.2233704924583435
        },
        "1": {
            "0": 0.6666823029518127,
            "1": 0.7107348442077637
        }
    }
}