{
    "confidence_score": 0.8698865175247192,
    "ptm": 0.7546083331108093,
    "iptm": 0.823356568813324,
    "ligand_iptm": 0.823356568813324,
    "protein_iptm": 0.0,
    "complex_plddt": 0.8815189599990845,
    "complex_iplddt": 0.7306159138679504,
    "complex_pde": 0.6122826933860779,
    "complex_ipde": 2.5358779430389404,
    "chains_ptm": {
        "0": 0.7654628753662109,
        "1": 0.7995766401290894
    },
    "pair_chains_iptm": {
        "0": {
            "0": 0.7654628753662109,
            "1": 0.26330599188804626
        },
        "1": {
            "0": 0.823356568813324,
            "1": 0.7995766401290894
        }
    }
}