{
    "confidence_score": 0.9081704020500183,
    "ptm": 0.960839569568634,
    "iptm": 0.9232705235481262,
    "ligand_iptm": 0.9232705235481262,
    "protein_iptm": 0.0,
    "complex_plddt": 0.904395341873169,
    "complex_iplddt": 0.8218079805374146,
    "complex_pde": 0.49001652002334595,
    "complex_ipde": 0.8283984661102295,
    "chains_ptm": {
        "0": 0.9800904989242554,
        "1": 0.9397157430648804,
        "2": 0.9265517592430115,
        "3": 0.9227360486984253
    },
    "pair_chains_iptm": {
        "0": {
            "0": 0.9800904989242554,
            "1": 0.7530388832092285,
            "2": 0.20675775408744812,
            "3": 0.1992001086473465
        },
        "1": {
            "0": 0.9354611039161682,
            "1": 0.9397157430648804,
            "2": 0.16397731006145477,
            "3": 0.33509472012519836
        },
        "2": {
            "0": 0.887963593006134,
            "1": 0.6350330710411072,
            "2": 0.9265517592430115,
            "3": 0.13312780857086182
        },
        "3": {
            "0": 0.8887541890144348,
            "1": 0.72150719165802,
            "2": 0.15613259375095367,
            "3": 0.9227360486984253
        }
    }
}