{
    "confidence_score": 0.9683713316917419,
    "ptm": 0.9727620482444763,
    "iptm": 0.9638195633888245,
    "ligand_iptm": 0.9638195633888245,
    "protein_iptm": 0.0,
    "complex_plddt": 0.9695091843605042,
    "complex_iplddt": 0.9515380859375,
    "complex_pde": 0.34955310821533203,
    "complex_ipde": 0.50798100233078,
    "chains_ptm": {
        "0": 0.97688227891922,
        "1": 0.9417437314987183
    },
    "pair_chains_iptm": {
        "0": {
            "0": 0.97688227891922,
            "1": 0.8197824954986572
        },
        "1": {
            "0": 0.9638195633888245,
            "1": 0.9417437314987183
        }
    }
}