{
    "confidence_score": 0.9570536017417908,
    "ptm": 0.963250994682312,
    "iptm": 0.9513518810272217,
    "ligand_iptm": 0.9513518810272217,
    "protein_iptm": 0.0,
    "complex_plddt": 0.9584790468215942,
    "complex_iplddt": 0.9365342855453491,
    "complex_pde": 0.37067320942878723,
    "complex_ipde": 0.6256287097930908,
    "chains_ptm": {
        "0": 0.9644523859024048,
        "1": 0.7951730489730835
    },
    "pair_chains_iptm": {
        "0": {
            "0": 0.9644523859024048,
            "1": 0.4885115325450897
        },
        "1": {
            "0": 0.9513518810272217,
            "1": 0.7951730489730835
        }
    }
}