{
    "confidence_score": 0.9229426383972168,
    "ptm": 0.9503902196884155,
    "iptm": 0.9595643877983093,
    "ligand_iptm": 0.9595643877983093,
    "protein_iptm": 0.0,
    "complex_plddt": 0.9137871861457825,
    "complex_iplddt": 0.8873764872550964,
    "complex_pde": 0.4697825312614441,
    "complex_ipde": 0.7427163124084473,
    "chains_ptm": {
        "0": 0.9509286880493164,
        "1": 0.9290266036987305
    },
    "pair_chains_iptm": {
        "0": {
            "0": 0.9509286880493164,
            "1": 0.6892961859703064
        },
        "1": {
            "0": 0.9595643877983093,
            "1": 0.9290266036987305
        }
    }
}