{
    "confidence_score": 0.9769359827041626,
    "ptm": 0.9880464673042297,
    "iptm": 0.9699938893318176,
    "ligand_iptm": 0.9699938893318176,
    "protein_iptm": 0.0,
    "complex_plddt": 0.9786714315414429,
    "complex_iplddt": 0.9508023858070374,
    "complex_pde": 0.30194059014320374,
    "complex_ipde": 0.3937271237373352,
    "chains_ptm": {
        "0": 0.9909423589706421,
        "1": 0.8754506707191467
    },
    "pair_chains_iptm": {
        "0": {
            "0": 0.9909423589706421,
            "1": 0.7010871767997742
        },
        "1": {
            "0": 0.9699938893318176,
            "1": 0.8754506707191467
        }
    }
}