{
    "affinity_pred_value": 0.40675094723701477,
    "affinity_probability_binary": 0.593317985534668,
    "affinity_pred_value1": 0.8454257249832153,
    "affinity_probability_binary1": 0.6256318688392639,
    "affinity_pred_value2": -0.031923841685056686,
    "affinity_probability_binary2": 0.5610041618347168
}