{
    "confidence_score": 0.8799425959587097,
    "ptm": 0.9206492900848389,
    "iptm": 0.9197660684585571,
    "ligand_iptm": 0.9197660684585571,
    "protein_iptm": 0.0,
    "complex_plddt": 0.8699867725372314,
    "complex_iplddt": 0.8485248684883118,
    "complex_pde": 0.43940067291259766,
    "complex_ipde": 0.5796602964401245,
    "chains_ptm": {
        "0": 0.9217466115951538,
        "1": 0.8947268128395081
    },
    "pair_chains_iptm": {
        "0": {
            "0": 0.9217466115951538,
            "1": 0.7534348368644714
        },
        "1": {
            "0": 0.9197660684585571,
            "1": 0.8947268128395081
        }
    }
}