{
    "confidence_score": 0.9322369694709778,
    "ptm": 0.9486977458000183,
    "iptm": 0.9581806659698486,
    "ligand_iptm": 0.9581806659698486,
    "protein_iptm": 0.0,
    "complex_plddt": 0.9257510304450989,
    "complex_iplddt": 0.8951910734176636,
    "complex_pde": 0.4689370095729828,
    "complex_ipde": 0.8529785871505737,
    "chains_ptm": {
        "0": 0.9479720592498779,
        "1": 0.9130848050117493
    },
    "pair_chains_iptm": {
        "0": {
            "0": 0.9479720592498779,
            "1": 0.6344361305236816
        },
        "1": {
            "0": 0.9581806659698486,
            "1": 0.9130848050117493
        }
    }
}