{
    "confidence_score": 0.9668623805046082,
    "ptm": 0.9771504998207092,
    "iptm": 0.9540035128593445,
    "ligand_iptm": 0.9540035128593445,
    "protein_iptm": 0.0,
    "complex_plddt": 0.9700770974159241,
    "complex_iplddt": 0.9624805450439453,
    "complex_pde": 0.3162037134170532,
    "complex_ipde": 0.4845879375934601,
    "chains_ptm": {
        "0": 0.9803372621536255,
        "1": 0.890950083732605
    },
    "pair_chains_iptm": {
        "0": {
            "0": 0.9803372621536255,
            "1": 0.6594353914260864
        },
        "1": {
            "0": 0.9540035128593445,
            "1": 0.890950083732605
        }
    }
}