{
    "confidence_score": 0.9616357684135437,
    "ptm": 0.9723165035247803,
    "iptm": 0.9418837428092957,
    "ligand_iptm": 0.9418837428092957,
    "protein_iptm": 0.0,
    "complex_plddt": 0.9665737748146057,
    "complex_iplddt": 0.9207900166511536,
    "complex_pde": 0.3336574137210846,
    "complex_ipde": 0.5323487520217896,
    "chains_ptm": {
        "0": 0.9768242239952087,
        "1": 0.8262658715248108
    },
    "pair_chains_iptm": {
        "0": {
            "0": 0.9768242239952087,
            "1": 0.6349979043006897
        },
        "1": {
            "0": 0.9418837428092957,
            "1": 0.8262658715248108
        }
    }
}