{
    "confidence_score": 0.9712252020835876,
    "ptm": 0.9827359914779663,
    "iptm": 0.9575342535972595,
    "ligand_iptm": 0.9575342535972595,
    "protein_iptm": 0.0,
    "complex_plddt": 0.9746478796005249,
    "complex_iplddt": 0.9465169906616211,
    "complex_pde": 0.31224584579467773,
    "complex_ipde": 0.4444877803325653,
    "chains_ptm": {
        "0": 0.9866651296615601,
        "1": 0.8590213656425476
    },
    "pair_chains_iptm": {
        "0": {
            "0": 0.9866651296615601,
            "1": 0.6376570463180542
        },
        "1": {
            "0": 0.9575342535972595,
            "1": 0.8590213656425476
        }
    }
}