{
    "confidence_score": 0.9735800623893738,
    "ptm": 0.9826076030731201,
    "iptm": 0.9460870623588562,
    "ligand_iptm": 0.9460870623588562,
    "protein_iptm": 0.0,
    "complex_plddt": 0.980453372001648,
    "complex_iplddt": 0.9590446949005127,
    "complex_pde": 0.3606847822666168,
    "complex_ipde": 0.5145318508148193,
    "chains_ptm": {
        "0": 0.9899681806564331,
        "1": 0.794750988483429
    },
    "pair_chains_iptm": {
        "0": {
            "0": 0.9899681806564331,
            "1": 0.5899783372879028
        },
        "1": {
            "0": 0.9460870623588562,
            "1": 0.794750988483429
        }
    }
}