{
    "confidence_score": 0.9316970705986023,
    "ptm": 0.9566771984100342,
    "iptm": 0.9282099604606628,
    "ligand_iptm": 0.9282099604606628,
    "protein_iptm": 0.0,
    "complex_plddt": 0.9325688481330872,
    "complex_iplddt": 0.8601549863815308,
    "complex_pde": 0.41567954421043396,
    "complex_ipde": 0.6487173438072205,
    "chains_ptm": {
        "0": 0.9621623754501343,
        "1": 0.7676293253898621
    },
    "pair_chains_iptm": {
        "0": {
            "0": 0.9621623754501343,
            "1": 0.4946264922618866
        },
        "1": {
            "0": 0.9282099604606628,
            "1": 0.7676293253898621
        }
    }
}