{
    "confidence_score": 0.9302443861961365,
    "ptm": 0.9499963521957397,
    "iptm": 0.8927815556526184,
    "ligand_iptm": 0.8927815556526184,
    "protein_iptm": 0.0,
    "complex_plddt": 0.9396100640296936,
    "complex_iplddt": 0.8852999806404114,
    "complex_pde": 0.587982177734375,
    "complex_ipde": 1.1856021881103516,
    "chains_ptm": {
        "0": 0.9619512557983398,
        "1": 0.7510994672775269
    },
    "pair_chains_iptm": {
        "0": {
            "0": 0.9619512557983398,
            "1": 0.4540616571903229
        },
        "1": {
            "0": 0.8927815556526184,
            "1": 0.7510994672775269
        }
    }
}