{
    "confidence_score": 0.9648109674453735,
    "ptm": 0.979846179485321,
    "iptm": 0.9527000188827515,
    "ligand_iptm": 0.9527000188827515,
    "protein_iptm": 0.0,
    "complex_plddt": 0.967838704586029,
    "complex_iplddt": 0.925529420375824,
    "complex_pde": 0.3210093080997467,
    "complex_ipde": 0.4697882831096649,
    "chains_ptm": {
        "0": 0.9835320711135864,
        "1": 0.8538239598274231
    },
    "pair_chains_iptm": {
        "0": {
            "0": 0.9835320711135864,
            "1": 0.6302890777587891
        },
        "1": {
            "0": 0.9527000188827515,
            "1": 0.8538239598274231
        }
    }
}