{
    "confidence_score": 0.9611250758171082,
    "ptm": 0.9807689189910889,
    "iptm": 0.9773339033126831,
    "ligand_iptm": 0.9773339033126831,
    "protein_iptm": 0.0,
    "complex_plddt": 0.957072913646698,
    "complex_iplddt": 0.9354381561279297,
    "complex_pde": 0.3262481987476349,
    "complex_ipde": 0.440346360206604,
    "chains_ptm": {
        "0": 0.9822629690170288,
        "1": 0.9503119587898254
    },
    "pair_chains_iptm": {
        "0": {
            "0": 0.9822629690170288,
            "1": 0.8789411187171936
        },
        "1": {
            "0": 0.9773339033126831,
            "1": 0.9503119587898254
        }
    }
}