{
    "confidence_score": 0.922223687171936,
    "ptm": 0.9521760940551758,
    "iptm": 0.9141232371330261,
    "ligand_iptm": 0.9141232371330261,
    "protein_iptm": 0.0,
    "complex_plddt": 0.9242488145828247,
    "complex_iplddt": 0.9013117551803589,
    "complex_pde": 0.39821797609329224,
    "complex_ipde": 0.7410070300102234,
    "chains_ptm": {
        "0": 0.9557574987411499,
        "1": 0.7843607664108276
    },
    "pair_chains_iptm": {
        "0": {
            "0": 0.9557574987411499,
            "1": 0.3278653919696808
        },
        "1": {
            "0": 0.9141232371330261,
            "1": 0.7843607664108276
        }
    }
}