{
    "confidence_score": 0.9360020756721497,
    "ptm": 0.9433240294456482,
    "iptm": 0.8778543472290039,
    "ligand_iptm": 0.8778543472290039,
    "protein_iptm": 0.0,
    "complex_plddt": 0.9505389928817749,
    "complex_iplddt": 0.8990934491157532,
    "complex_pde": 0.43692323565483093,
    "complex_ipde": 0.8904322385787964,
    "chains_ptm": {
        "0": 0.9599454402923584,
        "1": 0.8820258378982544
    },
    "pair_chains_iptm": {
        "0": {
            "0": 0.9599454402923584,
            "1": 0.5827569961547852
        },
        "1": {
            "0": 0.8778543472290039,
            "1": 0.8820258378982544
        }
    }
}