{
    "affinity_pred_value": 1.3955363035202026,
    "affinity_probability_binary": 0.5210384130477905,
    "affinity_pred_value1": 2.103109359741211,
    "affinity_probability_binary1": 0.7079245448112488,
    "affinity_pred_value2": 0.6879631876945496,
    "affinity_probability_binary2": 0.33415231108665466
}