{
    "confidence_score": 0.9406463503837585,
    "ptm": 0.9676137566566467,
    "iptm": 0.9253939986228943,
    "ligand_iptm": 0.9253939986228943,
    "protein_iptm": 0.0,
    "complex_plddt": 0.9444594979286194,
    "complex_iplddt": 0.887259304523468,
    "complex_pde": 0.3832922577857971,
    "complex_ipde": 0.6534503698348999,
    "chains_ptm": {
        "0": 0.9779999852180481,
        "1": 0.8964546322822571
    },
    "pair_chains_iptm": {
        "0": {
            "0": 0.9779999852180481,
            "1": 0.7528449296951294
        },
        "1": {
            "0": 0.9253939986228943,
            "1": 0.8964546322822571
        }
    }
}