{
    "confidence_score": 0.8929204940795898,
    "ptm": 0.9422566294670105,
    "iptm": 0.8512393832206726,
    "ligand_iptm": 0.8512393832206726,
    "protein_iptm": 0.0,
    "complex_plddt": 0.903340756893158,
    "complex_iplddt": 0.8063494563102722,
    "complex_pde": 0.7261196970939636,
    "complex_ipde": 1.2791978120803833,
    "chains_ptm": {
        "0": 0.9780228734016418,
        "1": 0.6531869173049927,
        "2": 0.7697221040725708,
        "3": 0.9637086987495422
    },
    "pair_chains_iptm": {
        "0": {
            "0": 0.9780228734016418,
            "1": 0.192319855093956,
            "2": 0.4505813419818878,
            "3": 0.4108489155769348
        },
        "1": {
            "0": 0.7734298706054688,
            "1": 0.6531869173049927,
            "2": 0.4358051121234894,
            "3": 0.46141502261161804
        },
        "2": {
            "0": 0.9269672632217407,
            "1": 0.33842000365257263,
            "2": 0.7697221040725708,
            "3": 0.40879955887794495
        },
        "3": {
            "0": 0.926620364189148,
            "1": 0.19913941621780396,
            "2": 0.39066797494888306,
            "3": 0.9637086987495422
        }
    }
}