{
    "confidence_score": 0.9525465369224548,
    "ptm": 0.956652045249939,
    "iptm": 0.9941939115524292,
    "ligand_iptm": 0.9941939115524292,
    "protein_iptm": 0.0,
    "complex_plddt": 0.9421346783638,
    "complex_iplddt": 0.9695813059806824,
    "complex_pde": 0.3215404450893402,
    "complex_ipde": 0.2980416417121887,
    "chains_ptm": {
        "0": 0.9529337286949158,
        "1": 0.9487617015838623
    },
    "pair_chains_iptm": {
        "0": {
            "0": 0.9529337286949158,
            "1": 0.8084012866020203
        },
        "1": {
            "0": 0.9941939115524292,
            "1": 0.9487617015838623
        }
    }
}