{
    "affinity_pred_value": 0.08895885944366455,
    "affinity_probability_binary": 0.6361912488937378,
    "affinity_pred_value1": 0.6513571739196777,
    "affinity_probability_binary1": 0.7696781754493713,
    "affinity_pred_value2": -0.47343945503234863,
    "affinity_probability_binary2": 0.5027042627334595
}