{
    "confidence_score": 0.9550607800483704,
    "ptm": 0.9569395184516907,
    "iptm": 0.9340497255325317,
    "ligand_iptm": 0.9340497255325317,
    "protein_iptm": 0.0,
    "complex_plddt": 0.9603134989738464,
    "complex_iplddt": 0.92095947265625,
    "complex_pde": 0.3546883165836334,
    "complex_ipde": 0.5165181159973145,
    "chains_ptm": {
        "0": 0.962194561958313,
        "1": 0.7412498593330383
    },
    "pair_chains_iptm": {
        "0": {
            "0": 0.962194561958313,
            "1": 0.5442416667938232
        },
        "1": {
            "0": 0.9340497255325317,
            "1": 0.7412498593330383
        }
    }
}