{
    "confidence_score": 0.9561767578125,
    "ptm": 0.9678971767425537,
    "iptm": 0.9528148770332336,
    "ligand_iptm": 0.9528148770332336,
    "protein_iptm": 0.0,
    "complex_plddt": 0.9570172429084778,
    "complex_iplddt": 0.8994438052177429,
    "complex_pde": 0.3215348422527313,
    "complex_ipde": 0.47756052017211914,
    "chains_ptm": {
        "0": 0.9746928215026855,
        "1": 0.9502410888671875,
        "2": 0.9594252705574036
    },
    "pair_chains_iptm": {
        "0": {
            "0": 0.9746928215026855,
            "1": 0.8608585000038147,
            "2": 0.3093540370464325
        },
        "1": {
            "0": 0.960356593132019,
            "1": 0.9502410888671875,
            "2": 0.5780875086784363
        },
        "2": {
            "0": 0.9131012558937073,
            "1": 0.8951292037963867,
            "2": 0.9594252705574036
        }
    }
}