{
    "confidence_score": 0.9439620971679688,
    "ptm": 0.9706829786300659,
    "iptm": 0.969447672367096,
    "ligand_iptm": 0.969447672367096,
    "protein_iptm": 0.0,
    "complex_plddt": 0.9375907182693481,
    "complex_iplddt": 0.8752920031547546,
    "complex_pde": 0.3237936496734619,
    "complex_ipde": 0.4985087811946869,
    "chains_ptm": {
        "0": 0.9708484411239624,
        "1": 0.9198604822158813
    },
    "pair_chains_iptm": {
        "0": {
            "0": 0.9708484411239624,
            "1": 0.7695552110671997
        },
        "1": {
            "0": 0.969447672367096,
            "1": 0.9198604822158813
        }
    }
}