{
    "confidence_score": 0.9127823114395142,
    "ptm": 0.9279096722602844,
    "iptm": 0.9399833679199219,
    "ligand_iptm": 0.9399833679199219,
    "protein_iptm": 0.0,
    "complex_plddt": 0.9059819579124451,
    "complex_iplddt": 0.8428764939308167,
    "complex_pde": 0.4251827299594879,
    "complex_ipde": 0.7129008173942566,
    "chains_ptm": {
        "0": 0.9270038604736328,
        "1": 0.829503059387207
    },
    "pair_chains_iptm": {
        "0": {
            "0": 0.9270038604736328,
            "1": 0.5327605605125427
        },
        "1": {
            "0": 0.9399833679199219,
            "1": 0.829503059387207
        }
    }
}