{
    "confidence_score": 0.9420320391654968,
    "ptm": 0.9624142646789551,
    "iptm": 0.9208593964576721,
    "ligand_iptm": 0.9208593964576721,
    "protein_iptm": 0.0,
    "complex_plddt": 0.9473251700401306,
    "complex_iplddt": 0.876683235168457,
    "complex_pde": 0.3944733440876007,
    "complex_ipde": 0.6325165033340454,
    "chains_ptm": {
        "0": 0.9694394469261169,
        "1": 0.7462478280067444
    },
    "pair_chains_iptm": {
        "0": {
            "0": 0.9694394469261169,
            "1": 0.41892609000205994
        },
        "1": {
            "0": 0.9208593964576721,
            "1": 0.7462478280067444
        }
    }
}