{
    "confidence_score": 0.9247280359268188,
    "ptm": 0.9412861466407776,
    "iptm": 0.8666314482688904,
    "ligand_iptm": 0.8666314482688904,
    "protein_iptm": 0.0,
    "complex_plddt": 0.9392521381378174,
    "complex_iplddt": 0.8825201392173767,
    "complex_pde": 0.5555667877197266,
    "complex_ipde": 1.0497853755950928,
    "chains_ptm": {
        "0": 0.9664801359176636,
        "1": 0.6925155520439148
    },
    "pair_chains_iptm": {
        "0": {
            "0": 0.9664801359176636,
            "1": 0.3880960941314697
        },
        "1": {
            "0": 0.8666314482688904,
            "1": 0.6925155520439148
        }
    }
}