{
    "confidence_score": 0.9138909578323364,
    "ptm": 0.9564588069915771,
    "iptm": 0.8511695265769958,
    "ligand_iptm": 0.8511695265769958,
    "protein_iptm": 0.0,
    "complex_plddt": 0.9295713305473328,
    "complex_iplddt": 0.8078684210777283,
    "complex_pde": 0.41787394881248474,
    "complex_ipde": 1.1488093137741089,
    "chains_ptm": {
        "0": 0.9665073752403259,
        "1": 0.6920070052146912
    },
    "pair_chains_iptm": {
        "0": {
            "0": 0.9665073752403259,
            "1": 0.3480870723724365
        },
        "1": {
            "0": 0.8511695265769958,
            "1": 0.6920070052146912
        }
    }
}