{
    "confidence_score": 0.9265735745429993,
    "ptm": 0.9562737345695496,
    "iptm": 0.9255287647247314,
    "ligand_iptm": 0.9255287647247314,
    "protein_iptm": 0.0,
    "complex_plddt": 0.9268348217010498,
    "complex_iplddt": 0.8819629549980164,
    "complex_pde": 0.3823797106742859,
    "complex_ipde": 0.6649133563041687,
    "chains_ptm": {
        "0": 0.9604864120483398,
        "1": 0.7863016128540039
    },
    "pair_chains_iptm": {
        "0": {
            "0": 0.9604864120483398,
            "1": 0.4301180839538574
        },
        "1": {
            "0": 0.9255287647247314,
            "1": 0.7863016128540039
        }
    }
}