{
    "confidence_score": 0.9743582606315613,
    "ptm": 0.9698059558868408,
    "iptm": 0.9787439703941345,
    "ligand_iptm": 0.9787439703941345,
    "protein_iptm": 0.0,
    "complex_plddt": 0.9732618927955627,
    "complex_iplddt": 0.9632667899131775,
    "complex_pde": 0.33250656723976135,
    "complex_ipde": 0.4776489734649658,
    "chains_ptm": {
        "0": 0.9695519804954529,
        "1": 0.8798611760139465
    },
    "pair_chains_iptm": {
        "0": {
            "0": 0.9695519804954529,
            "1": 0.6344971060752869
        },
        "1": {
            "0": 0.9787439703941345,
            "1": 0.8798611760139465
        }
    }
}