{
    "confidence_score": 0.9518888592720032,
    "ptm": 0.9595993161201477,
    "iptm": 0.9627874493598938,
    "ligand_iptm": 0.9627874493598938,
    "protein_iptm": 0.0,
    "complex_plddt": 0.9491642117500305,
    "complex_iplddt": 0.9432960152626038,
    "complex_pde": 0.4009859263896942,
    "complex_ipde": 0.6454081535339355,
    "chains_ptm": {
        "0": 0.9596439003944397,
        "1": 0.7853447198867798
    },
    "pair_chains_iptm": {
        "0": {
            "0": 0.9596439003944397,
            "1": 0.540159285068512
        },
        "1": {
            "0": 0.9627874493598938,
            "1": 0.7853447198867798
        }
    }
}