{
    "confidence_score": 0.9452713131904602,
    "ptm": 0.9667245149612427,
    "iptm": 0.9272466897964478,
    "ligand_iptm": 0.9272466897964478,
    "protein_iptm": 0.0,
    "complex_plddt": 0.9497774243354797,
    "complex_iplddt": 0.9045682549476624,
    "complex_pde": 0.37066730856895447,
    "complex_ipde": 0.6355268359184265,
    "chains_ptm": {
        "0": 0.9727897047996521,
        "1": 0.6869040727615356
    },
    "pair_chains_iptm": {
        "0": {
            "0": 0.9727897047996521,
            "1": 0.4599825143814087
        },
        "1": {
            "0": 0.9272466897964478,
            "1": 0.6869040727615356
        }
    }
}