pdbid,method,pose_index,ref_ligand_id,pred_ligand_id,pairing_method,ligand_heavy_atoms,ligand_rmsd,headgroup_atoms,headgroup_rmsd,protein_pairs,protein_rmsd,headgroup_contacts_ref,headgroup_contacts_pred,headgroup_types_ref,headgroup_types_pred,head_env_precision,head_env_recall,head_env_f1,head_env_jaccard,head_env_shared,head_env_ref_size,head_env_pred_size,headgroup_typed_precision,headgroup_typed_recall,headgroup_typed_f1,headgroup_typed_jaccard,headgroup_typed_shared,headgroup_typed_ref_size,headgroup_typed_pred_size
1B56,boltz,1,A:PLM:136,B:PLM:1,RDKit,18,2.1094379371118603,3,1.7625559259698524,133,0.45209804159288164,3,2,hydrogen_bonds=3,hydrogen_bonds=2,0.8333333333333334,1.0,0.9090909090909091,0.8333333333333334,5,5,6,1.0,0.6666666666666666,0.8,0.6666666666666666,2,3,2
1B56,vina_pose,1,A:PLM:136,L:UNL:1,RDKit,18,1.6416770050435896,3,1.776158119838059,NA,NA,3,2,hydrogen_bonds=3,hydrogen_bonds=2,0.75,0.6,0.6666666666666665,0.5,3,5,4,1.0,0.6666666666666666,0.8,0.6666666666666666,2,3,2
1B56,vina_pose,2,A:PLM:136,L:UNL:1,RDKit,18,2.952304344820236,3,2.337091853850279,NA,NA,3,2,hydrogen_bonds=3,hydrogen_bonds=2,0.6,0.6,0.6,0.42857142857142855,3,5,5,1.0,0.6666666666666666,0.8,0.6666666666666666,2,3,2
1B56,vina_pose,3,A:PLM:136,L:UNL:1,RDKit,18,4.747819628231702,3,7.388477560814993,NA,NA,3,3,hydrogen_bonds=3,hydrogen_bonds=3,0.1111111111111111,0.2,0.14285714285714285,0.07692307692307693,1,5,9,0.0,0.0,0.0,0.0,0,3,3
1B56,vina_pose,4,A:PLM:136,L:UNL:1,RDKit,18,6.529964335447954,3,7.41357590280606,NA,NA,3,0,hydrogen_bonds=3,none=0,0.1111111111111111,0.2,0.14285714285714285,0.07692307692307693,1,5,9,0.0,0.0,0.0,0.0,0,3,0
1B56,vina_pose,5,A:PLM:136,L:UNL:1,RDKit,18,7.28786322898862,3,8.991838910923615,NA,NA,3,1,hydrogen_bonds=3,hydrogen_bonds=1,0.0,0.0,0.0,0.0,0,5,8,0.0,0.0,0.0,0.0,0,3,1
1B56,vina_pose,6,A:PLM:136,L:UNL:1,RDKit,18,6.290356079834521,3,7.545435308847332,NA,NA,3,1,hydrogen_bonds=3,hydrogen_bonds=1,0.0,0.0,0.0,0.0,0,5,7,0.0,0.0,0.0,0.0,0,3,1
1B56,vina_pose,7,A:PLM:136,L:UNL:1,RDKit,18,6.356692378902727,3,7.644450274545582,NA,NA,3,1,hydrogen_bonds=3,hydrogen_bonds=1,0.14285714285714285,0.2,0.16666666666666666,0.09090909090909091,1,5,7,0.0,0.0,0.0,0.0,0,3,1
1B56,vina_pose,8,A:PLM:136,L:UNL:1,RDKit,18,4.688598215055565,3,3.1589418059428294,NA,NA,3,2,hydrogen_bonds=3,hydrogen_bonds=2,0.4,0.4,0.4000000000000001,0.25,2,5,5,1.0,0.6666666666666666,0.8,0.6666666666666666,2,3,2
1B56,vina_pose,9,A:PLM:136,L:UNL:1,RDKit,18,2.602448174315869,3,1.769870899246607,NA,NA,3,2,hydrogen_bonds=3,hydrogen_bonds=2,1.0,0.8,0.888888888888889,0.8,4,5,4,1.0,0.6666666666666666,0.8,0.6666666666666666,2,3,2
1B56,vina_pose,10,A:PLM:136,L:UNL:1,RDKit,18,5.915967029056948,3,4.9269071434318725,NA,NA,3,1,hydrogen_bonds=3,hydrogen_bonds=1,0.3333333333333333,0.4,0.3636363636363636,0.2222222222222222,2,5,6,1.0,0.3333333333333333,0.5,0.3333333333333333,1,3,1
1B56,vina_pose,11,A:PLM:136,L:UNL:1,RDKit,18,4.2849202313332375,3,7.165315415248654,NA,NA,3,2,hydrogen_bonds=3,hydrogen_bonds=2,0.0,0.0,0.0,0.0,0,5,7,0.0,0.0,0.0,0.0,0,3,2
1B56,vina_pose,12,A:PLM:136,L:UNL:1,RDKit,18,4.298720442695065,3,1.1420036485639342,NA,NA,3,2,hydrogen_bonds=3,hydrogen_bonds=2,0.8,0.8,0.8000000000000002,0.6666666666666666,4,5,5,1.0,0.6666666666666666,0.8,0.6666666666666666,2,3,2
1B56,vina_pose,13,A:PLM:136,L:UNL:1,RDKit,18,5.101547945912539,3,2.4801045676879565,NA,NA,3,2,hydrogen_bonds=3,hydrogen_bonds=2,0.5,0.6,0.5454545454545454,0.375,3,5,6,1.0,0.6666666666666666,0.8,0.6666666666666666,2,3,2
1B56,vina_pose,14,A:PLM:136,L:UNL:1,RDKit,18,6.721395985954108,3,9.518994939943328,NA,NA,3,1,hydrogen_bonds=3,hydrogen_bonds=1,0.0,0.0,0.0,0.0,0,5,8,0.0,0.0,0.0,0.0,0,3,1
1B56,vina_pose,15,A:PLM:136,L:UNL:1,RDKit,18,5.791252378467988,3,8.13403792713066,NA,NA,3,1,hydrogen_bonds=3,hydrogen_bonds=1,0.0,0.0,0.0,0.0,0,5,7,0.0,0.0,0.0,0.0,0,3,1
1B56,vina_pose,16,A:PLM:136,L:UNL:1,RDKit,18,4.06986869840075,3,7.117374820348673,NA,NA,3,3,hydrogen_bonds=3,hydrogen_bonds=3,0.16666666666666666,0.2,0.1818181818181818,0.1,1,5,6,0.0,0.0,0.0,0.0,0,3,3
1B56,vina_pose,17,A:PLM:136,L:UNL:1,RDKit,18,2.1831936723779477,3,1.8860765272561626,NA,NA,3,2,hydrogen_bonds=3,hydrogen_bonds=2,0.8,0.8,0.8000000000000002,0.6666666666666666,4,5,5,1.0,0.6666666666666666,0.8,0.6666666666666666,2,3,2
1B56,vina_pose,18,A:PLM:136,L:UNL:1,RDKit,18,5.094294602788496,3,7.431593346427579,NA,NA,3,3,hydrogen_bonds=3,hydrogen_bonds=3,0.1111111111111111,0.2,0.14285714285714285,0.07692307692307693,1,5,9,0.0,0.0,0.0,0.0,0,3,3
1B56,vina_pose,19,A:PLM:136,L:UNL:1,RDKit,18,3.0287753942623237,3,2.888235620582226,NA,NA,3,2,hydrogen_bonds=3,hydrogen_bonds=2,0.4,0.4,0.4000000000000001,0.25,2,5,5,1.0,0.6666666666666666,0.8,0.6666666666666666,2,3,2
1B56,vina_pose,20,A:PLM:136,L:UNL:1,RDKit,18,2.0990881353578286,3,2.203490866783886,NA,NA,3,2,hydrogen_bonds=3,hydrogen_bonds=2,0.6,0.6,0.6,0.42857142857142855,3,5,5,1.0,0.6666666666666666,0.8,0.6666666666666666,2,3,2
1DSY,boltz,1,A:PSF:401,B:PSF:1,RDKit_partial_pred,25,12.786540322399166,7,12.981365629905198,137,0.4062292839289706,5,4,attractive_charge=1;hydrogen_bonds=2;ionic=1;salt_bridge=1,attractive_charge=1;hydrogen_bonds=1;ionic=1;salt_bridge=1,0.2,0.1,0.13333333333333333,0.07142857142857142,1,10,5,0.0,0.0,0.0,0.0,0,5,4
1DSY,vina_pose,1,A:PSF:401,L:UNK:1,RDKit,25,4.302387309389986,7,2.041742952899382,NA,NA,5,5,attractive_charge=1;hydrogen_bonds=2;ionic=1;salt_bridge=1,attractive_charge=1;hydrogen_bonds=2;ionic=1;salt_bridge=1,1.0,0.9,0.9473684210526316,0.9,9,10,9,0.8,0.8,0.8000000000000002,0.6666666666666666,4,5,5
1DSY,vina_pose,2,A:PSF:401,L:UNK:1,RDKit,25,4.3288984926884115,7,3.3555301688832597,NA,NA,5,0,attractive_charge=1;hydrogen_bonds=2;ionic=1;salt_bridge=1,none=0,1.0,0.5,0.6666666666666666,0.5,5,10,5,0.0,0.0,0.0,0.0,0,5,0
1DSY,vina_pose,3,A:PSF:401,L:UNK:1,RDKit,25,4.159865795912172,7,1.6292263282219046,NA,NA,5,7,attractive_charge=1;hydrogen_bonds=2;ionic=1;salt_bridge=1,attractive_charge=1;hydrogen_bonds=4;ionic=1;salt_bridge=1,0.875,0.7,0.7777777777777777,0.6363636363636364,7,10,8,0.7142857142857143,1.0,0.8333333333333333,0.7142857142857143,5,5,7
1DSY,vina_pose,4,A:PSF:401,L:UNK:1,RDKit,25,5.866371447496315,7,4.004056514514821,NA,NA,5,1,attractive_charge=1;hydrogen_bonds=2;ionic=1;salt_bridge=1,hydrogen_bonds=1,1.0,0.5,0.6666666666666666,0.5,5,10,5,0.0,0.0,0.0,0.0,0,5,1
1DSY,vina_pose,5,A:PSF:401,L:UNK:1,RDKit,25,5.69645791698666,7,2.2236452697573617,NA,NA,5,6,attractive_charge=1;hydrogen_bonds=2;ionic=1;salt_bridge=1,attractive_charge=1;hydrogen_bonds=3;ionic=1;salt_bridge=1,1.0,0.9,0.9473684210526316,0.9,9,10,9,0.8333333333333334,1.0,0.9090909090909091,0.8333333333333334,5,5,6
1DSY,vina_pose,6,A:PSF:401,L:UNK:1,RDKit,25,4.136274255897449,7,3.8563445867075434,NA,NA,5,2,attractive_charge=1;hydrogen_bonds=2;ionic=1;salt_bridge=1,hydrogen_bonds=2,1.0,0.5,0.6666666666666666,0.5,5,10,5,0.0,0.0,0.0,0.0,0,5,2
1DSY,vina_pose,7,A:PSF:401,L:UNK:1,RDKit,25,5.125565049826215,7,1.849316939536635,NA,NA,5,8,attractive_charge=1;hydrogen_bonds=2;ionic=1;salt_bridge=1,attractive_charge=2;hydrogen_bonds=2;ionic=2;salt_bridge=2,1.0,0.8,0.888888888888889,0.8,8,10,8,0.625,1.0,0.7692307692307693,0.625,5,5,8
1DSY,vina_pose,8,A:PSF:401,L:UNK:1,RDKit,25,3.709013157161888,7,2.0744707758847807,NA,NA,5,6,attractive_charge=1;hydrogen_bonds=2;ionic=1;salt_bridge=1,attractive_charge=1;hydrogen_bonds=3;ionic=1;salt_bridge=1,1.0,0.8,0.888888888888889,0.8,8,10,8,0.6666666666666666,0.8,0.7272727272727272,0.5714285714285714,4,5,6
1DSY,vina_pose,9,A:PSF:401,L:UNK:1,RDKit,25,3.274142733602187,7,1.7832237260486579,NA,NA,5,8,attractive_charge=1;hydrogen_bonds=2;ionic=1;salt_bridge=1,attractive_charge=2;hydrogen_bonds=2;ionic=2;salt_bridge=2,0.875,0.7,0.7777777777777777,0.6363636363636364,7,10,8,0.5,0.8,0.6153846153846154,0.4444444444444444,4,5,8
1DSY,vina_pose,10,A:PSF:401,L:UNK:1,RDKit,25,5.135079029576858,7,4.672934929692779,NA,NA,5,7,attractive_charge=1;hydrogen_bonds=2;ionic=1;salt_bridge=1,attractive_charge=2;hydrogen_bonds=1;ionic=2;salt_bridge=2,0.75,0.3,0.4285714285714285,0.2727272727272727,3,10,4,0.42857142857142855,0.6,0.5,0.3333333333333333,3,5,7
1DSY,vina_pose,11,A:PSF:401,L:UNK:1,RDKit,25,5.729827320260184,7,1.9281657086464334,NA,NA,5,9,attractive_charge=1;hydrogen_bonds=2;ionic=1;salt_bridge=1,attractive_charge=2;hydrogen_bonds=3;ionic=2;salt_bridge=2,1.0,0.7,0.8235294117647058,0.7,7,10,7,0.5555555555555556,1.0,0.7142857142857143,0.5555555555555556,5,5,9
1DSY,vina_pose,12,A:PSF:401,L:UNK:1,RDKit,25,5.21191764708538,7,1.8969176877992662,NA,NA,5,8,attractive_charge=1;hydrogen_bonds=2;ionic=1;salt_bridge=1,attractive_charge=2;hydrogen_bonds=2;ionic=2;salt_bridge=2,0.8888888888888888,0.8,0.8421052631578948,0.7272727272727273,8,10,9,0.5,0.8,0.6153846153846154,0.4444444444444444,4,5,8
1DSY,vina_pose,13,A:PSF:401,L:UNK:1,RDKit,25,6.228097391659832,7,2.2861050469552553,NA,NA,5,6,attractive_charge=1;hydrogen_bonds=2;ionic=1;salt_bridge=1,attractive_charge=1;hydrogen_bonds=3;ionic=1;salt_bridge=1,0.9,0.9,0.9,0.8181818181818182,9,10,10,0.16666666666666666,0.2,0.1818181818181818,0.1,1,5,6
1DSY,vina_pose,14,A:PSF:401,L:UNK:1,RDKit,25,4.5724316112983034,7,2.1245533312070233,NA,NA,5,9,attractive_charge=1;hydrogen_bonds=2;ionic=1;salt_bridge=1,attractive_charge=2;hydrogen_bonds=3;ionic=2;salt_bridge=2,0.8,0.8,0.8000000000000002,0.6666666666666666,8,10,10,0.4444444444444444,0.8,0.5714285714285714,0.4,4,5,9
1DSY,vina_pose,15,A:PSF:401,L:UNK:1,RDKit,25,5.42052512585266,7,1.8909372581568415,NA,NA,5,9,attractive_charge=1;hydrogen_bonds=2;ionic=1;salt_bridge=1,attractive_charge=2;hydrogen_bonds=3;ionic=2;salt_bridge=2,1.0,0.8,0.888888888888889,0.8,8,10,8,0.4444444444444444,0.8,0.5714285714285714,0.4,4,5,9
1DSY,vina_pose,16,A:PSF:401,L:UNK:1,RDKit,25,3.5265483464713765,7,3.6387191231452394,NA,NA,5,3,attractive_charge=1;hydrogen_bonds=2;ionic=1;salt_bridge=1,attractive_charge=1;ionic=1;salt_bridge=1,0.6,0.3,0.4,0.25,3,10,5,1.0,0.6,0.7499999999999999,0.6,3,5,3
1DSY,vina_pose,17,A:PSF:401,L:UNK:1,RDKit,25,5.191717962293407,7,3.0161099591550515,NA,NA,5,7,attractive_charge=1;hydrogen_bonds=2;ionic=1;salt_bridge=1,attractive_charge=2;hydrogen_bonds=1;ionic=2;salt_bridge=2,0.8571428571428571,0.6,0.7058823529411764,0.5454545454545454,6,10,7,0.42857142857142855,0.6,0.5,0.3333333333333333,3,5,7
1DSY,vina_pose,18,A:PSF:401,L:UNK:1,RDKit,25,4.576651221144124,7,2.6923653700258234,NA,NA,5,9,attractive_charge=1;hydrogen_bonds=2;ionic=1;salt_bridge=1,attractive_charge=2;hydrogen_bonds=3;ionic=2;salt_bridge=2,0.9,0.9,0.9,0.8181818181818182,9,10,10,0.4444444444444444,0.8,0.5714285714285714,0.4,4,5,9
1DSY,vina_pose,19,A:PSF:401,L:UNK:1,RDKit,25,5.76716100000685,7,1.8901136398186678,NA,NA,5,8,attractive_charge=1;hydrogen_bonds=2;ionic=1;salt_bridge=1,attractive_charge=2;hydrogen_bonds=2;ionic=2;salt_bridge=2,0.875,0.7,0.7777777777777777,0.6363636363636364,7,10,8,0.5,0.8,0.6153846153846154,0.4444444444444444,4,5,8
1DSY,vina_pose,20,A:PSF:401,L:UNK:1,RDKit,25,3.7116227448381656,7,3.2624922988414857,NA,NA,5,0,attractive_charge=1;hydrogen_bonds=2;ionic=1;salt_bridge=1,none=0,1.0,0.7,0.8235294117647058,0.7,7,10,7,0.0,0.0,0.0,0.0,0,5,0
1FE3,boltz,1,A:OLA:133,B:OLA:1,RDKit,20,1.238485574910022,3,2.0298832607636896,131,0.5400196709207858,2,2,hydrogen_bonds=2,hydrogen_bonds=2,1.0,1.0,1.0,1.0,7,7,7,1.0,1.0,1.0,1.0,2,2,2
1FE3,vina_pose,1,A:OLA:133,L:UNL:1,RDKit,20,3.102905936376416,3,3.260122645954696,NA,NA,2,2,hydrogen_bonds=2,hydrogen_bonds=2,0.8,0.5714285714285714,0.6666666666666666,0.5,4,7,5,0.0,0.0,0.0,0.0,0,2,2
1FE3,vina_pose,2,A:OLA:133,L:UNL:1,RDKit,20,2.292690461008638,3,3.680152216054836,NA,NA,2,2,hydrogen_bonds=2,hydrogen_bonds=2,0.6,0.42857142857142855,0.5,0.3333333333333333,3,7,5,0.0,0.0,0.0,0.0,0,2,2
1FE3,vina_pose,3,A:OLA:133,L:UNL:1,RDKit,20,5.5963936334035695,3,3.6569730196798904,NA,NA,2,1,hydrogen_bonds=2,hydrogen_bonds=1,0.5,0.42857142857142855,0.4615384615384615,0.3,3,7,6,1.0,0.5,0.6666666666666666,0.5,1,2,1
1FE3,vina_pose,4,A:OLA:133,L:UNL:1,RDKit,20,2.3477675566375833,3,3.788455050105078,NA,NA,2,1,hydrogen_bonds=2,hydrogen_bonds=1,1.0,0.5714285714285714,0.7272727272727273,0.5714285714285714,4,7,4,0.0,0.0,0.0,0.0,0,2,1
1FE3,vina_pose,5,A:OLA:133,L:UNL:1,RDKit,20,3.775226377318317,3,7.402040664573516,NA,NA,2,3,hydrogen_bonds=2,hydrogen_bonds=3,0.0,0.0,0.0,0.0,0,7,7,0.0,0.0,0.0,0.0,0,2,3
1FE3,vina_pose,6,A:OLA:133,L:UNL:1,RDKit,20,5.416004740581382,3,2.557803289282943,NA,NA,2,2,hydrogen_bonds=2,hydrogen_bonds=2,1.0,0.7142857142857143,0.8333333333333333,0.7142857142857143,5,7,5,0.0,0.0,0.0,0.0,0,2,2
1FE3,vina_pose,7,A:OLA:133,L:UNL:1,RDKit,20,5.753411944229267,3,6.0122754705130825,NA,NA,2,2,hydrogen_bonds=2,hydrogen_bonds=2,0.2222222222222222,0.2857142857142857,0.25,0.14285714285714285,2,7,9,0.0,0.0,0.0,0.0,0,2,2
1FE3,vina_pose,8,A:OLA:133,L:UNL:1,RDKit,20,5.787763190559891,3,5.610798635963804,NA,NA,2,2,hydrogen_bonds=2,hydrogen_bonds=2,0.2,0.14285714285714285,0.16666666666666666,0.09090909090909091,1,7,5,0.0,0.0,0.0,0.0,0,2,2
1FE3,vina_pose,9,A:OLA:133,L:UNL:1,RDKit,20,6.291489537462491,3,6.17856002641392,NA,NA,2,0,hydrogen_bonds=2,none=0,0.0,0.0,0.0,0.0,0,7,5,0.0,0.0,0.0,0.0,0,2,0
1FE3,vina_pose,10,A:OLA:133,L:UNL:1,RDKit,20,4.314170331593319,3,6.267279127872527,NA,NA,2,2,hydrogen_bonds=2,hydrogen_bonds=2,0.16666666666666666,0.14285714285714285,0.15384615384615383,0.08333333333333333,1,7,6,0.0,0.0,0.0,0.0,0,2,2
1FE3,vina_pose,11,A:OLA:133,L:UNL:1,RDKit,20,2.806851973296775,3,1.900006754373957,NA,NA,2,2,hydrogen_bonds=2,hydrogen_bonds=2,0.8571428571428571,0.8571428571428571,0.8571428571428571,0.75,6,7,7,1.0,1.0,1.0,1.0,2,2,2
1FE3,vina_pose,12,A:OLA:133,L:UNL:1,RDKit,20,5.31835560582404,3,3.0467729923095113,NA,NA,2,1,hydrogen_bonds=2,hydrogen_bonds=1,0.6666666666666666,0.5714285714285714,0.6153846153846153,0.4444444444444444,4,7,6,1.0,0.5,0.6666666666666666,0.5,1,2,1
1FE3,vina_pose,13,A:OLA:133,L:UNL:1,RDKit,20,5.523789460144187,3,5.949889746877667,NA,NA,2,1,hydrogen_bonds=2,hydrogen_bonds=1,0.0,0.0,0.0,0.0,0,7,5,0.0,0.0,0.0,0.0,0,2,1
1FE3,vina_pose,14,A:OLA:133,L:UNL:1,RDKit,20,6.126138857388069,3,7.366573536364557,NA,NA,2,0,hydrogen_bonds=2,none=0,0.0,0.0,0.0,0.0,0,7,7,0.0,0.0,0.0,0.0,0,2,0
1FE3,vina_pose,15,A:OLA:133,L:UNL:1,RDKit,20,5.120333880715202,3,3.482314555962265,NA,NA,2,2,hydrogen_bonds=2,hydrogen_bonds=2,0.8,0.5714285714285714,0.6666666666666666,0.5,4,7,5,0.0,0.0,0.0,0.0,0,2,2
1FE3,vina_pose,16,A:OLA:133,L:UNL:1,RDKit,20,5.903038497248684,3,6.485414867223221,NA,NA,2,2,hydrogen_bonds=2,hydrogen_bonds=2,0.14285714285714285,0.14285714285714285,0.14285714285714285,0.07692307692307693,1,7,7,0.0,0.0,0.0,0.0,0,2,2
1FE3,vina_pose,17,A:OLA:133,L:UNL:1,RDKit,20,5.255877238863176,3,4.191848717053927,NA,NA,2,0,hydrogen_bonds=2,none=0,0.5,0.42857142857142855,0.4615384615384615,0.3,3,7,6,0.0,0.0,0.0,0.0,0,2,0
1FE3,vina_pose,18,A:OLA:133,L:UNL:1,RDKit,20,4.0708011619336055,3,6.951414244597998,NA,NA,2,4,hydrogen_bonds=2,hydrogen_bonds=4,0.14285714285714285,0.14285714285714285,0.14285714285714285,0.07692307692307693,1,7,7,0.0,0.0,0.0,0.0,0,2,4
1FE3,vina_pose,19,A:OLA:133,L:UNL:1,RDKit,20,6.1934850690059795,3,7.343729207062763,NA,NA,2,0,hydrogen_bonds=2,none=0,0.0,0.0,0.0,0.0,0,7,7,0.0,0.0,0.0,0.0,0,2,0
1FE3,vina_pose,20,A:OLA:133,L:UNL:1,RDKit,20,5.498142768244564,3,7.71423199893115,NA,NA,2,1,hydrogen_bonds=2,hydrogen_bonds=1,0.0,0.0,0.0,0.0,0,7,4,0.0,0.0,0.0,0.0,0,2,1
1FK1,boltz,1,A:DAO:201,B:DAO:1,RDKit,14,1.4651152343867884,3,1.5666897469569365,93,0.22551653061846882,1,1,hydrogen_bonds=1,hydrogen_bonds=1,0.875,1.0,0.9333333333333333,0.875,7,7,8,0.0,0.0,0.0,0.0,0,1,1
1FK1,vina_pose,1,A:DAO:201,L:UNL:1,RDKit,14,2.045928151231122,3,2.620315820659792,NA,NA,1,3,hydrogen_bonds=1,hydrogen_bonds=3,0.6666666666666666,0.5714285714285714,0.6153846153846153,0.4444444444444444,4,7,6,0.0,0.0,0.0,0.0,0,1,3
1FK1,vina_pose,2,A:DAO:201,L:UNL:1,RDKit,14,1.750158951964894,3,2.3579158169875334,NA,NA,1,1,hydrogen_bonds=1,hydrogen_bonds=1,0.8333333333333334,0.7142857142857143,0.7692307692307692,0.625,5,7,6,1.0,1.0,1.0,1.0,1,1,1
1FK1,vina_pose,3,A:DAO:201,L:UNL:1,RDKit,14,1.9350321702752118,3,2.1039456583603386,NA,NA,1,2,hydrogen_bonds=1,hydrogen_bonds=2,0.8333333333333334,0.7142857142857143,0.7692307692307692,0.625,5,7,6,0.5,1.0,0.6666666666666666,0.5,1,1,2
1FK1,vina_pose,4,A:DAO:201,L:UNL:1,RDKit,14,8.563086059192845,3,12.726631892741036,NA,NA,1,2,hydrogen_bonds=1,hydrogen_bonds=2,0.0,0.0,0.0,0.0,0,7,7,0.0,0.0,0.0,0.0,0,1,2
1FK1,vina_pose,5,A:DAO:201,L:UNL:1,RDKit,14,8.451939206900558,3,12.962331593248695,NA,NA,1,0,hydrogen_bonds=1,none=0,0.0,0.0,0.0,0.0,0,7,8,0.0,0.0,0.0,0.0,0,1,0
1FK1,vina_pose,6,A:DAO:201,L:UNL:1,RDKit,14,2.848048065906592,3,3.6053235638427763,NA,NA,1,2,hydrogen_bonds=1,hydrogen_bonds=2,0.6,0.42857142857142855,0.5,0.3333333333333333,3,7,5,0.5,1.0,0.6666666666666666,0.5,1,1,2
1FK1,vina_pose,7,A:DAO:201,L:UNL:1,RDKit,14,3.1768784207142713,3,3.5935703694236993,NA,NA,1,1,hydrogen_bonds=1,hydrogen_bonds=1,0.5,0.42857142857142855,0.4615384615384615,0.3,3,7,6,1.0,1.0,1.0,1.0,1,1,1
1FK1,vina_pose,8,A:DAO:201,L:UNL:1,RDKit,14,1.4409539994640448,3,2.13141549210847,NA,NA,1,1,hydrogen_bonds=1,hydrogen_bonds=1,0.8333333333333334,0.7142857142857143,0.7692307692307692,0.625,5,7,6,0.0,0.0,0.0,0.0,0,1,1
1FK1,vina_pose,9,A:DAO:201,L:UNL:1,RDKit,14,8.347313819427182,3,12.518401575281086,NA,NA,1,0,hydrogen_bonds=1,none=0,0.0,0.0,0.0,0.0,0,7,6,0.0,0.0,0.0,0.0,0,1,0
1FK1,vina_pose,10,A:DAO:201,L:UNL:1,RDKit,14,7.974308957968887,3,10.291024973247318,NA,NA,1,0,hydrogen_bonds=1,none=0,0.0,0.0,0.0,0.0,0,7,7,0.0,0.0,0.0,0.0,0,1,0
1FK1,vina_pose,11,A:DAO:201,L:UNL:1,RDKit,14,8.296312106679002,3,12.374750233169689,NA,NA,1,3,hydrogen_bonds=1,hydrogen_bonds=3,0.0,0.0,0.0,0.0,0,7,6,0.0,0.0,0.0,0.0,0,1,3
1FK1,vina_pose,12,A:DAO:201,L:UNL:1,RDKit,14,8.396928805053836,3,12.008915632423548,NA,NA,1,0,hydrogen_bonds=1,none=0,0.0,0.0,0.0,0.0,0,7,5,0.0,0.0,0.0,0.0,0,1,0
1FK1,vina_pose,13,A:DAO:201,L:UNL:1,RDKit,14,8.42461987696944,3,12.042978452193625,NA,NA,1,0,hydrogen_bonds=1,none=0,0.0,0.0,0.0,0.0,0,7,6,0.0,0.0,0.0,0.0,0,1,0
1FK1,vina_pose,14,A:DAO:201,L:UNL:1,RDKit,14,3.9996580389542586,3,4.661578952815592,NA,NA,1,1,hydrogen_bonds=1,hydrogen_bonds=1,0.5,0.42857142857142855,0.4615384615384615,0.3,3,7,6,0.0,0.0,0.0,0.0,0,1,1
1FK1,vina_pose,15,A:DAO:201,L:UNL:1,RDKit,14,4.040037862269539,3,5.436868246824941,NA,NA,1,0,hydrogen_bonds=1,none=0,0.3333333333333333,0.2857142857142857,0.30769230769230765,0.18181818181818182,2,7,6,0.0,0.0,0.0,0.0,0,1,0
1FK1,vina_pose,16,A:DAO:201,L:UNL:1,RDKit,14,2.668824339881299,3,3.099956021193417,NA,NA,1,1,hydrogen_bonds=1,hydrogen_bonds=1,0.6,0.42857142857142855,0.5,0.3333333333333333,3,7,5,1.0,1.0,1.0,1.0,1,1,1
1FK1,vina_pose,17,A:DAO:201,L:UNL:1,RDKit,14,8.094472704082882,3,11.465412087375372,NA,NA,1,2,hydrogen_bonds=1,hydrogen_bonds=2,0.0,0.0,0.0,0.0,0,7,7,0.0,0.0,0.0,0.0,0,1,2
1FK1,vina_pose,18,A:DAO:201,L:UNL:1,RDKit,14,7.706771549376932,3,11.309708896931578,NA,NA,1,1,hydrogen_bonds=1,hydrogen_bonds=1,0.0,0.0,0.0,0.0,0,7,6,0.0,0.0,0.0,0.0,0,1,1
1FK1,vina_pose,19,A:DAO:201,L:UNL:1,RDKit,14,4.303346488490091,3,4.637745465201815,NA,NA,1,0,hydrogen_bonds=1,none=0,0.5,0.42857142857142855,0.4615384615384615,0.3,3,7,6,0.0,0.0,0.0,0.0,0,1,0
1FK1,vina_pose,20,A:DAO:201,L:UNL:1,RDKit,14,8.622757513861625,3,13.513408242680056,NA,NA,1,0,hydrogen_bonds=1,none=0,0.0,0.0,0.0,0.0,0,7,8,0.0,0.0,0.0,0.0,0,1,0
1FK4,boltz,1,A:STE:201,B:STE:1,RDKit,20,1.0070854175218789,3,0.8046343420074128,93,0.20996879546749259,2,2,hydrogen_bonds=2,hydrogen_bonds=2,0.875,1.0,0.9333333333333333,0.875,7,7,8,1.0,1.0,1.0,1.0,2,2,2
1FK4,vina_pose,1,A:STE:201,L:UNL:1,RDKit,20,1.3747695988782986,3,1.8558620638398748,NA,NA,2,2,hydrogen_bonds=2,hydrogen_bonds=2,0.875,1.0,0.9333333333333333,0.875,7,7,8,1.0,1.0,1.0,1.0,2,2,2
1FK4,vina_pose,2,A:STE:201,L:UNL:1,RDKit,20,2.053684201623998,3,2.083091292606573,NA,NA,2,2,hydrogen_bonds=2,hydrogen_bonds=2,0.8571428571428571,0.8571428571428571,0.8571428571428571,0.75,6,7,7,1.0,1.0,1.0,1.0,2,2,2
1FK4,vina_pose,3,A:STE:201,L:UNL:1,RDKit,20,1.7738937397713543,3,2.084418783897962,NA,NA,2,2,hydrogen_bonds=2,hydrogen_bonds=2,0.8571428571428571,0.8571428571428571,0.8571428571428571,0.75,6,7,7,1.0,1.0,1.0,1.0,2,2,2
1FK4,vina_pose,4,A:STE:201,L:UNL:1,RDKit,20,10.099142876997037,3,13.921051468908514,NA,NA,2,0,hydrogen_bonds=2,none=0,0.0,0.0,0.0,0.0,0,7,9,0.0,0.0,0.0,0.0,0,2,0
1FK4,vina_pose,5,A:STE:201,L:UNL:1,RDKit,20,1.8048410871874567,3,2.151494364389551,NA,NA,2,1,hydrogen_bonds=2,hydrogen_bonds=1,0.7142857142857143,0.7142857142857143,0.7142857142857143,0.5555555555555556,5,7,7,1.0,0.5,0.6666666666666666,0.5,1,2,1
1FK4,vina_pose,6,A:STE:201,L:UNL:1,RDKit,20,10.032770669162133,3,13.28995885371107,NA,NA,2,2,hydrogen_bonds=2,hydrogen_bonds=2,0.0,0.0,0.0,0.0,0,7,7,0.0,0.0,0.0,0.0,0,2,2
1FK4,vina_pose,7,A:STE:201,L:UNL:1,RDKit,20,2.299177689957869,3,1.891343614118458,NA,NA,2,2,hydrogen_bonds=2,hydrogen_bonds=2,1.0,1.0,1.0,1.0,7,7,7,1.0,1.0,1.0,1.0,2,2,2
1FK4,vina_pose,8,A:STE:201,L:UNL:1,RDKit,20,2.270014339161759,3,3.386305558175948,NA,NA,2,1,hydrogen_bonds=2,hydrogen_bonds=1,0.5714285714285714,0.5714285714285714,0.5714285714285714,0.4,4,7,7,0.0,0.0,0.0,0.0,0,2,1
1FK4,vina_pose,9,A:STE:201,L:UNL:1,RDKit,20,2.4401185626932143,3,2.8467348547648976,NA,NA,2,1,hydrogen_bonds=2,hydrogen_bonds=1,0.5714285714285714,0.5714285714285714,0.5714285714285714,0.4,4,7,7,0.0,0.0,0.0,0.0,0,2,1
1FK4,vina_pose,10,A:STE:201,L:UNL:1,RDKit,20,9.511239212111112,3,12.414419787757566,NA,NA,2,2,hydrogen_bonds=2,hydrogen_bonds=2,0.0,0.0,0.0,0.0,0,7,5,0.0,0.0,0.0,0.0,0,2,2
1FK4,vina_pose,11,A:STE:201,L:UNL:1,RDKit,20,9.512403182161698,3,11.948772447410654,NA,NA,2,0,hydrogen_bonds=2,none=0,0.0,0.0,0.0,0.0,0,7,5,0.0,0.0,0.0,0.0,0,2,0
1FK4,vina_pose,12,A:STE:201,L:UNL:1,RDKit,20,10.099264686104627,3,11.709230148334543,NA,NA,2,1,hydrogen_bonds=2,hydrogen_bonds=1,0.0,0.0,0.0,0.0,0,7,5,0.0,0.0,0.0,0.0,0,2,1
1FK4,vina_pose,13,A:STE:201,L:UNL:1,RDKit,20,3.6551282604034565,3,3.6177071467989235,NA,NA,2,1,hydrogen_bonds=2,hydrogen_bonds=1,0.75,0.42857142857142855,0.5454545454545454,0.375,3,7,4,0.0,0.0,0.0,0.0,0,2,1
1FK4,vina_pose,14,A:STE:201,L:UNL:1,RDKit,20,9.686217099569882,3,12.486004805381102,NA,NA,2,2,hydrogen_bonds=2,hydrogen_bonds=2,0.0,0.0,0.0,0.0,0,7,6,0.0,0.0,0.0,0.0,0,2,2
1FK4,vina_pose,15,A:STE:201,L:UNL:1,RDKit,20,10.087208449318373,3,13.95538772899795,NA,NA,2,1,hydrogen_bonds=2,hydrogen_bonds=1,0.0,0.0,0.0,0.0,0,7,9,0.0,0.0,0.0,0.0,0,2,1
1FK4,vina_pose,16,A:STE:201,L:UNL:1,RDKit,20,9.77736428696405,3,14.604419479504594,NA,NA,2,0,hydrogen_bonds=2,none=0,0.0,0.0,0.0,0.0,0,7,10,0.0,0.0,0.0,0.0,0,2,0
1FK4,vina_pose,17,A:STE:201,L:UNL:1,RDKit,20,3.123485857179442,3,3.8687286456061116,NA,NA,2,1,hydrogen_bonds=2,hydrogen_bonds=1,0.42857142857142855,0.42857142857142855,0.42857142857142855,0.2727272727272727,3,7,7,0.0,0.0,0.0,0.0,0,2,1
1FK4,vina_pose,18,A:STE:201,L:UNL:1,RDKit,20,3.059574030808863,3,4.997334889718716,NA,NA,2,1,hydrogen_bonds=2,hydrogen_bonds=1,0.2,0.14285714285714285,0.16666666666666666,0.09090909090909091,1,7,5,0.0,0.0,0.0,0.0,0,2,1
1FK4,vina_pose,19,A:STE:201,L:UNL:1,RDKit,20,9.536370305310086,3,12.217490495187624,NA,NA,2,2,hydrogen_bonds=2,hydrogen_bonds=2,0.0,0.0,0.0,0.0,0,7,6,0.0,0.0,0.0,0.0,0,2,2
1FK4,vina_pose,20,A:STE:201,L:UNL:1,RDKit,20,9.178834307797478,3,11.134492699115961,NA,NA,2,2,hydrogen_bonds=2,hydrogen_bonds=2,0.0,0.0,0.0,0.0,0,7,5,0.0,0.0,0.0,0.0,0,2,2
1H6H,boltz,1,A:PIB:150,B:PIB:1,RDKit,35,1.7821268368592433,13,1.079378458726019,143,1.0005036960499838,13,13,attractive_charge=3;hydrogen_bonds=4;ionic=3;salt_bridge=3,attractive_charge=3;hydrogen_bonds=4;ionic=3;salt_bridge=3,0.8888888888888888,0.8888888888888888,0.8888888888888888,0.8,8,9,9,1.0,1.0,1.0,1.0,13,13,13
1H6H,vina_pose,1,A:PIB:150,L:UNL:1,RDKit,35,10.454852629964982,13,6.953774979213697,NA,NA,13,12,attractive_charge=3;hydrogen_bonds=4;ionic=3;salt_bridge=3,attractive_charge=3;hydrogen_bonds=3;ionic=3;salt_bridge=3,0.7142857142857143,0.5555555555555556,0.6250000000000001,0.45454545454545453,5,9,7,0.6666666666666666,0.6153846153846154,0.64,0.47058823529411764,8,13,12
1H6H,vina_pose,2,A:PIB:150,L:UNL:1,RDKit,35,10.461136003595131,13,6.885106814433152,NA,NA,13,12,attractive_charge=3;hydrogen_bonds=4;ionic=3;salt_bridge=3,attractive_charge=3;hydrogen_bonds=3;ionic=3;salt_bridge=3,0.6666666666666666,0.4444444444444444,0.5333333333333333,0.36363636363636365,4,9,6,0.6666666666666666,0.6153846153846154,0.64,0.47058823529411764,8,13,12
1H6H,vina_pose,3,A:PIB:150,L:UNL:1,RDKit,35,10.077136785813716,13,6.662456546257486,NA,NA,13,11,attractive_charge=3;hydrogen_bonds=4;ionic=3;salt_bridge=3,attractive_charge=3;hydrogen_bonds=2;ionic=3;salt_bridge=3,0.8333333333333334,0.5555555555555556,0.6666666666666667,0.5,5,9,6,0.6363636363636364,0.5384615384615384,0.5833333333333334,0.4117647058823529,7,13,11
1H6H,vina_pose,4,A:PIB:150,L:UNL:1,RDKit,35,10.195883505471356,13,6.685314968703363,NA,NA,13,11,attractive_charge=3;hydrogen_bonds=4;ionic=3;salt_bridge=3,attractive_charge=3;hydrogen_bonds=2;ionic=3;salt_bridge=3,0.7142857142857143,0.5555555555555556,0.6250000000000001,0.45454545454545453,5,9,7,0.7272727272727273,0.6153846153846154,0.6666666666666667,0.5,8,13,11
1H6H,vina_pose,5,A:PIB:150,L:UNL:1,RDKit,35,10.215379180431826,13,6.770141976695569,NA,NA,13,12,attractive_charge=3;hydrogen_bonds=4;ionic=3;salt_bridge=3,attractive_charge=3;hydrogen_bonds=3;ionic=3;salt_bridge=3,0.875,0.7777777777777778,0.823529411764706,0.7,7,9,8,1.0,0.9230769230769231,0.9600000000000001,0.9230769230769231,12,13,12
1H6H,vina_pose,6,A:PIB:150,L:UNL:1,RDKit,35,10.504980368513648,13,7.843495948383458,NA,NA,13,6,attractive_charge=3;hydrogen_bonds=4;ionic=3;salt_bridge=3,attractive_charge=1;hydrogen_bonds=3;ionic=1;salt_bridge=1,0.625,0.5555555555555556,0.5882352941176471,0.4166666666666667,5,9,8,0.0,0.0,0.0,0.0,0,13,6
1H6H,vina_pose,7,A:PIB:150,L:UNL:1,RDKit,35,6.651744838762234,13,4.239309704330503,NA,NA,13,6,attractive_charge=3;hydrogen_bonds=4;ionic=3;salt_bridge=3,attractive_charge=1;hydrogen_bonds=3;ionic=1;salt_bridge=1,0.6153846153846154,0.8888888888888888,0.7272727272727274,0.5714285714285714,8,9,13,0.16666666666666666,0.07692307692307693,0.10526315789473684,0.05555555555555555,1,13,6
1H6H,vina_pose,8,A:PIB:150,L:UNL:1,RDKit,35,7.0444614150814555,13,3.4319821252,NA,NA,13,8,attractive_charge=3;hydrogen_bonds=4;ionic=3;salt_bridge=3,attractive_charge=2;hydrogen_bonds=2;ionic=2;salt_bridge=2,0.7777777777777778,0.7777777777777778,0.7777777777777778,0.6363636363636364,7,9,9,0.5,0.3076923076923077,0.380952380952381,0.23529411764705882,4,13,8
1H6H,vina_pose,9,A:PIB:150,L:UNL:1,RDKit,35,6.348778215418415,13,3.170063345642263,NA,NA,13,8,attractive_charge=3;hydrogen_bonds=4;ionic=3;salt_bridge=3,attractive_charge=2;hydrogen_bonds=2;ionic=2;salt_bridge=2,0.8,0.8888888888888888,0.8421052631578948,0.7272727272727273,8,9,10,0.5,0.3076923076923077,0.380952380952381,0.23529411764705882,4,13,8
1H6H,vina_pose,10,A:PIB:150,L:UNL:1,RDKit,35,10.331206574534956,13,6.762202076474566,NA,NA,13,4,attractive_charge=3;hydrogen_bonds=4;ionic=3;salt_bridge=3,attractive_charge=1;hydrogen_bonds=1;ionic=1;salt_bridge=1,0.6,0.3333333333333333,0.42857142857142855,0.2727272727272727,3,9,5,1.0,0.3076923076923077,0.47058823529411764,0.3076923076923077,4,13,4
1H6H,vina_pose,11,A:PIB:150,L:UNL:1,RDKit,35,6.994079453366254,13,5.211063452664178,NA,NA,13,10,attractive_charge=3;hydrogen_bonds=4;ionic=3;salt_bridge=3,attractive_charge=2;hydrogen_bonds=4;ionic=2;salt_bridge=2,0.5833333333333334,0.7777777777777778,0.6666666666666666,0.5,7,9,12,0.7,0.5384615384615384,0.608695652173913,0.4375,7,13,10
1H6H,vina_pose,12,A:PIB:150,L:UNL:1,RDKit,35,5.369423515212251,13,4.150891989403279,NA,NA,13,4,attractive_charge=3;hydrogen_bonds=4;ionic=3;salt_bridge=3,attractive_charge=1;hydrogen_bonds=1;ionic=1;salt_bridge=1,0.6153846153846154,0.8888888888888888,0.7272727272727274,0.5714285714285714,8,9,13,0.0,0.0,0.0,0.0,0,13,4
1H6H,vina_pose,13,A:PIB:150,L:UNL:1,RDKit,35,6.086659442701602,13,3.4579955843723202,NA,NA,13,8,attractive_charge=3;hydrogen_bonds=4;ionic=3;salt_bridge=3,attractive_charge=2;hydrogen_bonds=2;ionic=2;salt_bridge=2,0.6666666666666666,0.8888888888888888,0.761904761904762,0.6153846153846154,8,9,12,0.5,0.3076923076923077,0.380952380952381,0.23529411764705882,4,13,8
1H6H,vina_pose,14,A:PIB:150,L:UNL:1,RDKit,35,10.742251865547427,13,7.781320364525844,NA,NA,13,9,attractive_charge=3;hydrogen_bonds=4;ionic=3;salt_bridge=3,attractive_charge=2;hydrogen_bonds=3;ionic=2;salt_bridge=2,0.8333333333333334,0.5555555555555556,0.6666666666666667,0.5,5,9,6,0.8888888888888888,0.6153846153846154,0.7272727272727274,0.5714285714285714,8,13,9
1H6H,vina_pose,15,A:PIB:150,L:UNL:1,RDKit,35,6.30845772639512,13,4.807881870109028,NA,NA,13,14,attractive_charge=3;hydrogen_bonds=4;ionic=3;salt_bridge=3,attractive_charge=3;hydrogen_bonds=5;ionic=3;salt_bridge=3,0.5833333333333334,0.7777777777777778,0.6666666666666666,0.5,7,9,12,0.2857142857142857,0.3076923076923077,0.29629629629629634,0.17391304347826086,4,13,14
1H6H,vina_pose,16,A:PIB:150,L:UNL:1,RDKit,35,10.167149866112922,13,6.895177004477617,NA,NA,13,12,attractive_charge=3;hydrogen_bonds=4;ionic=3;salt_bridge=3,attractive_charge=3;hydrogen_bonds=3;ionic=3;salt_bridge=3,0.7142857142857143,0.5555555555555556,0.6250000000000001,0.45454545454545453,5,9,7,0.6666666666666666,0.6153846153846154,0.64,0.47058823529411764,8,13,12
1H6H,vina_pose,17,A:PIB:150,L:UNL:1,RDKit,35,6.036431661172021,13,3.445493511597655,NA,NA,13,10,attractive_charge=3;hydrogen_bonds=4;ionic=3;salt_bridge=3,attractive_charge=2;hydrogen_bonds=4;ionic=2;salt_bridge=2,0.5833333333333334,0.7777777777777778,0.6666666666666666,0.5,7,9,12,0.5,0.38461538461538464,0.4347826086956522,0.2777777777777778,5,13,10
1H6H,vina_pose,18,A:PIB:150,L:UNL:1,RDKit,35,5.644826387308749,13,4.895644123566927,NA,NA,13,8,attractive_charge=3;hydrogen_bonds=4;ionic=3;salt_bridge=3,attractive_charge=2;hydrogen_bonds=2;ionic=2;salt_bridge=2,0.5,0.6666666666666666,0.5714285714285715,0.4,6,9,12,0.375,0.23076923076923078,0.2857142857142857,0.16666666666666666,3,13,8
1H6H,vina_pose,19,A:PIB:150,L:UNL:1,RDKit,35,10.180159208690487,13,6.733217929957985,NA,NA,13,11,attractive_charge=3;hydrogen_bonds=4;ionic=3;salt_bridge=3,attractive_charge=3;hydrogen_bonds=2;ionic=3;salt_bridge=3,0.5,0.5555555555555556,0.5263157894736842,0.35714285714285715,5,9,10,0.36363636363636365,0.3076923076923077,0.33333333333333337,0.2,4,13,11
1H6H,vina_pose,20,A:PIB:150,L:UNL:1,RDKit,35,10.268858843262826,13,5.812934509813836,NA,NA,13,8,attractive_charge=3;hydrogen_bonds=4;ionic=3;salt_bridge=3,attractive_charge=2;hydrogen_bonds=2;ionic=2;salt_bridge=2,0.5555555555555556,0.5555555555555556,0.5555555555555556,0.38461538461538464,5,9,9,0.5,0.3076923076923077,0.380952380952381,0.23529411764705882,4,13,8
1HMR,boltz,1,A:ELA:133,B:ELA:1,RDKit,20,1.0142907684879041,3,1.7786562168313336,131,0.2135275514477469,2,2,hydrogen_bonds=2,hydrogen_bonds=2,1.0,1.0,1.0,1.0,8,8,8,1.0,1.0,1.0,1.0,2,2,2
1HMR,vina_pose,1,A:ELA:133,L:UNL:1,RDKit,20,2.5238249741216205,3,3.0314069890618978,NA,NA,2,4,hydrogen_bonds=2,hydrogen_bonds=4,0.8333333333333334,0.625,0.7142857142857143,0.5555555555555556,5,8,6,0.25,0.5,0.3333333333333333,0.2,1,2,4
1HMR,vina_pose,2,A:ELA:133,L:UNL:1,RDKit,20,4.32488137409571,3,8.014195343264351,NA,NA,2,3,hydrogen_bonds=2,hydrogen_bonds=3,0.0,0.0,0.0,0.0,0,8,8,0.0,0.0,0.0,0.0,0,2,3
1HMR,vina_pose,3,A:ELA:133,L:UNL:1,RDKit,20,5.741854931117643,3,5.916943355032788,NA,NA,2,2,hydrogen_bonds=2,hydrogen_bonds=2,0.42857142857142855,0.375,0.39999999999999997,0.25,3,8,7,0.0,0.0,0.0,0.0,0,2,2
1HMR,vina_pose,4,A:ELA:133,L:UNL:1,RDKit,20,5.759845562165708,3,7.1214788258244965,NA,NA,2,2,hydrogen_bonds=2,hydrogen_bonds=2,0.3333333333333333,0.25,0.28571428571428575,0.16666666666666666,2,8,6,0.0,0.0,0.0,0.0,0,2,2
1HMR,vina_pose,5,A:ELA:133,L:UNL:1,RDKit,20,4.063175636125025,3,7.970415944813254,NA,NA,2,3,hydrogen_bonds=2,hydrogen_bonds=3,0.0,0.0,0.0,0.0,0,8,8,0.0,0.0,0.0,0.0,0,2,3
1HMR,vina_pose,6,A:ELA:133,L:UNL:1,RDKit,20,5.1538020480030085,3,2.7390496527080335,NA,NA,2,3,hydrogen_bonds=2,hydrogen_bonds=3,1.0,0.625,0.7692307692307693,0.625,5,8,5,0.3333333333333333,0.5,0.4,0.25,1,2,3
1HMR,vina_pose,7,A:ELA:133,L:UNL:1,RDKit,20,2.166555445863318,3,2.1497285099906596,NA,NA,2,2,hydrogen_bonds=2,hydrogen_bonds=2,0.8333333333333334,0.625,0.7142857142857143,0.5555555555555556,5,8,6,1.0,1.0,1.0,1.0,2,2,2
1HMR,vina_pose,8,A:ELA:133,L:UNL:1,RDKit,20,4.158285289635622,3,7.656036071841183,NA,NA,2,2,hydrogen_bonds=2,hydrogen_bonds=2,0.0,0.0,0.0,0.0,0,8,6,0.0,0.0,0.0,0.0,0,2,2
1HMR,vina_pose,9,A:ELA:133,L:UNL:1,RDKit,20,5.8879885657158,3,6.321044059330705,NA,NA,2,1,hydrogen_bonds=2,hydrogen_bonds=1,0.2857142857142857,0.25,0.26666666666666666,0.15384615384615385,2,8,7,0.0,0.0,0.0,0.0,0,2,1
1HMR,vina_pose,10,A:ELA:133,L:UNL:1,RDKit,20,6.129376636330973,3,8.023095578806641,NA,NA,2,3,hydrogen_bonds=2,hydrogen_bonds=3,0.0,0.0,0.0,0.0,0,8,7,0.0,0.0,0.0,0.0,0,2,3
1HMR,vina_pose,11,A:ELA:133,L:UNL:1,RDKit,20,3.83669166730922,3,7.702770713624202,NA,NA,2,2,hydrogen_bonds=2,hydrogen_bonds=2,0.0,0.0,0.0,0.0,0,8,8,0.0,0.0,0.0,0.0,0,2,2
1HMR,vina_pose,12,A:ELA:133,L:UNL:1,RDKit,20,5.476928938739301,3,2.7000441354417393,NA,NA,2,1,hydrogen_bonds=2,hydrogen_bonds=1,0.6666666666666666,0.5,0.5714285714285715,0.4,4,8,6,1.0,0.5,0.6666666666666666,0.5,1,2,1
1HMR,vina_pose,13,A:ELA:133,L:UNL:1,RDKit,20,5.473057632621823,3,7.75067173432944,NA,NA,2,2,hydrogen_bonds=2,hydrogen_bonds=2,0.0,0.0,0.0,0.0,0,8,7,0.0,0.0,0.0,0.0,0,2,2
1HMR,vina_pose,14,A:ELA:133,L:UNL:1,RDKit,20,5.272631714808081,3,7.541922235080391,NA,NA,2,2,hydrogen_bonds=2,hydrogen_bonds=2,0.0,0.0,0.0,0.0,0,8,8,0.0,0.0,0.0,0.0,0,2,2
1HMR,vina_pose,15,A:ELA:133,L:UNL:1,RDKit,20,5.24065797872748,3,6.386876753677549,NA,NA,2,1,hydrogen_bonds=2,hydrogen_bonds=1,0.25,0.25,0.25,0.14285714285714285,2,8,8,0.0,0.0,0.0,0.0,0,2,1
1HMR,vina_pose,16,A:ELA:133,L:UNL:1,RDKit,20,4.528873678962574,3,7.4792387535987475,NA,NA,2,3,hydrogen_bonds=2,hydrogen_bonds=3,0.0,0.0,0.0,0.0,0,8,5,0.0,0.0,0.0,0.0,0,2,3
1HMR,vina_pose,17,A:ELA:133,L:UNL:1,RDKit,20,5.711875261243018,3,6.380841349957961,NA,NA,2,1,hydrogen_bonds=2,hydrogen_bonds=1,0.0,0.0,0.0,0.0,0,8,5,0.0,0.0,0.0,0.0,0,2,1
1HMR,vina_pose,18,A:ELA:133,L:UNL:1,RDKit,20,5.120634159945427,3,7.167245868067687,NA,NA,2,2,hydrogen_bonds=2,hydrogen_bonds=2,0.3333333333333333,0.25,0.28571428571428575,0.16666666666666666,2,8,6,0.0,0.0,0.0,0.0,0,2,2
1HMR,vina_pose,19,A:ELA:133,L:UNL:1,RDKit,20,5.563793921417291,3,4.183137697948754,NA,NA,2,1,hydrogen_bonds=2,hydrogen_bonds=1,0.5,0.375,0.42857142857142855,0.2727272727272727,3,8,6,0.0,0.0,0.0,0.0,0,2,1
1HMR,vina_pose,20,A:ELA:133,L:UNL:1,RDKit,20,1.3641492220428075,3,1.825179717178556,NA,NA,2,2,hydrogen_bonds=2,hydrogen_bonds=2,1.0,0.875,0.9333333333333333,0.875,7,8,7,1.0,1.0,1.0,1.0,2,2,2
1HMS,boltz,1,A:OLA:133,B:OLA:1,RDKit,20,0.9672120603751231,3,1.7960820805375957,131,0.2240117798648392,2,2,hydrogen_bonds=2,hydrogen_bonds=2,1.0,1.0,1.0,1.0,8,8,8,1.0,1.0,1.0,1.0,2,2,2
1HMS,vina_pose,1,A:OLA:133,L:UNL:1,RDKit,20,5.721463353024295,3,6.503791996468933,NA,NA,2,3,hydrogen_bonds=2,hydrogen_bonds=3,0.16666666666666666,0.125,0.14285714285714288,0.07692307692307693,1,8,6,0.0,0.0,0.0,0.0,0,2,3
1HMS,vina_pose,2,A:OLA:133,L:UNL:1,RDKit,20,3.966678698861304,3,7.476795704043278,NA,NA,2,3,hydrogen_bonds=2,hydrogen_bonds=3,0.0,0.0,0.0,0.0,0,8,8,0.0,0.0,0.0,0.0,0,2,3
1HMS,vina_pose,3,A:OLA:133,L:UNL:1,RDKit,20,4.875661201314135,3,2.6552425501260704,NA,NA,2,3,hydrogen_bonds=2,hydrogen_bonds=3,0.8333333333333334,0.625,0.7142857142857143,0.5555555555555556,5,8,6,0.3333333333333333,0.5,0.4,0.25,1,2,3
1HMS,vina_pose,4,A:OLA:133,L:UNL:1,RDKit,20,3.7538627572142276,3,7.890043134651841,NA,NA,2,3,hydrogen_bonds=2,hydrogen_bonds=3,0.0,0.0,0.0,0.0,0,8,9,0.0,0.0,0.0,0.0,0,2,3
1HMS,vina_pose,5,A:OLA:133,L:UNL:1,RDKit,20,5.845309461440001,3,7.3855720834611045,NA,NA,2,2,hydrogen_bonds=2,hydrogen_bonds=2,0.2857142857142857,0.25,0.26666666666666666,0.15384615384615385,2,8,7,0.0,0.0,0.0,0.0,0,2,2
1HMS,vina_pose,6,A:OLA:133,L:UNL:1,RDKit,20,5.575879334239577,3,5.6758804896979065,NA,NA,2,2,hydrogen_bonds=2,hydrogen_bonds=2,0.42857142857142855,0.375,0.39999999999999997,0.25,3,8,7,0.0,0.0,0.0,0.0,0,2,2
1HMS,vina_pose,7,A:OLA:133,L:UNL:1,RDKit,20,2.2831594994655973,3,2.1577364683080895,NA,NA,2,4,hydrogen_bonds=2,hydrogen_bonds=4,0.8571428571428571,0.75,0.7999999999999999,0.6666666666666666,6,8,7,0.25,0.5,0.3333333333333333,0.2,1,2,4
1HMS,vina_pose,8,A:OLA:133,L:UNL:1,RDKit,20,3.986162352438747,3,8.043409185994042,NA,NA,2,3,hydrogen_bonds=2,hydrogen_bonds=3,0.0,0.0,0.0,0.0,0,8,7,0.0,0.0,0.0,0.0,0,2,3
1HMS,vina_pose,9,A:OLA:133,L:UNL:1,RDKit,20,5.233035481439047,3,2.1342231217314995,NA,NA,2,1,hydrogen_bonds=2,hydrogen_bonds=1,0.8,0.5,0.6153846153846154,0.4444444444444444,4,8,5,1.0,0.5,0.6666666666666666,0.5,1,2,1
1HMS,vina_pose,10,A:OLA:133,L:UNL:1,RDKit,20,6.369545478289639,3,7.732010799268196,NA,NA,2,2,hydrogen_bonds=2,hydrogen_bonds=2,0.0,0.0,0.0,0.0,0,8,5,0.0,0.0,0.0,0.0,0,2,2
1HMS,vina_pose,11,A:OLA:133,L:UNL:1,RDKit,20,5.093889550235654,3,2.0932063921171244,NA,NA,2,2,hydrogen_bonds=2,hydrogen_bonds=2,1.0,0.875,0.9333333333333333,0.875,7,8,7,1.0,1.0,1.0,1.0,2,2,2
1HMS,vina_pose,12,A:OLA:133,L:UNL:1,RDKit,20,3.9362218814492658,3,7.886178669038636,NA,NA,2,3,hydrogen_bonds=2,hydrogen_bonds=3,0.0,0.0,0.0,0.0,0,8,8,0.0,0.0,0.0,0.0,0,2,3
1HMS,vina_pose,13,A:OLA:133,L:UNL:1,RDKit,20,5.505410148208759,3,7.793991724398993,NA,NA,2,3,hydrogen_bonds=2,hydrogen_bonds=3,0.0,0.0,0.0,0.0,0,8,7,0.0,0.0,0.0,0.0,0,2,3
1HMS,vina_pose,14,A:OLA:133,L:UNL:1,RDKit,20,5.769851042271368,3,7.19025407525121,NA,NA,2,3,hydrogen_bonds=2,hydrogen_bonds=3,0.14285714285714285,0.125,0.13333333333333333,0.07142857142857142,1,8,7,0.0,0.0,0.0,0.0,0,2,3
1HMS,vina_pose,15,A:OLA:133,L:UNL:1,RDKit,20,5.603020038336469,3,5.348413721219904,NA,NA,2,2,hydrogen_bonds=2,hydrogen_bonds=2,0.3333333333333333,0.25,0.28571428571428575,0.16666666666666666,2,8,6,0.5,0.5,0.5,0.3333333333333333,1,2,2
1HMS,vina_pose,16,A:OLA:133,L:UNL:1,RDKit,20,4.449425131407427,3,7.9867545557212,NA,NA,2,3,hydrogen_bonds=2,hydrogen_bonds=3,0.0,0.0,0.0,0.0,0,8,7,0.0,0.0,0.0,0.0,0,2,3
1HMS,vina_pose,17,A:OLA:133,L:UNL:1,RDKit,20,6.361199890743885,3,8.058195993314303,NA,NA,2,2,hydrogen_bonds=2,hydrogen_bonds=2,0.0,0.0,0.0,0.0,0,8,6,0.0,0.0,0.0,0.0,0,2,2
1HMS,vina_pose,18,A:OLA:133,L:UNL:1,RDKit,20,1.4894422110306924,3,2.058893230192701,NA,NA,2,2,hydrogen_bonds=2,hydrogen_bonds=2,0.8571428571428571,0.75,0.7999999999999999,0.6666666666666666,6,8,7,1.0,1.0,1.0,1.0,2,2,2
1HMS,vina_pose,19,A:OLA:133,L:UNL:1,RDKit,20,5.675702137180916,3,7.4809431669186415,NA,NA,2,2,hydrogen_bonds=2,hydrogen_bonds=2,0.3333333333333333,0.25,0.28571428571428575,0.16666666666666666,2,8,6,0.0,0.0,0.0,0.0,0,2,2
1HMS,vina_pose,20,A:OLA:133,L:UNL:1,RDKit,20,6.65923794063555,3,7.379061232071916,NA,NA,2,0,hydrogen_bonds=2,none=0,0.2857142857142857,0.25,0.26666666666666666,0.15384615384615385,2,8,7,0.0,0.0,0.0,0.0,0,2,0
1HMT,boltz,1,A:STE:133,B:STE:1,RDKit,20,0.5179990747388447,3,0.08193724149307197,131,0.18200541766197104,2,2,hydrogen_bonds=2,hydrogen_bonds=2,1.0,1.0,1.0,1.0,8,8,8,1.0,1.0,1.0,1.0,2,2,2
1HMT,vina_pose,1,A:STE:133,L:UNL:1,RDKit,20,4.020357148314065,3,7.879532452288438,NA,NA,2,3,hydrogen_bonds=2,hydrogen_bonds=3,0.0,0.0,0.0,0.0,0,8,7,0.0,0.0,0.0,0.0,0,2,3
1HMT,vina_pose,2,A:STE:133,L:UNL:1,RDKit,20,5.69375352908782,3,6.410259069127652,NA,NA,2,3,hydrogen_bonds=2,hydrogen_bonds=3,0.16666666666666666,0.125,0.14285714285714288,0.07692307692307693,1,8,6,0.0,0.0,0.0,0.0,0,2,3
1HMT,vina_pose,3,A:STE:133,L:UNL:1,RDKit,20,5.055386266152172,3,2.6109091009327234,NA,NA,2,4,hydrogen_bonds=2,hydrogen_bonds=4,0.8333333333333334,0.625,0.7142857142857143,0.5555555555555556,5,8,6,0.25,0.5,0.3333333333333333,0.2,1,2,4
1HMT,vina_pose,4,A:STE:133,L:UNL:1,RDKit,20,1.5119239068154189,3,1.70483743115485,NA,NA,2,2,hydrogen_bonds=2,hydrogen_bonds=2,0.875,0.875,0.875,0.7777777777777778,7,8,8,1.0,1.0,1.0,1.0,2,2,2
1HMT,vina_pose,5,A:STE:133,L:UNL:1,RDKit,20,1.9338281464494218,3,2.549695994950509,NA,NA,2,4,hydrogen_bonds=2,hydrogen_bonds=4,0.8333333333333334,0.625,0.7142857142857143,0.5555555555555556,5,8,6,0.25,0.5,0.3333333333333333,0.2,1,2,4
1HMT,vina_pose,6,A:STE:133,L:UNL:1,RDKit,20,5.647680745226309,3,7.3456304471887695,NA,NA,2,2,hydrogen_bonds=2,hydrogen_bonds=2,0.2,0.125,0.15384615384615385,0.08333333333333333,1,8,5,0.0,0.0,0.0,0.0,0,2,2
1HMT,vina_pose,7,A:STE:133,L:UNL:1,RDKit,20,5.548196941349505,3,5.282961732462828,NA,NA,2,2,hydrogen_bonds=2,hydrogen_bonds=2,0.3333333333333333,0.25,0.28571428571428575,0.16666666666666666,2,8,6,0.5,0.5,0.5,0.3333333333333333,1,2,2
1HMT,vina_pose,8,A:STE:133,L:UNL:1,RDKit,20,3.7278839842462905,3,5.58543516657386,NA,NA,2,3,hydrogen_bonds=2,hydrogen_bonds=3,0.4,0.25,0.3076923076923077,0.18181818181818182,2,8,5,0.0,0.0,0.0,0.0,0,2,3
1HMT,vina_pose,9,A:STE:133,L:UNL:1,RDKit,20,5.320330788588244,3,6.542973406640134,NA,NA,2,2,hydrogen_bonds=2,hydrogen_bonds=2,0.2857142857142857,0.25,0.26666666666666666,0.15384615384615385,2,8,7,0.0,0.0,0.0,0.0,0,2,2
1HMT,vina_pose,10,A:STE:133,L:UNL:1,RDKit,20,5.929685236165576,3,7.97551281527819,NA,NA,2,3,hydrogen_bonds=2,hydrogen_bonds=3,0.0,0.0,0.0,0.0,0,8,7,0.0,0.0,0.0,0.0,0,2,3
1HMT,vina_pose,11,A:STE:133,L:UNL:1,RDKit,20,5.08717706100348,3,1.9149838119420224,NA,NA,2,2,hydrogen_bonds=2,hydrogen_bonds=2,0.7142857142857143,0.625,0.6666666666666666,0.5,5,8,7,1.0,1.0,1.0,1.0,2,2,2
1HMT,vina_pose,12,A:STE:133,L:UNL:1,RDKit,20,5.375393915798171,3,4.928111944074863,NA,NA,2,2,hydrogen_bonds=2,hydrogen_bonds=2,0.4,0.25,0.3076923076923077,0.18181818181818182,2,8,5,0.0,0.0,0.0,0.0,0,2,2
1HMT,vina_pose,13,A:STE:133,L:UNL:1,RDKit,20,5.620038358410021,3,6.567351114921957,NA,NA,2,2,hydrogen_bonds=2,hydrogen_bonds=2,0.2857142857142857,0.25,0.26666666666666666,0.15384615384615385,2,8,7,0.0,0.0,0.0,0.0,0,2,2
1HMT,vina_pose,14,A:STE:133,L:UNL:1,RDKit,20,5.58187906533275,3,5.704320672379259,NA,NA,2,2,hydrogen_bonds=2,hydrogen_bonds=2,0.4,0.25,0.3076923076923077,0.18181818181818182,2,8,5,0.5,0.5,0.5,0.3333333333333333,1,2,2
1HMT,vina_pose,15,A:STE:133,L:UNL:1,RDKit,20,4.652280945944688,3,7.9192860368427995,NA,NA,2,3,hydrogen_bonds=2,hydrogen_bonds=3,0.0,0.0,0.0,0.0,0,8,9,0.0,0.0,0.0,0.0,0,2,3
1HMT,vina_pose,16,A:STE:133,L:UNL:1,RDKit,20,5.322396927137246,3,7.73004663634056,NA,NA,2,2,hydrogen_bonds=2,hydrogen_bonds=2,0.0,0.0,0.0,0.0,0,8,8,0.0,0.0,0.0,0.0,0,2,2
1HMT,vina_pose,17,A:STE:133,L:UNL:1,RDKit,20,3.9042865033191396,3,1.7016063978879883,NA,NA,2,2,hydrogen_bonds=2,hydrogen_bonds=2,1.0,0.875,0.9333333333333333,0.875,7,8,7,1.0,1.0,1.0,1.0,2,2,2
1HMT,vina_pose,18,A:STE:133,L:UNL:1,RDKit,20,6.043147408428822,3,7.3988671655418505,NA,NA,2,2,hydrogen_bonds=2,hydrogen_bonds=2,0.2857142857142857,0.25,0.26666666666666666,0.15384615384615385,2,8,7,0.0,0.0,0.0,0.0,0,2,2
1HMT,vina_pose,19,A:STE:133,L:UNL:1,RDKit,20,5.070407429388688,3,1.5765193729648028,NA,NA,2,1,hydrogen_bonds=2,hydrogen_bonds=1,0.8571428571428571,0.75,0.7999999999999999,0.6666666666666666,6,8,7,1.0,0.5,0.6666666666666666,0.5,1,2,1
1HMT,vina_pose,20,A:STE:133,L:UNL:1,RDKit,20,5.620798977903409,3,6.373770574262405,NA,NA,2,2,hydrogen_bonds=2,hydrogen_bonds=2,0.25,0.25,0.25,0.14285714285714285,2,8,8,0.0,0.0,0.0,0.0,0,2,2
1ICM,boltz,1,A:MYR:133,B:MYR:1,RDKit,16,2.901668187856819,3,2.9285049204398192,131,0.48870280205770517,2,2,hydrogen_bonds=2,hydrogen_bonds=2,0.42857142857142855,0.42857142857142855,0.42857142857142855,0.2727272727272727,3,7,7,0.5,0.5,0.5,0.3333333333333333,1,2,2
1ICM,vina_pose,1,A:MYR:133,L:UNL:1,RDKit,16,5.1636532670678035,3,4.525603827115228,NA,NA,2,4,hydrogen_bonds=2,hydrogen_bonds=4,0.2857142857142857,0.2857142857142857,0.2857142857142857,0.16666666666666666,2,7,7,0.25,0.5,0.3333333333333333,0.2,1,2,4
1ICM,vina_pose,2,A:MYR:133,L:UNL:1,RDKit,16,8.70236879389744,3,10.275790772490456,NA,NA,2,2,hydrogen_bonds=2,hydrogen_bonds=2,0.0,0.0,0.0,0.0,0,7,5,0.0,0.0,0.0,0.0,0,2,2
1ICM,vina_pose,3,A:MYR:133,L:UNL:1,RDKit,16,1.8277439816615457,3,1.8135173926194732,NA,NA,2,2,hydrogen_bonds=2,hydrogen_bonds=2,0.875,1.0,0.9333333333333333,0.875,7,7,8,1.0,1.0,1.0,1.0,2,2,2
1ICM,vina_pose,4,A:MYR:133,L:UNL:1,RDKit,16,4.216168840013407,3,3.6726836237280227,NA,NA,2,2,hydrogen_bonds=2,hydrogen_bonds=2,0.5714285714285714,0.5714285714285714,0.5714285714285714,0.4,4,7,7,0.5,0.5,0.5,0.3333333333333333,1,2,2
1ICM,vina_pose,5,A:MYR:133,L:UNL:1,RDKit,16,3.0207045846126697,3,1.8303177319798878,NA,NA,2,2,hydrogen_bonds=2,hydrogen_bonds=2,0.8571428571428571,0.8571428571428571,0.8571428571428571,0.75,6,7,7,1.0,1.0,1.0,1.0,2,2,2
1ICM,vina_pose,6,A:MYR:133,L:UNL:1,RDKit,16,6.6247400656554065,3,5.769428741218666,NA,NA,2,3,hydrogen_bonds=2,hydrogen_bonds=3,0.2857142857142857,0.2857142857142857,0.2857142857142857,0.16666666666666666,2,7,7,0.0,0.0,0.0,0.0,0,2,3
1ICM,vina_pose,7,A:MYR:133,L:UNL:1,RDKit,16,1.9271752320430025,3,2.846792581134073,NA,NA,2,2,hydrogen_bonds=2,hydrogen_bonds=2,0.75,0.42857142857142855,0.5454545454545454,0.375,3,7,4,0.5,0.5,0.5,0.3333333333333333,1,2,2
1ICM,vina_pose,8,A:MYR:133,L:UNL:1,RDKit,16,9.192689286193676,3,13.179768763778316,NA,NA,2,1,hydrogen_bonds=2,hydrogen_bonds=1,0.0,0.0,0.0,0.0,0,7,4,0.0,0.0,0.0,0.0,0,2,1
1ICM,vina_pose,9,A:MYR:133,L:UNL:1,RDKit,16,7.373236539166501,3,5.655213877476254,NA,NA,2,3,hydrogen_bonds=2,hydrogen_bonds=3,0.4,0.2857142857142857,0.3333333333333333,0.2,2,7,5,0.0,0.0,0.0,0.0,0,2,3
1ICM,vina_pose,10,A:MYR:133,L:UNL:1,RDKit,16,8.30775339291556,3,9.337305357185944,NA,NA,2,4,hydrogen_bonds=2,hydrogen_bonds=4,0.2,0.14285714285714285,0.16666666666666666,0.09090909090909091,1,7,5,0.0,0.0,0.0,0.0,0,2,4
1ICM,vina_pose,11,A:MYR:133,L:UNL:1,RDKit,16,9.071686292387982,3,12.948725162475776,NA,NA,2,1,hydrogen_bonds=2,hydrogen_bonds=1,0.0,0.0,0.0,0.0,0,7,6,0.0,0.0,0.0,0.0,0,2,1
1ICM,vina_pose,12,A:MYR:133,L:UNL:1,RDKit,16,7.9521539377705714,3,8.615043702733029,NA,NA,2,2,hydrogen_bonds=2,hydrogen_bonds=2,0.0,0.0,0.0,0.0,0,7,5,0.0,0.0,0.0,0.0,0,2,2
1ICM,vina_pose,13,A:MYR:133,L:UNL:1,RDKit,16,2.396747301031129,3,1.7863123093867619,NA,NA,2,2,hydrogen_bonds=2,hydrogen_bonds=2,0.8571428571428571,0.8571428571428571,0.8571428571428571,0.75,6,7,7,1.0,1.0,1.0,1.0,2,2,2
1ICM,vina_pose,14,A:MYR:133,L:UNL:1,RDKit,16,7.748858549005782,3,9.202203015220503,NA,NA,2,4,hydrogen_bonds=2,hydrogen_bonds=4,0.16666666666666666,0.14285714285714285,0.15384615384615383,0.08333333333333333,1,7,6,0.0,0.0,0.0,0.0,0,2,4
1ICM,vina_pose,15,A:MYR:133,L:UNL:1,RDKit,16,8.240090969613139,3,10.819072957821602,NA,NA,2,0,hydrogen_bonds=2,none=0,0.0,0.0,0.0,0.0,0,7,5,0.0,0.0,0.0,0.0,0,2,0
1ICM,vina_pose,16,A:MYR:133,L:UNL:1,RDKit,16,1.8169674082107252,3,1.4922075369509877,NA,NA,2,2,hydrogen_bonds=2,hydrogen_bonds=2,0.75,0.8571428571428571,0.7999999999999999,0.6666666666666666,6,7,8,1.0,1.0,1.0,1.0,2,2,2
1ICM,vina_pose,17,A:MYR:133,L:UNL:1,RDKit,16,8.097872756934379,3,9.51634791643657,NA,NA,2,2,hydrogen_bonds=2,hydrogen_bonds=2,0.0,0.0,0.0,0.0,0,7,4,0.0,0.0,0.0,0.0,0,2,2
1ICM,vina_pose,18,A:MYR:133,L:UNL:1,RDKit,16,7.732856575192637,3,9.492624487815089,NA,NA,2,3,hydrogen_bonds=2,hydrogen_bonds=3,0.14285714285714285,0.14285714285714285,0.14285714285714285,0.07692307692307693,1,7,7,0.0,0.0,0.0,0.0,0,2,3
1ICM,vina_pose,19,A:MYR:133,L:UNL:1,RDKit,16,9.00601963966324,3,12.717025608739386,NA,NA,2,1,hydrogen_bonds=2,hydrogen_bonds=1,0.0,0.0,0.0,0.0,0,7,4,0.0,0.0,0.0,0.0,0,2,1
1ICM,vina_pose,20,A:MYR:133,L:UNL:1,RDKit,16,9.037359321173415,3,12.603974505422222,NA,NA,2,2,hydrogen_bonds=2,hydrogen_bonds=2,0.0,0.0,0.0,0.0,0,7,3,0.0,0.0,0.0,0.0,0,2,2
1IKT,boltz,1,A:OXN:123,B:OXN:1,RDKit_partial_pred,25,0.9979750350129867,4,1.0813473710067236,115,0.3858516203724949,2,0,hydrogen_bonds=2,none=0,0.9166666666666666,1.0,0.9565217391304348,0.9166666666666666,11,11,12,0.0,0.0,0.0,0.0,0,2,0
1IKT,vina_pose,1,A:OXN:123,L:UNL:1,RDKit,25,2.4703375154014884,4,1.4282509408363788,NA,NA,2,2,hydrogen_bonds=2,hydrogen_bonds=2,0.8461538461538461,1.0,0.9166666666666666,0.8461538461538461,11,11,13,0.5,0.5,0.5,0.3333333333333333,1,2,2
1IKT,vina_pose,2,A:OXN:123,L:UNL:1,RDKit,25,2.491565596166394,4,2.2113209852936326,NA,NA,2,3,hydrogen_bonds=2,hydrogen_bonds=3,0.8181818181818182,0.8181818181818182,0.8181818181818182,0.6923076923076923,9,11,11,0.0,0.0,0.0,0.0,0,2,3
1IKT,vina_pose,3,A:OXN:123,L:UNL:1,RDKit,25,3.471984078304507,4,3.0217858957907655,NA,NA,2,1,hydrogen_bonds=2,hydrogen_bonds=1,0.9090909090909091,0.9090909090909091,0.9090909090909091,0.8333333333333334,10,11,11,1.0,0.5,0.6666666666666666,0.5,1,2,1
1IKT,vina_pose,4,A:OXN:123,L:UNL:1,RDKit,25,1.6299010767528195,4,1.4579416140572976,NA,NA,2,3,hydrogen_bonds=2,hydrogen_bonds=3,0.9166666666666666,1.0,0.9565217391304348,0.9166666666666666,11,11,12,0.3333333333333333,0.5,0.4,0.25,1,2,3
1IKT,vina_pose,5,A:OXN:123,L:UNL:1,RDKit,25,2.4378555248414537,4,2.467093380883667,NA,NA,2,4,hydrogen_bonds=2,hydrogen_bonds=4,0.9090909090909091,0.9090909090909091,0.9090909090909091,0.8333333333333334,10,11,11,0.5,1.0,0.6666666666666666,0.5,2,2,4
1IKT,vina_pose,6,A:OXN:123,L:UNL:1,RDKit,25,4.426628007863322,4,3.740731479269797,NA,NA,2,3,hydrogen_bonds=2,hydrogen_bonds=3,0.75,0.8181818181818182,0.7826086956521738,0.6428571428571429,9,11,12,0.3333333333333333,0.5,0.4,0.25,1,2,3
1IKT,vina_pose,7,A:OXN:123,L:UNL:1,RDKit,25,1.7279419781925547,4,1.3498757350215613,NA,NA,2,3,hydrogen_bonds=2,hydrogen_bonds=3,0.8461538461538461,1.0,0.9166666666666666,0.8461538461538461,11,11,13,0.6666666666666666,1.0,0.8,0.6666666666666666,2,2,3
1IKT,vina_pose,8,A:OXN:123,L:UNL:1,RDKit,25,10.099546193765343,4,12.821509339777435,NA,NA,2,0,hydrogen_bonds=2,none=0,0.1111111111111111,0.09090909090909091,0.09999999999999999,0.05263157894736842,1,11,9,0.0,0.0,0.0,0.0,0,2,0
1IKT,vina_pose,9,A:OXN:123,L:UNL:1,RDKit,25,11.047819422854449,4,14.089432502766035,NA,NA,2,1,hydrogen_bonds=2,hydrogen_bonds=1,0.125,0.09090909090909091,0.10526315789473685,0.05555555555555555,1,11,8,0.0,0.0,0.0,0.0,0,2,1
1IKT,vina_pose,10,A:OXN:123,L:UNL:1,RDKit,25,9.0947441107488,4,11.214978399444202,NA,NA,2,1,hydrogen_bonds=2,hydrogen_bonds=1,0.2,0.18181818181818182,0.1904761904761905,0.10526315789473684,2,11,10,0.0,0.0,0.0,0.0,0,2,1
1IKT,vina_pose,11,A:OXN:123,L:UNL:1,RDKit,25,9.148605972496576,4,11.532486863205177,NA,NA,2,1,hydrogen_bonds=2,hydrogen_bonds=1,0.2857142857142857,0.18181818181818182,0.2222222222222222,0.125,2,11,7,0.0,0.0,0.0,0.0,0,2,1
1IKT,vina_pose,12,A:OXN:123,L:UNL:1,RDKit,25,10.593073992000622,4,13.497541442796164,NA,NA,2,0,hydrogen_bonds=2,none=0,0.1111111111111111,0.09090909090909091,0.09999999999999999,0.05263157894736842,1,11,9,0.0,0.0,0.0,0.0,0,2,0
1IKT,vina_pose,13,A:OXN:123,L:UNL:1,RDKit,25,10.626600944798858,4,13.62785581080164,NA,NA,2,0,hydrogen_bonds=2,none=0,0.125,0.09090909090909091,0.10526315789473685,0.05555555555555555,1,11,8,0.0,0.0,0.0,0.0,0,2,0
1IKT,vina_pose,14,A:OXN:123,L:UNL:1,RDKit,25,4.0047694415534085,4,3.8366828771739803,NA,NA,2,2,hydrogen_bonds=2,hydrogen_bonds=2,0.8181818181818182,0.8181818181818182,0.8181818181818182,0.6923076923076923,9,11,11,0.5,0.5,0.5,0.3333333333333333,1,2,2
1IKT,vina_pose,15,A:OXN:123,L:UNL:1,RDKit,25,9.197774987463001,4,12.579133018614597,NA,NA,2,2,hydrogen_bonds=2,hydrogen_bonds=2,0.16666666666666666,0.18181818181818182,0.17391304347826086,0.09523809523809523,2,11,12,0.0,0.0,0.0,0.0,0,2,2
1IKT,vina_pose,16,A:OXN:123,L:UNL:1,RDKit,25,9.820677367676835,4,9.718213248843638,NA,NA,2,1,hydrogen_bonds=2,hydrogen_bonds=1,0.375,0.2727272727272727,0.3157894736842105,0.1875,3,11,8,0.0,0.0,0.0,0.0,0,2,1
1IKT,vina_pose,17,A:OXN:123,L:UNL:1,RDKit,25,10.344691827212642,4,13.111570138621843,NA,NA,2,1,hydrogen_bonds=2,hydrogen_bonds=1,0.125,0.09090909090909091,0.10526315789473685,0.05555555555555555,1,11,8,0.0,0.0,0.0,0.0,0,2,1
1IKT,vina_pose,18,A:OXN:123,L:UNL:1,RDKit,25,10.563798475927113,4,11.25415148956153,NA,NA,2,2,hydrogen_bonds=2,hydrogen_bonds=2,0.42857142857142855,0.2727272727272727,0.33333333333333326,0.2,3,11,7,0.0,0.0,0.0,0.0,0,2,2
1IKT,vina_pose,19,A:OXN:123,L:UNL:1,RDKit,25,11.137885296590193,4,14.991864168608252,NA,NA,2,1,hydrogen_bonds=2,hydrogen_bonds=1,0.0,0.0,0.0,0.0,0,11,6,0.0,0.0,0.0,0.0,0,2,1
1IKT,vina_pose,20,A:OXN:123,L:UNL:1,RDKit,25,10.370109644550535,4,10.80706764113189,NA,NA,2,0,hydrogen_bonds=2,none=0,0.3333333333333333,0.2727272727272727,0.3,0.17647058823529413,3,11,9,0.0,0.0,0.0,0.0,0,2,0
1LID,boltz,1,A:OLA:132,C:OLA:1,RDKit,20,4.46803182540988,3,1.7396832355281109,131,0.37998129904842887,2,2,hydrogen_bonds=2,hydrogen_bonds=2,0.8333333333333334,1.0,0.9090909090909091,0.8333333333333334,5,5,6,1.0,1.0,1.0,1.0,2,2,2
1LID,vina_pose,1,A:OLA:132,L:UNL:1,RDKit,20,4.140461755649968,3,8.143256392050217,NA,NA,2,3,hydrogen_bonds=2,hydrogen_bonds=3,0.0,0.0,0.0,0.0,0,5,8,0.0,0.0,0.0,0.0,0,2,3
1LID,vina_pose,2,A:OLA:132,L:UNL:1,RDKit,20,6.618261384230756,3,3.121327708951219,NA,NA,2,3,hydrogen_bonds=2,hydrogen_bonds=3,0.5,0.4,0.4444444444444445,0.2857142857142857,2,5,4,0.6666666666666666,1.0,0.8,0.6666666666666666,2,2,3
1LID,vina_pose,3,A:OLA:132,L:UNL:1,RDKit,20,5.45210841326546,3,8.176337912945302,NA,NA,2,3,hydrogen_bonds=2,hydrogen_bonds=3,0.0,0.0,0.0,0.0,0,5,8,0.0,0.0,0.0,0.0,0,2,3
1LID,vina_pose,4,A:OLA:132,L:UNL:1,RDKit,20,7.658182718504436,3,6.7643303930741485,NA,NA,2,3,hydrogen_bonds=2,hydrogen_bonds=3,0.0,0.0,0.0,0.0,0,5,6,0.0,0.0,0.0,0.0,0,2,3
1LID,vina_pose,5,A:OLA:132,L:UNL:1,RDKit,20,8.068674810648895,3,6.894264717865133,NA,NA,2,3,hydrogen_bonds=2,hydrogen_bonds=3,0.0,0.0,0.0,0.0,0,5,6,0.0,0.0,0.0,0.0,0,2,3
1LID,vina_pose,6,A:OLA:132,L:UNL:1,RDKit,20,8.08146435678584,3,6.7308560129203965,NA,NA,2,3,hydrogen_bonds=2,hydrogen_bonds=3,0.0,0.0,0.0,0.0,0,5,6,0.0,0.0,0.0,0.0,0,2,3
1LID,vina_pose,7,A:OLA:132,L:UNL:1,RDKit,20,1.333627440479536,3,1.2500379994224182,NA,NA,2,2,hydrogen_bonds=2,hydrogen_bonds=2,0.6666666666666666,0.8,0.7272727272727272,0.5714285714285714,4,5,6,1.0,1.0,1.0,1.0,2,2,2
1LID,vina_pose,8,A:OLA:132,L:UNL:1,RDKit,20,8.822305322306637,3,10.144956250932449,NA,NA,2,1,hydrogen_bonds=2,hydrogen_bonds=1,0.0,0.0,0.0,0.0,0,5,6,0.0,0.0,0.0,0.0,0,2,1
1LID,vina_pose,9,A:OLA:132,L:UNL:1,RDKit,20,7.710660150077944,3,7.518256690660852,NA,NA,2,2,hydrogen_bonds=2,hydrogen_bonds=2,0.0,0.0,0.0,0.0,0,5,6,0.0,0.0,0.0,0.0,0,2,2
1LID,vina_pose,10,A:OLA:132,L:UNL:1,RDKit,20,4.287870019018769,3,7.975579477379687,NA,NA,2,3,hydrogen_bonds=2,hydrogen_bonds=3,0.0,0.0,0.0,0.0,0,5,7,0.0,0.0,0.0,0.0,0,2,3
1LID,vina_pose,11,A:OLA:132,L:UNL:1,RDKit,20,6.675120455841976,3,2.7057074860376176,NA,NA,2,3,hydrogen_bonds=2,hydrogen_bonds=3,0.4,0.4,0.4000000000000001,0.25,2,5,5,0.6666666666666666,1.0,0.8,0.6666666666666666,2,2,3
1LID,vina_pose,12,A:OLA:132,L:UNL:1,RDKit,20,4.602463095995447,3,8.133579921125348,NA,NA,2,3,hydrogen_bonds=2,hydrogen_bonds=3,0.0,0.0,0.0,0.0,0,5,8,0.0,0.0,0.0,0.0,0,2,3
1LID,vina_pose,13,A:OLA:132,L:UNL:1,RDKit,20,2.914861128767546,3,3.198699475307637,NA,NA,2,0,hydrogen_bonds=2,none=0,0.5,0.6,0.5454545454545454,0.375,3,5,6,0.0,0.0,0.0,0.0,0,2,0
1LID,vina_pose,14,A:OLA:132,L:UNL:1,RDKit,20,7.592125446803418,3,5.569300015860761,NA,NA,2,1,hydrogen_bonds=2,hydrogen_bonds=1,0.2,0.2,0.20000000000000004,0.1111111111111111,1,5,5,1.0,0.5,0.6666666666666666,0.5,1,2,1
1LID,vina_pose,15,A:OLA:132,L:UNL:1,RDKit,20,3.398064552064896,3,5.94960942695681,NA,NA,2,1,hydrogen_bonds=2,hydrogen_bonds=1,0.16666666666666666,0.2,0.1818181818181818,0.1,1,5,6,0.0,0.0,0.0,0.0,0,2,1
1LID,vina_pose,16,A:OLA:132,L:UNL:1,RDKit,20,7.888489104384947,3,7.2237026747599,NA,NA,2,3,hydrogen_bonds=2,hydrogen_bonds=3,0.0,0.0,0.0,0.0,0,5,7,0.0,0.0,0.0,0.0,0,2,3
1LID,vina_pose,17,A:OLA:132,L:UNL:1,RDKit,20,4.642535901853641,3,7.656765396257967,NA,NA,2,3,hydrogen_bonds=2,hydrogen_bonds=3,0.0,0.0,0.0,0.0,0,5,8,0.0,0.0,0.0,0.0,0,2,3
1LID,vina_pose,18,A:OLA:132,L:UNL:1,RDKit,20,4.071409700582836,3,7.9668618665067905,NA,NA,2,3,hydrogen_bonds=2,hydrogen_bonds=3,0.0,0.0,0.0,0.0,0,5,7,0.0,0.0,0.0,0.0,0,2,3
1LID,vina_pose,19,A:OLA:132,L:UNL:1,RDKit,20,7.139545447715842,3,5.805804509282072,NA,NA,2,1,hydrogen_bonds=2,hydrogen_bonds=1,0.0,0.0,0.0,0.0,0,5,3,0.0,0.0,0.0,0.0,0,2,1
1LID,vina_pose,20,A:OLA:132,L:UNL:1,RDKit,20,4.702365957685557,3,8.013850031871906,NA,NA,2,3,hydrogen_bonds=2,hydrogen_bonds=3,0.0,0.0,0.0,0.0,0,5,7,0.0,0.0,0.0,0.0,0,2,3
1LN1,boltz,1,A:DLP:2313,B:DLP:1,RDKit,54,0.9822414255417531,7,0.5048950344620965,203,0.4110377020234384,6,6,attractive_charge=1;hydrogen_bonds=3;ionic=1;salt_bridge=1,attractive_charge=1;hydrogen_bonds=3;ionic=1;salt_bridge=1,1.0,0.7777777777777778,0.8750000000000001,0.7777777777777778,7,9,7,1.0,1.0,1.0,1.0,6,6,6
1LN1,vina_pose,1,A:DLP:2313,L:UNL:1,RDKit,53,8.701053733627422,7,5.2136661080006155,NA,NA,6,0,attractive_charge=1;hydrogen_bonds=3;ionic=1;salt_bridge=1,none=0,0.375,0.3333333333333333,0.35294117647058826,0.21428571428571427,3,9,8,0.0,0.0,0.0,0.0,0,6,0
1LN1,vina_pose,2,A:DLP:2313,L:UNL:1,RDKit,53,5.548092356157459,7,7.237125070476141,NA,NA,6,4,attractive_charge=1;hydrogen_bonds=3;ionic=1;salt_bridge=1,hydrogen_bonds=4,0.0,0.0,0.0,0.0,0,9,5,0.0,0.0,0.0,0.0,0,6,4
1LN1,vina_pose,3,A:DLP:2313,L:UNL:1,RDKit,53,9.264967218832332,7,7.587822254865263,NA,NA,6,4,attractive_charge=1;hydrogen_bonds=3;ionic=1;salt_bridge=1,hydrogen_bonds=4,0.0,0.0,0.0,0.0,0,9,6,0.0,0.0,0.0,0.0,0,6,4
1LN1,vina_pose,4,A:DLP:2313,L:UNL:1,RDKit,53,5.106278750640753,7,7.945580676433554,NA,NA,6,4,attractive_charge=1;hydrogen_bonds=3;ionic=1;salt_bridge=1,hydrogen_bonds=4,0.0,0.0,0.0,0.0,0,9,6,0.0,0.0,0.0,0.0,0,6,4
1LN1,vina_pose,5,A:DLP:2313,L:UNL:1,RDKit,53,8.390825217473468,7,1.4299482508118955,NA,NA,6,6,attractive_charge=1;hydrogen_bonds=3;ionic=1;salt_bridge=1,attractive_charge=1;hydrogen_bonds=3;ionic=1;salt_bridge=1,0.875,0.7777777777777778,0.823529411764706,0.7,7,9,8,1.0,1.0,1.0,1.0,6,6,6
1LN1,vina_pose,6,A:DLP:2313,L:UNL:1,RDKit,53,8.339003131454929,7,4.337073519585035,NA,NA,6,4,attractive_charge=1;hydrogen_bonds=3;ionic=1;salt_bridge=1,attractive_charge=1;hydrogen_bonds=1;ionic=1;salt_bridge=1,0.2857142857142857,0.2222222222222222,0.25,0.14285714285714285,2,9,7,0.75,0.5,0.6,0.42857142857142855,3,6,4
1LN1,vina_pose,7,A:DLP:2313,L:UNL:1,RDKit,53,5.288606925036798,7,4.470425850600174,NA,NA,6,5,attractive_charge=1;hydrogen_bonds=3;ionic=1;salt_bridge=1,attractive_charge=1;hydrogen_bonds=2;ionic=1;salt_bridge=1,0.5,0.3333333333333333,0.4,0.25,3,9,6,0.8,0.6666666666666666,0.7272727272727272,0.5714285714285714,4,6,5
1LN1,vina_pose,8,A:DLP:2313,L:UNL:1,RDKit,53,8.818122255514922,7,1.9919052975193674,NA,NA,6,3,attractive_charge=1;hydrogen_bonds=3;ionic=1;salt_bridge=1,hydrogen_bonds=3,0.9,1.0,0.9473684210526316,0.9,9,9,10,1.0,0.5,0.6666666666666666,0.5,3,6,3
1LN1,vina_pose,9,A:DLP:2313,L:UNL:1,RDKit,53,8.576727740569188,7,7.410287183561589,NA,NA,6,4,attractive_charge=1;hydrogen_bonds=3;ionic=1;salt_bridge=1,hydrogen_bonds=4,0.0,0.0,0.0,0.0,0,9,7,0.0,0.0,0.0,0.0,0,6,4
1LN1,vina_pose,10,A:DLP:2313,L:UNL:1,RDKit,53,5.209546163190714,7,8.11397724388513,NA,NA,6,4,attractive_charge=1;hydrogen_bonds=3;ionic=1;salt_bridge=1,hydrogen_bonds=4,0.0,0.0,0.0,0.0,0,9,6,0.0,0.0,0.0,0.0,0,6,4
1LN1,vina_pose,11,A:DLP:2313,L:UNL:1,RDKit,53,7.669997039432652,7,1.8948952100691103,NA,NA,6,6,attractive_charge=1;hydrogen_bonds=3;ionic=1;salt_bridge=1,attractive_charge=1;hydrogen_bonds=3;ionic=1;salt_bridge=1,0.875,0.7777777777777778,0.823529411764706,0.7,7,9,8,1.0,1.0,1.0,1.0,6,6,6
1LN1,vina_pose,12,A:DLP:2313,L:UNL:1,RDKit,53,8.780459199536034,7,7.850255637329817,NA,NA,6,4,attractive_charge=1;hydrogen_bonds=3;ionic=1;salt_bridge=1,hydrogen_bonds=4,0.0,0.0,0.0,0.0,0,9,7,0.0,0.0,0.0,0.0,0,6,4
1LN1,vina_pose,13,A:DLP:2313,L:UNL:1,RDKit,53,8.590663765072424,7,1.5352625647937697,NA,NA,6,6,attractive_charge=1;hydrogen_bonds=3;ionic=1;salt_bridge=1,attractive_charge=1;hydrogen_bonds=3;ionic=1;salt_bridge=1,1.0,0.7777777777777778,0.8750000000000001,0.7777777777777778,7,9,7,1.0,1.0,1.0,1.0,6,6,6
1LN1,vina_pose,14,A:DLP:2313,L:UNL:1,RDKit,53,8.082375073589983,7,1.7157651354424943,NA,NA,6,6,attractive_charge=1;hydrogen_bonds=3;ionic=1;salt_bridge=1,attractive_charge=1;hydrogen_bonds=3;ionic=1;salt_bridge=1,0.875,0.7777777777777778,0.823529411764706,0.7,7,9,8,1.0,1.0,1.0,1.0,6,6,6
1LN1,vina_pose,15,A:DLP:2313,L:UNL:1,RDKit,53,5.325993274356489,7,8.765369790911766,NA,NA,6,4,attractive_charge=1;hydrogen_bonds=3;ionic=1;salt_bridge=1,hydrogen_bonds=4,0.0,0.0,0.0,0.0,0,9,6,0.0,0.0,0.0,0.0,0,6,4
1LN1,vina_pose,16,A:DLP:2313,L:UNL:1,RDKit,53,7.981765942824792,7,1.3143567139207586,NA,NA,6,6,attractive_charge=1;hydrogen_bonds=3;ionic=1;salt_bridge=1,attractive_charge=1;hydrogen_bonds=3;ionic=1;salt_bridge=1,0.875,0.7777777777777778,0.823529411764706,0.7,7,9,8,1.0,1.0,1.0,1.0,6,6,6
1LN1,vina_pose,17,A:DLP:2313,L:UNL:1,RDKit,53,8.480911454221157,7,4.615908160141094,NA,NA,6,1,attractive_charge=1;hydrogen_bonds=3;ionic=1;salt_bridge=1,hydrogen_bonds=1,0.2857142857142857,0.2222222222222222,0.25,0.14285714285714285,2,9,7,0.0,0.0,0.0,0.0,0,6,1
1LN1,vina_pose,18,A:DLP:2313,L:UNL:1,RDKit,53,9.256906386534144,7,2.798756815853374,NA,NA,6,4,attractive_charge=1;hydrogen_bonds=3;ionic=1;salt_bridge=1,attractive_charge=1;hydrogen_bonds=1;ionic=1;salt_bridge=1,0.75,0.6666666666666666,0.7058823529411765,0.5454545454545454,6,9,8,1.0,0.6666666666666666,0.8,0.6666666666666666,4,6,4
1LN1,vina_pose,19,A:DLP:2313,L:UNL:1,RDKit,53,9.467335055685087,7,12.44780031629226,NA,NA,6,1,attractive_charge=1;hydrogen_bonds=3;ionic=1;salt_bridge=1,hydrogen_bonds=1,0.0,0.0,0.0,0.0,0,9,7,0.0,0.0,0.0,0.0,0,6,1
1LN1,vina_pose,20,A:DLP:2313,L:UNL:1,RDKit,53,8.63306004144795,7,4.38113351281867,NA,NA,6,5,attractive_charge=1;hydrogen_bonds=3;ionic=1;salt_bridge=1,attractive_charge=1;hydrogen_bonds=2;ionic=1;salt_bridge=1,0.3333333333333333,0.2222222222222222,0.26666666666666666,0.15384615384615385,2,9,6,0.8,0.6666666666666666,0.7272727272727272,0.5714285714285714,4,6,5
1LRI,boltz,1,A:CLR:99,B:CLR:1,RDKit,28,0.7549396794796053,1,0.3259521693563084,98,0.3332765040326037,1,1,hydrogen_bonds=1,hydrogen_bonds=1,1.0,0.75,0.8571428571428571,0.75,3,4,3,1.0,1.0,1.0,1.0,1,1,1
1LRI,vina_pose,1,A:CLR:99,L:UNL:1,RDKit,28,0.9519081025573245,1,0.47457243914917757,NA,NA,1,1,hydrogen_bonds=1,hydrogen_bonds=1,1.0,0.75,0.8571428571428571,0.75,3,4,3,1.0,1.0,1.0,1.0,1,1,1
1LRI,vina_pose,2,A:CLR:99,L:UNL:1,RDKit,28,2.48437463387239,1,0.5499718174597678,NA,NA,1,1,hydrogen_bonds=1,hydrogen_bonds=1,1.0,0.75,0.8571428571428571,0.75,3,4,3,1.0,1.0,1.0,1.0,1,1,1
1LRI,vina_pose,3,A:CLR:99,L:UNL:1,RDKit,28,9.63356444936141,1,17.40059280599371,NA,NA,1,1,hydrogen_bonds=1,hydrogen_bonds=1,0.0,0.0,0.0,0.0,0,4,6,0.0,0.0,0.0,0.0,0,1,1
1LRI,vina_pose,4,A:CLR:99,L:UNL:1,RDKit,28,9.168916285861862,1,15.492632700738762,NA,NA,1,2,hydrogen_bonds=1,hydrogen_bonds=2,0.0,0.0,0.0,0.0,0,4,4,0.0,0.0,0.0,0.0,0,1,2
1LRI,vina_pose,5,A:CLR:99,L:UNL:1,RDKit,28,3.594510263681867,1,3.5826057555918713,NA,NA,1,0,hydrogen_bonds=1,none=0,0.4,0.5,0.4444444444444445,0.2857142857142857,2,4,5,0.0,0.0,0.0,0.0,0,1,0
1LRI,vina_pose,6,A:CLR:99,L:UNL:1,RDKit,28,9.909908457844459,1,18.30332172038726,NA,NA,1,1,hydrogen_bonds=1,hydrogen_bonds=1,0.0,0.0,0.0,0.0,0,4,3,0.0,0.0,0.0,0.0,0,1,1
1LRI,vina_pose,7,A:CLR:99,L:UNL:1,RDKit,28,9.47635237804384,1,15.71607361906911,NA,NA,1,0,hydrogen_bonds=1,none=0,0.0,0.0,0.0,0.0,0,4,4,0.0,0.0,0.0,0.0,0,1,0
1LRI,vina_pose,8,A:CLR:99,L:UNL:1,RDKit,28,9.961826557270653,1,19.132482771454416,NA,NA,1,0,hydrogen_bonds=1,none=0,0.0,0.0,0.0,0.0,0,4,3,0.0,0.0,0.0,0.0,0,1,0
1LRI,vina_pose,9,A:CLR:99,L:UNL:1,RDKit,28,2.7958451188453606,1,1.8501440484459581,NA,NA,1,1,hydrogen_bonds=1,hydrogen_bonds=1,0.6,0.75,0.6666666666666665,0.5,3,4,5,1.0,1.0,1.0,1.0,1,1,1
1LRI,vina_pose,10,A:CLR:99,L:UNL:1,RDKit,28,9.248739759710894,1,15.914473569678641,NA,NA,1,0,hydrogen_bonds=1,none=0,0.0,0.0,0.0,0.0,0,4,4,0.0,0.0,0.0,0.0,0,1,0
1LRI,vina_pose,11,A:CLR:99,L:UNL:1,RDKit,28,2.2789411623446036,1,0.4829689431008997,NA,NA,1,1,hydrogen_bonds=1,hydrogen_bonds=1,1.0,1.0,1.0,1.0,4,4,4,1.0,1.0,1.0,1.0,1,1,1
1LRI,vina_pose,12,A:CLR:99,L:UNL:1,RDKit,28,8.636153399269508,1,15.528002769190891,NA,NA,1,0,hydrogen_bonds=1,none=0,0.0,0.0,0.0,0.0,0,4,4,0.0,0.0,0.0,0.0,0,1,0
1LRI,vina_pose,13,A:CLR:99,L:UNL:1,RDKit,28,2.3510102159953044,1,0.6315275132565483,NA,NA,1,1,hydrogen_bonds=1,hydrogen_bonds=1,1.0,0.75,0.8571428571428571,0.75,3,4,3,1.0,1.0,1.0,1.0,1,1,1
1LRI,vina_pose,14,A:CLR:99,L:UNL:1,RDKit,28,3.295358884639339,1,2.893871800892361,NA,NA,1,0,hydrogen_bonds=1,none=0,0.3333333333333333,0.5,0.4,0.25,2,4,6,0.0,0.0,0.0,0.0,0,1,0
1LRI,vina_pose,15,A:CLR:99,L:UNL:1,RDKit,28,9.831169831205237,1,19.14225759935332,NA,NA,1,0,hydrogen_bonds=1,none=0,0.0,0.0,0.0,0.0,0,4,3,0.0,0.0,0.0,0.0,0,1,0
1LRI,vina_pose,16,A:CLR:99,L:UNL:1,RDKit,28,3.026054220078871,1,3.011032547150562,NA,NA,1,0,hydrogen_bonds=1,none=0,0.6,0.75,0.6666666666666665,0.5,3,4,5,0.0,0.0,0.0,0.0,0,1,0
1LRI,vina_pose,17,A:CLR:99,L:UNL:1,RDKit,28,3.240933160372179,1,0.9395461670402365,NA,NA,1,1,hydrogen_bonds=1,hydrogen_bonds=1,0.75,0.75,0.75,0.6,3,4,4,1.0,1.0,1.0,1.0,1,1,1
1LRI,vina_pose,18,A:CLR:99,L:UNL:1,RDKit,28,2.6391550528260255,1,0.5426140433125551,NA,NA,1,1,hydrogen_bonds=1,hydrogen_bonds=1,0.75,0.75,0.75,0.6,3,4,4,1.0,1.0,1.0,1.0,1,1,1
1LRI,vina_pose,19,A:CLR:99,L:UNL:1,RDKit,28,4.638772817243802,1,4.881441385492609,NA,NA,1,0,hydrogen_bonds=1,none=0,0.0,0.0,0.0,0.0,0,4,4,0.0,0.0,0.0,0.0,0,1,0
1LRI,vina_pose,20,A:CLR:99,L:UNL:1,RDKit,28,10.130908318464977,1,19.280910585343214,NA,NA,1,0,hydrogen_bonds=1,none=0,0.0,0.0,0.0,0.0,0,4,2,0.0,0.0,0.0,0.0,0,1,0
1LV2,boltz,1,A:PLM:328,B:PLM:1,RDKit,18,1.2978632351507087,3,1.786075340327871,225,1.8524815454549266,2,2,hydrogen_bonds=2,hydrogen_bonds=2,0.9,0.9,0.9,0.8181818181818182,9,10,10,1.0,1.0,1.0,1.0,2,2,2
1LV2,vina_pose,1,A:PLM:328,L:UNL:1,RDKit,18,1.441734507074339,3,0.6791369523152166,NA,NA,2,2,hydrogen_bonds=2,hydrogen_bonds=2,1.0,1.0,1.0,1.0,10,10,10,1.0,1.0,1.0,1.0,2,2,2
1LV2,vina_pose,2,A:PLM:328,L:UNL:1,RDKit,18,9.199307679264662,3,13.964618111498789,NA,NA,2,2,hydrogen_bonds=2,hydrogen_bonds=2,0.0,0.0,0.0,0.0,0,10,5,0.0,0.0,0.0,0.0,0,2,2
1LV2,vina_pose,3,A:PLM:328,L:UNL:1,RDKit,18,1.9673455043111607,3,3.2116182836694644,NA,NA,2,1,hydrogen_bonds=2,hydrogen_bonds=1,0.8571428571428571,0.6,0.7058823529411764,0.5454545454545454,6,10,7,0.0,0.0,0.0,0.0,0,2,1
1LV2,vina_pose,4,A:PLM:328,L:UNL:1,RDKit,18,8.953726797013385,3,13.863984876891156,NA,NA,2,2,hydrogen_bonds=2,hydrogen_bonds=2,0.0,0.0,0.0,0.0,0,10,8,0.0,0.0,0.0,0.0,0,2,2
1LV2,vina_pose,5,A:PLM:328,L:UNL:1,RDKit,18,1.7585807882747058,3,2.0104689336901806,NA,NA,2,1,hydrogen_bonds=2,hydrogen_bonds=1,0.8888888888888888,0.8,0.8421052631578948,0.7272727272727273,8,10,9,1.0,0.5,0.6666666666666666,0.5,1,2,1
1LV2,vina_pose,6,A:PLM:328,L:UNL:1,RDKit,18,3.1038463145659207,3,4.363061692588512,NA,NA,2,0,hydrogen_bonds=2,none=0,0.8333333333333334,0.5,0.625,0.45454545454545453,5,10,6,0.0,0.0,0.0,0.0,0,2,0
1LV2,vina_pose,7,A:PLM:328,L:UNL:1,RDKit,18,8.545704209978512,3,11.309407028369494,NA,NA,2,0,hydrogen_bonds=2,none=0,0.14285714285714285,0.1,0.11764705882352941,0.0625,1,10,7,0.0,0.0,0.0,0.0,0,2,0
1LV2,vina_pose,8,A:PLM:328,L:UNL:1,RDKit,18,2.6487712140621813,3,1.7906404813175958,NA,NA,2,2,hydrogen_bonds=2,hydrogen_bonds=2,1.0,0.9,0.9473684210526316,0.9,9,10,9,1.0,1.0,1.0,1.0,2,2,2
1LV2,vina_pose,9,A:PLM:328,L:UNL:1,RDKit,18,8.957403796735848,3,13.834145088632452,NA,NA,2,3,hydrogen_bonds=2,hydrogen_bonds=3,0.0,0.0,0.0,0.0,0,10,6,0.0,0.0,0.0,0.0,0,2,3
1LV2,vina_pose,10,A:PLM:328,L:UNL:1,RDKit,18,8.602900379781486,3,13.516795416567247,NA,NA,2,0,hydrogen_bonds=2,none=0,0.0,0.0,0.0,0.0,0,10,8,0.0,0.0,0.0,0.0,0,2,0
1LV2,vina_pose,11,A:PLM:328,L:UNL:1,RDKit,18,4.258044360710416,3,6.0305146546542785,NA,NA,2,0,hydrogen_bonds=2,none=0,0.2857142857142857,0.2,0.23529411764705882,0.13333333333333333,2,10,7,0.0,0.0,0.0,0.0,0,2,0
1LV2,vina_pose,12,A:PLM:328,L:UNL:1,RDKit,18,8.784897172610123,3,12.99930907138273,NA,NA,2,0,hydrogen_bonds=2,none=0,0.0,0.0,0.0,0.0,0,10,6,0.0,0.0,0.0,0.0,0,2,0
1LV2,vina_pose,13,A:PLM:328,L:UNL:1,RDKit,18,8.65450785557574,3,13.228063740900755,NA,NA,2,1,hydrogen_bonds=2,hydrogen_bonds=1,0.0,0.0,0.0,0.0,0,10,5,0.0,0.0,0.0,0.0,0,2,1
1LV2,vina_pose,14,A:PLM:328,L:UNL:1,RDKit,18,3.4123440298096805,3,4.142980851190761,NA,NA,2,0,hydrogen_bonds=2,none=0,0.7142857142857143,0.5,0.588235294117647,0.4166666666666667,5,10,7,0.0,0.0,0.0,0.0,0,2,0
1LV2,vina_pose,15,A:PLM:328,L:UNL:1,RDKit,18,8.463565265300435,3,11.74331526160025,NA,NA,2,2,hydrogen_bonds=2,hydrogen_bonds=2,0.14285714285714285,0.1,0.11764705882352941,0.0625,1,10,7,0.0,0.0,0.0,0.0,0,2,2
1LV2,vina_pose,16,A:PLM:328,L:UNL:1,RDKit,18,1.7041027779385192,3,1.1852120766625114,NA,NA,2,1,hydrogen_bonds=2,hydrogen_bonds=1,1.0,0.8,0.888888888888889,0.8,8,10,8,1.0,0.5,0.6666666666666666,0.5,1,2,1
1LV2,vina_pose,17,A:PLM:328,L:UNL:1,RDKit,18,4.369957589420443,3,5.975006136677464,NA,NA,2,0,hydrogen_bonds=2,none=0,0.4,0.2,0.26666666666666666,0.15384615384615385,2,10,5,0.0,0.0,0.0,0.0,0,2,0
1LV2,vina_pose,18,A:PLM:328,L:UNL:1,RDKit,18,2.2324786797538625,3,4.971591931497725,NA,NA,2,1,hydrogen_bonds=2,hydrogen_bonds=1,0.6,0.3,0.4,0.25,3,10,5,0.0,0.0,0.0,0.0,0,2,1
1LV2,vina_pose,19,A:PLM:328,L:UNL:1,RDKit,18,8.889016756024755,3,13.302037224926613,NA,NA,2,0,hydrogen_bonds=2,none=0,0.0,0.0,0.0,0.0,0,10,6,0.0,0.0,0.0,0.0,0,2,0
1LV2,vina_pose,20,A:PLM:328,L:UNL:1,RDKit,18,4.134160958808127,3,1.36835180661505,NA,NA,2,3,hydrogen_bonds=2,hydrogen_bonds=3,0.9,0.9,0.9,0.8181818181818182,9,10,10,0.6666666666666666,1.0,0.8,0.6666666666666666,2,2,3
1MZM,boltz,1,A:PLM:201,B:PLM:1,RDKit,18,1.843265283452893,3,2.222597512449321,93,0.17396225111638447,1,1,hydrogen_bonds=1,hydrogen_bonds=1,0.5555555555555556,0.8333333333333334,0.6666666666666667,0.5,5,6,9,1.0,1.0,1.0,1.0,1,1,1
1MZM,vina_pose,1,A:PLM:201,L:UNL:1,RDKit,18,3.570970324093376,3,4.411354629438295,NA,NA,1,2,hydrogen_bonds=1,hydrogen_bonds=2,0.4,0.3333333333333333,0.3636363636363636,0.2222222222222222,2,6,5,0.0,0.0,0.0,0.0,0,1,2
1MZM,vina_pose,2,A:PLM:201,L:UNL:1,RDKit,18,9.875060852133181,3,13.73094685980055,NA,NA,1,3,hydrogen_bonds=1,hydrogen_bonds=3,0.0,0.0,0.0,0.0,0,6,7,0.0,0.0,0.0,0.0,0,1,3
1MZM,vina_pose,3,A:PLM:201,L:UNL:1,RDKit,18,1.7139187877817053,3,2.319346747110773,NA,NA,1,2,hydrogen_bonds=1,hydrogen_bonds=2,0.5714285714285714,0.6666666666666666,0.6153846153846153,0.4444444444444444,4,6,7,0.5,1.0,0.6666666666666666,0.5,1,1,2
1MZM,vina_pose,4,A:PLM:201,L:UNL:1,RDKit,18,2.134721449432375,3,2.9193704229964816,NA,NA,1,1,hydrogen_bonds=1,hydrogen_bonds=1,0.42857142857142855,0.5,0.4615384615384615,0.3,3,6,7,1.0,1.0,1.0,1.0,1,1,1
1MZM,vina_pose,5,A:PLM:201,L:UNL:1,RDKit,18,1.6120494891769155,3,0.5943077205174653,NA,NA,1,1,hydrogen_bonds=1,hydrogen_bonds=1,1.0,1.0,1.0,1.0,6,6,6,1.0,1.0,1.0,1.0,1,1,1
1MZM,vina_pose,6,A:PLM:201,L:UNL:1,RDKit,18,3.293114972517999,3,4.467037944768323,NA,NA,1,2,hydrogen_bonds=1,hydrogen_bonds=2,0.2857142857142857,0.3333333333333333,0.30769230769230765,0.18181818181818182,2,6,7,0.0,0.0,0.0,0.0,0,1,2
1MZM,vina_pose,7,A:PLM:201,L:UNL:1,RDKit,18,2.3546968311582415,3,3.0167567574024488,NA,NA,1,1,hydrogen_bonds=1,hydrogen_bonds=1,0.5714285714285714,0.6666666666666666,0.6153846153846153,0.4444444444444444,4,6,7,0.0,0.0,0.0,0.0,0,1,1
1MZM,vina_pose,8,A:PLM:201,L:UNL:1,RDKit,18,1.7086983349907026,3,0.49251463599233974,NA,NA,1,2,hydrogen_bonds=1,hydrogen_bonds=2,0.75,1.0,0.8571428571428571,0.75,6,6,8,0.5,1.0,0.6666666666666666,0.5,1,1,2
1MZM,vina_pose,9,A:PLM:201,L:UNL:1,RDKit,18,3.5742423361850797,3,4.310038166884371,NA,NA,1,2,hydrogen_bonds=1,hydrogen_bonds=2,0.2857142857142857,0.3333333333333333,0.30769230769230765,0.18181818181818182,2,6,7,0.0,0.0,0.0,0.0,0,1,2
1MZM,vina_pose,10,A:PLM:201,L:UNL:1,RDKit,18,9.479852137852971,3,13.642853636000543,NA,NA,1,2,hydrogen_bonds=1,hydrogen_bonds=2,0.0,0.0,0.0,0.0,0,6,8,0.0,0.0,0.0,0.0,0,1,2
1MZM,vina_pose,11,A:PLM:201,L:UNL:1,RDKit,18,2.4768116377490004,3,3.4189885931368647,NA,NA,1,1,hydrogen_bonds=1,hydrogen_bonds=1,0.5,0.6666666666666666,0.5714285714285715,0.4,4,6,8,0.0,0.0,0.0,0.0,0,1,1
1MZM,vina_pose,12,A:PLM:201,L:UNL:1,RDKit,18,9.929415673196036,3,13.534049738837718,NA,NA,1,0,hydrogen_bonds=1,none=0,0.0,0.0,0.0,0.0,0,6,6,0.0,0.0,0.0,0.0,0,1,0
1MZM,vina_pose,13,A:PLM:201,L:UNL:1,RDKit,18,9.624298352491873,3,12.958856521056681,NA,NA,1,1,hydrogen_bonds=1,hydrogen_bonds=1,0.0,0.0,0.0,0.0,0,6,6,0.0,0.0,0.0,0.0,0,1,1
1MZM,vina_pose,14,A:PLM:201,L:UNL:1,RDKit,18,3.21817446526581,3,4.328034157289735,NA,NA,1,2,hydrogen_bonds=1,hydrogen_bonds=2,0.3333333333333333,0.3333333333333333,0.3333333333333333,0.2,2,6,6,0.0,0.0,0.0,0.0,0,1,2
1MZM,vina_pose,15,A:PLM:201,L:UNL:1,RDKit,18,9.317571688303056,3,12.046136060994826,NA,NA,1,0,hydrogen_bonds=1,none=0,0.0,0.0,0.0,0.0,0,6,7,0.0,0.0,0.0,0.0,0,1,0
1MZM,vina_pose,16,A:PLM:201,L:UNL:1,RDKit,18,2.575633891771973,3,2.1536042657213814,NA,NA,1,2,hydrogen_bonds=1,hydrogen_bonds=2,0.5555555555555556,0.8333333333333334,0.6666666666666667,0.5,5,6,9,0.5,1.0,0.6666666666666666,0.5,1,1,2
1MZM,vina_pose,17,A:PLM:201,L:UNL:1,RDKit,18,9.719035240187166,3,14.200391344372635,NA,NA,1,0,hydrogen_bonds=1,none=0,0.0,0.0,0.0,0.0,0,6,6,0.0,0.0,0.0,0.0,0,1,0
1MZM,vina_pose,18,A:PLM:201,L:UNL:1,RDKit,18,3.7779915519580856,3,4.620855079600165,NA,NA,1,1,hydrogen_bonds=1,hydrogen_bonds=1,0.3333333333333333,0.3333333333333333,0.3333333333333333,0.2,2,6,6,0.0,0.0,0.0,0.0,0,1,1
1MZM,vina_pose,19,A:PLM:201,L:UNL:1,RDKit,18,5.491923625753649,3,6.946710756417981,NA,NA,1,2,hydrogen_bonds=1,hydrogen_bonds=2,0.2857142857142857,0.3333333333333333,0.30769230769230765,0.18181818181818182,2,6,7,0.0,0.0,0.0,0.0,0,1,2
1MZM,vina_pose,20,A:PLM:201,L:UNL:1,RDKit,18,9.781989635152055,3,14.243865474886606,NA,NA,1,0,hydrogen_bonds=1,none=0,0.0,0.0,0.0,0.0,0,6,5,0.0,0.0,0.0,0.0,0,1,0
1N83,boltz,1,A:CLR:1000,B:CLR:1,RDKit,28,0.7383018893602158,1,0.45217614411637647,251,0.8702411796824652,0,1,none=0,hydrogen_bonds=1,0.5,0.6666666666666666,0.5714285714285715,0.4,2,3,4,NA,NA,NA,NA,0,0,1
1N83,vina_pose,1,A:CLR:1000,L:UNL:1,RDKit,28,0.6059494321193102,1,0.2938945389080942,NA,NA,0,0,none=0,none=0,1.0,0.6666666666666666,0.8,0.6666666666666666,2,3,2,NA,NA,NA,NA,0,0,0
1N83,vina_pose,2,A:CLR:1000,L:UNL:1,RDKit,28,2.967132827206378,1,3.9079209306228293,NA,NA,0,0,none=0,none=0,0.5,0.3333333333333333,0.4,0.25,1,3,2,NA,NA,NA,NA,0,0,0
1N83,vina_pose,3,A:CLR:1000,L:UNL:1,RDKit,28,4.6134545198953525,1,3.6100810240214836,NA,NA,0,2,none=0,hydrogen_bonds=2,0.2,0.3333333333333333,0.25,0.14285714285714285,1,3,5,NA,NA,NA,NA,0,0,2
1N83,vina_pose,4,A:CLR:1000,L:UNL:1,RDKit,28,4.387653977762082,1,3.4625184476042876,NA,NA,0,3,none=0,hydrogen_bonds=3,0.2,0.3333333333333333,0.25,0.14285714285714285,1,3,5,NA,NA,NA,NA,0,0,3
1N83,vina_pose,5,A:CLR:1000,L:UNL:1,RDKit,28,3.6387407947569677,1,3.0078671845678286,NA,NA,0,1,none=0,hydrogen_bonds=1,0.2,0.3333333333333333,0.25,0.14285714285714285,1,3,5,NA,NA,NA,NA,0,0,1
1N83,vina_pose,6,A:CLR:1000,L:UNL:1,RDKit,28,9.356621553363006,1,12.21884393058525,NA,NA,0,0,none=0,none=0,0.0,0.0,0.0,0.0,0,3,4,NA,NA,NA,NA,0,0,0
1N83,vina_pose,7,A:CLR:1000,L:UNL:1,RDKit,28,9.26789724956915,1,12.115422609220035,NA,NA,0,0,none=0,none=0,0.0,0.0,0.0,0.0,0,3,4,NA,NA,NA,NA,0,0,0
1N83,vina_pose,8,A:CLR:1000,L:UNL:1,RDKit,28,9.319407917275187,1,14.42305778952577,NA,NA,0,0,none=0,none=0,0.0,0.0,0.0,0.0,0,3,4,NA,NA,NA,NA,0,0,0
1N83,vina_pose,9,A:CLR:1000,L:UNL:1,RDKit,28,1.8584062200098852,1,1.4325955465517826,NA,NA,0,0,none=0,none=0,0.5,0.6666666666666666,0.5714285714285715,0.4,2,3,4,NA,NA,NA,NA,0,0,0
1N83,vina_pose,10,A:CLR:1000,L:UNL:1,RDKit,28,9.057427691837079,1,13.86769230982574,NA,NA,0,0,none=0,none=0,0.0,0.0,0.0,0.0,0,3,5,NA,NA,NA,NA,0,0,0
1N83,vina_pose,11,A:CLR:1000,L:UNL:1,RDKit,28,2.4218280064565163,1,1.7751447828275861,NA,NA,0,0,none=0,none=0,0.0,0.0,0.0,0.0,0,3,2,NA,NA,NA,NA,0,0,0
1N83,vina_pose,12,A:CLR:1000,L:UNL:1,RDKit,28,8.688785991149741,1,13.17015721242537,NA,NA,0,0,none=0,none=0,0.0,0.0,0.0,0.0,0,3,4,NA,NA,NA,NA,0,0,0
1N83,vina_pose,13,A:CLR:1000,L:UNL:1,RDKit,28,4.200721409132348,1,3.2857006863072615,NA,NA,0,0,none=0,none=0,0.25,0.3333333333333333,0.28571428571428575,0.16666666666666666,1,3,4,NA,NA,NA,NA,0,0,0
1N83,vina_pose,14,A:CLR:1000,L:UNL:1,RDKit,28,9.536443983851782,1,12.533853477681953,NA,NA,0,0,none=0,none=0,0.0,0.0,0.0,0.0,0,3,4,NA,NA,NA,NA,0,0,0
1N83,vina_pose,15,A:CLR:1000,L:UNL:1,RDKit,28,8.950246189750473,1,13.185727852492635,NA,NA,0,0,none=0,none=0,0.0,0.0,0.0,0.0,0,3,5,NA,NA,NA,NA,0,0,0
1N83,vina_pose,16,A:CLR:1000,L:UNL:1,RDKit,28,8.74174050175364,1,12.034489644351355,NA,NA,0,0,none=0,none=0,0.0,0.0,0.0,0.0,0,3,3,NA,NA,NA,NA,0,0,0
1N83,vina_pose,17,A:CLR:1000,L:UNL:1,RDKit,28,9.162370462931522,1,10.365119246781488,NA,NA,0,0,none=0,none=0,0.0,0.0,0.0,0.0,0,3,3,NA,NA,NA,NA,0,0,0
1N83,vina_pose,18,A:CLR:1000,L:UNL:1,RDKit,28,5.35019002332761,1,8.24037493079047,NA,NA,0,1,none=0,hydrogen_bonds=1,0.0,0.0,0.0,0.0,0,3,3,NA,NA,NA,NA,0,0,1
1N83,vina_pose,19,A:CLR:1000,L:UNL:1,RDKit,28,4.0122025924493325,1,5.9987983796757165,NA,NA,0,1,none=0,hydrogen_bonds=1,0.0,0.0,0.0,0.0,0,3,3,NA,NA,NA,NA,0,0,1
1N83,vina_pose,20,A:CLR:1000,L:UNL:1,RDKit,28,9.45726077828942,1,13.704839254803394,NA,NA,0,0,none=0,none=0,0.0,0.0,0.0,0.0,0,3,5,NA,NA,NA,NA,0,0,0
1O8V,boltz,1,A:PLM:1136,B:PLM:1,RDKit,18,0.6400628507798836,3,0.31843997371817395,133,0.6656643611389435,3,3,hydrogen_bonds=3,hydrogen_bonds=3,0.625,1.0,0.7692307692307693,0.625,5,5,8,1.0,1.0,1.0,1.0,3,3,3
1O8V,vina_pose,1,A:PLM:1136,L:UNL:1,RDKit,18,6.835230374886992,3,8.18011385413838,NA,NA,3,3,hydrogen_bonds=3,hydrogen_bonds=3,0.0,0.0,0.0,0.0,0,5,8,0.0,0.0,0.0,0.0,0,3,3
1O8V,vina_pose,2,A:PLM:1136,L:UNL:1,RDKit,18,6.52470388004101,3,6.805677874637715,NA,NA,3,2,hydrogen_bonds=3,hydrogen_bonds=2,0.14285714285714285,0.2,0.16666666666666666,0.09090909090909091,1,5,7,0.5,0.3333333333333333,0.4,0.25,1,3,2
1O8V,vina_pose,3,A:PLM:1136,L:UNL:1,RDKit,18,5.6791448250986205,3,3.207907001977042,NA,NA,3,3,hydrogen_bonds=3,hydrogen_bonds=3,0.4,0.4,0.4000000000000001,0.25,2,5,5,0.6666666666666666,0.6666666666666666,0.6666666666666666,0.5,2,3,3
1O8V,vina_pose,4,A:PLM:1136,L:UNL:1,RDKit,18,6.234680946127075,3,4.906571477790441,NA,NA,3,2,hydrogen_bonds=3,hydrogen_bonds=2,0.3333333333333333,0.4,0.3636363636363636,0.2222222222222222,2,5,6,0.5,0.3333333333333333,0.4,0.25,1,3,2
1O8V,vina_pose,5,A:PLM:1136,L:UNL:1,RDKit,18,1.065930813889907,3,0.8787946290231865,NA,NA,3,3,hydrogen_bonds=3,hydrogen_bonds=3,1.0,1.0,1.0,1.0,5,5,5,1.0,1.0,1.0,1.0,3,3,3
1O8V,vina_pose,6,A:PLM:1136,L:UNL:1,RDKit,18,6.330524697404192,3,5.487944089851256,NA,NA,3,2,hydrogen_bonds=3,hydrogen_bonds=2,0.2,0.2,0.20000000000000004,0.1111111111111111,1,5,5,0.5,0.3333333333333333,0.4,0.25,1,3,2
1O8V,vina_pose,7,A:PLM:1136,L:UNL:1,RDKit,18,3.2070980825523736,3,6.451309970334191,NA,NA,3,1,hydrogen_bonds=3,hydrogen_bonds=1,0.14285714285714285,0.2,0.16666666666666666,0.09090909090909091,1,5,7,0.0,0.0,0.0,0.0,0,3,1
1O8V,vina_pose,8,A:PLM:1136,L:UNL:1,RDKit,18,3.6324342006734573,3,3.563754667949708,NA,NA,3,3,hydrogen_bonds=3,hydrogen_bonds=3,0.4,0.4,0.4000000000000001,0.25,2,5,5,0.6666666666666666,0.6666666666666666,0.6666666666666666,0.5,2,3,3
1O8V,vina_pose,9,A:PLM:1136,L:UNL:1,RDKit,18,7.900368451323436,3,9.849963502470453,NA,NA,3,1,hydrogen_bonds=3,hydrogen_bonds=1,0.0,0.0,0.0,0.0,0,5,8,0.0,0.0,0.0,0.0,0,3,1
1O8V,vina_pose,10,A:PLM:1136,L:UNL:1,RDKit,18,7.316265338271979,3,9.27179682334192,NA,NA,3,2,hydrogen_bonds=3,hydrogen_bonds=2,0.0,0.0,0.0,0.0,0,5,8,0.0,0.0,0.0,0.0,0,3,2
1O8V,vina_pose,11,A:PLM:1136,L:UNL:1,RDKit,18,5.123455030001185,3,2.5979017815665517,NA,NA,3,2,hydrogen_bonds=3,hydrogen_bonds=2,0.75,0.6,0.6666666666666665,0.5,3,5,4,1.0,0.6666666666666666,0.8,0.6666666666666666,2,3,2
1O8V,vina_pose,12,A:PLM:1136,L:UNL:1,RDKit,18,7.630454934012782,3,9.19496081195202,NA,NA,3,2,hydrogen_bonds=3,hydrogen_bonds=2,0.0,0.0,0.0,0.0,0,5,9,0.0,0.0,0.0,0.0,0,3,2
1O8V,vina_pose,13,A:PLM:1136,L:UNL:1,RDKit,18,5.238393116638387,3,2.797266105801639,NA,NA,3,1,hydrogen_bonds=3,hydrogen_bonds=1,0.6,0.6,0.6,0.42857142857142855,3,5,5,1.0,0.3333333333333333,0.5,0.3333333333333333,1,3,1
1O8V,vina_pose,14,A:PLM:1136,L:UNL:1,RDKit,18,5.366050927409798,3,8.544113236609167,NA,NA,3,3,hydrogen_bonds=3,hydrogen_bonds=3,0.0,0.0,0.0,0.0,0,5,7,0.0,0.0,0.0,0.0,0,3,3
1O8V,vina_pose,15,A:PLM:1136,L:UNL:1,RDKit,18,7.050376495069056,3,8.732318229809692,NA,NA,3,2,hydrogen_bonds=3,hydrogen_bonds=2,0.0,0.0,0.0,0.0,0,5,9,0.0,0.0,0.0,0.0,0,3,2
1O8V,vina_pose,16,A:PLM:1136,L:UNL:1,RDKit,18,4.331198249650757,3,7.359286106681815,NA,NA,3,2,hydrogen_bonds=3,hydrogen_bonds=2,0.0,0.0,0.0,0.0,0,5,8,0.0,0.0,0.0,0.0,0,3,2
1O8V,vina_pose,17,A:PLM:1136,L:UNL:1,RDKit,18,3.2943489156095436,3,1.9035434501651565,NA,NA,3,2,hydrogen_bonds=3,hydrogen_bonds=2,0.8,0.8,0.8000000000000002,0.6666666666666666,4,5,5,1.0,0.6666666666666666,0.8,0.6666666666666666,2,3,2
1O8V,vina_pose,18,A:PLM:1136,L:UNL:1,RDKit,18,5.714167928151142,3,6.735054491242072,NA,NA,3,2,hydrogen_bonds=3,hydrogen_bonds=2,0.14285714285714285,0.2,0.16666666666666666,0.09090909090909091,1,5,7,0.5,0.3333333333333333,0.4,0.25,1,3,2
1O8V,vina_pose,19,A:PLM:1136,L:UNL:1,RDKit,18,5.765924446454551,3,7.39292271928588,NA,NA,3,2,hydrogen_bonds=3,hydrogen_bonds=2,0.14285714285714285,0.2,0.16666666666666666,0.09090909090909091,1,5,7,0.5,0.3333333333333333,0.4,0.25,1,3,2
1O8V,vina_pose,20,A:PLM:1136,L:UNL:1,RDKit,18,4.128019965229496,3,5.548120883085852,NA,NA,3,1,hydrogen_bonds=3,hydrogen_bonds=1,0.3333333333333333,0.4,0.3636363636363636,0.2222222222222222,2,5,6,0.0,0.0,0.0,0.0,0,3,1
1P6E,boltz,1,A:PC5:601,B:PC5:1,RDKit,28,1.0441803820808644,7,1.6225148400844676,245,0.17282773447189195,1,2,hydrogen_bonds=1,hydrogen_bonds=2,0.9285714285714286,1.0,0.962962962962963,0.9285714285714286,13,13,14,0.5,1.0,0.6666666666666666,0.5,1,1,2
1P6E,vina_pose,1,A:PC5:601,L:UNL:1,RDKit,28,7.367135268978612,7,6.202287331529969,NA,NA,1,0,hydrogen_bonds=1,none=0,0.5714285714285714,0.3076923076923077,0.4,0.25,4,13,7,0.0,0.0,0.0,0.0,0,1,0
1P6E,vina_pose,2,A:PC5:601,L:UNL:1,RDKit,28,7.043080697697969,7,8.322140461272138,NA,NA,1,0,hydrogen_bonds=1,none=0,0.2,0.07692307692307693,0.1111111111111111,0.058823529411764705,1,13,5,0.0,0.0,0.0,0.0,0,1,0
1P6E,vina_pose,3,A:PC5:601,L:UNL:1,RDKit,28,7.565441024345979,7,7.644988199561108,NA,NA,1,0,hydrogen_bonds=1,none=0,0.25,0.07692307692307693,0.11764705882352941,0.0625,1,13,4,0.0,0.0,0.0,0.0,0,1,0
1P6E,vina_pose,4,A:PC5:601,L:UNL:1,RDKit,28,5.050600459351344,7,7.349909367759967,NA,NA,1,0,hydrogen_bonds=1,none=0,0.3333333333333333,0.07692307692307693,0.125,0.06666666666666667,1,13,3,0.0,0.0,0.0,0.0,0,1,0
1P6E,vina_pose,5,A:PC5:601,L:UNL:1,RDKit,28,6.511743687918226,7,6.35900760451548,NA,NA,1,0,hydrogen_bonds=1,none=0,0.6,0.23076923076923078,0.33333333333333337,0.2,3,13,5,0.0,0.0,0.0,0.0,0,1,0
1P6E,vina_pose,6,A:PC5:601,L:UNL:1,RDKit,28,6.087721870406742,7,7.469655757988928,NA,NA,1,2,hydrogen_bonds=1,hydrogen_bonds=2,0.75,0.23076923076923078,0.3529411764705882,0.21428571428571427,3,13,4,0.0,0.0,0.0,0.0,0,1,2
1P6E,vina_pose,7,A:PC5:601,L:UNL:1,RDKit,28,7.301620600445981,7,7.694283137498904,NA,NA,1,0,hydrogen_bonds=1,none=0,0.4,0.15384615384615385,0.2222222222222222,0.125,2,13,5,0.0,0.0,0.0,0.0,0,1,0
1P6E,vina_pose,8,A:PC5:601,L:UNL:1,RDKit,28,4.8659996366919005,7,4.780478323347991,NA,NA,1,0,hydrogen_bonds=1,none=0,0.6,0.46153846153846156,0.5217391304347826,0.35294117647058826,6,13,10,0.0,0.0,0.0,0.0,0,1,0
1P6E,vina_pose,9,A:PC5:601,L:UNL:1,RDKit,28,5.423002229261153,7,7.002470696628644,NA,NA,1,1,hydrogen_bonds=1,hydrogen_bonds=1,0.4,0.15384615384615385,0.2222222222222222,0.125,2,13,5,0.0,0.0,0.0,0.0,0,1,1
1P6E,vina_pose,10,A:PC5:601,L:UNL:1,RDKit,28,5.198725771076711,7,6.319437192390745,NA,NA,1,0,hydrogen_bonds=1,none=0,0.6,0.23076923076923078,0.33333333333333337,0.2,3,13,5,0.0,0.0,0.0,0.0,0,1,0
1P6E,vina_pose,11,A:PC5:601,L:UNL:1,RDKit,28,6.940457657820557,7,7.729154980609828,NA,NA,1,0,hydrogen_bonds=1,none=0,0.25,0.07692307692307693,0.11764705882352941,0.0625,1,13,4,0.0,0.0,0.0,0.0,0,1,0
1P6E,vina_pose,12,A:PC5:601,L:UNL:1,RDKit,28,5.084296604672638,7,6.868951999499529,NA,NA,1,0,hydrogen_bonds=1,none=0,0.5714285714285714,0.3076923076923077,0.4,0.25,4,13,7,0.0,0.0,0.0,0.0,0,1,0
1P6E,vina_pose,13,A:PC5:601,L:UNL:1,RDKit,28,5.152813368165283,7,6.590413915030571,NA,NA,1,0,hydrogen_bonds=1,none=0,0.6,0.23076923076923078,0.33333333333333337,0.2,3,13,5,0.0,0.0,0.0,0.0,0,1,0
1P6E,vina_pose,14,A:PC5:601,L:UNL:1,RDKit,28,4.427886423404674,7,5.126560696161568,NA,NA,1,1,hydrogen_bonds=1,hydrogen_bonds=1,0.7,0.5384615384615384,0.608695652173913,0.4375,7,13,10,0.0,0.0,0.0,0.0,0,1,1
1P6E,vina_pose,15,A:PC5:601,L:UNL:1,RDKit,28,6.703373524363897,7,6.932752854592261,NA,NA,1,0,hydrogen_bonds=1,none=0,0.6,0.23076923076923078,0.33333333333333337,0.2,3,13,5,0.0,0.0,0.0,0.0,0,1,0
1P6E,vina_pose,16,A:PC5:601,L:UNL:1,RDKit,28,5.421864887392792,7,7.579791092108013,NA,NA,1,0,hydrogen_bonds=1,none=0,0.3333333333333333,0.07692307692307693,0.125,0.06666666666666667,1,13,3,0.0,0.0,0.0,0.0,0,1,0
1P6E,vina_pose,17,A:PC5:601,L:UNL:1,RDKit,28,6.493115084456766,7,7.237095875714631,NA,NA,1,0,hydrogen_bonds=1,none=0,0.3333333333333333,0.07692307692307693,0.125,0.06666666666666667,1,13,3,0.0,0.0,0.0,0.0,0,1,0
1P6E,vina_pose,18,A:PC5:601,L:UNL:1,RDKit,28,6.381641414468312,7,7.027324201185785,NA,NA,1,0,hydrogen_bonds=1,none=0,0.25,0.07692307692307693,0.11764705882352941,0.0625,1,13,4,0.0,0.0,0.0,0.0,0,1,0
1P6E,vina_pose,19,A:PC5:601,L:UNL:1,RDKit,28,5.398263146605582,7,7.671575476114035,NA,NA,1,0,hydrogen_bonds=1,none=0,0.3333333333333333,0.07692307692307693,0.125,0.06666666666666667,1,13,3,0.0,0.0,0.0,0.0,0,1,0
1P6E,vina_pose,20,A:PC5:601,L:UNL:1,RDKit,28,4.958834288419003,7,7.180997911154131,NA,NA,1,0,hydrogen_bonds=1,none=0,0.5,0.15384615384615385,0.23529411764705882,0.13333333333333333,2,13,4,0.0,0.0,0.0,0.0,0,1,0
1PUB,boltz,1,A:3PH:2341,B:3PH:1,RDKit,48,1.580748597328787,6,1.8761775609823772,162,0.896767085783801,0,1,none=0,hydrogen_bonds=1,0.5,0.8,0.6153846153846154,0.4444444444444444,4,5,8,NA,NA,NA,NA,0,0,1
1PUB,vina_pose,1,A:3PH:2341,L:UNL:1,RDKit,48,13.100447773040687,6,19.69296369688084,NA,NA,0,4,none=0,hydrogen_bonds=4,0.0,0.0,0.0,0.0,0,5,9,NA,NA,NA,NA,0,0,4
1PUB,vina_pose,2,A:3PH:2341,L:UNL:1,RDKit,48,13.248184660234271,6,19.887610070929423,NA,NA,0,3,none=0,hydrogen_bonds=3,0.0,0.0,0.0,0.0,0,5,10,NA,NA,NA,NA,0,0,3
1PUB,vina_pose,3,A:3PH:2341,L:UNL:1,RDKit,48,12.932215104955274,6,19.944571065831422,NA,NA,0,3,none=0,hydrogen_bonds=3,0.0,0.0,0.0,0.0,0,5,9,NA,NA,NA,NA,0,0,3
1PUB,vina_pose,4,A:3PH:2341,L:UNL:1,RDKit,48,12.752690147572787,6,19.689045888513746,NA,NA,0,5,none=0,hydrogen_bonds=5,0.0,0.0,0.0,0.0,0,5,9,NA,NA,NA,NA,0,0,5
1PUB,vina_pose,5,A:3PH:2341,L:UNL:1,RDKit,48,13.153214036880872,6,20.043023096163246,NA,NA,0,2,none=0,hydrogen_bonds=2,0.0,0.0,0.0,0.0,0,5,11,NA,NA,NA,NA,0,0,2
1PUB,vina_pose,6,A:3PH:2341,L:UNL:1,RDKit,48,13.303037815664512,6,19.861988701201764,NA,NA,0,1,none=0,hydrogen_bonds=1,0.0,0.0,0.0,0.0,0,5,10,NA,NA,NA,NA,0,0,1
1PUB,vina_pose,7,A:3PH:2341,L:UNL:1,RDKit,48,13.19599548474208,6,19.729261432366563,NA,NA,0,4,none=0,hydrogen_bonds=4,0.0,0.0,0.0,0.0,0,5,10,NA,NA,NA,NA,0,0,4
1PUB,vina_pose,8,A:3PH:2341,L:UNL:1,RDKit,48,13.468305275720475,6,19.61892983829648,NA,NA,0,4,none=0,hydrogen_bonds=4,0.0,0.0,0.0,0.0,0,5,10,NA,NA,NA,NA,0,0,4
1PUB,vina_pose,9,A:3PH:2341,L:UNL:1,RDKit,48,13.566726930404647,6,20.045830618027946,NA,NA,0,3,none=0,hydrogen_bonds=3,0.0,0.0,0.0,0.0,0,5,9,NA,NA,NA,NA,0,0,3
1PUB,vina_pose,10,A:3PH:2341,L:UNL:1,RDKit,48,12.58581338501807,6,19.55861862453481,NA,NA,0,3,none=0,hydrogen_bonds=3,0.0,0.0,0.0,0.0,0,5,9,NA,NA,NA,NA,0,0,3
1PUB,vina_pose,11,A:3PH:2341,L:UNL:1,RDKit,48,13.01024816731026,6,19.630509829514533,NA,NA,0,4,none=0,hydrogen_bonds=4,0.0,0.0,0.0,0.0,0,5,10,NA,NA,NA,NA,0,0,4
1PUB,vina_pose,12,A:3PH:2341,L:UNL:1,RDKit,48,13.348791554231916,6,20.169841207439717,NA,NA,0,3,none=0,hydrogen_bonds=3,0.0,0.0,0.0,0.0,0,5,10,NA,NA,NA,NA,0,0,3
1PUB,vina_pose,13,A:3PH:2341,L:UNL:1,RDKit,48,12.966104417705163,6,19.726154457132964,NA,NA,0,4,none=0,hydrogen_bonds=4,0.0,0.0,0.0,0.0,0,5,8,NA,NA,NA,NA,0,0,4
1PUB,vina_pose,14,A:3PH:2341,L:UNL:1,RDKit,48,12.518253806941285,6,17.566311337329758,NA,NA,0,1,none=0,hydrogen_bonds=1,0.0,0.0,0.0,0.0,0,5,6,NA,NA,NA,NA,0,0,1
1PUB,vina_pose,15,A:3PH:2341,L:UNL:1,RDKit,48,13.482046847876378,6,21.843762042438264,NA,NA,0,2,none=0,hydrogen_bonds=2,0.0,0.0,0.0,0.0,0,5,9,NA,NA,NA,NA,0,0,2
1PUB,vina_pose,16,A:3PH:2341,L:UNL:1,RDKit,48,14.54508340256253,6,20.274705526016074,NA,NA,0,4,none=0,hydrogen_bonds=4,0.0,0.0,0.0,0.0,0,5,9,NA,NA,NA,NA,0,0,4
1PUB,vina_pose,17,A:3PH:2341,L:UNL:1,RDKit,48,12.828260322266358,6,20.110062100020144,NA,NA,0,2,none=0,hydrogen_bonds=2,0.0,0.0,0.0,0.0,0,5,11,NA,NA,NA,NA,0,0,2
1PUB,vina_pose,18,A:3PH:2341,L:UNL:1,RDKit,48,12.931038791573036,6,20.20605883969789,NA,NA,0,5,none=0,hydrogen_bonds=5,0.0,0.0,0.0,0.0,0,5,9,NA,NA,NA,NA,0,0,5
1PUB,vina_pose,19,A:3PH:2341,L:UNL:1,RDKit,48,13.508364481251359,6,20.12013815807436,NA,NA,0,4,none=0,hydrogen_bonds=4,0.0,0.0,0.0,0.0,0,5,10,NA,NA,NA,NA,0,0,4
1PUB,vina_pose,20,A:3PH:2341,L:UNL:1,RDKit,48,14.07552057059821,6,20.684146320310152,NA,NA,0,4,none=0,hydrogen_bonds=4,0.0,0.0,0.0,0.0,0,5,10,NA,NA,NA,NA,0,0,4
1PZ4,boltz,1,A:PLM:200,B:PLM:1,RDKit,18,0.6400627455596614,3,0.6651831184567137,113,1.2203051654970571,3,2,hydrogen_bonds=3,hydrogen_bonds=2,0.7142857142857143,0.8333333333333334,0.7692307692307692,0.625,5,6,7,1.0,0.6666666666666666,0.8,0.6666666666666666,2,3,2
1PZ4,vina_pose,1,A:PLM:200,L:UNL:1,RDKit,18,1.6826908674963306,3,2.171560191812943,NA,NA,3,3,hydrogen_bonds=3,hydrogen_bonds=3,0.8,0.6666666666666666,0.7272727272727272,0.5714285714285714,4,6,5,1.0,1.0,1.0,1.0,3,3,3
1PZ4,vina_pose,2,A:PLM:200,L:UNL:1,RDKit,18,4.455885994950949,3,3.5278073927015936,NA,NA,3,2,hydrogen_bonds=3,hydrogen_bonds=2,0.7142857142857143,0.8333333333333334,0.7692307692307692,0.625,5,6,7,0.0,0.0,0.0,0.0,0,3,2
1PZ4,vina_pose,3,A:PLM:200,L:UNL:1,RDKit,18,2.6423944107990804,3,2.258794663827001,NA,NA,3,3,hydrogen_bonds=3,hydrogen_bonds=3,0.8,0.6666666666666666,0.7272727272727272,0.5714285714285714,4,6,5,1.0,1.0,1.0,1.0,3,3,3
1PZ4,vina_pose,4,A:PLM:200,L:UNL:1,RDKit,18,2.3259290019736674,3,1.770757370919762,NA,NA,3,3,hydrogen_bonds=3,hydrogen_bonds=3,0.8571428571428571,1.0,0.923076923076923,0.8571428571428571,6,6,7,1.0,1.0,1.0,1.0,3,3,3
1PZ4,vina_pose,5,A:PLM:200,L:UNL:1,RDKit,18,2.888361521308886,3,3.6390020152050857,NA,NA,3,2,hydrogen_bonds=3,hydrogen_bonds=2,0.625,0.8333333333333334,0.7142857142857143,0.5555555555555556,5,6,8,0.0,0.0,0.0,0.0,0,3,2
1PZ4,vina_pose,6,A:PLM:200,L:UNL:1,RDKit,18,9.41875017953255,3,13.289445962868431,NA,NA,3,0,hydrogen_bonds=3,none=0,0.0,0.0,0.0,0.0,0,6,7,0.0,0.0,0.0,0.0,0,3,0
1PZ4,vina_pose,7,A:PLM:200,L:UNL:1,RDKit,18,2.112703284104672,3,4.036311847879613,NA,NA,3,1,hydrogen_bonds=3,hydrogen_bonds=1,0.25,0.16666666666666666,0.2,0.1111111111111111,1,6,4,0.0,0.0,0.0,0.0,0,3,1
1PZ4,vina_pose,8,A:PLM:200,L:UNL:1,RDKit,18,9.502766231764074,3,14.77773875349902,NA,NA,3,0,hydrogen_bonds=3,none=0,0.0,0.0,0.0,0.0,0,6,7,0.0,0.0,0.0,0.0,0,3,0
1PZ4,vina_pose,9,A:PLM:200,L:UNL:1,RDKit,18,9.104593056376668,3,13.641393342812652,NA,NA,3,1,hydrogen_bonds=3,hydrogen_bonds=1,0.0,0.0,0.0,0.0,0,6,7,0.0,0.0,0.0,0.0,0,3,1
1PZ4,vina_pose,10,A:PLM:200,L:UNL:1,RDKit,18,10.012457673651692,3,12.543439719630339,NA,NA,3,0,hydrogen_bonds=3,none=0,0.0,0.0,0.0,0.0,0,6,6,0.0,0.0,0.0,0.0,0,3,0
1PZ4,vina_pose,11,A:PLM:200,L:UNL:1,RDKit,18,9.359710287539176,3,13.510191535775254,NA,NA,3,0,hydrogen_bonds=3,none=0,0.0,0.0,0.0,0.0,0,6,7,0.0,0.0,0.0,0.0,0,3,0
1PZ4,vina_pose,12,A:PLM:200,L:UNL:1,RDKit,18,9.396802233857123,3,13.880484765790182,NA,NA,3,2,hydrogen_bonds=3,hydrogen_bonds=2,0.0,0.0,0.0,0.0,0,6,8,0.0,0.0,0.0,0.0,0,3,2
1PZ4,vina_pose,13,A:PLM:200,L:UNL:1,RDKit,18,9.89747025759613,3,16.07837105140526,NA,NA,3,0,hydrogen_bonds=3,none=0,0.0,0.0,0.0,0.0,0,6,8,0.0,0.0,0.0,0.0,0,3,0
1PZ4,vina_pose,14,A:PLM:200,L:UNL:1,RDKit,18,2.7433489468976493,3,2.535465440505942,NA,NA,3,2,hydrogen_bonds=3,hydrogen_bonds=2,0.6666666666666666,0.6666666666666666,0.6666666666666666,0.5,4,6,6,1.0,0.6666666666666666,0.8,0.6666666666666666,2,3,2
1PZ4,vina_pose,15,A:PLM:200,L:UNL:1,RDKit,18,10.29601331152554,3,10.361236219679581,NA,NA,3,0,hydrogen_bonds=3,none=0,0.0,0.0,0.0,0.0,0,6,5,0.0,0.0,0.0,0.0,0,3,0
1PZ4,vina_pose,16,A:PLM:200,L:UNL:1,RDKit,18,4.694360156376776,3,3.7197914368057448,NA,NA,3,2,hydrogen_bonds=3,hydrogen_bonds=2,0.6666666666666666,0.6666666666666666,0.6666666666666666,0.5,4,6,6,0.0,0.0,0.0,0.0,0,3,2
1PZ4,vina_pose,17,A:PLM:200,L:UNL:1,RDKit,18,9.700517111073111,3,13.449531107068381,NA,NA,3,1,hydrogen_bonds=3,hydrogen_bonds=1,0.0,0.0,0.0,0.0,0,6,7,0.0,0.0,0.0,0.0,0,3,1
1PZ4,vina_pose,18,A:PLM:200,L:UNL:1,RDKit,18,1.926456101527131,3,2.677986494862638,NA,NA,3,1,hydrogen_bonds=3,hydrogen_bonds=1,0.5714285714285714,0.6666666666666666,0.6153846153846153,0.4444444444444444,4,6,7,0.0,0.0,0.0,0.0,0,3,1
1PZ4,vina_pose,19,A:PLM:200,L:UNL:1,RDKit,18,8.365182365017514,3,10.847794230472234,NA,NA,3,0,hydrogen_bonds=3,none=0,0.0,0.0,0.0,0.0,0,6,3,0.0,0.0,0.0,0.0,0,3,0
1S8G,boltz,1,A:DAO:135,B:DAO:1,RDKit,14,1.5460842988494707,3,2.1078660549074955,121,0.6399149581090356,1,2,hydrogen_bonds=1,hydrogen_bonds=2,1.0,0.6363636363636364,0.7777777777777778,0.6363636363636364,7,11,7,0.5,1.0,0.6666666666666666,0.5,1,1,2
1S8G,vina_pose,1,A:DAO:135,L:UNL:1,RDKit,14,3.106569732035642,3,2.4213843836395177,NA,NA,1,3,hydrogen_bonds=1,hydrogen_bonds=3,1.0,0.5454545454545454,0.7058823529411764,0.5454545454545454,6,11,6,0.3333333333333333,1.0,0.5,0.3333333333333333,1,1,3
1S8G,vina_pose,2,A:DAO:135,L:UNL:1,RDKit,14,3.1233919405488826,3,2.593045892382162,NA,NA,1,3,hydrogen_bonds=1,hydrogen_bonds=3,0.875,0.6363636363636364,0.7368421052631579,0.5833333333333334,7,11,8,0.3333333333333333,1.0,0.5,0.3333333333333333,1,1,3
1S8G,vina_pose,3,A:DAO:135,L:UNL:1,RDKit,14,1.1406252671232564,3,0.6819327923874425,NA,NA,1,2,hydrogen_bonds=1,hydrogen_bonds=2,1.0,0.9090909090909091,0.9523809523809523,0.9090909090909091,10,11,10,0.5,1.0,0.6666666666666666,0.5,1,1,2
1S8G,vina_pose,4,A:DAO:135,L:UNL:1,RDKit,14,2.775582255517364,3,1.719282699267342,NA,NA,1,1,hydrogen_bonds=1,hydrogen_bonds=1,1.0,0.8181818181818182,0.9,0.8181818181818182,9,11,9,0.0,0.0,0.0,0.0,0,1,1
1S8G,vina_pose,5,A:DAO:135,L:UNL:1,RDKit,14,3.2692544584791374,3,1.8680790490055115,NA,NA,1,2,hydrogen_bonds=1,hydrogen_bonds=2,1.0,0.7272727272727273,0.8421052631578948,0.7272727272727273,8,11,8,0.5,1.0,0.6666666666666666,0.5,1,1,2
1S8G,vina_pose,6,A:DAO:135,L:UNL:1,RDKit,14,5.436214931890965,3,1.8257462401257534,NA,NA,1,2,hydrogen_bonds=1,hydrogen_bonds=2,1.0,0.8181818181818182,0.9,0.8181818181818182,9,11,9,0.5,1.0,0.6666666666666666,0.5,1,1,2
1S8G,vina_pose,7,A:DAO:135,L:UNL:1,RDKit,14,1.7251333074784188,3,2.154591685989095,NA,NA,1,3,hydrogen_bonds=1,hydrogen_bonds=3,1.0,0.6363636363636364,0.7777777777777778,0.6363636363636364,7,11,7,0.3333333333333333,1.0,0.5,0.3333333333333333,1,1,3
1S8G,vina_pose,8,A:DAO:135,L:UNL:1,RDKit,14,4.704491334276822,3,0.6069126790568797,NA,NA,1,2,hydrogen_bonds=1,hydrogen_bonds=2,1.0,0.9090909090909091,0.9523809523809523,0.9090909090909091,10,11,10,0.5,1.0,0.6666666666666666,0.5,1,1,2
1S8G,vina_pose,9,A:DAO:135,L:UNL:1,RDKit,14,1.84272502018071,3,1.7906387128619754,NA,NA,1,2,hydrogen_bonds=1,hydrogen_bonds=2,1.0,0.8181818181818182,0.9,0.8181818181818182,9,11,9,0.5,1.0,0.6666666666666666,0.5,1,1,2
1S8G,vina_pose,10,A:DAO:135,L:UNL:1,RDKit,14,7.766283041823437,3,11.005687181331902,NA,NA,1,1,hydrogen_bonds=1,hydrogen_bonds=1,0.0,0.0,0.0,0.0,0,11,6,0.0,0.0,0.0,0.0,0,1,1
1S8G,vina_pose,11,A:DAO:135,L:UNL:1,RDKit,14,7.4253686055691155,3,7.370597262094843,NA,NA,1,2,hydrogen_bonds=1,hydrogen_bonds=2,0.2,0.09090909090909091,0.12500000000000003,0.06666666666666667,1,11,5,0.0,0.0,0.0,0.0,0,1,2
1S8G,vina_pose,12,A:DAO:135,L:UNL:1,RDKit,14,7.285224641109467,3,7.428834542959391,NA,NA,1,2,hydrogen_bonds=1,hydrogen_bonds=2,0.3333333333333333,0.18181818181818182,0.23529411764705885,0.13333333333333333,2,11,6,0.0,0.0,0.0,0.0,0,1,2
1S8G,vina_pose,13,A:DAO:135,L:UNL:1,RDKit,14,4.177369866315407,3,1.01707505458873,NA,NA,1,3,hydrogen_bonds=1,hydrogen_bonds=3,1.0,0.7272727272727273,0.8421052631578948,0.7272727272727273,8,11,8,0.3333333333333333,1.0,0.5,0.3333333333333333,1,1,3
1S8G,vina_pose,14,A:DAO:135,L:UNL:1,RDKit,14,4.301467781052018,3,1.750479838977489,NA,NA,1,2,hydrogen_bonds=1,hydrogen_bonds=2,1.0,0.9090909090909091,0.9523809523809523,0.9090909090909091,10,11,10,0.5,1.0,0.6666666666666666,0.5,1,1,2
1S8G,vina_pose,15,A:DAO:135,L:UNL:1,RDKit,14,3.7822768747333737,3,5.070805392966026,NA,NA,1,1,hydrogen_bonds=1,hydrogen_bonds=1,0.6666666666666666,0.36363636363636365,0.4705882352941177,0.3076923076923077,4,11,6,1.0,1.0,1.0,1.0,1,1,1
1S8G,vina_pose,16,A:DAO:135,L:UNL:1,RDKit,14,8.199726075564092,3,12.038231777687841,NA,NA,1,1,hydrogen_bonds=1,hydrogen_bonds=1,0.0,0.0,0.0,0.0,0,11,4,0.0,0.0,0.0,0.0,0,1,1
1S8G,vina_pose,17,A:DAO:135,L:UNL:1,RDKit,14,3.8797323361283578,3,1.3609521176979984,NA,NA,1,1,hydrogen_bonds=1,hydrogen_bonds=1,1.0,0.5454545454545454,0.7058823529411764,0.5454545454545454,6,11,6,0.0,0.0,0.0,0.0,0,1,1
1S8G,vina_pose,18,A:DAO:135,L:UNL:1,RDKit,14,3.0197832703689187,3,1.3889086843033749,NA,NA,1,1,hydrogen_bonds=1,hydrogen_bonds=1,1.0,0.6363636363636364,0.7777777777777778,0.6363636363636364,7,11,7,0.0,0.0,0.0,0.0,0,1,1
1S8G,vina_pose,19,A:DAO:135,L:UNL:1,RDKit,14,7.186740315131948,3,6.902743971301075,NA,NA,1,0,hydrogen_bonds=1,none=0,0.2,0.09090909090909091,0.12500000000000003,0.06666666666666667,1,11,5,0.0,0.0,0.0,0.0,0,1,0
1S8G,vina_pose,20,A:DAO:135,L:UNL:1,RDKit,14,7.149355945018504,3,6.690811061946576,NA,NA,1,0,hydrogen_bonds=1,none=0,0.4,0.18181818181818182,0.25000000000000006,0.14285714285714285,2,11,5,0.0,0.0,0.0,0.0,0,1,0
1T27,boltz,1,A:PCW:501,B:PCW:1,RDKit,54,1.6508307779578661,7,1.3400282134534,269,0.7526815350673857,5,5,attractive_charge=1;hydrogen_bonds=2;ionic=1;salt_bridge=1,attractive_charge=1;hydrogen_bonds=2;ionic=1;salt_bridge=1,0.8888888888888888,0.8,0.8421052631578948,0.7272727272727273,8,10,9,0.8,0.8,0.8000000000000002,0.6666666666666666,4,5,5
1T27,vina_pose,1,A:PCW:501,L:UNL:1,RDKit,49,12.337386543944136,7,15.062327295986787,NA,NA,5,5,attractive_charge=1;hydrogen_bonds=2;ionic=1;salt_bridge=1,attractive_charge=1;hydrogen_bonds=2;ionic=1;salt_bridge=1,0.0,0.0,0.0,0.0,0,10,9,0.0,0.0,0.0,0.0,0,5,5
1T27,vina_pose,2,A:PCW:501,L:UNL:1,RDKit,49,7.847863456810057,7,13.404956871034152,NA,NA,5,3,attractive_charge=1;hydrogen_bonds=2;ionic=1;salt_bridge=1,hydrogen_bonds=3,0.0,0.0,0.0,0.0,0,10,8,0.0,0.0,0.0,0.0,0,5,3
1T27,vina_pose,3,A:PCW:501,L:UNL:1,RDKit,49,8.2725313575244,7,13.113443276707631,NA,NA,5,3,attractive_charge=1;hydrogen_bonds=2;ionic=1;salt_bridge=1,hydrogen_bonds=3,0.0,0.0,0.0,0.0,0,10,8,0.0,0.0,0.0,0.0,0,5,3
1T27,vina_pose,4,A:PCW:501,L:UNL:1,RDKit,49,5.106059191723864,7,5.688749636657552,NA,NA,5,6,attractive_charge=1;hydrogen_bonds=2;ionic=1;salt_bridge=1,attractive_charge=1;hydrogen_bonds=3;ionic=1;salt_bridge=1,0.45454545454545453,0.5,0.47619047619047616,0.3125,5,10,11,0.0,0.0,0.0,0.0,0,5,6
1T27,vina_pose,5,A:PCW:501,L:UNL:1,RDKit,49,8.11273719756376,7,5.885373443667664,NA,NA,5,6,attractive_charge=1;hydrogen_bonds=2;ionic=1;salt_bridge=1,attractive_charge=1;hydrogen_bonds=3;ionic=1;salt_bridge=1,0.4,0.4,0.4000000000000001,0.25,4,10,10,0.0,0.0,0.0,0.0,0,5,6
1T27,vina_pose,6,A:PCW:501,L:UNL:1,RDKit,49,9.419278332554063,7,12.08969674675802,NA,NA,5,1,attractive_charge=1;hydrogen_bonds=2;ionic=1;salt_bridge=1,hydrogen_bonds=1,0.0,0.0,0.0,0.0,0,10,9,0.0,0.0,0.0,0.0,0,5,1
1T27,vina_pose,7,A:PCW:501,L:UNL:1,RDKit,49,4.27637145443734,7,5.961575283190078,NA,NA,5,6,attractive_charge=1;hydrogen_bonds=2;ionic=1;salt_bridge=1,attractive_charge=1;hydrogen_bonds=3;ionic=1;salt_bridge=1,0.5,0.5,0.5,0.3333333333333333,5,10,10,0.0,0.0,0.0,0.0,0,5,6
1T27,vina_pose,8,A:PCW:501,L:UNL:1,RDKit,49,9.313618256102629,7,12.045921657201186,NA,NA,5,1,attractive_charge=1;hydrogen_bonds=2;ionic=1;salt_bridge=1,hydrogen_bonds=1,0.0,0.0,0.0,0.0,0,10,8,0.0,0.0,0.0,0.0,0,5,1
1T27,vina_pose,9,A:PCW:501,L:UNL:1,RDKit,49,9.265805149107361,7,11.720963015042749,NA,NA,5,3,attractive_charge=1;hydrogen_bonds=2;ionic=1;salt_bridge=1,hydrogen_bonds=3,0.0,0.0,0.0,0.0,0,10,9,0.0,0.0,0.0,0.0,0,5,3
1T27,vina_pose,10,A:PCW:501,L:UNL:1,RDKit,49,12.253727909231108,7,10.122134119979696,NA,NA,5,1,attractive_charge=1;hydrogen_bonds=2;ionic=1;salt_bridge=1,hydrogen_bonds=1,0.1111111111111111,0.1,0.10526315789473685,0.05555555555555555,1,10,9,0.0,0.0,0.0,0.0,0,5,1
1T27,vina_pose,11,A:PCW:501,L:UNL:1,RDKit,49,12.198402008928406,7,10.915215873789606,NA,NA,5,1,attractive_charge=1;hydrogen_bonds=2;ionic=1;salt_bridge=1,hydrogen_bonds=1,0.14285714285714285,0.1,0.11764705882352941,0.0625,1,10,7,0.0,0.0,0.0,0.0,0,5,1
1T27,vina_pose,12,A:PCW:501,L:UNL:1,RDKit,49,12.036177202627968,7,14.685109771465788,NA,NA,5,0,attractive_charge=1;hydrogen_bonds=2;ionic=1;salt_bridge=1,none=0,0.0,0.0,0.0,0.0,0,10,7,0.0,0.0,0.0,0.0,0,5,0
1T27,vina_pose,13,A:PCW:501,L:UNL:1,RDKit,49,9.065416726691137,7,13.545782095229074,NA,NA,5,5,attractive_charge=1;hydrogen_bonds=2;ionic=1;salt_bridge=1,attractive_charge=1;hydrogen_bonds=2;ionic=1;salt_bridge=1,0.0,0.0,0.0,0.0,0,10,5,0.0,0.0,0.0,0.0,0,5,5
1T27,vina_pose,14,A:PCW:501,L:UNL:1,RDKit,49,5.293871601258596,7,6.075754532801431,NA,NA,5,5,attractive_charge=1;hydrogen_bonds=2;ionic=1;salt_bridge=1,attractive_charge=1;hydrogen_bonds=2;ionic=1;salt_bridge=1,0.3333333333333333,0.3,0.3157894736842105,0.1875,3,10,9,0.0,0.0,0.0,0.0,0,5,5
1T27,vina_pose,15,A:PCW:501,L:UNL:1,RDKit,49,11.473104878411092,7,9.71518287453789,NA,NA,5,2,attractive_charge=1;hydrogen_bonds=2;ionic=1;salt_bridge=1,hydrogen_bonds=2,0.14285714285714285,0.1,0.11764705882352941,0.0625,1,10,7,0.0,0.0,0.0,0.0,0,5,2
1T27,vina_pose,16,A:PCW:501,L:UNL:1,RDKit,49,8.058183250964355,7,13.927554974633148,NA,NA,5,1,attractive_charge=1;hydrogen_bonds=2;ionic=1;salt_bridge=1,hydrogen_bonds=1,0.0,0.0,0.0,0.0,0,10,5,0.0,0.0,0.0,0.0,0,5,1
1T27,vina_pose,17,A:PCW:501,L:UNL:1,RDKit,49,9.220493992698426,7,12.370706383572905,NA,NA,5,2,attractive_charge=1;hydrogen_bonds=2;ionic=1;salt_bridge=1,hydrogen_bonds=2,0.0,0.0,0.0,0.0,0,10,9,0.0,0.0,0.0,0.0,0,5,2
1T27,vina_pose,18,A:PCW:501,L:UNL:1,RDKit,49,5.234706010886205,7,6.24721266989184,NA,NA,5,5,attractive_charge=1;hydrogen_bonds=2;ionic=1;salt_bridge=1,attractive_charge=1;hydrogen_bonds=2;ionic=1;salt_bridge=1,0.4166666666666667,0.5,0.45454545454545453,0.29411764705882354,5,10,12,0.0,0.0,0.0,0.0,0,5,5
1T27,vina_pose,19,A:PCW:501,L:UNL:1,RDKit,49,9.690834821139624,7,12.315043500880192,NA,NA,5,3,attractive_charge=1;hydrogen_bonds=2;ionic=1;salt_bridge=1,hydrogen_bonds=3,0.0,0.0,0.0,0.0,0,10,8,0.0,0.0,0.0,0.0,0,5,3
1T27,vina_pose,20,A:PCW:501,L:UNL:1,RDKit,49,2.8457027323345505,7,3.744657565881597,NA,NA,5,2,attractive_charge=1;hydrogen_bonds=2;ionic=1;salt_bridge=1,hydrogen_bonds=2,0.6363636363636364,0.7,0.6666666666666666,0.5,7,10,11,0.5,0.2,0.28571428571428575,0.16666666666666666,1,5,2
1TC8,boltz,1,A:TDA:122,B:TDA:1,RDKit,15,0.42040246102039147,3,0.4355628707348152,118,0.28697392103907987,2,2,hydrogen_bonds=2,hydrogen_bonds=2,0.8888888888888888,1.0,0.9411764705882353,0.8888888888888888,8,8,9,1.0,1.0,1.0,1.0,2,2,2
1TC8,vina_pose,1,A:TDA:122,L:UNL:1,RDKit,15,5.843982038530464,3,2.8921137022369408,NA,NA,2,4,hydrogen_bonds=2,hydrogen_bonds=4,1.0,0.75,0.8571428571428571,0.75,6,8,6,0.5,1.0,0.6666666666666666,0.5,2,2,4
1TC8,vina_pose,2,A:TDA:122,L:UNL:1,RDKit,15,6.219793013704984,3,2.725867201460848,NA,NA,2,5,hydrogen_bonds=2,hydrogen_bonds=5,0.6666666666666666,0.75,0.7058823529411765,0.5454545454545454,6,8,9,0.4,1.0,0.5714285714285715,0.4,2,2,5
1TC8,vina_pose,3,A:TDA:122,L:UNL:1,RDKit,15,5.451531955942904,3,2.6551866224429497,NA,NA,2,3,hydrogen_bonds=2,hydrogen_bonds=3,0.8571428571428571,0.75,0.7999999999999999,0.6666666666666666,6,8,7,0.3333333333333333,0.5,0.4,0.25,1,2,3
1TC8,vina_pose,4,A:TDA:122,L:UNL:1,RDKit,15,5.093421037639306,3,2.646843906743778,NA,NA,2,5,hydrogen_bonds=2,hydrogen_bonds=5,0.6666666666666666,0.75,0.7058823529411765,0.5454545454545454,6,8,9,0.4,1.0,0.5714285714285715,0.4,2,2,5
1TC8,vina_pose,5,A:TDA:122,L:UNL:1,RDKit,15,6.178611699510929,3,5.34382718657705,NA,NA,2,3,hydrogen_bonds=2,hydrogen_bonds=3,0.625,0.625,0.625,0.45454545454545453,5,8,8,0.6666666666666666,1.0,0.8,0.6666666666666666,2,2,3
1TC8,vina_pose,6,A:TDA:122,L:UNL:1,RDKit,15,5.426280911760221,3,2.973648320385808,NA,NA,2,4,hydrogen_bonds=2,hydrogen_bonds=4,1.0,0.75,0.8571428571428571,0.75,6,8,6,0.5,1.0,0.6666666666666666,0.5,2,2,4
1TC8,vina_pose,7,A:TDA:122,L:UNL:1,RDKit,15,6.160290085161034,3,3.0114830787061266,NA,NA,2,5,hydrogen_bonds=2,hydrogen_bonds=5,0.6666666666666666,0.75,0.7058823529411765,0.5454545454545454,6,8,9,0.4,1.0,0.5714285714285715,0.4,2,2,5
1TC8,vina_pose,8,A:TDA:122,L:UNL:1,RDKit,15,6.285471745753588,3,5.697070826310656,NA,NA,2,3,hydrogen_bonds=2,hydrogen_bonds=3,0.5714285714285714,0.5,0.5333333333333333,0.36363636363636365,4,8,7,0.3333333333333333,0.5,0.4,0.25,1,2,3
1TC8,vina_pose,9,A:TDA:122,L:UNL:1,RDKit,15,6.170630027260858,3,1.5924878858775242,NA,NA,2,2,hydrogen_bonds=2,hydrogen_bonds=2,0.7777777777777778,0.875,0.823529411764706,0.7,7,8,9,0.5,0.5,0.5,0.3333333333333333,1,2,2
1TC8,vina_pose,10,A:TDA:122,L:UNL:1,RDKit,15,3.8211346395191756,3,3.149069598045324,NA,NA,2,4,hydrogen_bonds=2,hydrogen_bonds=4,1.0,0.75,0.8571428571428571,0.75,6,8,6,0.5,1.0,0.6666666666666666,0.5,2,2,4
1TC8,vina_pose,11,A:TDA:122,L:UNL:1,RDKit,15,4.937521922314202,3,2.915652414126211,NA,NA,2,5,hydrogen_bonds=2,hydrogen_bonds=5,0.75,0.75,0.75,0.6,6,8,8,0.4,1.0,0.5714285714285715,0.4,2,2,5
1TC8,vina_pose,12,A:TDA:122,L:UNL:1,RDKit,15,5.8307857732327415,3,2.5958531673934617,NA,NA,2,5,hydrogen_bonds=2,hydrogen_bonds=5,0.6666666666666666,0.75,0.7058823529411765,0.5454545454545454,6,8,9,0.4,1.0,0.5714285714285715,0.4,2,2,5
1TC8,vina_pose,13,A:TDA:122,L:UNL:1,RDKit,15,7.252117856185184,3,6.455230876325546,NA,NA,2,1,hydrogen_bonds=2,hydrogen_bonds=1,0.2,0.125,0.15384615384615385,0.08333333333333333,1,8,5,0.0,0.0,0.0,0.0,0,2,1
1TC8,vina_pose,14,A:TDA:122,L:UNL:1,RDKit,15,6.470362174304207,3,6.599185202230147,NA,NA,2,0,hydrogen_bonds=2,none=0,0.3333333333333333,0.25,0.28571428571428575,0.16666666666666666,2,8,6,0.0,0.0,0.0,0.0,0,2,0
1TC8,vina_pose,15,A:TDA:122,L:UNL:1,RDKit,15,4.380845550043203,3,2.2487129652314453,NA,NA,2,4,hydrogen_bonds=2,hydrogen_bonds=4,0.875,0.875,0.875,0.7777777777777778,7,8,8,0.5,1.0,0.6666666666666666,0.5,2,2,4
1TC8,vina_pose,16,A:TDA:122,L:UNL:1,RDKit,15,2.905242227422698,3,2.140201548141357,NA,NA,2,4,hydrogen_bonds=2,hydrogen_bonds=4,1.0,0.875,0.9333333333333333,0.875,7,8,7,0.5,1.0,0.6666666666666666,0.5,2,2,4
1TC8,vina_pose,17,A:TDA:122,L:UNL:1,RDKit,15,3.4767693529098724,3,2.6201263328320636,NA,NA,2,5,hydrogen_bonds=2,hydrogen_bonds=5,0.6666666666666666,0.75,0.7058823529411765,0.5454545454545454,6,8,9,0.4,1.0,0.5714285714285715,0.4,2,2,5
1TC8,vina_pose,18,A:TDA:122,L:UNL:1,RDKit,15,3.817869877300692,3,2.0418308777499994,NA,NA,2,4,hydrogen_bonds=2,hydrogen_bonds=4,0.875,0.875,0.875,0.7777777777777778,7,8,8,0.5,1.0,0.6666666666666666,0.5,2,2,4
1TC8,vina_pose,19,A:TDA:122,L:UNL:1,RDKit,15,3.1947422222562287,3,2.3352298958917657,NA,NA,2,4,hydrogen_bonds=2,hydrogen_bonds=4,1.0,0.875,0.9333333333333333,0.875,7,8,7,0.5,1.0,0.6666666666666666,0.5,2,2,4
1TC8,vina_pose,20,A:TDA:122,L:UNL:1,RDKit,15,6.807660420438141,3,6.451527080208736,NA,NA,2,2,hydrogen_bonds=2,hydrogen_bonds=2,0.3333333333333333,0.125,0.18181818181818182,0.1,1,8,3,0.0,0.0,0.0,0.0,0,2,2
2A1L,boltz,1,A:PCW:501,B:PCW:1,RDKit,54,0.963686697544616,7,1.1101989279759665,269,0.5504683361570716,5,4,attractive_charge=1;hydrogen_bonds=2;ionic=1;salt_bridge=1,attractive_charge=1;hydrogen_bonds=1;ionic=1;salt_bridge=1,1.0,0.9,0.9473684210526316,0.9,9,10,9,1.0,0.8,0.888888888888889,0.8,4,5,4
2A1L,vina_pose,1,A:PCW:501,L:UNL:1,RDKit,53,2.262532576644446,7,2.006562946219944,NA,NA,5,6,attractive_charge=1;hydrogen_bonds=2;ionic=1;salt_bridge=1,attractive_charge=1;hydrogen_bonds=3;ionic=1;salt_bridge=1,0.9,0.9,0.9,0.8181818181818182,9,10,10,0.8333333333333334,1.0,0.9090909090909091,0.8333333333333334,5,5,6
2A1L,vina_pose,2,A:PCW:501,L:UNL:1,RDKit,53,7.770082200094567,7,1.301417029900212,NA,NA,5,6,attractive_charge=1;hydrogen_bonds=2;ionic=1;salt_bridge=1,attractive_charge=1;hydrogen_bonds=3;ionic=1;salt_bridge=1,0.8888888888888888,0.8,0.8421052631578948,0.7272727272727273,8,10,9,0.8333333333333334,1.0,0.9090909090909091,0.8333333333333334,5,5,6
2A1L,vina_pose,3,A:PCW:501,L:UNL:1,RDKit,53,8.315149023500354,7,3.557823913574139,NA,NA,5,2,attractive_charge=1;hydrogen_bonds=2;ionic=1;salt_bridge=1,hydrogen_bonds=2,0.5,0.4,0.4444444444444445,0.2857142857142857,4,10,8,0.0,0.0,0.0,0.0,0,5,2
2A1L,vina_pose,4,A:PCW:501,L:UNL:1,RDKit,53,2.216288125809407,7,2.910313998768616,NA,NA,5,2,attractive_charge=1;hydrogen_bonds=2;ionic=1;salt_bridge=1,hydrogen_bonds=2,0.6,0.6,0.6,0.42857142857142855,6,10,10,0.5,0.2,0.28571428571428575,0.16666666666666666,1,5,2
2A1L,vina_pose,5,A:PCW:501,L:UNL:1,RDKit,53,7.83505780643568,7,4.099664759813556,NA,NA,5,6,attractive_charge=1;hydrogen_bonds=2;ionic=1;salt_bridge=1,attractive_charge=1;hydrogen_bonds=3;ionic=1;salt_bridge=1,0.5714285714285714,0.4,0.47058823529411764,0.3076923076923077,4,10,7,0.0,0.0,0.0,0.0,0,5,6
2A1L,vina_pose,6,A:PCW:501,L:UNL:1,RDKit,53,8.657946941699459,7,11.681838468323383,NA,NA,5,3,attractive_charge=1;hydrogen_bonds=2;ionic=1;salt_bridge=1,hydrogen_bonds=3,0.0,0.0,0.0,0.0,0,10,8,0.0,0.0,0.0,0.0,0,5,3
2A1L,vina_pose,7,A:PCW:501,L:UNL:1,RDKit,53,8.588480596838078,7,3.9686153396727315,NA,NA,5,2,attractive_charge=1;hydrogen_bonds=2;ionic=1;salt_bridge=1,hydrogen_bonds=2,0.625,0.5,0.5555555555555556,0.38461538461538464,5,10,8,0.0,0.0,0.0,0.0,0,5,2
2A1L,vina_pose,8,A:PCW:501,L:UNL:1,RDKit,53,8.073449465014999,7,3.072370257634974,NA,NA,5,2,attractive_charge=1;hydrogen_bonds=2;ionic=1;salt_bridge=1,hydrogen_bonds=2,0.5454545454545454,0.6,0.5714285714285713,0.4,6,10,11,0.5,0.2,0.28571428571428575,0.16666666666666666,1,5,2
2A1L,vina_pose,9,A:PCW:501,L:UNL:1,RDKit,53,7.009882778337861,7,1.8823670129463521,NA,NA,5,6,attractive_charge=1;hydrogen_bonds=2;ionic=1;salt_bridge=1,attractive_charge=1;hydrogen_bonds=3;ionic=1;salt_bridge=1,0.8888888888888888,0.8,0.8421052631578948,0.7272727272727273,8,10,9,0.8333333333333334,1.0,0.9090909090909091,0.8333333333333334,5,5,6
2A1L,vina_pose,10,A:PCW:501,L:UNL:1,RDKit,53,12.511897188841944,7,13.733803208559111,NA,NA,5,7,attractive_charge=1;hydrogen_bonds=2;ionic=1;salt_bridge=1,attractive_charge=1;hydrogen_bonds=4;ionic=1;salt_bridge=1,0.0,0.0,0.0,0.0,0,10,10,0.0,0.0,0.0,0.0,0,5,7
2A1L,vina_pose,11,A:PCW:501,L:UNL:1,RDKit,53,3.371289227669998,7,2.3379062977679106,NA,NA,5,1,attractive_charge=1;hydrogen_bonds=2;ionic=1;salt_bridge=1,hydrogen_bonds=1,0.75,0.9,0.8181818181818182,0.6923076923076923,9,10,12,1.0,0.2,0.33333333333333337,0.2,1,5,1
2A1L,vina_pose,12,A:PCW:501,L:UNL:1,RDKit,53,2.7940364187737354,7,1.3831370141818928,NA,NA,5,5,attractive_charge=1;hydrogen_bonds=2;ionic=1;salt_bridge=1,attractive_charge=1;hydrogen_bonds=2;ionic=1;salt_bridge=1,0.875,0.7,0.7777777777777777,0.6363636363636364,7,10,8,1.0,1.0,1.0,1.0,5,5,5
2A1L,vina_pose,13,A:PCW:501,L:UNL:1,RDKit,53,8.59343146037431,7,2.573959789895717,NA,NA,5,2,attractive_charge=1;hydrogen_bonds=2;ionic=1;salt_bridge=1,hydrogen_bonds=2,0.7,0.7,0.7,0.5384615384615384,7,10,10,0.5,0.2,0.28571428571428575,0.16666666666666666,1,5,2
2A1L,vina_pose,14,A:PCW:501,L:UNL:1,RDKit,53,12.113165732235474,7,5.465590479144434,NA,NA,5,1,attractive_charge=1;hydrogen_bonds=2;ionic=1;salt_bridge=1,hydrogen_bonds=1,0.5714285714285714,0.4,0.47058823529411764,0.3076923076923077,4,10,7,0.0,0.0,0.0,0.0,0,5,1
2A1L,vina_pose,15,A:PCW:501,L:UNL:1,RDKit,53,13.221911038478286,7,17.29119468317411,NA,NA,5,0,attractive_charge=1;hydrogen_bonds=2;ionic=1;salt_bridge=1,none=0,0.0,0.0,0.0,0.0,0,10,11,0.0,0.0,0.0,0.0,0,5,0
2A1L,vina_pose,16,A:PCW:501,L:UNL:1,RDKit,53,11.718383175390835,7,4.206342439018217,NA,NA,5,2,attractive_charge=1;hydrogen_bonds=2;ionic=1;salt_bridge=1,hydrogen_bonds=2,0.5555555555555556,0.5,0.5263157894736842,0.35714285714285715,5,10,9,0.0,0.0,0.0,0.0,0,5,2
2A1L,vina_pose,17,A:PCW:501,L:UNL:1,RDKit,53,4.5572138231806365,7,5.818028789890954,NA,NA,5,5,attractive_charge=1;hydrogen_bonds=2;ionic=1;salt_bridge=1,attractive_charge=1;hydrogen_bonds=2;ionic=1;salt_bridge=1,0.4166666666666667,0.5,0.45454545454545453,0.29411764705882354,5,10,12,0.0,0.0,0.0,0.0,0,5,5
2A1L,vina_pose,18,A:PCW:501,L:UNL:1,RDKit,53,12.391589984324959,7,8.588133940002832,NA,NA,5,0,attractive_charge=1;hydrogen_bonds=2;ionic=1;salt_bridge=1,none=0,0.1111111111111111,0.1,0.10526315789473685,0.05555555555555555,1,10,9,0.0,0.0,0.0,0.0,0,5,0
2A1L,vina_pose,19,A:PCW:501,L:UNL:1,RDKit,53,12.501329930006165,7,9.926633273313623,NA,NA,5,0,attractive_charge=1;hydrogen_bonds=2;ionic=1;salt_bridge=1,none=0,0.0,0.0,0.0,0.0,0,10,9,0.0,0.0,0.0,0.0,0,5,0
2A1L,vina_pose,20,A:PCW:501,L:UNL:1,RDKit,53,9.597124996974207,7,2.8921143773074682,NA,NA,5,2,attractive_charge=1;hydrogen_bonds=2;ionic=1;salt_bridge=1,hydrogen_bonds=2,0.6,0.6,0.6,0.42857142857142855,6,10,10,0.5,0.2,0.28571428571428575,0.16666666666666666,1,5,2
2BV7,boltz,1,A:GM3:1212,B:GM3:1,RDKit_partial_pred,44,1.1475705056826861,3,0.7635907877753793,202,0.5222432120606991,1,0,hydrogen_bonds=1,none=0,1.0,0.8,0.888888888888889,0.8,4,5,4,0.0,0.0,0.0,0.0,0,1,0
2BV7,vina_pose,1,A:GM3:1212,L:UNL:1,RDKit,44,4.365280012886813,3,0.44910429375220506,NA,NA,1,1,hydrogen_bonds=1,hydrogen_bonds=1,1.0,0.8,0.888888888888889,0.8,4,5,4,1.0,1.0,1.0,1.0,1,1,1
2BV7,vina_pose,2,A:GM3:1212,L:UNL:1,RDKit,44,4.735207917581579,3,1.7875791823953793,NA,NA,1,0,hydrogen_bonds=1,none=0,1.0,0.8,0.888888888888889,0.8,4,5,4,0.0,0.0,0.0,0.0,0,1,0
2BV7,vina_pose,3,A:GM3:1212,L:UNL:1,RDKit,44,7.749171964562642,3,1.9008910191451438,NA,NA,1,1,hydrogen_bonds=1,hydrogen_bonds=1,0.75,0.6,0.6666666666666665,0.5,3,5,4,0.0,0.0,0.0,0.0,0,1,1
2BV7,vina_pose,4,A:GM3:1212,L:UNL:1,RDKit,44,3.7810485348283054,3,1.399182022945311,NA,NA,1,1,hydrogen_bonds=1,hydrogen_bonds=1,1.0,0.8,0.888888888888889,0.8,4,5,4,1.0,1.0,1.0,1.0,1,1,1
2BV7,vina_pose,5,A:GM3:1212,L:UNL:1,RDKit,44,6.710655969832945,3,0.7563035105035548,NA,NA,1,1,hydrogen_bonds=1,hydrogen_bonds=1,1.0,0.8,0.888888888888889,0.8,4,5,4,1.0,1.0,1.0,1.0,1,1,1
2BV7,vina_pose,6,A:GM3:1212,L:UNL:1,RDKit,44,7.835353799228909,3,2.5496293194632558,NA,NA,1,0,hydrogen_bonds=1,none=0,1.0,0.6,0.7499999999999999,0.6,3,5,3,0.0,0.0,0.0,0.0,0,1,0
2BV7,vina_pose,7,A:GM3:1212,L:UNL:1,RDKit,44,6.9373320913341425,3,2.7240771526029377,NA,NA,1,0,hydrogen_bonds=1,none=0,0.0,0.0,0.0,0.0,0,5,0,0.0,0.0,0.0,0.0,0,1,0
2BV7,vina_pose,8,A:GM3:1212,L:UNL:1,RDKit,44,4.894948272546819,3,2.847095127786682,NA,NA,1,0,hydrogen_bonds=1,none=0,1.0,0.6,0.7499999999999999,0.6,3,5,3,0.0,0.0,0.0,0.0,0,1,0
2BV7,vina_pose,9,A:GM3:1212,L:UNL:1,RDKit,44,3.755120664445479,3,1.7560186027868072,NA,NA,1,0,hydrogen_bonds=1,none=0,1.0,0.8,0.888888888888889,0.8,4,5,4,0.0,0.0,0.0,0.0,0,1,0
2BV7,vina_pose,10,A:GM3:1212,L:UNL:1,RDKit,44,16.08945495573816,3,16.50048439693009,NA,NA,1,0,hydrogen_bonds=1,none=0,0.0,0.0,0.0,0.0,0,5,6,0.0,0.0,0.0,0.0,0,1,0
2BV7,vina_pose,11,A:GM3:1212,L:UNL:1,RDKit,44,5.527957916561299,3,4.377494793448264,NA,NA,1,0,hydrogen_bonds=1,none=0,1.0,0.2,0.33333333333333337,0.2,1,5,1,0.0,0.0,0.0,0.0,0,1,0
2BV7,vina_pose,12,A:GM3:1212,L:UNL:1,RDKit,44,6.669931538424718,3,5.484382098286004,NA,NA,1,0,hydrogen_bonds=1,none=0,0.5,0.4,0.4444444444444445,0.2857142857142857,2,5,4,0.0,0.0,0.0,0.0,0,1,0
2BV7,vina_pose,13,A:GM3:1212,L:UNL:1,RDKit,44,15.478326279320092,3,16.705388372218906,NA,NA,1,0,hydrogen_bonds=1,none=0,0.0,0.0,0.0,0.0,0,5,6,0.0,0.0,0.0,0.0,0,1,0
2BV7,vina_pose,14,A:GM3:1212,L:UNL:1,RDKit,44,4.430164885090724,3,2.016642258805463,NA,NA,1,0,hydrogen_bonds=1,none=0,1.0,0.6,0.7499999999999999,0.6,3,5,3,0.0,0.0,0.0,0.0,0,1,0
2BV7,vina_pose,15,A:GM3:1212,L:UNL:1,RDKit,44,6.55766668245511,3,3.812482611982206,NA,NA,1,0,hydrogen_bonds=1,none=0,0.0,0.0,0.0,0.0,0,5,0,0.0,0.0,0.0,0.0,0,1,0
2BV7,vina_pose,16,A:GM3:1212,L:UNL:1,RDKit,44,2.8052834891585294,3,0.42233043934814996,NA,NA,1,1,hydrogen_bonds=1,hydrogen_bonds=1,1.0,1.0,1.0,1.0,5,5,5,1.0,1.0,1.0,1.0,1,1,1
2BV7,vina_pose,17,A:GM3:1212,L:UNL:1,RDKit,44,6.676292357017002,3,4.7655006382680645,NA,NA,1,0,hydrogen_bonds=1,none=0,1.0,0.2,0.33333333333333337,0.2,1,5,1,0.0,0.0,0.0,0.0,0,1,0
2BV7,vina_pose,18,A:GM3:1212,L:UNL:1,RDKit,44,5.136396194184826,3,3.1111001805363534,NA,NA,1,0,hydrogen_bonds=1,none=0,1.0,0.2,0.33333333333333337,0.2,1,5,1,0.0,0.0,0.0,0.0,0,1,0
2BV7,vina_pose,19,A:GM3:1212,L:UNL:1,RDKit,44,6.1903083525782465,3,3.1349421047285704,NA,NA,1,0,hydrogen_bonds=1,none=0,1.0,0.2,0.33333333333333337,0.2,1,5,1,0.0,0.0,0.0,0.0,0,1,0
2BV7,vina_pose,20,A:GM3:1212,L:UNL:1,RDKit,44,6.152038773299614,3,2.452861390295016,NA,NA,1,0,hydrogen_bonds=1,none=0,1.0,0.4,0.5714285714285715,0.4,2,5,2,0.0,0.0,0.0,0.0,0,1,0
2DT8,boltz,1,A:PLM:701,B:PLM:1,RDKit,18,0.6960656585964005,3,0.290692818145396,280,0.393709522269524,3,3,hydrogen_bonds=3,hydrogen_bonds=3,1.0,0.9090909090909091,0.9523809523809523,0.9090909090909091,10,11,10,1.0,1.0,1.0,1.0,3,3,3
2DT8,vina_pose,1,A:PLM:701,L:UNL:1,RDKit,18,2.5671423801573603,3,2.875888674247782,NA,NA,3,4,hydrogen_bonds=3,hydrogen_bonds=4,0.8,0.7272727272727273,0.761904761904762,0.6153846153846154,8,11,10,0.5,0.6666666666666666,0.5714285714285715,0.4,2,3,4
2DT8,vina_pose,2,A:PLM:701,L:UNL:1,RDKit,18,2.366040914927532,3,3.186464916905044,NA,NA,3,3,hydrogen_bonds=3,hydrogen_bonds=3,0.7777777777777778,0.6363636363636364,0.7000000000000001,0.5384615384615384,7,11,9,0.3333333333333333,0.3333333333333333,0.3333333333333333,0.2,1,3,3
2DT8,vina_pose,3,A:PLM:701,L:UNL:1,RDKit,18,10.725529818563224,3,17.66816354350389,NA,NA,3,2,hydrogen_bonds=3,hydrogen_bonds=2,0.0,0.0,0.0,0.0,0,11,10,0.0,0.0,0.0,0.0,0,3,2
2DT8,vina_pose,4,A:PLM:701,L:UNL:1,RDKit,18,1.8164534278520756,3,2.3695583976766645,NA,NA,3,3,hydrogen_bonds=3,hydrogen_bonds=3,1.0,0.8181818181818182,0.9,0.8181818181818182,9,11,9,0.3333333333333333,0.3333333333333333,0.3333333333333333,0.2,1,3,3
2DT8,vina_pose,5,A:PLM:701,L:UNL:1,RDKit,18,1.03635600918689,3,0.776064645073677,NA,NA,3,4,hydrogen_bonds=3,hydrogen_bonds=4,1.0,1.0,1.0,1.0,11,11,11,0.5,0.6666666666666666,0.5714285714285715,0.4,2,3,4
2DT8,vina_pose,6,A:PLM:701,L:UNL:1,RDKit,18,10.050352334896303,3,15.813712593821856,NA,NA,3,0,hydrogen_bonds=3,none=0,0.0,0.0,0.0,0.0,0,11,10,0.0,0.0,0.0,0.0,0,3,0
2DT8,vina_pose,7,A:PLM:701,L:UNL:1,RDKit,18,2.9320513202269236,3,3.3273021103190095,NA,NA,3,2,hydrogen_bonds=3,hydrogen_bonds=2,0.7,0.6363636363636364,0.6666666666666666,0.5,7,11,10,0.5,0.3333333333333333,0.4,0.25,1,3,2
2DT8,vina_pose,8,A:PLM:701,L:UNL:1,RDKit,18,10.277594576445297,3,14.567427798574002,NA,NA,3,0,hydrogen_bonds=3,none=0,0.0,0.0,0.0,0.0,0,11,7,0.0,0.0,0.0,0.0,0,3,0
2DT8,vina_pose,9,A:PLM:701,L:UNL:1,RDKit,18,9.674353923303268,3,13.764869717266972,NA,NA,3,0,hydrogen_bonds=3,none=0,0.0,0.0,0.0,0.0,0,11,8,0.0,0.0,0.0,0.0,0,3,0
2DT8,vina_pose,10,A:PLM:701,L:UNL:1,RDKit,18,2.1145190417155804,3,4.346886088531267,NA,NA,3,1,hydrogen_bonds=3,hydrogen_bonds=1,0.7,0.6363636363636364,0.6666666666666666,0.5,7,11,10,1.0,0.3333333333333333,0.5,0.3333333333333333,1,3,1
2DT8,vina_pose,11,A:PLM:701,L:UNL:1,RDKit,18,10.938863608965764,3,13.36596512290327,NA,NA,3,0,hydrogen_bonds=3,none=0,0.0,0.0,0.0,0.0,0,11,9,0.0,0.0,0.0,0.0,0,3,0
2DT8,vina_pose,12,A:PLM:701,L:UNL:1,RDKit,18,11.545443998006794,3,10.3457776733635,NA,NA,3,0,hydrogen_bonds=3,none=0,0.2857142857142857,0.18181818181818182,0.2222222222222222,0.125,2,11,7,0.0,0.0,0.0,0.0,0,3,0
2DT8,vina_pose,13,A:PLM:701,L:UNL:1,RDKit,18,11.29567905587501,3,10.352592831427948,NA,NA,3,0,hydrogen_bonds=3,none=0,0.2222222222222222,0.18181818181818182,0.19999999999999998,0.1111111111111111,2,11,9,0.0,0.0,0.0,0.0,0,3,0
2DT8,vina_pose,14,A:PLM:701,L:UNL:1,RDKit,18,6.015595541774914,3,11.182332270148297,NA,NA,3,2,hydrogen_bonds=3,hydrogen_bonds=2,0.2857142857142857,0.18181818181818182,0.2222222222222222,0.125,2,11,7,0.0,0.0,0.0,0.0,0,3,2
2DT8,vina_pose,15,A:PLM:701,L:UNL:1,RDKit,18,11.453146326567989,3,9.354464050209753,NA,NA,3,0,hydrogen_bonds=3,none=0,0.5,0.2727272727272727,0.3529411764705882,0.21428571428571427,3,11,6,0.0,0.0,0.0,0.0,0,3,0
2DT8,vina_pose,16,A:PLM:701,L:UNL:1,RDKit,18,10.629338625291375,3,12.021804814585868,NA,NA,3,0,hydrogen_bonds=3,none=0,0.25,0.18181818181818182,0.2105263157894737,0.11764705882352941,2,11,8,0.0,0.0,0.0,0.0,0,3,0
2DT8,vina_pose,17,A:PLM:701,L:UNL:1,RDKit,18,11.488179898873836,3,6.414881994238085,NA,NA,3,2,hydrogen_bonds=3,hydrogen_bonds=2,0.6,0.2727272727272727,0.37499999999999994,0.23076923076923078,3,11,5,0.0,0.0,0.0,0.0,0,3,2
2DT8,vina_pose,18,A:PLM:701,L:UNL:1,RDKit,18,6.439456076063843,3,12.233020191269201,NA,NA,3,0,hydrogen_bonds=3,none=0,0.2,0.09090909090909091,0.12500000000000003,0.06666666666666667,1,11,5,0.0,0.0,0.0,0.0,0,3,0
2DT8,vina_pose,19,A:PLM:701,L:UNL:1,RDKit,18,9.378285773826448,3,14.184973869086495,NA,NA,3,0,hydrogen_bonds=3,none=0,0.0,0.0,0.0,0.0,0,11,8,0.0,0.0,0.0,0.0,0,3,0
2DT8,vina_pose,20,A:PLM:701,L:UNL:1,RDKit,18,9.610576173616694,3,14.103686681148302,NA,NA,3,0,hydrogen_bonds=3,none=0,0.0,0.0,0.0,0.0,0,11,6,0.0,0.0,0.0,0.0,0,3,0
2E3N,boltz,1,A:6CM:600,B:6CM:1,RDKit,28,3.3715976764603615,4,0.3616719518728141,231,1.0865145096417368,4,5,hydrogen_bonds=4,hydrogen_bonds=5,1.0,0.9230769230769231,0.9600000000000001,0.9230769230769231,12,13,12,0.8,1.0,0.888888888888889,0.8,4,4,5
2E3N,vina_pose,1,A:6CM:600,L:UNL:1,RDKit,28,2.1417236799896875,4,2.8053765344423893,NA,NA,4,3,hydrogen_bonds=4,hydrogen_bonds=3,0.75,0.6923076923076923,0.7199999999999999,0.5625,9,13,12,0.6666666666666666,0.5,0.5714285714285715,0.4,2,4,3
2E3N,vina_pose,2,A:6CM:600,L:UNL:1,RDKit,28,10.017632900469623,4,9.186091619943708,NA,NA,4,3,hydrogen_bonds=4,hydrogen_bonds=3,0.2,0.07692307692307693,0.1111111111111111,0.058823529411764705,1,13,5,0.0,0.0,0.0,0.0,0,4,3
2E3N,vina_pose,3,A:6CM:600,L:UNL:1,RDKit,28,4.473364489636727,4,3.0977330017288436,NA,NA,4,3,hydrogen_bonds=4,hydrogen_bonds=3,0.6923076923076923,0.6923076923076923,0.6923076923076923,0.5294117647058824,9,13,13,0.6666666666666666,0.5,0.5714285714285715,0.4,2,4,3
2E3N,vina_pose,4,A:6CM:600,L:UNL:1,RDKit,28,9.553660754989606,4,9.793366887848121,NA,NA,4,1,hydrogen_bonds=4,hydrogen_bonds=1,0.0,0.0,0.0,0.0,0,13,6,0.0,0.0,0.0,0.0,0,4,1
2E3N,vina_pose,5,A:6CM:600,L:UNL:1,RDKit,28,9.590174650204686,4,10.408757322562574,NA,NA,4,0,hydrogen_bonds=4,none=0,0.14285714285714285,0.07692307692307693,0.1,0.05263157894736842,1,13,7,0.0,0.0,0.0,0.0,0,4,0
2E3N,vina_pose,6,A:6CM:600,L:UNL:1,RDKit,28,10.354003123361101,4,11.4456621149674,NA,NA,4,0,hydrogen_bonds=4,none=0,0.14285714285714285,0.07692307692307693,0.1,0.05263157894736842,1,13,7,0.0,0.0,0.0,0.0,0,4,0
2E3N,vina_pose,7,A:6CM:600,L:UNL:1,RDKit,28,10.322567081053876,4,9.528882791282511,NA,NA,4,2,hydrogen_bonds=4,hydrogen_bonds=2,0.14285714285714285,0.07692307692307693,0.1,0.05263157894736842,1,13,7,0.0,0.0,0.0,0.0,0,4,2
2E3N,vina_pose,8,A:6CM:600,L:UNL:1,RDKit,28,4.725508540282803,4,5.141793461429581,NA,NA,4,3,hydrogen_bonds=4,hydrogen_bonds=3,0.6,0.46153846153846156,0.5217391304347826,0.35294117647058826,6,13,10,0.3333333333333333,0.25,0.28571428571428575,0.16666666666666666,1,4,3
2E3N,vina_pose,9,A:6CM:600,L:UNL:1,RDKit,28,10.987044513555825,4,12.155463103066044,NA,NA,4,0,hydrogen_bonds=4,none=0,0.0,0.0,0.0,0.0,0,13,8,0.0,0.0,0.0,0.0,0,4,0
2E3N,vina_pose,10,A:6CM:600,L:UNL:1,RDKit,28,5.872347267368597,4,4.280735976441434,NA,NA,4,2,hydrogen_bonds=4,hydrogen_bonds=2,0.6666666666666666,0.6153846153846154,0.64,0.47058823529411764,8,13,12,1.0,0.5,0.6666666666666666,0.5,2,4,2
2E3N,vina_pose,11,A:6CM:600,L:UNL:1,RDKit,28,8.24457833973333,4,8.288072106949842,NA,NA,4,2,hydrogen_bonds=4,hydrogen_bonds=2,0.2857142857142857,0.15384615384615385,0.2,0.1111111111111111,2,13,7,0.0,0.0,0.0,0.0,0,4,2
2E3N,vina_pose,12,A:6CM:600,L:UNL:1,RDKit,28,11.155915375133628,4,12.876590202767192,NA,NA,4,1,hydrogen_bonds=4,hydrogen_bonds=1,0.09090909090909091,0.07692307692307693,0.08333333333333334,0.043478260869565216,1,13,11,0.0,0.0,0.0,0.0,0,4,1
2E3N,vina_pose,13,A:6CM:600,L:UNL:1,RDKit,28,8.229643235627792,4,8.556264079608576,NA,NA,4,2,hydrogen_bonds=4,hydrogen_bonds=2,0.16666666666666666,0.07692307692307693,0.10526315789473684,0.05555555555555555,1,13,6,0.0,0.0,0.0,0.0,0,4,2
2E3N,vina_pose,14,A:6CM:600,L:UNL:1,RDKit,28,6.195830588272361,4,5.1447055552285965,NA,NA,4,3,hydrogen_bonds=4,hydrogen_bonds=3,0.6,0.46153846153846156,0.5217391304347826,0.35294117647058826,6,13,10,0.3333333333333333,0.25,0.28571428571428575,0.16666666666666666,1,4,3
2E3N,vina_pose,15,A:6CM:600,L:UNL:1,RDKit,28,5.03114969110299,4,4.687160574377625,NA,NA,4,4,hydrogen_bonds=4,hydrogen_bonds=4,0.6363636363636364,0.5384615384615384,0.5833333333333334,0.4117647058823529,7,13,11,0.5,0.5,0.5,0.3333333333333333,2,4,4
2E3N,vina_pose,16,A:6CM:600,L:UNL:1,RDKit,28,1.5190424968192484,4,1.345078343443237,NA,NA,4,5,hydrogen_bonds=4,hydrogen_bonds=5,1.0,0.8461538461538461,0.9166666666666666,0.8461538461538461,11,13,11,0.6,0.75,0.6666666666666665,0.5,3,4,5
2E3N,vina_pose,17,A:6CM:600,L:UNL:1,RDKit,28,10.835046626242876,4,10.848567555212071,NA,NA,4,0,hydrogen_bonds=4,none=0,0.16666666666666666,0.07692307692307693,0.10526315789473684,0.05555555555555555,1,13,6,0.0,0.0,0.0,0.0,0,4,0
2E3N,vina_pose,18,A:6CM:600,L:UNL:1,RDKit,28,5.126866228158149,4,5.245457415707423,NA,NA,4,3,hydrogen_bonds=4,hydrogen_bonds=3,0.6666666666666666,0.46153846153846156,0.5454545454545455,0.375,6,13,9,0.3333333333333333,0.25,0.28571428571428575,0.16666666666666666,1,4,3
2E3N,vina_pose,19,A:6CM:600,L:UNL:1,RDKit,28,9.741508291107404,4,9.565966574267339,NA,NA,4,1,hydrogen_bonds=4,hydrogen_bonds=1,0.25,0.15384615384615385,0.1904761904761905,0.10526315789473684,2,13,8,0.0,0.0,0.0,0.0,0,4,1
2E3N,vina_pose,20,A:6CM:600,L:UNL:1,RDKit,28,5.813691567571945,4,5.282667034746748,NA,NA,4,2,hydrogen_bonds=4,hydrogen_bonds=2,0.5555555555555556,0.38461538461538464,0.4545454545454546,0.29411764705882354,5,13,9,0.5,0.25,0.3333333333333333,0.2,1,4,2
2FTB,boltz,1,A:OLA:130,B:OLA:1,RDKit,20,9.180738064691853,3,14.072863701043042,125,0.9689479654808789,0,1,none=0,hydrogen_bonds=1,0.0,0.0,0.0,0.0,0,6,7,NA,NA,NA,NA,0,0,1
2FTB,vina_pose,1,A:OLA:130,L:UNL:1,RDKit,20,8.553179584224804,3,11.72211265088337,NA,NA,0,2,none=0,hydrogen_bonds=2,0.0,0.0,0.0,0.0,0,6,6,NA,NA,NA,NA,0,0,2
2FTB,vina_pose,2,A:OLA:130,L:UNL:1,RDKit,20,9.326365446946628,3,13.210675115224051,NA,NA,0,1,none=0,hydrogen_bonds=1,0.0,0.0,0.0,0.0,0,6,4,NA,NA,NA,NA,0,0,1
2FTB,vina_pose,3,A:OLA:130,L:UNL:1,RDKit,20,7.956333279218512,3,10.9049493044825,NA,NA,0,2,none=0,hydrogen_bonds=2,0.0,0.0,0.0,0.0,0,6,4,NA,NA,NA,NA,0,0,2
2FTB,vina_pose,4,A:OLA:130,L:UNL:1,RDKit,20,9.366239626979443,3,11.941937321892125,NA,NA,0,2,none=0,hydrogen_bonds=2,0.16666666666666666,0.16666666666666666,0.16666666666666666,0.09090909090909091,1,6,6,NA,NA,NA,NA,0,0,2
2FTB,vina_pose,5,A:OLA:130,L:UNL:1,RDKit,20,8.750315460027712,3,11.144914355884483,NA,NA,0,2,none=0,hydrogen_bonds=2,0.2,0.16666666666666666,0.1818181818181818,0.1,1,6,5,NA,NA,NA,NA,0,0,2
2FTB,vina_pose,6,A:OLA:130,L:UNL:1,RDKit,20,6.8542106547727295,3,9.118638293809736,NA,NA,0,2,none=0,hydrogen_bonds=2,0.25,0.16666666666666666,0.2,0.1111111111111111,1,6,4,NA,NA,NA,NA,0,0,2
2FTB,vina_pose,7,A:OLA:130,L:UNL:1,RDKit,20,8.605372990173057,3,13.190546842341298,NA,NA,0,4,none=0,hydrogen_bonds=4,0.0,0.0,0.0,0.0,0,6,7,NA,NA,NA,NA,0,0,4
2FTB,vina_pose,8,A:OLA:130,L:UNL:1,RDKit,20,7.108629016906143,3,8.78467876475856,NA,NA,0,2,none=0,hydrogen_bonds=2,0.25,0.16666666666666666,0.2,0.1111111111111111,1,6,4,NA,NA,NA,NA,0,0,2
2FTB,vina_pose,9,A:OLA:130,L:UNL:1,RDKit,20,7.785839062040776,3,10.46168214644917,NA,NA,0,2,none=0,hydrogen_bonds=2,0.0,0.0,0.0,0.0,0,6,4,NA,NA,NA,NA,0,0,2
2FTB,vina_pose,10,A:OLA:130,L:UNL:1,RDKit,20,7.693600629744178,3,13.326334504781626,NA,NA,0,1,none=0,hydrogen_bonds=1,0.0,0.0,0.0,0.0,0,6,6,NA,NA,NA,NA,0,0,1
2FTB,vina_pose,11,A:OLA:130,L:UNL:1,RDKit,20,8.756439047923534,3,15.79559805768683,NA,NA,0,2,none=0,hydrogen_bonds=2,0.0,0.0,0.0,0.0,0,6,6,NA,NA,NA,NA,0,0,2
2FTB,vina_pose,12,A:OLA:130,L:UNL:1,RDKit,20,8.05359132313032,3,10.821526525094937,NA,NA,0,1,none=0,hydrogen_bonds=1,0.25,0.16666666666666666,0.2,0.1111111111111111,1,6,4,NA,NA,NA,NA,0,0,1
2FTB,vina_pose,13,A:OLA:130,L:UNL:1,RDKit,20,7.395441599390803,3,9.14289549322314,NA,NA,0,2,none=0,hydrogen_bonds=2,0.3333333333333333,0.16666666666666666,0.2222222222222222,0.125,1,6,3,NA,NA,NA,NA,0,0,2
2FTB,vina_pose,14,A:OLA:130,L:UNL:1,RDKit,20,8.794516479033968,3,15.310425282575705,NA,NA,0,2,none=0,hydrogen_bonds=2,0.0,0.0,0.0,0.0,0,6,7,NA,NA,NA,NA,0,0,2
2FTB,vina_pose,15,A:OLA:130,L:UNL:1,RDKit,20,6.496755270902545,3,9.028400652016577,NA,NA,0,2,none=0,hydrogen_bonds=2,0.25,0.16666666666666666,0.2,0.1111111111111111,1,6,4,NA,NA,NA,NA,0,0,2
2FTB,vina_pose,16,A:OLA:130,L:UNL:1,RDKit,20,2.8358108981383086,3,5.064049927347346,NA,NA,0,1,none=0,hydrogen_bonds=1,0.2857142857142857,0.3333333333333333,0.30769230769230765,0.18181818181818182,2,6,7,NA,NA,NA,NA,0,0,1
2FTB,vina_pose,17,A:OLA:130,L:UNL:1,RDKit,20,5.018122029205746,3,4.79728301576354,NA,NA,0,1,none=0,hydrogen_bonds=1,0.25,0.3333333333333333,0.28571428571428575,0.16666666666666666,2,6,8,NA,NA,NA,NA,0,0,1
2FTB,vina_pose,18,A:OLA:130,L:UNL:1,RDKit,20,3.3110672826144745,3,4.492268098262466,NA,NA,0,0,none=0,none=0,0.4,0.3333333333333333,0.3636363636363636,0.2222222222222222,2,6,5,NA,NA,NA,NA,0,0,0
2FTB,vina_pose,19,A:OLA:130,L:UNL:1,RDKit,20,7.871422596964288,3,10.573957206268616,NA,NA,0,1,none=0,hydrogen_bonds=1,0.16666666666666666,0.16666666666666666,0.16666666666666666,0.09090909090909091,1,6,6,NA,NA,NA,NA,0,0,1
2FTB,vina_pose,20,A:OLA:130,L:UNL:1,RDKit,20,8.594027108986799,3,10.638855514888181,NA,NA,0,2,none=0,hydrogen_bonds=2,0.16666666666666666,0.16666666666666666,0.16666666666666666,0.09090909090909091,1,6,6,NA,NA,NA,NA,0,0,2
2HMB,boltz,1,A:PLM:133,B:PLM:1,RDKit,18,1.0834964271499716,3,1.8041538439515807,131,0.4847381747012101,2,2,hydrogen_bonds=2,hydrogen_bonds=2,0.8571428571428571,1.0,0.923076923076923,0.8571428571428571,6,6,7,1.0,1.0,1.0,1.0,2,2,2
2HMB,vina_pose,1,A:PLM:133,L:UNL:1,RDKit,18,5.950479247739445,3,8.08060789792451,NA,NA,2,2,hydrogen_bonds=2,hydrogen_bonds=2,0.0,0.0,0.0,0.0,0,6,6,0.0,0.0,0.0,0.0,0,2,2
2HMB,vina_pose,2,A:PLM:133,L:UNL:1,RDKit,18,5.408994212317932,3,5.147870012603917,NA,NA,2,3,hydrogen_bonds=2,hydrogen_bonds=3,0.3333333333333333,0.3333333333333333,0.3333333333333333,0.2,2,6,6,0.3333333333333333,0.5,0.4,0.25,1,2,3
2HMB,vina_pose,3,A:PLM:133,L:UNL:1,RDKit,18,5.4689339556362455,3,5.980253283376326,NA,NA,2,1,hydrogen_bonds=2,hydrogen_bonds=1,0.3333333333333333,0.5,0.4,0.25,3,6,9,0.0,0.0,0.0,0.0,0,2,1
2HMB,vina_pose,4,A:PLM:133,L:UNL:1,RDKit,18,4.352883941838,3,7.899827086715255,NA,NA,2,2,hydrogen_bonds=2,hydrogen_bonds=2,0.0,0.0,0.0,0.0,0,6,4,0.0,0.0,0.0,0.0,0,2,2
2HMB,vina_pose,5,A:PLM:133,L:UNL:1,RDKit,18,4.591916696156894,3,8.404703742547982,NA,NA,2,3,hydrogen_bonds=2,hydrogen_bonds=3,0.0,0.0,0.0,0.0,0,6,8,0.0,0.0,0.0,0.0,0,2,3
2HMB,vina_pose,6,A:PLM:133,L:UNL:1,RDKit,18,5.6678623934523245,3,7.450875586130803,NA,NA,2,2,hydrogen_bonds=2,hydrogen_bonds=2,0.3333333333333333,0.3333333333333333,0.3333333333333333,0.2,2,6,6,0.0,0.0,0.0,0.0,0,2,2
2HMB,vina_pose,7,A:PLM:133,L:UNL:1,RDKit,18,5.917866939287424,3,6.913439423808288,NA,NA,2,2,hydrogen_bonds=2,hydrogen_bonds=2,0.3333333333333333,0.3333333333333333,0.3333333333333333,0.2,2,6,6,0.0,0.0,0.0,0.0,0,2,2
2HMB,vina_pose,8,A:PLM:133,L:UNL:1,RDKit,18,6.199983328830634,3,7.921897478929317,NA,NA,2,2,hydrogen_bonds=2,hydrogen_bonds=2,0.0,0.0,0.0,0.0,0,6,5,0.0,0.0,0.0,0.0,0,2,2
2HMB,vina_pose,9,A:PLM:133,L:UNL:1,RDKit,18,6.063753054924903,3,7.356168454659896,NA,NA,2,2,hydrogen_bonds=2,hydrogen_bonds=2,0.3333333333333333,0.3333333333333333,0.3333333333333333,0.2,2,6,6,0.0,0.0,0.0,0.0,0,2,2
2HMB,vina_pose,10,A:PLM:133,L:UNL:1,RDKit,18,4.544419123129673,3,8.34966745844807,NA,NA,2,3,hydrogen_bonds=2,hydrogen_bonds=3,0.0,0.0,0.0,0.0,0,6,8,0.0,0.0,0.0,0.0,0,2,3
2HMB,vina_pose,11,A:PLM:133,L:UNL:1,RDKit,18,4.422122460488352,3,8.41280139628491,NA,NA,2,3,hydrogen_bonds=2,hydrogen_bonds=3,0.0,0.0,0.0,0.0,0,6,8,0.0,0.0,0.0,0.0,0,2,3
2HMB,vina_pose,12,A:PLM:133,L:UNL:1,RDKit,18,5.733168171070667,3,8.201761599396399,NA,NA,2,2,hydrogen_bonds=2,hydrogen_bonds=2,0.0,0.0,0.0,0.0,0,6,6,0.0,0.0,0.0,0.0,0,2,2
2HMB,vina_pose,13,A:PLM:133,L:UNL:1,RDKit,18,3.5272525742030765,3,5.216865246486631,NA,NA,2,0,hydrogen_bonds=2,none=0,0.0,0.0,0.0,0.0,0,6,4,0.0,0.0,0.0,0.0,0,2,0
2HMB,vina_pose,14,A:PLM:133,L:UNL:1,RDKit,18,5.2049826021696655,3,7.631321794639076,NA,NA,2,2,hydrogen_bonds=2,hydrogen_bonds=2,0.16666666666666666,0.16666666666666666,0.16666666666666666,0.09090909090909091,1,6,6,0.0,0.0,0.0,0.0,0,2,2
2HMB,vina_pose,15,A:PLM:133,L:UNL:1,RDKit,18,4.879426725207242,3,8.105399352694887,NA,NA,2,2,hydrogen_bonds=2,hydrogen_bonds=2,0.0,0.0,0.0,0.0,0,6,7,0.0,0.0,0.0,0.0,0,2,2
2HMB,vina_pose,16,A:PLM:133,L:UNL:1,RDKit,18,5.081635339358996,3,6.326658201610073,NA,NA,2,2,hydrogen_bonds=2,hydrogen_bonds=2,0.3333333333333333,0.3333333333333333,0.3333333333333333,0.2,2,6,6,0.0,0.0,0.0,0.0,0,2,2
2HMB,vina_pose,17,A:PLM:133,L:UNL:1,RDKit,18,5.13288820580902,3,8.350730447092639,NA,NA,2,3,hydrogen_bonds=2,hydrogen_bonds=3,0.0,0.0,0.0,0.0,0,6,9,0.0,0.0,0.0,0.0,0,2,3
2HMB,vina_pose,18,A:PLM:133,L:UNL:1,RDKit,18,5.354025406696868,3,4.992636077264198,NA,NA,2,0,hydrogen_bonds=2,none=0,0.6,0.5,0.5454545454545454,0.375,3,6,5,0.0,0.0,0.0,0.0,0,2,0
2HMB,vina_pose,19,A:PLM:133,L:UNL:1,RDKit,18,5.431146298076596,3,7.722060476323661,NA,NA,2,1,hydrogen_bonds=2,hydrogen_bonds=1,0.0,0.0,0.0,0.0,0,6,6,0.0,0.0,0.0,0.0,0,2,1
2HMB,vina_pose,20,A:PLM:133,L:UNL:1,RDKit,18,5.7895121844014925,3,8.166630925091859,NA,NA,2,2,hydrogen_bonds=2,hydrogen_bonds=2,0.0,0.0,0.0,0.0,0,6,6,0.0,0.0,0.0,0.0,0,2,2
2IFB,boltz,1,A:PLM:133,B:PLM:1,RDKit,18,2.7583336486538914,3,2.6259841940356154,131,0.4601801885143915,1,1,hydrogen_bonds=1,hydrogen_bonds=1,0.42857142857142855,0.5,0.4615384615384615,0.3,3,6,7,1.0,1.0,1.0,1.0,1,1,1
2IFB,vina_pose,1,A:PLM:133,L:UNL:1,RDKit,18,1.9960702086293904,3,1.8647340292921128,NA,NA,1,2,hydrogen_bonds=1,hydrogen_bonds=2,0.7142857142857143,0.8333333333333334,0.7692307692307692,0.625,5,6,7,0.5,1.0,0.6666666666666666,0.5,1,1,2
2IFB,vina_pose,2,A:PLM:133,L:UNL:1,RDKit,18,9.29416269613472,3,11.97864089396901,NA,NA,1,1,hydrogen_bonds=1,hydrogen_bonds=1,0.0,0.0,0.0,0.0,0,6,5,0.0,0.0,0.0,0.0,0,1,1
2IFB,vina_pose,3,A:PLM:133,L:UNL:1,RDKit,18,8.492818243800006,3,9.528008378809638,NA,NA,1,3,hydrogen_bonds=1,hydrogen_bonds=3,0.0,0.0,0.0,0.0,0,6,6,0.0,0.0,0.0,0.0,0,1,3
2IFB,vina_pose,4,A:PLM:133,L:UNL:1,RDKit,18,3.1690922903008745,3,3.372193994024266,NA,NA,1,3,hydrogen_bonds=1,hydrogen_bonds=3,0.5,0.5,0.5,0.3333333333333333,3,6,6,0.3333333333333333,1.0,0.5,0.3333333333333333,1,1,3
2IFB,vina_pose,5,A:PLM:133,L:UNL:1,RDKit,18,9.275441660643445,3,12.060763698870815,NA,NA,1,2,hydrogen_bonds=1,hydrogen_bonds=2,0.0,0.0,0.0,0.0,0,6,4,0.0,0.0,0.0,0.0,0,1,2
2IFB,vina_pose,6,A:PLM:133,L:UNL:1,RDKit,18,8.427626880286843,3,9.470960774916133,NA,NA,1,4,hydrogen_bonds=1,hydrogen_bonds=4,0.0,0.0,0.0,0.0,0,6,5,0.0,0.0,0.0,0.0,0,1,4
2IFB,vina_pose,7,A:PLM:133,L:UNL:1,RDKit,18,2.826169374494978,3,1.9717113548049232,NA,NA,1,2,hydrogen_bonds=1,hydrogen_bonds=2,0.7142857142857143,0.8333333333333334,0.7692307692307692,0.625,5,6,7,0.5,1.0,0.6666666666666666,0.5,1,1,2
2IFB,vina_pose,8,A:PLM:133,L:UNL:1,RDKit,18,9.198983536843139,3,12.066982017057951,NA,NA,1,1,hydrogen_bonds=1,hydrogen_bonds=1,0.0,0.0,0.0,0.0,0,6,6,0.0,0.0,0.0,0.0,0,1,1
2IFB,vina_pose,9,A:PLM:133,L:UNL:1,RDKit,18,8.862507154048203,3,12.080820584711951,NA,NA,1,1,hydrogen_bonds=1,hydrogen_bonds=1,0.0,0.0,0.0,0.0,0,6,6,0.0,0.0,0.0,0.0,0,1,1
2IFB,vina_pose,10,A:PLM:133,L:UNL:1,RDKit,18,2.682983093084595,3,4.037502115582521,NA,NA,1,0,hydrogen_bonds=1,none=0,0.6,0.5,0.5454545454545454,0.375,3,6,5,0.0,0.0,0.0,0.0,0,1,0
2IFB,vina_pose,11,A:PLM:133,L:UNL:1,RDKit,18,8.255005626217882,3,10.323715674762324,NA,NA,1,2,hydrogen_bonds=1,hydrogen_bonds=2,0.0,0.0,0.0,0.0,0,6,8,0.0,0.0,0.0,0.0,0,1,2
2IFB,vina_pose,12,A:PLM:133,L:UNL:1,RDKit,18,7.973621033689078,3,9.337649275915217,NA,NA,1,3,hydrogen_bonds=1,hydrogen_bonds=3,0.0,0.0,0.0,0.0,0,6,8,0.0,0.0,0.0,0.0,0,1,3
2IFB,vina_pose,13,A:PLM:133,L:UNL:1,RDKit,18,9.549455746562499,3,12.717106392572171,NA,NA,1,2,hydrogen_bonds=1,hydrogen_bonds=2,0.0,0.0,0.0,0.0,0,6,6,0.0,0.0,0.0,0.0,0,1,2
2IFB,vina_pose,14,A:PLM:133,L:UNL:1,RDKit,18,9.805217522659385,3,14.790397481699626,NA,NA,1,1,hydrogen_bonds=1,hydrogen_bonds=1,0.0,0.0,0.0,0.0,0,6,6,0.0,0.0,0.0,0.0,0,1,1
2IFB,vina_pose,15,A:PLM:133,L:UNL:1,RDKit,18,8.582553016310344,3,11.699887079227162,NA,NA,1,1,hydrogen_bonds=1,hydrogen_bonds=1,0.0,0.0,0.0,0.0,0,6,6,0.0,0.0,0.0,0.0,0,1,1
2IFB,vina_pose,16,A:PLM:133,L:UNL:1,RDKit,18,8.640892205733799,3,10.570905353847417,NA,NA,1,2,hydrogen_bonds=1,hydrogen_bonds=2,0.0,0.0,0.0,0.0,0,6,11,0.0,0.0,0.0,0.0,0,1,2
2IFB,vina_pose,17,A:PLM:133,L:UNL:1,RDKit,18,7.221221422538802,3,9.564485366883748,NA,NA,1,3,hydrogen_bonds=1,hydrogen_bonds=3,0.0,0.0,0.0,0.0,0,6,5,0.0,0.0,0.0,0.0,0,1,3
2IFB,vina_pose,18,A:PLM:133,L:UNL:1,RDKit,18,2.9086547004872654,3,1.7350008645530983,NA,NA,1,2,hydrogen_bonds=1,hydrogen_bonds=2,0.8571428571428571,1.0,0.923076923076923,0.8571428571428571,6,6,7,0.5,1.0,0.6666666666666666,0.5,1,1,2
2IFB,vina_pose,19,A:PLM:133,L:UNL:1,RDKit,18,7.323972051497131,3,6.127956048580417,NA,NA,1,3,hydrogen_bonds=1,hydrogen_bonds=3,0.16666666666666666,0.16666666666666666,0.16666666666666666,0.09090909090909091,1,6,6,0.0,0.0,0.0,0.0,0,1,3
2IFB,vina_pose,20,A:PLM:133,L:UNL:1,RDKit,18,2.667775165439047,3,3.333219064708069,NA,NA,1,1,hydrogen_bonds=1,hydrogen_bonds=1,0.625,0.8333333333333334,0.7142857142857143,0.5555555555555556,5,6,8,0.0,0.0,0.0,0.0,0,1,1
2OVD,boltz,1,A:DAO:190,B:DAO:1,RDKit,14,0.8394131492032658,3,1.58032744950814,162,1.2355452101496418,1,1,hydrogen_bonds=1,hydrogen_bonds=1,0.75,0.75,0.75,0.6,3,4,4,1.0,1.0,1.0,1.0,1,1,1
2OVD,vina_pose,1,A:DAO:190,L:UNL:1,RDKit,14,4.221327516315218,3,5.96798279711551,NA,NA,1,2,hydrogen_bonds=1,hydrogen_bonds=2,0.16666666666666666,0.25,0.2,0.1111111111111111,1,4,6,0.0,0.0,0.0,0.0,0,1,2
2OVD,vina_pose,2,A:DAO:190,L:UNL:1,RDKit,14,3.4693666671928143,3,4.724648805290542,NA,NA,1,2,hydrogen_bonds=1,hydrogen_bonds=2,0.14285714285714285,0.25,0.18181818181818182,0.1,1,4,7,0.0,0.0,0.0,0.0,0,1,2
2OVD,vina_pose,3,A:DAO:190,L:UNL:1,RDKit,14,3.432141501411953,3,5.340180552503199,NA,NA,1,2,hydrogen_bonds=1,hydrogen_bonds=2,0.3333333333333333,0.5,0.4,0.25,2,4,6,0.0,0.0,0.0,0.0,0,1,2
2OVD,vina_pose,4,A:DAO:190,L:UNL:1,RDKit,14,3.7485054164483826,3,4.93927184242104,NA,NA,1,2,hydrogen_bonds=1,hydrogen_bonds=2,0.14285714285714285,0.25,0.18181818181818182,0.1,1,4,7,0.0,0.0,0.0,0.0,0,1,2
2OVD,vina_pose,5,A:DAO:190,L:UNL:1,RDKit,14,4.5508721770039395,3,6.194606928611372,NA,NA,1,2,hydrogen_bonds=1,hydrogen_bonds=2,0.16666666666666666,0.25,0.2,0.1111111111111111,1,4,6,0.0,0.0,0.0,0.0,0,1,2
2OVD,vina_pose,6,A:DAO:190,L:UNL:1,RDKit,14,8.832200558993536,3,13.914383936536083,NA,NA,1,0,hydrogen_bonds=1,none=0,0.0,0.0,0.0,0.0,0,4,7,0.0,0.0,0.0,0.0,0,1,0
2OVD,vina_pose,7,A:DAO:190,L:UNL:1,RDKit,14,2.5131843488746655,3,4.149832205443173,NA,NA,1,2,hydrogen_bonds=1,hydrogen_bonds=2,0.3333333333333333,0.5,0.4,0.25,2,4,6,0.0,0.0,0.0,0.0,0,1,2
2OVD,vina_pose,8,A:DAO:190,L:UNL:1,RDKit,14,2.777288374347489,3,5.100689789953251,NA,NA,1,3,hydrogen_bonds=1,hydrogen_bonds=3,0.3333333333333333,0.5,0.4,0.25,2,4,6,0.0,0.0,0.0,0.0,0,1,3
2OVD,vina_pose,9,A:DAO:190,L:UNL:1,RDKit,14,1.9865383387764186,3,2.9020155065057813,NA,NA,1,2,hydrogen_bonds=1,hydrogen_bonds=2,0.3333333333333333,0.5,0.4,0.25,2,4,6,0.0,0.0,0.0,0.0,0,1,2
2OVD,vina_pose,10,A:DAO:190,L:UNL:1,RDKit,14,8.798335662417719,3,13.677558968373463,NA,NA,1,0,hydrogen_bonds=1,none=0,0.0,0.0,0.0,0.0,0,4,8,0.0,0.0,0.0,0.0,0,1,0
2OVD,vina_pose,11,A:DAO:190,L:UNL:1,RDKit,14,8.74854340121012,3,13.36955383199704,NA,NA,1,0,hydrogen_bonds=1,none=0,0.0,0.0,0.0,0.0,0,4,10,0.0,0.0,0.0,0.0,0,1,0
2OVD,vina_pose,12,A:DAO:190,L:UNL:1,RDKit,14,8.458544348763564,3,12.89647338099322,NA,NA,1,0,hydrogen_bonds=1,none=0,0.0,0.0,0.0,0.0,0,4,8,0.0,0.0,0.0,0.0,0,1,0
2OVD,vina_pose,13,A:DAO:190,L:UNL:1,RDKit,14,1.2813694961697368,3,1.2814701193030866,NA,NA,1,2,hydrogen_bonds=1,hydrogen_bonds=2,0.8,1.0,0.888888888888889,0.8,4,4,5,0.5,1.0,0.6666666666666666,0.5,1,1,2
2OVD,vina_pose,14,A:DAO:190,L:UNL:1,RDKit,14,8.254093092866974,3,11.584978362805288,NA,NA,1,0,hydrogen_bonds=1,none=0,0.0,0.0,0.0,0.0,0,4,6,0.0,0.0,0.0,0.0,0,1,0
2OVD,vina_pose,15,A:DAO:190,L:UNL:1,RDKit,14,2.1583351388115264,3,3.6949130346103316,NA,NA,1,4,hydrogen_bonds=1,hydrogen_bonds=4,0.3333333333333333,0.5,0.4,0.25,2,4,6,0.25,1.0,0.4,0.25,1,1,4
2OVD,vina_pose,16,A:DAO:190,L:UNL:1,RDKit,14,3.324215159789064,3,5.460686190092477,NA,NA,1,2,hydrogen_bonds=1,hydrogen_bonds=2,0.3333333333333333,0.5,0.4,0.25,2,4,6,0.0,0.0,0.0,0.0,0,1,2
2OVD,vina_pose,17,A:DAO:190,L:UNL:1,RDKit,14,2.172049542318433,3,2.966409277223897,NA,NA,1,2,hydrogen_bonds=1,hydrogen_bonds=2,0.42857142857142855,0.75,0.5454545454545454,0.375,3,4,7,0.0,0.0,0.0,0.0,0,1,2
2OVD,vina_pose,18,A:DAO:190,L:UNL:1,RDKit,14,8.106161342724786,3,11.576802077142608,NA,NA,1,0,hydrogen_bonds=1,none=0,0.0,0.0,0.0,0.0,0,4,5,0.0,0.0,0.0,0.0,0,1,0
2OVD,vina_pose,19,A:DAO:190,L:UNL:1,RDKit,14,5.022269841131883,3,5.841373497160865,NA,NA,1,2,hydrogen_bonds=1,hydrogen_bonds=2,0.25,0.25,0.25,0.14285714285714285,1,4,4,0.0,0.0,0.0,0.0,0,1,2
2OVD,vina_pose,20,A:DAO:190,L:UNL:1,RDKit,14,8.48738831611771,3,11.648466751751782,NA,NA,1,0,hydrogen_bonds=1,none=0,0.0,0.0,0.0,0.0,0,4,7,0.0,0.0,0.0,0.0,0,1,0
2WC5,boltz,1,A:BOM:1143,B:BOM:1,RDKit,17,1.2036879817091428,1,1.5233966813249626,141,0.8227049077592055,2,2,hydrogen_bonds=2,hydrogen_bonds=2,0.875,1.0,0.9333333333333333,0.875,7,7,8,0.5,0.5,0.5,0.3333333333333333,1,2,2
2WC5,vina_pose,1,A:BOM:1143,L:UNL:1,RDKit,17,1.4018306938135028,1,0.34412207136421846,NA,NA,2,2,hydrogen_bonds=2,hydrogen_bonds=2,1.0,1.0,1.0,1.0,7,7,7,1.0,1.0,1.0,1.0,2,2,2
2WC5,vina_pose,2,A:BOM:1143,L:UNL:1,RDKit,17,1.77798168785647,1,3.133129106819572,NA,NA,2,2,hydrogen_bonds=2,hydrogen_bonds=2,0.7142857142857143,0.7142857142857143,0.7142857142857143,0.5555555555555556,5,7,7,0.0,0.0,0.0,0.0,0,2,2
2WC5,vina_pose,3,A:BOM:1143,L:UNL:1,RDKit,17,2.351532516566715,1,0.788356518334187,NA,NA,2,2,hydrogen_bonds=2,hydrogen_bonds=2,0.875,1.0,0.9333333333333333,0.875,7,7,8,0.5,0.5,0.5,0.3333333333333333,1,2,2
2WC5,vina_pose,4,A:BOM:1143,L:UNL:1,RDKit,17,8.383429752300946,1,15.47060257391418,NA,NA,2,1,hydrogen_bonds=2,hydrogen_bonds=1,0.0,0.0,0.0,0.0,0,7,5,0.0,0.0,0.0,0.0,0,2,1
2WC5,vina_pose,5,A:BOM:1143,L:UNL:1,RDKit,17,9.059122668857718,1,15.470141757592268,NA,NA,2,1,hydrogen_bonds=2,hydrogen_bonds=1,0.0,0.0,0.0,0.0,0,7,5,0.0,0.0,0.0,0.0,0,2,1
2WC5,vina_pose,6,A:BOM:1143,L:UNL:1,RDKit,17,2.4547947440252753,1,6.967467689196701,NA,NA,2,1,hydrogen_bonds=2,hydrogen_bonds=1,0.2857142857142857,0.2857142857142857,0.2857142857142857,0.16666666666666666,2,7,7,0.0,0.0,0.0,0.0,0,2,1
2WC5,vina_pose,7,A:BOM:1143,L:UNL:1,RDKit,17,3.9960011997289606,1,5.905777002224178,NA,NA,2,2,hydrogen_bonds=2,hydrogen_bonds=2,0.4,0.2857142857142857,0.3333333333333333,0.2,2,7,5,0.0,0.0,0.0,0.0,0,2,2
2WC5,vina_pose,8,A:BOM:1143,L:UNL:1,RDKit,17,2.7529631201991194,1,0.32265461409996965,NA,NA,2,2,hydrogen_bonds=2,hydrogen_bonds=2,1.0,1.0,1.0,1.0,7,7,7,1.0,1.0,1.0,1.0,2,2,2
2WC5,vina_pose,9,A:BOM:1143,L:UNL:1,RDKit,17,2.267944262205442,1,2.519295536454587,NA,NA,2,2,hydrogen_bonds=2,hydrogen_bonds=2,0.8333333333333334,0.7142857142857143,0.7692307692307692,0.625,5,7,6,0.0,0.0,0.0,0.0,0,2,2
2WC5,vina_pose,10,A:BOM:1143,L:UNL:1,RDKit,17,8.370591598321015,1,15.406891639782504,NA,NA,2,1,hydrogen_bonds=2,hydrogen_bonds=1,0.0,0.0,0.0,0.0,0,7,5,0.0,0.0,0.0,0.0,0,2,1
2WC5,vina_pose,11,A:BOM:1143,L:UNL:1,RDKit,17,2.477351384513901,1,0.2476388499407959,NA,NA,2,2,hydrogen_bonds=2,hydrogen_bonds=2,1.0,1.0,1.0,1.0,7,7,7,1.0,1.0,1.0,1.0,2,2,2
2WC5,vina_pose,12,A:BOM:1143,L:UNL:1,RDKit,17,1.8973922661813256,1,1.2973457519104163,NA,NA,2,2,hydrogen_bonds=2,hydrogen_bonds=2,0.875,1.0,0.9333333333333333,0.875,7,7,8,0.5,0.5,0.5,0.3333333333333333,1,2,2
2WC5,vina_pose,13,A:BOM:1143,L:UNL:1,RDKit,17,8.118585920771004,1,10.621956928927927,NA,NA,2,0,hydrogen_bonds=2,none=0,0.0,0.0,0.0,0.0,0,7,4,0.0,0.0,0.0,0.0,0,2,0
2WC5,vina_pose,14,A:BOM:1143,L:UNL:1,RDKit,17,8.270385438062585,1,14.915151155787864,NA,NA,2,2,hydrogen_bonds=2,hydrogen_bonds=2,0.0,0.0,0.0,0.0,0,7,5,0.0,0.0,0.0,0.0,0,2,2
2WC5,vina_pose,15,A:BOM:1143,L:UNL:1,RDKit,17,2.9959135305200215,1,0.8289716521088042,NA,NA,2,2,hydrogen_bonds=2,hydrogen_bonds=2,1.0,1.0,1.0,1.0,7,7,7,0.5,0.5,0.5,0.3333333333333333,1,2,2
2WC5,vina_pose,16,A:BOM:1143,L:UNL:1,RDKit,17,7.462400804346139,1,10.598138798864639,NA,NA,2,0,hydrogen_bonds=2,none=0,0.0,0.0,0.0,0.0,0,7,4,0.0,0.0,0.0,0.0,0,2,0
2WC5,vina_pose,17,A:BOM:1143,L:UNL:1,RDKit,17,7.896334358049795,1,14.924728841757895,NA,NA,2,2,hydrogen_bonds=2,hydrogen_bonds=2,0.0,0.0,0.0,0.0,0,7,5,0.0,0.0,0.0,0.0,0,2,2
2WC5,vina_pose,18,A:BOM:1143,L:UNL:1,RDKit,17,8.490342679982323,1,12.097377773716087,NA,NA,2,0,hydrogen_bonds=2,none=0,0.0,0.0,0.0,0.0,0,7,4,0.0,0.0,0.0,0.0,0,2,0
2WC5,vina_pose,19,A:BOM:1143,L:UNL:1,RDKit,17,8.185185796877905,1,14.790306487696597,NA,NA,2,2,hydrogen_bonds=2,hydrogen_bonds=2,0.0,0.0,0.0,0.0,0,7,6,0.0,0.0,0.0,0.0,0,2,2
2WC5,vina_pose,20,A:BOM:1143,L:UNL:1,RDKit,17,8.91619385625688,1,14.726931418323371,NA,NA,2,1,hydrogen_bonds=2,hydrogen_bonds=1,0.0,0.0,0.0,0.0,0,7,5,0.0,0.0,0.0,0.0,0,2,1
2WEW,boltz,1,A:MYR:1188,B:MYR:1,RDKit,16,1.751893773217527,3,2.138243592778874,170,2.92149802509615,2,0,hydrogen_bonds=2,none=0,0.5,0.6666666666666666,0.5714285714285715,0.4,4,6,8,0.0,0.0,0.0,0.0,0,2,0
2WEW,vina_pose,1,A:MYR:1188,L:UNL:1,RDKit,16,2.324750604903674,3,3.2603584158800696,NA,NA,2,3,hydrogen_bonds=2,hydrogen_bonds=3,0.5,0.6666666666666666,0.5714285714285715,0.4,4,6,8,0.3333333333333333,0.5,0.4,0.25,1,2,3
2WEW,vina_pose,2,A:MYR:1188,L:UNL:1,RDKit,16,2.179234326546826,3,2.9701167204898415,NA,NA,2,3,hydrogen_bonds=2,hydrogen_bonds=3,0.625,0.8333333333333334,0.7142857142857143,0.5555555555555556,5,6,8,0.3333333333333333,0.5,0.4,0.25,1,2,3
2WEW,vina_pose,3,A:MYR:1188,L:UNL:1,RDKit,16,9.481314123052774,3,11.082996330716107,NA,NA,2,1,hydrogen_bonds=2,hydrogen_bonds=1,0.0,0.0,0.0,0.0,0,6,5,0.0,0.0,0.0,0.0,0,2,1
2WEW,vina_pose,4,A:MYR:1188,L:UNL:1,RDKit,16,8.783285482949989,3,13.559704851753471,NA,NA,2,0,hydrogen_bonds=2,none=0,0.0,0.0,0.0,0.0,0,6,9,0.0,0.0,0.0,0.0,0,2,0
2WEW,vina_pose,5,A:MYR:1188,L:UNL:1,RDKit,16,1.3572371752939871,3,1.5713839972033157,NA,NA,2,2,hydrogen_bonds=2,hydrogen_bonds=2,0.8571428571428571,1.0,0.923076923076923,0.8571428571428571,6,6,7,1.0,1.0,1.0,1.0,2,2,2
2WEW,vina_pose,6,A:MYR:1188,L:UNL:1,RDKit,16,9.062487627577761,3,12.152880125029348,NA,NA,2,2,hydrogen_bonds=2,hydrogen_bonds=2,0.0,0.0,0.0,0.0,0,6,5,0.0,0.0,0.0,0.0,0,2,2
2WEW,vina_pose,7,A:MYR:1188,L:UNL:1,RDKit,16,9.518908265263407,3,11.203025365200835,NA,NA,2,1,hydrogen_bonds=2,hydrogen_bonds=1,0.0,0.0,0.0,0.0,0,6,7,0.0,0.0,0.0,0.0,0,2,1
2WEW,vina_pose,8,A:MYR:1188,L:UNL:1,RDKit,16,3.0499022422858078,3,3.2580702366073484,NA,NA,2,3,hydrogen_bonds=2,hydrogen_bonds=3,0.5,0.6666666666666666,0.5714285714285715,0.4,4,6,8,0.3333333333333333,0.5,0.4,0.25,1,2,3
2WEW,vina_pose,9,A:MYR:1188,L:UNL:1,RDKit,16,3.681030825393887,3,4.799579807997085,NA,NA,2,2,hydrogen_bonds=2,hydrogen_bonds=2,0.42857142857142855,0.5,0.4615384615384615,0.3,3,6,7,0.0,0.0,0.0,0.0,0,2,2
2WEW,vina_pose,10,A:MYR:1188,L:UNL:1,RDKit,16,3.656579754360624,3,4.176418601305829,NA,NA,2,1,hydrogen_bonds=2,hydrogen_bonds=1,0.4,0.3333333333333333,0.3636363636363636,0.2222222222222222,2,6,5,0.0,0.0,0.0,0.0,0,2,1
2WEW,vina_pose,11,A:MYR:1188,L:UNL:1,RDKit,16,2.6014442983658137,3,2.3523894943935906,NA,NA,2,2,hydrogen_bonds=2,hydrogen_bonds=2,0.8,0.6666666666666666,0.7272727272727272,0.5714285714285714,4,6,5,1.0,1.0,1.0,1.0,2,2,2
2WEW,vina_pose,12,A:MYR:1188,L:UNL:1,RDKit,16,3.5923417849642316,3,2.7407146270027227,NA,NA,2,2,hydrogen_bonds=2,hydrogen_bonds=2,0.6,0.5,0.5454545454545454,0.375,3,6,5,0.5,0.5,0.5,0.3333333333333333,1,2,2
2WEW,vina_pose,13,A:MYR:1188,L:UNL:1,RDKit,16,2.2629876546282794,3,2.7298581770243433,NA,NA,2,0,hydrogen_bonds=2,none=0,0.5714285714285714,0.6666666666666666,0.6153846153846153,0.4444444444444444,4,6,7,0.0,0.0,0.0,0.0,0,2,0
2WEW,vina_pose,14,A:MYR:1188,L:UNL:1,RDKit,16,4.686841987148703,3,5.120563933786981,NA,NA,2,1,hydrogen_bonds=2,hydrogen_bonds=1,0.2857142857142857,0.3333333333333333,0.30769230769230765,0.18181818181818182,2,6,7,0.0,0.0,0.0,0.0,0,2,1
2WEW,vina_pose,15,A:MYR:1188,L:UNL:1,RDKit,16,1.9210681924387796,3,2.5392533023180914,NA,NA,2,2,hydrogen_bonds=2,hydrogen_bonds=2,0.7142857142857143,0.8333333333333334,0.7692307692307692,0.625,5,6,7,0.5,0.5,0.5,0.3333333333333333,1,2,2
2WEW,vina_pose,16,A:MYR:1188,L:UNL:1,RDKit,16,4.119223500855471,3,5.085577548322314,NA,NA,2,2,hydrogen_bonds=2,hydrogen_bonds=2,0.3333333333333333,0.3333333333333333,0.3333333333333333,0.2,2,6,6,0.0,0.0,0.0,0.0,0,2,2
2WEW,vina_pose,17,A:MYR:1188,L:UNL:1,RDKit,16,4.287592338655809,3,7.784681389326947,NA,NA,2,0,hydrogen_bonds=2,none=0,0.0,0.0,0.0,0.0,0,6,6,0.0,0.0,0.0,0.0,0,2,0
2WEW,vina_pose,18,A:MYR:1188,L:UNL:1,RDKit,16,9.640627517827873,3,9.338913873322385,NA,NA,2,0,hydrogen_bonds=2,none=0,0.2,0.16666666666666666,0.1818181818181818,0.1,1,6,5,0.0,0.0,0.0,0.0,0,2,0
2WEW,vina_pose,19,A:MYR:1188,L:UNL:1,RDKit,16,8.68638644661864,3,14.743705300907232,NA,NA,2,1,hydrogen_bonds=2,hydrogen_bonds=1,0.0,0.0,0.0,0.0,0,6,7,0.0,0.0,0.0,0.0,0,2,1
2WEW,vina_pose,20,A:MYR:1188,L:UNL:1,RDKit,16,3.148416834299423,3,3.8237733109238237,NA,NA,2,1,hydrogen_bonds=2,hydrogen_bonds=1,0.5,0.5,0.5,0.3333333333333333,3,6,6,0.0,0.0,0.0,0.0,0,2,1
2WEX,boltz,1,A:GYM:1186,B:GYM:1,RDKit,21,0.7975241341960768,3,1.1242022690057867,159,1.0861740238879631,1,0,hydrogen_bonds=1,none=0,0.8571428571428571,0.75,0.7999999999999999,0.6666666666666666,6,8,7,0.0,0.0,0.0,0.0,0,1,0
2WEX,vina_pose,1,A:GYM:1186,L:UNL:1,RDKit,21,3.035817078371708,3,2.8985448648129175,NA,NA,1,2,hydrogen_bonds=1,hydrogen_bonds=2,0.625,0.625,0.625,0.45454545454545453,5,8,8,0.0,0.0,0.0,0.0,0,1,2
2WEX,vina_pose,2,A:GYM:1186,L:UNL:1,RDKit,21,2.4458110739637697,3,2.2891880656686996,NA,NA,1,2,hydrogen_bonds=1,hydrogen_bonds=2,0.7142857142857143,0.625,0.6666666666666666,0.5,5,8,7,0.5,1.0,0.6666666666666666,0.5,1,1,2
2WEX,vina_pose,3,A:GYM:1186,L:UNL:1,RDKit,21,2.3996348531748386,3,2.5960677315252516,NA,NA,1,2,hydrogen_bonds=1,hydrogen_bonds=2,0.5714285714285714,0.5,0.5333333333333333,0.36363636363636365,4,8,7,0.0,0.0,0.0,0.0,0,1,2
2WEX,vina_pose,4,A:GYM:1186,L:UNL:1,RDKit,21,10.354859788432444,3,9.155860800601983,NA,NA,1,0,hydrogen_bonds=1,none=0,0.125,0.125,0.125,0.06666666666666667,1,8,8,0.0,0.0,0.0,0.0,0,1,0
2WEX,vina_pose,5,A:GYM:1186,L:UNL:1,RDKit,21,2.0476129889168395,3,1.7649597729126862,NA,NA,1,2,hydrogen_bonds=1,hydrogen_bonds=2,0.8571428571428571,0.75,0.7999999999999999,0.6666666666666666,6,8,7,0.5,1.0,0.6666666666666666,0.5,1,1,2
2WEX,vina_pose,6,A:GYM:1186,L:UNL:1,RDKit,21,10.230320548438819,3,9.383861678434949,NA,NA,1,0,hydrogen_bonds=1,none=0,0.0,0.0,0.0,0.0,0,8,5,0.0,0.0,0.0,0.0,0,1,0
2WEX,vina_pose,7,A:GYM:1186,L:UNL:1,RDKit,21,3.609152222046718,3,2.5203078515662853,NA,NA,1,1,hydrogen_bonds=1,hydrogen_bonds=1,0.8333333333333334,0.625,0.7142857142857143,0.5555555555555556,5,8,6,0.0,0.0,0.0,0.0,0,1,1
2WEX,vina_pose,8,A:GYM:1186,L:UNL:1,RDKit,21,10.162867030799639,3,8.096778824528512,NA,NA,1,0,hydrogen_bonds=1,none=0,0.3333333333333333,0.25,0.28571428571428575,0.16666666666666666,2,8,6,0.0,0.0,0.0,0.0,0,1,0
2WEX,vina_pose,9,A:GYM:1186,L:UNL:1,RDKit,21,3.575721498955873,3,1.9053273559505022,NA,NA,1,1,hydrogen_bonds=1,hydrogen_bonds=1,1.0,0.75,0.8571428571428571,0.75,6,8,6,1.0,1.0,1.0,1.0,1,1,1
2WEX,vina_pose,10,A:GYM:1186,L:UNL:1,RDKit,21,2.8245947623382315,3,1.4385490375143053,NA,NA,1,1,hydrogen_bonds=1,hydrogen_bonds=1,1.0,0.75,0.8571428571428571,0.75,6,8,6,1.0,1.0,1.0,1.0,1,1,1
2WEX,vina_pose,11,A:GYM:1186,L:UNL:1,RDKit,21,10.110258067451898,3,10.078020258628841,NA,NA,1,0,hydrogen_bonds=1,none=0,0.125,0.125,0.125,0.06666666666666667,1,8,8,0.0,0.0,0.0,0.0,0,1,0
2WEX,vina_pose,12,A:GYM:1186,L:UNL:1,RDKit,21,10.122222951318077,3,9.94408966840773,NA,NA,1,1,hydrogen_bonds=1,hydrogen_bonds=1,0.14285714285714285,0.125,0.13333333333333333,0.07142857142857142,1,8,7,0.0,0.0,0.0,0.0,0,1,1
2WEX,vina_pose,13,A:GYM:1186,L:UNL:1,RDKit,21,10.591423293446088,3,8.815662727970787,NA,NA,1,0,hydrogen_bonds=1,none=0,0.16666666666666666,0.125,0.14285714285714288,0.07692307692307693,1,8,6,0.0,0.0,0.0,0.0,0,1,0
2WEX,vina_pose,14,A:GYM:1186,L:UNL:1,RDKit,21,1.875454306866168,3,2.2540135314589405,NA,NA,1,0,hydrogen_bonds=1,none=0,0.875,0.875,0.875,0.7777777777777778,7,8,8,0.0,0.0,0.0,0.0,0,1,0
2WEX,vina_pose,15,A:GYM:1186,L:UNL:1,RDKit,21,2.5961424955388828,3,2.540882327066722,NA,NA,1,2,hydrogen_bonds=1,hydrogen_bonds=2,0.75,0.75,0.75,0.6,6,8,8,0.5,1.0,0.6666666666666666,0.5,1,1,2
2WEX,vina_pose,16,A:GYM:1186,L:UNL:1,RDKit,21,10.438443083142236,3,10.69700757221383,NA,NA,1,1,hydrogen_bonds=1,hydrogen_bonds=1,0.0,0.0,0.0,0.0,0,8,5,0.0,0.0,0.0,0.0,0,1,1
2WEX,vina_pose,17,A:GYM:1186,L:UNL:1,RDKit,21,9.730522770177991,3,8.87493348331881,NA,NA,1,0,hydrogen_bonds=1,none=0,0.2,0.125,0.15384615384615385,0.08333333333333333,1,8,5,0.0,0.0,0.0,0.0,0,1,0
2WEX,vina_pose,18,A:GYM:1186,L:UNL:1,RDKit,21,10.361593695217058,3,8.58675883749703,NA,NA,1,0,hydrogen_bonds=1,none=0,0.125,0.125,0.125,0.06666666666666667,1,8,8,0.0,0.0,0.0,0.0,0,1,0
2WEX,vina_pose,19,A:GYM:1186,L:UNL:1,RDKit,21,6.094986851034686,3,5.6523887575667215,NA,NA,1,2,hydrogen_bonds=1,hydrogen_bonds=2,0.6,0.375,0.4615384615384615,0.3,3,8,5,0.0,0.0,0.0,0.0,0,1,2
2WEX,vina_pose,20,A:GYM:1186,L:UNL:1,RDKit,21,9.623455126482824,3,9.735045129154084,NA,NA,1,1,hydrogen_bonds=1,hydrogen_bonds=1,0.2,0.125,0.15384615384615385,0.08333333333333333,1,8,5,0.0,0.0,0.0,0.0,0,1,1
2WR6,boltz,1,A:ODT:1176,B:ODT:1,RDKit,20,4.1006829436898595,3,4.479348996568482,174,0.763450993450318,3,4,hydrogen_bonds=3,hydrogen_bonds=4,0.6,0.375,0.4615384615384615,0.3,3,8,5,0.5,0.6666666666666666,0.5714285714285715,0.4,2,3,4
2WR6,vina_pose,1,A:ODT:1176,L:UNL:1,RDKit,20,1.6300354290628167,3,1.8674321049683886,NA,NA,3,3,hydrogen_bonds=3,hydrogen_bonds=3,0.7777777777777778,0.875,0.823529411764706,0.7,7,8,9,0.6666666666666666,0.6666666666666666,0.6666666666666666,0.5,2,3,3
2WR6,vina_pose,2,A:ODT:1176,L:UNL:1,RDKit,20,3.2260646382241016,3,2.052589908708833,NA,NA,3,4,hydrogen_bonds=3,hydrogen_bonds=4,0.7,0.875,0.7777777777777777,0.6363636363636364,7,8,10,0.5,0.6666666666666666,0.5714285714285715,0.4,2,3,4
2WR6,vina_pose,3,A:ODT:1176,L:UNL:1,RDKit,20,5.979962750720108,3,7.137374657393291,NA,NA,3,3,hydrogen_bonds=3,hydrogen_bonds=3,0.3333333333333333,0.25,0.28571428571428575,0.16666666666666666,2,8,6,0.0,0.0,0.0,0.0,0,3,3
2WR6,vina_pose,4,A:ODT:1176,L:UNL:1,RDKit,20,3.769183439420268,3,1.9644902646742748,NA,NA,3,4,hydrogen_bonds=3,hydrogen_bonds=4,0.7777777777777778,0.875,0.823529411764706,0.7,7,8,9,0.75,1.0,0.8571428571428571,0.75,3,3,4
2WR6,vina_pose,5,A:ODT:1176,L:UNL:1,RDKit,20,3.615996619190898,3,2.0921655447565968,NA,NA,3,4,hydrogen_bonds=3,hydrogen_bonds=4,0.7,0.875,0.7777777777777777,0.6363636363636364,7,8,10,0.5,0.6666666666666666,0.5714285714285715,0.4,2,3,4
2WR6,vina_pose,6,A:ODT:1176,L:UNL:1,RDKit,20,1.239874570269106,3,1.8477344686579478,NA,NA,3,4,hydrogen_bonds=3,hydrogen_bonds=4,0.7,0.875,0.7777777777777777,0.6363636363636364,7,8,10,0.5,0.6666666666666666,0.5714285714285715,0.4,2,3,4
2WR6,vina_pose,7,A:ODT:1176,L:UNL:1,RDKit,20,7.383281919309327,3,10.418341246730852,NA,NA,3,4,hydrogen_bonds=3,hydrogen_bonds=4,0.0,0.0,0.0,0.0,0,8,8,0.0,0.0,0.0,0.0,0,3,4
2WR6,vina_pose,8,A:ODT:1176,L:UNL:1,RDKit,20,3.0501206615476706,3,2.0690914270117053,NA,NA,3,4,hydrogen_bonds=3,hydrogen_bonds=4,0.7,0.875,0.7777777777777777,0.6363636363636364,7,8,10,0.5,0.6666666666666666,0.5714285714285715,0.4,2,3,4
2WR6,vina_pose,9,A:ODT:1176,L:UNL:1,RDKit,20,3.672576472995491,3,1.9561782468204003,NA,NA,3,4,hydrogen_bonds=3,hydrogen_bonds=4,0.7,0.875,0.7777777777777777,0.6363636363636364,7,8,10,0.5,0.6666666666666666,0.5714285714285715,0.4,2,3,4
2WR6,vina_pose,10,A:ODT:1176,L:UNL:1,RDKit,20,3.7902050736074955,3,7.52118897958738,NA,NA,3,3,hydrogen_bonds=3,hydrogen_bonds=3,0.16666666666666666,0.125,0.14285714285714288,0.07692307692307693,1,8,6,0.0,0.0,0.0,0.0,0,3,3
2WR6,vina_pose,11,A:ODT:1176,L:UNL:1,RDKit,20,6.080991966776473,3,8.082819557555394,NA,NA,3,0,hydrogen_bonds=3,none=0,0.2857142857142857,0.25,0.26666666666666666,0.15384615384615385,2,8,7,0.0,0.0,0.0,0.0,0,3,0
2WR6,vina_pose,12,A:ODT:1176,L:UNL:1,RDKit,20,2.8480070751316613,3,2.5304044472508083,NA,NA,3,4,hydrogen_bonds=3,hydrogen_bonds=4,0.7,0.875,0.7777777777777777,0.6363636363636364,7,8,10,0.25,0.3333333333333333,0.28571428571428575,0.16666666666666666,1,3,4
2WR6,vina_pose,13,A:ODT:1176,L:UNL:1,RDKit,20,7.144976686456016,3,10.822575094064566,NA,NA,3,3,hydrogen_bonds=3,hydrogen_bonds=3,0.0,0.0,0.0,0.0,0,8,10,0.0,0.0,0.0,0.0,0,3,3
2WR6,vina_pose,14,A:ODT:1176,L:UNL:1,RDKit,20,6.767038126093277,3,9.635753819326574,NA,NA,3,0,hydrogen_bonds=3,none=0,0.125,0.125,0.125,0.06666666666666667,1,8,8,0.0,0.0,0.0,0.0,0,3,0
2WR6,vina_pose,15,A:ODT:1176,L:UNL:1,RDKit,20,6.414632210813025,3,7.372121879079319,NA,NA,3,0,hydrogen_bonds=3,none=0,0.3333333333333333,0.25,0.28571428571428575,0.16666666666666666,2,8,6,0.0,0.0,0.0,0.0,0,3,0
2WR6,vina_pose,16,A:ODT:1176,L:UNL:1,RDKit,20,7.229286928874797,3,9.417484448266073,NA,NA,3,2,hydrogen_bonds=3,hydrogen_bonds=2,0.0,0.0,0.0,0.0,0,8,8,0.0,0.0,0.0,0.0,0,3,2
2WR6,vina_pose,17,A:ODT:1176,L:UNL:1,RDKit,20,7.5452985825611965,3,9.923850848670927,NA,NA,3,1,hydrogen_bonds=3,hydrogen_bonds=1,0.0,0.0,0.0,0.0,0,8,9,0.0,0.0,0.0,0.0,0,3,1
2WR6,vina_pose,18,A:ODT:1176,L:UNL:1,RDKit,20,6.54213575982645,3,7.623586426348166,NA,NA,3,0,hydrogen_bonds=3,none=0,0.2857142857142857,0.25,0.26666666666666666,0.15384615384615385,2,8,7,0.0,0.0,0.0,0.0,0,3,0
2WR6,vina_pose,19,A:ODT:1176,L:UNL:1,RDKit,20,4.275032888762378,3,2.125501352622482,NA,NA,3,3,hydrogen_bonds=3,hydrogen_bonds=3,0.7,0.875,0.7777777777777777,0.6363636363636364,7,8,10,0.3333333333333333,0.3333333333333333,0.3333333333333333,0.2,1,3,3
2WR6,vina_pose,20,A:ODT:1176,L:UNL:1,RDKit,20,6.610893691476214,3,10.08424679058051,NA,NA,3,1,hydrogen_bonds=3,hydrogen_bonds=1,0.0,0.0,0.0,0.0,0,8,7,0.0,0.0,0.0,0.0,0,3,1
2WUT,boltz,1,A:PLM:1134,B:PLM:1,RDKit,18,0.8265878740214099,3,0.646121362225274,133,0.19960862944671828,3,3,hydrogen_bonds=3,hydrogen_bonds=3,1.0,1.0,1.0,1.0,7,7,7,1.0,1.0,1.0,1.0,3,3,3
2WUT,vina_pose,1,A:PLM:1134,L:UNL:1,RDKit,18,3.3686453343872356,3,7.26437226010158,NA,NA,3,3,hydrogen_bonds=3,hydrogen_bonds=3,0.1,0.14285714285714285,0.11764705882352941,0.0625,1,7,10,0.0,0.0,0.0,0.0,0,3,3
2WUT,vina_pose,2,A:PLM:1134,L:UNL:1,RDKit,18,3.6726151899339157,3,7.2909766378266045,NA,NA,3,3,hydrogen_bonds=3,hydrogen_bonds=3,0.125,0.14285714285714285,0.13333333333333333,0.07142857142857142,1,7,8,0.0,0.0,0.0,0.0,0,3,3
2WUT,vina_pose,3,A:PLM:1134,L:UNL:1,RDKit,18,3.5804650768673425,3,7.315619568202455,NA,NA,3,3,hydrogen_bonds=3,hydrogen_bonds=3,0.1111111111111111,0.14285714285714285,0.125,0.06666666666666667,1,7,9,0.0,0.0,0.0,0.0,0,3,3
2WUT,vina_pose,4,A:PLM:1134,L:UNL:1,RDKit,18,4.743023010462608,3,7.392311704286645,NA,NA,3,3,hydrogen_bonds=3,hydrogen_bonds=3,0.1,0.14285714285714285,0.11764705882352941,0.0625,1,7,10,0.0,0.0,0.0,0.0,0,3,3
2WUT,vina_pose,5,A:PLM:1134,L:UNL:1,RDKit,18,3.6074693807894387,3,6.894160572542534,NA,NA,3,2,hydrogen_bonds=3,hydrogen_bonds=2,0.125,0.14285714285714285,0.13333333333333333,0.07142857142857142,1,7,8,0.0,0.0,0.0,0.0,0,3,2
2WUT,vina_pose,6,A:PLM:1134,L:UNL:1,RDKit,18,4.882044039129512,3,7.264949254238922,NA,NA,3,3,hydrogen_bonds=3,hydrogen_bonds=3,0.1,0.14285714285714285,0.11764705882352941,0.0625,1,7,10,0.0,0.0,0.0,0.0,0,3,3
2WUT,vina_pose,7,A:PLM:1134,L:UNL:1,RDKit,18,4.521680114244655,3,4.545582984245988,NA,NA,3,3,hydrogen_bonds=3,hydrogen_bonds=3,0.4,0.2857142857142857,0.3333333333333333,0.2,2,7,5,0.3333333333333333,0.3333333333333333,0.3333333333333333,0.2,1,3,3
2WUT,vina_pose,8,A:PLM:1134,L:UNL:1,RDKit,18,3.698463096717037,3,7.183899451783366,NA,NA,3,3,hydrogen_bonds=3,hydrogen_bonds=3,0.14285714285714285,0.14285714285714285,0.14285714285714285,0.07692307692307693,1,7,7,0.0,0.0,0.0,0.0,0,3,3
2WUT,vina_pose,9,A:PLM:1134,L:UNL:1,RDKit,18,5.572615294654946,3,5.53598901130894,NA,NA,3,1,hydrogen_bonds=3,hydrogen_bonds=1,0.2857142857142857,0.2857142857142857,0.2857142857142857,0.16666666666666666,2,7,7,1.0,0.3333333333333333,0.5,0.3333333333333333,1,3,1
2WUT,vina_pose,10,A:PLM:1134,L:UNL:1,RDKit,18,4.023189565230276,3,2.8572380019872345,NA,NA,3,3,hydrogen_bonds=3,hydrogen_bonds=3,0.6666666666666666,0.5714285714285714,0.6153846153846153,0.4444444444444444,4,7,6,0.6666666666666666,0.6666666666666666,0.6666666666666666,0.5,2,3,3
2WUT,vina_pose,11,A:PLM:1134,L:UNL:1,RDKit,18,5.040393381914197,3,7.359376807855404,NA,NA,3,3,hydrogen_bonds=3,hydrogen_bonds=3,0.1111111111111111,0.14285714285714285,0.125,0.06666666666666667,1,7,9,0.0,0.0,0.0,0.0,0,3,3
2WUT,vina_pose,12,A:PLM:1134,L:UNL:1,RDKit,18,6.533579051501728,3,7.2108258195577015,NA,NA,3,1,hydrogen_bonds=3,hydrogen_bonds=1,0.14285714285714285,0.14285714285714285,0.14285714285714285,0.07692307692307693,1,7,7,0.0,0.0,0.0,0.0,0,3,1
2WUT,vina_pose,13,A:PLM:1134,L:UNL:1,RDKit,18,1.9948564972058627,3,1.3440900267467204,NA,NA,3,3,hydrogen_bonds=3,hydrogen_bonds=3,0.7142857142857143,0.7142857142857143,0.7142857142857143,0.5555555555555556,5,7,7,1.0,1.0,1.0,1.0,3,3,3
2WUT,vina_pose,14,A:PLM:1134,L:UNL:1,RDKit,18,4.574715498136347,3,4.791644707196057,NA,NA,3,3,hydrogen_bonds=3,hydrogen_bonds=3,0.4,0.2857142857142857,0.3333333333333333,0.2,2,7,5,0.3333333333333333,0.3333333333333333,0.3333333333333333,0.2,1,3,3
2WUT,vina_pose,15,A:PLM:1134,L:UNL:1,RDKit,18,3.8223129486971335,3,7.215035342948777,NA,NA,3,3,hydrogen_bonds=3,hydrogen_bonds=3,0.1,0.14285714285714285,0.11764705882352941,0.0625,1,7,10,0.0,0.0,0.0,0.0,0,3,3
2WUT,vina_pose,16,A:PLM:1134,L:UNL:1,RDKit,18,1.7263862223989417,3,1.1470276079211574,NA,NA,3,3,hydrogen_bonds=3,hydrogen_bonds=3,1.0,0.8571428571428571,0.923076923076923,0.8571428571428571,6,7,6,1.0,1.0,1.0,1.0,3,3,3
2WUT,vina_pose,17,A:PLM:1134,L:UNL:1,RDKit,18,3.0666678442026725,3,4.91800657448388,NA,NA,3,3,hydrogen_bonds=3,hydrogen_bonds=3,0.5,0.2857142857142857,0.36363636363636365,0.2222222222222222,2,7,4,0.3333333333333333,0.3333333333333333,0.3333333333333333,0.2,1,3,3
2WUT,vina_pose,18,A:PLM:1134,L:UNL:1,RDKit,18,2.5786404255817525,3,3.8378889162315946,NA,NA,3,2,hydrogen_bonds=3,hydrogen_bonds=2,0.6,0.42857142857142855,0.5,0.3333333333333333,3,7,5,0.5,0.3333333333333333,0.4,0.25,1,3,2
2WUT,vina_pose,19,A:PLM:1134,L:UNL:1,RDKit,18,4.2771618770187105,3,5.541665393483562,NA,NA,3,3,hydrogen_bonds=3,hydrogen_bonds=3,0.4,0.2857142857142857,0.3333333333333333,0.2,2,7,5,0.3333333333333333,0.3333333333333333,0.3333333333333333,0.2,1,3,3
2WUT,vina_pose,20,A:PLM:1134,L:UNL:1,RDKit,18,3.0084948340767794,3,5.188165122018894,NA,NA,3,3,hydrogen_bonds=3,hydrogen_bonds=3,0.3333333333333333,0.2857142857142857,0.30769230769230765,0.18181818181818182,2,7,6,0.3333333333333333,0.3333333333333333,0.3333333333333333,0.2,1,3,3
2Z9Y,boltz,1,A:DDR:1,B:DDR:1,RDKit,28,2.1279379944520507,6,1.9808879084682915,230,0.7277410047003763,1,3,hydrogen_bonds=1,hydrogen_bonds=3,0.8333333333333334,0.9090909090909091,0.8695652173913043,0.7692307692307693,10,11,12,0.3333333333333333,1.0,0.5,0.3333333333333333,1,1,3
2Z9Y,vina_pose,1,A:DDR:1,L:UNL:1,RDKit,28,1.314618059687734,6,0.6715933789627967,NA,NA,1,2,hydrogen_bonds=1,hydrogen_bonds=2,1.0,1.0,1.0,1.0,11,11,11,0.5,1.0,0.6666666666666666,0.5,1,1,2
2Z9Y,vina_pose,2,A:DDR:1,L:UNL:1,RDKit,28,4.41366972354881,6,3.7502113718207046,NA,NA,1,3,hydrogen_bonds=1,hydrogen_bonds=3,1.0,1.0,1.0,1.0,11,11,11,0.3333333333333333,1.0,0.5,0.3333333333333333,1,1,3
2Z9Y,vina_pose,3,A:DDR:1,L:UNL:1,RDKit,28,4.829004063986694,6,4.684440059032314,NA,NA,1,4,hydrogen_bonds=1,hydrogen_bonds=4,0.9,0.8181818181818182,0.8571428571428572,0.75,9,11,10,0.25,1.0,0.4,0.25,1,1,4
2Z9Y,vina_pose,4,A:DDR:1,L:UNL:1,RDKit,28,3.63642751985281,6,4.02627166246889,NA,NA,1,4,hydrogen_bonds=1,hydrogen_bonds=4,0.5454545454545454,0.5454545454545454,0.5454545454545454,0.375,6,11,11,0.0,0.0,0.0,0.0,0,1,4
2Z9Y,vina_pose,5,A:DDR:1,L:UNL:1,RDKit,28,6.92891639384234,6,6.868313390733808,NA,NA,1,2,hydrogen_bonds=1,hydrogen_bonds=2,0.3333333333333333,0.18181818181818182,0.23529411764705885,0.13333333333333333,2,11,6,0.0,0.0,0.0,0.0,0,1,2
2Z9Y,vina_pose,6,A:DDR:1,L:UNL:1,RDKit,28,5.95723679653579,6,5.690105710793078,NA,NA,1,2,hydrogen_bonds=1,hydrogen_bonds=2,0.4444444444444444,0.36363636363636365,0.39999999999999997,0.25,4,11,9,0.5,1.0,0.6666666666666666,0.5,1,1,2
2Z9Y,vina_pose,7,A:DDR:1,L:UNL:1,RDKit,28,7.2109515148834555,6,6.801123056770355,NA,NA,1,3,hydrogen_bonds=1,hydrogen_bonds=3,0.14285714285714285,0.09090909090909091,0.1111111111111111,0.058823529411764705,1,11,7,0.0,0.0,0.0,0.0,0,1,3
2Z9Y,vina_pose,8,A:DDR:1,L:UNL:1,RDKit,28,3.274534541623544,6,3.323674196828965,NA,NA,1,1,hydrogen_bonds=1,hydrogen_bonds=1,0.7272727272727273,0.7272727272727273,0.7272727272727273,0.5714285714285714,8,11,11,1.0,1.0,1.0,1.0,1,1,1
2Z9Y,vina_pose,9,A:DDR:1,L:UNL:1,RDKit,28,3.6263565589799827,6,3.7581271709900044,NA,NA,1,3,hydrogen_bonds=1,hydrogen_bonds=3,0.6666666666666666,0.7272727272727273,0.6956521739130435,0.5333333333333333,8,11,12,0.0,0.0,0.0,0.0,0,1,3
2Z9Y,vina_pose,10,A:DDR:1,L:UNL:1,RDKit,28,5.103557908109653,6,5.148471973961466,NA,NA,1,1,hydrogen_bonds=1,hydrogen_bonds=1,0.6363636363636364,0.6363636363636364,0.6363636363636364,0.4666666666666667,7,11,11,0.0,0.0,0.0,0.0,0,1,1
2Z9Y,vina_pose,11,A:DDR:1,L:UNL:1,RDKit,28,5.741336510654242,6,5.615623533203296,NA,NA,1,2,hydrogen_bonds=1,hydrogen_bonds=2,0.625,0.45454545454545453,0.5263157894736842,0.35714285714285715,5,11,8,0.5,1.0,0.6666666666666666,0.5,1,1,2
2Z9Y,vina_pose,12,A:DDR:1,L:UNL:1,RDKit,28,8.053018313917192,6,8.417164882944059,NA,NA,1,2,hydrogen_bonds=1,hydrogen_bonds=2,0.2222222222222222,0.18181818181818182,0.19999999999999998,0.1111111111111111,2,11,9,0.0,0.0,0.0,0.0,0,1,2
2Z9Y,vina_pose,13,A:DDR:1,L:UNL:1,RDKit,28,8.037434725351472,6,8.801724291296564,NA,NA,1,1,hydrogen_bonds=1,hydrogen_bonds=1,0.0,0.0,0.0,0.0,0,11,8,0.0,0.0,0.0,0.0,0,1,1
2Z9Y,vina_pose,14,A:DDR:1,L:UNL:1,RDKit,28,6.100081202621111,6,6.086298806883102,NA,NA,1,3,hydrogen_bonds=1,hydrogen_bonds=3,0.625,0.45454545454545453,0.5263157894736842,0.35714285714285715,5,11,8,0.0,0.0,0.0,0.0,0,1,3
2Z9Y,vina_pose,15,A:DDR:1,L:UNL:1,RDKit,28,6.7779496135841635,6,6.306251144697616,NA,NA,1,2,hydrogen_bonds=1,hydrogen_bonds=2,0.3333333333333333,0.2727272727272727,0.3,0.17647058823529413,3,11,9,0.0,0.0,0.0,0.0,0,1,2
2Z9Y,vina_pose,16,A:DDR:1,L:UNL:1,RDKit,28,7.37105147083605,6,7.560878817968186,NA,NA,1,0,hydrogen_bonds=1,none=0,0.25,0.18181818181818182,0.2105263157894737,0.11764705882352941,2,11,8,0.0,0.0,0.0,0.0,0,1,0
2Z9Y,vina_pose,17,A:DDR:1,L:UNL:1,RDKit,28,2.8730108708958477,6,3.147299186074731,NA,NA,1,3,hydrogen_bonds=1,hydrogen_bonds=3,0.75,0.8181818181818182,0.7826086956521738,0.6428571428571429,9,11,12,0.0,0.0,0.0,0.0,0,1,3
2Z9Y,vina_pose,18,A:DDR:1,L:UNL:1,RDKit,28,7.60370339749933,6,7.7250048651548875,NA,NA,1,3,hydrogen_bonds=1,hydrogen_bonds=3,0.125,0.09090909090909091,0.10526315789473685,0.05555555555555555,1,11,8,0.0,0.0,0.0,0.0,0,1,3
2Z9Y,vina_pose,19,A:DDR:1,L:UNL:1,RDKit,28,4.302473159209048,6,4.593681965482591,NA,NA,1,2,hydrogen_bonds=1,hydrogen_bonds=2,0.7,0.6363636363636364,0.6666666666666666,0.5,7,11,10,0.5,1.0,0.6666666666666666,0.5,1,1,2
2Z9Y,vina_pose,20,A:DDR:1,L:UNL:1,RDKit,28,5.335186400546042,6,5.02623538711297,NA,NA,1,2,hydrogen_bonds=1,hydrogen_bonds=2,0.7,0.6363636363636364,0.6666666666666666,0.5,7,11,10,0.5,1.0,0.6666666666666666,0.5,1,1,2
2Z9Z,boltz,1,A:DDR:1,B:DDR:1,RDKit,28,4.660571910319736,6,4.002906290678117,235,0.709427832972282,3,3,hydrogen_bonds=3,hydrogen_bonds=3,0.9090909090909091,0.7692307692307693,0.8333333333333333,0.7142857142857143,10,13,11,0.6666666666666666,0.6666666666666666,0.6666666666666666,0.5,2,3,3
2Z9Z,vina_pose,1,A:DDR:1,L:UNL:1,RDKit,28,7.276951331331785,6,6.828023542724498,NA,NA,3,3,hydrogen_bonds=3,hydrogen_bonds=3,0.5,0.23076923076923078,0.3157894736842105,0.1875,3,13,6,0.0,0.0,0.0,0.0,0,3,3
2Z9Z,vina_pose,2,A:DDR:1,L:UNL:1,RDKit,28,8.582786783107554,6,7.322754047032668,NA,NA,3,3,hydrogen_bonds=3,hydrogen_bonds=3,0.4,0.3076923076923077,0.34782608695652173,0.21052631578947367,4,13,10,0.0,0.0,0.0,0.0,0,3,3
2Z9Z,vina_pose,3,A:DDR:1,L:UNL:1,RDKit,28,7.852896358305368,6,7.156619919114516,NA,NA,3,3,hydrogen_bonds=3,hydrogen_bonds=3,0.42857142857142855,0.23076923076923078,0.3,0.17647058823529413,3,13,7,0.3333333333333333,0.3333333333333333,0.3333333333333333,0.2,1,3,3
2Z9Z,vina_pose,4,A:DDR:1,L:UNL:1,RDKit,28,8.536490015557582,6,8.943687802019925,NA,NA,3,2,hydrogen_bonds=3,hydrogen_bonds=2,0.125,0.07692307692307693,0.09523809523809525,0.05,1,13,8,0.0,0.0,0.0,0.0,0,3,2
2Z9Z,vina_pose,5,A:DDR:1,L:UNL:1,RDKit,28,4.796948471982698,6,3.7016671019060228,NA,NA,3,2,hydrogen_bonds=3,hydrogen_bonds=2,0.9,0.6923076923076923,0.7826086956521738,0.6428571428571429,9,13,10,0.5,0.3333333333333333,0.4,0.25,1,3,2
2Z9Z,vina_pose,6,A:DDR:1,L:UNL:1,RDKit,28,7.295912145558928,6,6.363284175643894,NA,NA,3,2,hydrogen_bonds=3,hydrogen_bonds=2,0.5555555555555556,0.38461538461538464,0.4545454545454546,0.29411764705882354,5,13,9,0.0,0.0,0.0,0.0,0,3,2
2Z9Z,vina_pose,7,A:DDR:1,L:UNL:1,RDKit,28,7.51148125966415,6,7.161120780529632,NA,NA,3,1,hydrogen_bonds=3,hydrogen_bonds=1,0.4444444444444444,0.3076923076923077,0.3636363636363637,0.2222222222222222,4,13,9,1.0,0.3333333333333333,0.5,0.3333333333333333,1,3,1
2Z9Z,vina_pose,8,A:DDR:1,L:UNL:1,RDKit,28,6.592252999327533,6,5.371487456934066,NA,NA,3,2,hydrogen_bonds=3,hydrogen_bonds=2,0.6666666666666666,0.46153846153846156,0.5454545454545455,0.375,6,13,9,0.5,0.3333333333333333,0.4,0.25,1,3,2
2Z9Z,vina_pose,9,A:DDR:1,L:UNL:1,RDKit,28,8.02579358781957,6,8.301917599767739,NA,NA,3,3,hydrogen_bonds=3,hydrogen_bonds=3,0.3333333333333333,0.23076923076923078,0.27272727272727276,0.15789473684210525,3,13,9,0.0,0.0,0.0,0.0,0,3,3
2Z9Z,vina_pose,10,A:DDR:1,L:UNL:1,RDKit,28,4.2445425927216895,6,2.687131928283388,NA,NA,3,3,hydrogen_bonds=3,hydrogen_bonds=3,0.8888888888888888,0.6153846153846154,0.7272727272727274,0.5714285714285714,8,13,9,0.6666666666666666,0.6666666666666666,0.6666666666666666,0.5,2,3,3
2Z9Z,vina_pose,11,A:DDR:1,L:UNL:1,RDKit,28,8.122711798672025,6,7.714593789262874,NA,NA,3,2,hydrogen_bonds=3,hydrogen_bonds=2,0.25,0.15384615384615385,0.1904761904761905,0.10526315789473684,2,13,8,0.0,0.0,0.0,0.0,0,3,2
2Z9Z,vina_pose,12,A:DDR:1,L:UNL:1,RDKit,28,2.0715660052930276,6,1.6278185812102444,NA,NA,3,3,hydrogen_bonds=3,hydrogen_bonds=3,1.0,0.7692307692307693,0.8695652173913044,0.7692307692307693,10,13,10,0.6666666666666666,0.6666666666666666,0.6666666666666666,0.5,2,3,3
2Z9Z,vina_pose,13,A:DDR:1,L:UNL:1,RDKit,28,7.7200907354956465,6,6.065606633580299,NA,NA,3,2,hydrogen_bonds=3,hydrogen_bonds=2,0.5714285714285714,0.3076923076923077,0.4,0.25,4,13,7,0.5,0.3333333333333333,0.4,0.25,1,3,2
2Z9Z,vina_pose,14,A:DDR:1,L:UNL:1,RDKit,28,8.007686329842276,6,6.480235296653972,NA,NA,3,3,hydrogen_bonds=3,hydrogen_bonds=3,0.4,0.3076923076923077,0.34782608695652173,0.21052631578947367,4,13,10,0.3333333333333333,0.3333333333333333,0.3333333333333333,0.2,1,3,3
2Z9Z,vina_pose,15,A:DDR:1,L:UNL:1,RDKit,28,7.467090566995574,6,6.54204152641462,NA,NA,3,2,hydrogen_bonds=3,hydrogen_bonds=2,0.5,0.3076923076923077,0.380952380952381,0.23529411764705882,4,13,8,0.5,0.3333333333333333,0.4,0.25,1,3,2
2Z9Z,vina_pose,16,A:DDR:1,L:UNL:1,RDKit,28,2.603275670052197,6,2.2965954512422657,NA,NA,3,1,hydrogen_bonds=3,hydrogen_bonds=1,1.0,0.6153846153846154,0.761904761904762,0.6153846153846154,8,13,8,1.0,0.3333333333333333,0.5,0.3333333333333333,1,3,1
2Z9Z,vina_pose,17,A:DDR:1,L:UNL:1,RDKit,28,7.179213347276586,6,5.961828145236436,NA,NA,3,1,hydrogen_bonds=3,hydrogen_bonds=1,0.625,0.38461538461538464,0.4761904761904762,0.3125,5,13,8,1.0,0.3333333333333333,0.5,0.3333333333333333,1,3,1
2Z9Z,vina_pose,18,A:DDR:1,L:UNL:1,RDKit,28,7.085831169110851,6,6.479806259963847,NA,NA,3,3,hydrogen_bonds=3,hydrogen_bonds=3,0.6,0.46153846153846156,0.5217391304347826,0.35294117647058826,6,13,10,0.3333333333333333,0.3333333333333333,0.3333333333333333,0.2,1,3,3
2Z9Z,vina_pose,19,A:DDR:1,L:UNL:1,RDKit,28,7.517799701850459,6,6.689742446462345,NA,NA,3,2,hydrogen_bonds=3,hydrogen_bonds=2,0.5,0.3076923076923077,0.380952380952381,0.23529411764705882,4,13,8,0.0,0.0,0.0,0.0,0,3,2
2Z9Z,vina_pose,20,A:DDR:1,L:UNL:1,RDKit,28,7.472908952629205,6,7.7703733501035845,NA,NA,3,2,hydrogen_bonds=3,hydrogen_bonds=2,0.125,0.07692307692307693,0.09523809523809525,0.05,1,13,8,0.0,0.0,0.0,0.0,0,3,2
3AKN,boltz,1,A:11D:132,B:11D:1,RDKit,30,1.011380459792264,6,0.7597025048044393,130,0.27084609994916686,0,0,none=0,none=0,1.0,1.0,1.0,1.0,7,7,7,NA,NA,NA,NA,0,0,0
3AKN,vina_pose,1,A:11D:132,L:UNL:1,RDKit,30,1.2036937733493513,6,1.4622108261122948,NA,NA,0,0,none=0,none=0,1.0,1.0,1.0,1.0,7,7,7,NA,NA,NA,NA,0,0,0
3AKN,vina_pose,2,A:11D:132,L:UNL:1,RDKit,30,4.722304952739357,6,6.073682792726887,NA,NA,0,0,none=0,none=0,0.25,0.2857142857142857,0.26666666666666666,0.15384615384615385,2,7,8,NA,NA,NA,NA,0,0,0
3AKN,vina_pose,3,A:11D:132,L:UNL:1,RDKit,30,1.8283112335340137,6,1.087805819068826,NA,NA,0,0,none=0,none=0,1.0,0.8571428571428571,0.923076923076923,0.8571428571428571,6,7,6,NA,NA,NA,NA,0,0,0
3AKN,vina_pose,4,A:11D:132,L:UNL:1,RDKit,30,2.5787580150142047,6,2.1468513378123473,NA,NA,0,0,none=0,none=0,0.7142857142857143,0.7142857142857143,0.7142857142857143,0.5555555555555556,5,7,7,NA,NA,NA,NA,0,0,0
3AKN,vina_pose,5,A:11D:132,L:UNL:1,RDKit,30,4.623109548777748,6,5.390931845856212,NA,NA,0,0,none=0,none=0,0.42857142857142855,0.42857142857142855,0.42857142857142855,0.2727272727272727,3,7,7,NA,NA,NA,NA,0,0,0
3AKN,vina_pose,6,A:11D:132,L:UNL:1,RDKit,30,4.451700064769264,6,3.8259432170381196,NA,NA,0,0,none=0,none=0,0.7,1.0,0.8235294117647058,0.7,7,7,10,NA,NA,NA,NA,0,0,0
3AKN,vina_pose,7,A:11D:132,L:UNL:1,RDKit,30,5.410278748210053,6,3.918648321381579,NA,NA,0,0,none=0,none=0,0.6666666666666666,0.8571428571428571,0.75,0.6,6,7,9,NA,NA,NA,NA,0,0,0
3AKN,vina_pose,8,A:11D:132,L:UNL:1,RDKit,30,10.906447359245814,6,14.74896769833966,NA,NA,0,0,none=0,none=0,0.0,0.0,0.0,0.0,0,7,10,NA,NA,NA,NA,0,0,0
3AKN,vina_pose,9,A:11D:132,L:UNL:1,RDKit,30,2.9779283850802503,6,2.258460094843387,NA,NA,0,0,none=0,none=0,0.7142857142857143,0.7142857142857143,0.7142857142857143,0.5555555555555556,5,7,7,NA,NA,NA,NA,0,0,0
3AKN,vina_pose,10,A:11D:132,L:UNL:1,RDKit,30,2.906961403252544,6,0.455483442801895,NA,NA,0,0,none=0,none=0,1.0,1.0,1.0,1.0,7,7,7,NA,NA,NA,NA,0,0,0
3AKN,vina_pose,11,A:11D:132,L:UNL:1,RDKit,30,10.325868039378902,6,14.67602705662083,NA,NA,0,0,none=0,none=0,0.0,0.0,0.0,0.0,0,7,10,NA,NA,NA,NA,0,0,0
3AKN,vina_pose,12,A:11D:132,L:UNL:1,RDKit,30,1.663741616557892,6,0.7215915280360031,NA,NA,0,0,none=0,none=0,1.0,0.8571428571428571,0.923076923076923,0.8571428571428571,6,7,6,NA,NA,NA,NA,0,0,0
3AKN,vina_pose,13,A:11D:132,L:UNL:1,RDKit,30,1.5208489953531439,6,1.5084832890467603,NA,NA,0,0,none=0,none=0,1.0,1.0,1.0,1.0,7,7,7,NA,NA,NA,NA,0,0,0
3AKN,vina_pose,14,A:11D:132,L:UNL:1,RDKit,30,4.640796935872113,6,4.425229033620744,NA,NA,0,0,none=0,none=0,0.5714285714285714,0.5714285714285714,0.5714285714285714,0.4,4,7,7,NA,NA,NA,NA,0,0,0
3AKN,vina_pose,15,A:11D:132,L:UNL:1,RDKit,30,1.9110770523450904,6,1.6717410584975974,NA,NA,0,0,none=0,none=0,0.875,1.0,0.9333333333333333,0.875,7,7,8,NA,NA,NA,NA,0,0,0
3AKN,vina_pose,16,A:11D:132,L:UNL:1,RDKit,30,4.2442207372692895,6,3.5896235642938015,NA,NA,0,0,none=0,none=0,0.7777777777777778,1.0,0.8750000000000001,0.7777777777777778,7,7,9,NA,NA,NA,NA,0,0,0
3AKN,vina_pose,17,A:11D:132,L:UNL:1,RDKit,30,11.663168231659869,6,14.557233585632494,NA,NA,0,0,none=0,none=0,0.0,0.0,0.0,0.0,0,7,10,NA,NA,NA,NA,0,0,0
3AKN,vina_pose,18,A:11D:132,L:UNL:1,RDKit,30,4.393012561633152,6,4.1737974315963156,NA,NA,0,0,none=0,none=0,0.6,0.8571428571428571,0.7058823529411764,0.5454545454545454,6,7,10,NA,NA,NA,NA,0,0,0
3AKN,vina_pose,19,A:11D:132,L:UNL:1,RDKit,30,4.975475638904619,6,6.0648925931682145,NA,NA,0,0,none=0,none=0,0.2857142857142857,0.2857142857142857,0.2857142857142857,0.16666666666666666,2,7,7,NA,NA,NA,NA,0,0,0
3AKN,vina_pose,20,A:11D:132,L:UNL:1,RDKit,30,2.9878674167372288,6,1.5106038527688186,NA,NA,0,0,none=0,none=0,1.0,1.0,1.0,1.0,7,7,7,NA,NA,NA,NA,0,0,0
3BFH,boltz,1,A:PLM:121,B:PLM:1,RDKit,18,10.028873703754456,3,16.490010595857107,116,0.3729839099090399,0,0,none=0,none=0,0.0,0.0,0.0,0.0,0,4,7,NA,NA,NA,NA,0,0,0
3BFH,vina_pose,1,A:PLM:121,L:UNL:1,RDKit,18,2.5891957460012773,3,4.651340236963965,NA,NA,0,0,none=0,none=0,0.6666666666666666,0.5,0.5714285714285715,0.4,2,4,3,NA,NA,NA,NA,0,0,0
3BFH,vina_pose,2,A:PLM:121,L:UNL:1,RDKit,18,10.055545388269875,3,14.652820274609253,NA,NA,0,1,none=0,hydrogen_bonds=1,0.0,0.0,0.0,0.0,0,4,6,NA,NA,NA,NA,0,0,1
3BFH,vina_pose,3,A:PLM:121,L:UNL:1,RDKit,18,9.422059267131223,3,14.636022979848955,NA,NA,0,1,none=0,hydrogen_bonds=1,0.0,0.0,0.0,0.0,0,4,6,NA,NA,NA,NA,0,0,1
3BFH,vina_pose,4,A:PLM:121,L:UNL:1,RDKit,18,9.639047812010388,3,14.100725075919557,NA,NA,0,0,none=0,none=0,0.0,0.0,0.0,0.0,0,4,5,NA,NA,NA,NA,0,0,0
3BFH,vina_pose,5,A:PLM:121,L:UNL:1,RDKit,18,1.5526909437060121,3,2.0616858797272353,NA,NA,0,0,none=0,none=0,0.8,1.0,0.888888888888889,0.8,4,4,5,NA,NA,NA,NA,0,0,0
3BFH,vina_pose,6,A:PLM:121,L:UNL:1,RDKit,18,3.428057029864002,3,6.696175376038673,NA,NA,0,0,none=0,none=0,0.2,0.25,0.22222222222222224,0.125,1,4,5,NA,NA,NA,NA,0,0,0
3BFH,vina_pose,7,A:PLM:121,L:UNL:1,RDKit,18,2.1633202105405784,3,2.355864314146014,NA,NA,0,0,none=0,none=0,1.0,0.75,0.8571428571428571,0.75,3,4,3,NA,NA,NA,NA,0,0,0
3BFH,vina_pose,8,A:PLM:121,L:UNL:1,RDKit,18,9.406959542452244,3,13.713463408879125,NA,NA,0,0,none=0,none=0,0.0,0.0,0.0,0.0,0,4,6,NA,NA,NA,NA,0,0,0
3BFH,vina_pose,9,A:PLM:121,L:UNL:1,RDKit,18,9.799100735384968,3,13.739059283662764,NA,NA,0,0,none=0,none=0,0.0,0.0,0.0,0.0,0,4,6,NA,NA,NA,NA,0,0,0
3BFH,vina_pose,10,A:PLM:121,L:UNL:1,RDKit,18,9.239757936343473,3,15.486568836683395,NA,NA,0,2,none=0,hydrogen_bonds=2,0.0,0.0,0.0,0.0,0,4,6,NA,NA,NA,NA,0,0,2
3BFH,vina_pose,11,A:PLM:121,L:UNL:1,RDKit,18,8.86401455637092,3,12.992224200138583,NA,NA,0,1,none=0,hydrogen_bonds=1,0.0,0.0,0.0,0.0,0,4,4,NA,NA,NA,NA,0,0,1
3BFH,vina_pose,12,A:PLM:121,L:UNL:1,RDKit,18,3.8459295437586416,3,6.669598438686795,NA,NA,0,1,none=0,hydrogen_bonds=1,0.3333333333333333,0.5,0.4,0.25,2,4,6,NA,NA,NA,NA,0,0,1
3BFH,vina_pose,13,A:PLM:121,L:UNL:1,RDKit,18,3.2237364535926663,3,5.446668890248424,NA,NA,0,0,none=0,none=0,0.4,0.5,0.4444444444444445,0.2857142857142857,2,4,5,NA,NA,NA,NA,0,0,0
3BFH,vina_pose,14,A:PLM:121,L:UNL:1,RDKit,18,8.161288882414482,3,9.984665475951944,NA,NA,0,1,none=0,hydrogen_bonds=1,0.0,0.0,0.0,0.0,0,4,5,NA,NA,NA,NA,0,0,1
3BFH,vina_pose,15,A:PLM:121,L:UNL:1,RDKit,18,8.890300282392666,3,13.076525685364594,NA,NA,0,0,none=0,none=0,0.0,0.0,0.0,0.0,0,4,5,NA,NA,NA,NA,0,0,0
3BFH,vina_pose,16,A:PLM:121,L:UNL:1,RDKit,18,2.707857691566855,3,5.251100773488671,NA,NA,0,1,none=0,hydrogen_bonds=1,0.3333333333333333,0.5,0.4,0.25,2,4,6,NA,NA,NA,NA,0,0,1
3BFH,vina_pose,17,A:PLM:121,L:UNL:1,RDKit,18,8.680440513015455,3,12.556746327505916,NA,NA,0,0,none=0,none=0,0.0,0.0,0.0,0.0,0,4,5,NA,NA,NA,NA,0,0,0
3BFH,vina_pose,18,A:PLM:121,L:UNL:1,RDKit,18,9.48756205366912,3,15.681385876254687,NA,NA,0,2,none=0,hydrogen_bonds=2,0.0,0.0,0.0,0.0,0,4,6,NA,NA,NA,NA,0,0,2
3BFH,vina_pose,19,A:PLM:121,L:UNL:1,RDKit,18,8.847734396129013,3,9.78520459673685,NA,NA,0,2,none=0,hydrogen_bonds=2,0.0,0.0,0.0,0.0,0,4,3,NA,NA,NA,NA,0,0,2
3BFH,vina_pose,20,A:PLM:121,L:UNL:1,RDKit,18,8.983944586501707,3,11.409121482392935,NA,NA,0,1,none=0,hydrogen_bonds=1,0.0,0.0,0.0,0.0,0,4,5,NA,NA,NA,NA,0,0,1
3BKR,boltz,1,A:PLM:300,B:PLM:1,RDKit,18,2.5396914741491914,3,2.7839305347677916,119,1.0609347656118258,3,3,hydrogen_bonds=3,hydrogen_bonds=3,0.8333333333333334,0.8333333333333334,0.8333333333333334,0.7142857142857143,5,6,6,0.6666666666666666,0.6666666666666666,0.6666666666666666,0.5,2,3,3
3BKR,vina_pose,1,A:PLM:300,L:UNL:1,RDKit,18,2.434454022751075,3,3.4081172710652656,NA,NA,3,2,hydrogen_bonds=3,hydrogen_bonds=2,0.7142857142857143,0.8333333333333334,0.7692307692307692,0.625,5,6,7,1.0,0.6666666666666666,0.8,0.6666666666666666,2,3,2
3BKR,vina_pose,2,A:PLM:300,L:UNL:1,RDKit,18,2.0278893926663972,3,3.229738843931503,NA,NA,3,1,hydrogen_bonds=3,hydrogen_bonds=1,0.7142857142857143,0.8333333333333334,0.7692307692307692,0.625,5,6,7,1.0,0.3333333333333333,0.5,0.3333333333333333,1,3,1
3BKR,vina_pose,3,A:PLM:300,L:UNL:1,RDKit,18,4.0901154153778005,3,5.456837270800734,NA,NA,3,0,hydrogen_bonds=3,none=0,0.6,0.5,0.5454545454545454,0.375,3,6,5,0.0,0.0,0.0,0.0,0,3,0
3BKR,vina_pose,4,A:PLM:300,L:UNL:1,RDKit,18,1.99938170998492,3,2.913257626781401,NA,NA,3,1,hydrogen_bonds=3,hydrogen_bonds=1,0.8333333333333334,0.8333333333333334,0.8333333333333334,0.7142857142857143,5,6,6,1.0,0.3333333333333333,0.5,0.3333333333333333,1,3,1
3BKR,vina_pose,5,A:PLM:300,L:UNL:1,RDKit,18,8.86902954104901,3,14.911207652858527,NA,NA,3,0,hydrogen_bonds=3,none=0,0.0,0.0,0.0,0.0,0,6,6,0.0,0.0,0.0,0.0,0,3,0
3BKR,vina_pose,6,A:PLM:300,L:UNL:1,RDKit,18,1.2807529903233574,3,1.7166771197092754,NA,NA,3,4,hydrogen_bonds=3,hydrogen_bonds=4,1.0,0.8333333333333334,0.9090909090909091,0.8333333333333334,5,6,5,0.75,1.0,0.8571428571428571,0.75,3,3,4
3BKR,vina_pose,7,A:PLM:300,L:UNL:1,RDKit,18,9.269334319260594,3,15.115638689780859,NA,NA,3,1,hydrogen_bonds=3,hydrogen_bonds=1,0.0,0.0,0.0,0.0,0,6,6,0.0,0.0,0.0,0.0,0,3,1
3BKR,vina_pose,8,A:PLM:300,L:UNL:1,RDKit,18,2.890675516975996,3,0.42457743698882494,NA,NA,3,3,hydrogen_bonds=3,hydrogen_bonds=3,1.0,0.8333333333333334,0.9090909090909091,0.8333333333333334,5,6,5,1.0,1.0,1.0,1.0,3,3,3
3BKR,vina_pose,9,A:PLM:300,L:UNL:1,RDKit,18,8.793451774537182,3,13.995263139124372,NA,NA,3,0,hydrogen_bonds=3,none=0,0.0,0.0,0.0,0.0,0,6,7,0.0,0.0,0.0,0.0,0,3,0
3BKR,vina_pose,10,A:PLM:300,L:UNL:1,RDKit,18,1.9156937095707363,3,1.6995438603735213,NA,NA,3,4,hydrogen_bonds=3,hydrogen_bonds=4,1.0,0.6666666666666666,0.8,0.6666666666666666,4,6,4,0.75,1.0,0.8571428571428571,0.75,3,3,4
3BKR,vina_pose,11,A:PLM:300,L:UNL:1,RDKit,18,8.386739311423588,3,13.752924488995061,NA,NA,3,0,hydrogen_bonds=3,none=0,0.0,0.0,0.0,0.0,0,6,6,0.0,0.0,0.0,0.0,0,3,0
3BKR,vina_pose,12,A:PLM:300,L:UNL:1,RDKit,18,2.5271166485850145,3,0.9766544936670285,NA,NA,3,4,hydrogen_bonds=3,hydrogen_bonds=4,0.8333333333333334,0.8333333333333334,0.8333333333333334,0.7142857142857143,5,6,6,0.75,1.0,0.8571428571428571,0.75,3,3,4
3BKR,vina_pose,13,A:PLM:300,L:UNL:1,RDKit,18,2.05569805662213,3,3.4957439837608253,NA,NA,3,0,hydrogen_bonds=3,none=0,0.5,0.3333333333333333,0.4,0.25,2,6,4,0.0,0.0,0.0,0.0,0,3,0
3BKR,vina_pose,14,A:PLM:300,L:UNL:1,RDKit,18,2.947015684458507,3,2.755012159682784,NA,NA,3,2,hydrogen_bonds=3,hydrogen_bonds=2,0.625,0.8333333333333334,0.7142857142857143,0.5555555555555556,5,6,8,1.0,0.6666666666666666,0.8,0.6666666666666666,2,3,2
3BKR,vina_pose,15,A:PLM:300,L:UNL:1,RDKit,18,2.0953086487038926,3,2.127431550015183,NA,NA,3,1,hydrogen_bonds=3,hydrogen_bonds=1,1.0,0.8333333333333334,0.9090909090909091,0.8333333333333334,5,6,5,1.0,0.3333333333333333,0.5,0.3333333333333333,1,3,1
3BKR,vina_pose,16,A:PLM:300,L:UNL:1,RDKit,18,9.632552295327663,3,13.198231636599402,NA,NA,3,0,hydrogen_bonds=3,none=0,0.0,0.0,0.0,0.0,0,6,6,0.0,0.0,0.0,0.0,0,3,0
3BKR,vina_pose,17,A:PLM:300,L:UNL:1,RDKit,18,3.925463773025212,3,1.5890328295328986,NA,NA,3,4,hydrogen_bonds=3,hydrogen_bonds=4,0.8333333333333334,0.8333333333333334,0.8333333333333334,0.7142857142857143,5,6,6,0.75,1.0,0.8571428571428571,0.75,3,3,4
3BKR,vina_pose,18,A:PLM:300,L:UNL:1,RDKit,18,2.6488665605416135,3,2.6153982488332437,NA,NA,3,1,hydrogen_bonds=3,hydrogen_bonds=1,1.0,0.6666666666666666,0.8,0.6666666666666666,4,6,4,0.0,0.0,0.0,0.0,0,3,1
3BKR,vina_pose,19,A:PLM:300,L:UNL:1,RDKit,18,3.183296675181599,3,3.794403378661788,NA,NA,3,2,hydrogen_bonds=3,hydrogen_bonds=2,0.75,0.5,0.6,0.42857142857142855,3,6,4,0.5,0.3333333333333333,0.4,0.25,1,3,2
3BKR,vina_pose,20,A:PLM:300,L:UNL:1,RDKit,18,9.866873181960376,3,14.508458785595849,NA,NA,3,0,hydrogen_bonds=3,none=0,0.0,0.0,0.0,0.0,0,6,8,0.0,0.0,0.0,0.0,0,3,0
3BKS,boltz,1,A:PLM:400,B:PLM:1,RDKit,18,2.1987312001741066,3,2.5746638341653205,119,1.057591151692569,3,2,hydrogen_bonds=3,hydrogen_bonds=2,0.8,0.8,0.8000000000000002,0.6666666666666666,4,5,5,1.0,0.6666666666666666,0.8,0.6666666666666666,2,3,2
3BKS,vina_pose,1,A:PLM:400,L:UNL:1,RDKit,18,4.334055273195198,3,6.058150487841427,NA,NA,3,0,hydrogen_bonds=3,none=0,0.2857142857142857,0.4,0.3333333333333333,0.2,2,5,7,0.0,0.0,0.0,0.0,0,3,0
3BKS,vina_pose,2,A:PLM:400,L:UNL:1,RDKit,18,3.269840898270129,3,5.488792824170599,NA,NA,3,0,hydrogen_bonds=3,none=0,0.42857142857142855,0.6,0.5,0.3333333333333333,3,5,7,0.0,0.0,0.0,0.0,0,3,0
3BKS,vina_pose,3,A:PLM:400,L:UNL:1,RDKit,18,2.8819352197978194,3,3.8052892137129337,NA,NA,3,2,hydrogen_bonds=3,hydrogen_bonds=2,0.5,0.6,0.5454545454545454,0.375,3,5,6,1.0,0.6666666666666666,0.8,0.6666666666666666,2,3,2
3BKS,vina_pose,4,A:PLM:400,L:UNL:1,RDKit,18,2.7140032035517,3,4.044881415649495,NA,NA,3,2,hydrogen_bonds=3,hydrogen_bonds=2,0.5,0.6,0.5454545454545454,0.375,3,5,6,1.0,0.6666666666666666,0.8,0.6666666666666666,2,3,2
3BKS,vina_pose,5,A:PLM:400,L:UNL:1,RDKit,18,2.4864009576538986,3,1.7317765444768,NA,NA,3,3,hydrogen_bonds=3,hydrogen_bonds=3,0.8333333333333334,1.0,0.9090909090909091,0.8333333333333334,5,5,6,1.0,1.0,1.0,1.0,3,3,3
3BKS,vina_pose,6,A:PLM:400,L:UNL:1,RDKit,18,8.490655981724853,3,13.884009063187285,NA,NA,3,0,hydrogen_bonds=3,none=0,0.0,0.0,0.0,0.0,0,5,6,0.0,0.0,0.0,0.0,0,3,0
3BKS,vina_pose,7,A:PLM:400,L:UNL:1,RDKit,18,3.4982998410338952,3,4.868635332410921,NA,NA,3,0,hydrogen_bonds=3,none=0,0.5,0.4,0.4444444444444445,0.2857142857142857,2,5,4,0.0,0.0,0.0,0.0,0,3,0
3BKS,vina_pose,8,A:PLM:400,L:UNL:1,RDKit,18,1.4094389939893741,3,0.6220943122496263,NA,NA,3,3,hydrogen_bonds=3,hydrogen_bonds=3,0.8,0.8,0.8000000000000002,0.6666666666666666,4,5,5,1.0,1.0,1.0,1.0,3,3,3
3BKS,vina_pose,9,A:PLM:400,L:UNL:1,RDKit,18,3.71351722315471,3,3.576005173374333,NA,NA,3,1,hydrogen_bonds=3,hydrogen_bonds=1,0.5,0.6,0.5454545454545454,0.375,3,5,6,1.0,0.3333333333333333,0.5,0.3333333333333333,1,3,1
3BKS,vina_pose,10,A:PLM:400,L:UNL:1,RDKit,18,1.2579958046211626,3,1.6934840812163963,NA,NA,3,3,hydrogen_bonds=3,hydrogen_bonds=3,1.0,0.8,0.888888888888889,0.8,4,5,4,1.0,1.0,1.0,1.0,3,3,3
3BKS,vina_pose,11,A:PLM:400,L:UNL:1,RDKit,18,4.717932780595992,3,8.934356813261191,NA,NA,3,2,hydrogen_bonds=3,hydrogen_bonds=2,0.2,0.2,0.20000000000000004,0.1111111111111111,1,5,5,0.0,0.0,0.0,0.0,0,3,2
3BKS,vina_pose,12,A:PLM:400,L:UNL:1,RDKit,18,1.9417313866180819,3,2.540216854260019,NA,NA,3,0,hydrogen_bonds=3,none=0,0.6666666666666666,0.8,0.7272727272727272,0.5714285714285714,4,5,6,0.0,0.0,0.0,0.0,0,3,0
3BKS,vina_pose,13,A:PLM:400,L:UNL:1,RDKit,18,3.1501158179766446,3,1.4822449190332867,NA,NA,3,3,hydrogen_bonds=3,hydrogen_bonds=3,1.0,0.8,0.888888888888889,0.8,4,5,4,0.6666666666666666,0.6666666666666666,0.6666666666666666,0.5,2,3,3
3BKS,vina_pose,14,A:PLM:400,L:UNL:1,RDKit,18,2.5615523722062674,3,3.5510416312212767,NA,NA,3,2,hydrogen_bonds=3,hydrogen_bonds=2,0.5,0.4,0.4444444444444445,0.2857142857142857,2,5,4,0.5,0.3333333333333333,0.4,0.25,1,3,2
3BKS,vina_pose,15,A:PLM:400,L:UNL:1,RDKit,18,3.4811515814933047,3,4.533866635297809,NA,NA,3,1,hydrogen_bonds=3,hydrogen_bonds=1,0.3333333333333333,0.2,0.25,0.14285714285714285,1,5,3,0.0,0.0,0.0,0.0,0,3,1
3BKS,vina_pose,16,A:PLM:400,L:UNL:1,RDKit,18,2.9061964833782317,3,3.003321217141672,NA,NA,3,0,hydrogen_bonds=3,none=0,0.6666666666666666,0.8,0.7272727272727272,0.5714285714285714,4,5,6,0.0,0.0,0.0,0.0,0,3,0
3BKS,vina_pose,17,A:PLM:400,L:UNL:1,RDKit,18,9.477246945535747,3,14.883186150821334,NA,NA,3,0,hydrogen_bonds=3,none=0,0.0,0.0,0.0,0.0,0,5,8,0.0,0.0,0.0,0.0,0,3,0
3BKS,vina_pose,18,A:PLM:400,L:UNL:1,RDKit,18,4.220322789129339,3,4.619599188962899,NA,NA,3,1,hydrogen_bonds=3,hydrogen_bonds=1,0.3333333333333333,0.2,0.25,0.14285714285714285,1,5,3,0.0,0.0,0.0,0.0,0,3,1
3BKS,vina_pose,19,A:PLM:400,L:UNL:1,RDKit,18,2.3240660728798375,3,4.209367133746672,NA,NA,3,1,hydrogen_bonds=3,hydrogen_bonds=1,0.5,0.4,0.4444444444444445,0.2857142857142857,2,5,4,0.0,0.0,0.0,0.0,0,3,1
3BKS,vina_pose,20,A:PLM:400,L:UNL:1,RDKit,18,3.981028573120269,3,5.095567322029349,NA,NA,3,2,hydrogen_bonds=3,hydrogen_bonds=2,0.0,0.0,0.0,0.0,0,5,2,0.0,0.0,0.0,0.0,0,3,2
3FYS,boltz,1,A:PLM:501,B:PLM:1,RDKit,18,0.9988029552610376,3,1.8069106236144425,282,1.882019193389685,2,3,hydrogen_bonds=2,hydrogen_bonds=3,0.9090909090909091,1.0,0.9523809523809523,0.9090909090909091,10,10,11,0.6666666666666666,1.0,0.8,0.6666666666666666,2,2,3
3FYS,vina_pose,1,A:PLM:501,L:UNL:1,RDKit,18,1.0784490664323878,3,1.7485685574206125,NA,NA,2,4,hydrogen_bonds=2,hydrogen_bonds=4,1.0,1.0,1.0,1.0,10,10,10,0.5,1.0,0.6666666666666666,0.5,2,2,4
3FYS,vina_pose,2,A:PLM:501,L:UNL:1,RDKit,18,11.82445443420823,3,17.980281838725443,NA,NA,2,3,hydrogen_bonds=2,hydrogen_bonds=3,0.0,0.0,0.0,0.0,0,10,9,0.0,0.0,0.0,0.0,0,2,3
3FYS,vina_pose,3,A:PLM:501,L:UNL:1,RDKit,18,11.556654028451893,3,18.074320789451537,NA,NA,2,3,hydrogen_bonds=2,hydrogen_bonds=3,0.0,0.0,0.0,0.0,0,10,8,0.0,0.0,0.0,0.0,0,2,3
3FYS,vina_pose,4,A:PLM:501,L:UNL:1,RDKit,18,1.210969767491236,3,1.7949987000923804,NA,NA,2,4,hydrogen_bonds=2,hydrogen_bonds=4,0.9,0.9,0.9,0.8181818181818182,9,10,10,0.5,1.0,0.6666666666666666,0.5,2,2,4
3FYS,vina_pose,5,A:PLM:501,L:UNL:1,RDKit,18,11.170450592722052,3,14.084519243954809,NA,NA,2,1,hydrogen_bonds=2,hydrogen_bonds=1,0.0,0.0,0.0,0.0,0,10,7,0.0,0.0,0.0,0.0,0,2,1
3FYS,vina_pose,6,A:PLM:501,L:UNL:1,RDKit,18,11.557476308048878,3,14.802270951895636,NA,NA,2,0,hydrogen_bonds=2,none=0,0.0,0.0,0.0,0.0,0,10,9,0.0,0.0,0.0,0.0,0,2,0
3FYS,vina_pose,7,A:PLM:501,L:UNL:1,RDKit,18,2.0288528504770595,3,2.180845401826243,NA,NA,2,3,hydrogen_bonds=2,hydrogen_bonds=3,1.0,0.7,0.8235294117647058,0.7,7,10,7,0.3333333333333333,0.5,0.4,0.25,1,2,3
3FYS,vina_pose,8,A:PLM:501,L:UNL:1,RDKit,18,4.030828547306096,3,3.599589282126504,NA,NA,2,2,hydrogen_bonds=2,hydrogen_bonds=2,1.0,0.7,0.8235294117647058,0.7,7,10,7,0.5,0.5,0.5,0.3333333333333333,1,2,2
3FYS,vina_pose,9,A:PLM:501,L:UNL:1,RDKit,18,6.367952810754804,3,5.336315020686091,NA,NA,2,0,hydrogen_bonds=2,none=0,1.0,0.3,0.4615384615384615,0.3,3,10,3,0.0,0.0,0.0,0.0,0,2,0
3FYS,vina_pose,10,A:PLM:501,L:UNL:1,RDKit,18,1.893382247020747,3,2.0820576360898375,NA,NA,2,3,hydrogen_bonds=2,hydrogen_bonds=3,0.8181818181818182,0.9,0.8571428571428572,0.75,9,10,11,0.3333333333333333,0.5,0.4,0.25,1,2,3
3FYS,vina_pose,11,A:PLM:501,L:UNL:1,RDKit,18,7.488064258093231,3,7.831323451371421,NA,NA,2,0,hydrogen_bonds=2,none=0,0.5,0.3,0.37499999999999994,0.23076923076923078,3,10,6,0.0,0.0,0.0,0.0,0,2,0
3FYS,vina_pose,12,A:PLM:501,L:UNL:1,RDKit,18,12.645957667702882,3,5.665201585115925,NA,NA,2,1,hydrogen_bonds=2,hydrogen_bonds=1,0.5,0.3,0.37499999999999994,0.23076923076923078,3,10,6,0.0,0.0,0.0,0.0,0,2,1
3FYS,vina_pose,13,A:PLM:501,L:UNL:1,RDKit,18,9.326645151273729,3,15.198404357036958,NA,NA,2,1,hydrogen_bonds=2,hydrogen_bonds=1,0.0,0.0,0.0,0.0,0,10,10,0.0,0.0,0.0,0.0,0,2,1
3FYS,vina_pose,14,A:PLM:501,L:UNL:1,RDKit,18,13.00682437970331,3,4.817287756957574,NA,NA,2,2,hydrogen_bonds=2,hydrogen_bonds=2,1.0,0.3,0.4615384615384615,0.3,3,10,3,0.0,0.0,0.0,0.0,0,2,2
3FYS,vina_pose,15,A:PLM:501,L:UNL:1,RDKit,18,12.645818399771523,3,4.61425826469795,NA,NA,2,3,hydrogen_bonds=2,hydrogen_bonds=3,0.625,0.5,0.5555555555555556,0.38461538461538464,5,10,8,0.0,0.0,0.0,0.0,0,2,3
3FYS,vina_pose,16,A:PLM:501,L:UNL:1,RDKit,18,4.9683533377658335,3,1.6983618577912072,NA,NA,2,3,hydrogen_bonds=2,hydrogen_bonds=3,0.9,0.9,0.9,0.8181818181818182,9,10,10,0.6666666666666666,1.0,0.8,0.6666666666666666,2,2,3
3FYS,vina_pose,17,A:PLM:501,L:UNL:1,RDKit,18,12.225423023810304,3,2.193107232520411,NA,NA,2,4,hydrogen_bonds=2,hydrogen_bonds=4,1.0,0.5,0.6666666666666666,0.5,5,10,5,0.25,0.5,0.3333333333333333,0.2,1,2,4
3FYS,vina_pose,18,A:PLM:501,L:UNL:1,RDKit,18,5.597256704057007,3,0.5788845595914038,NA,NA,2,4,hydrogen_bonds=2,hydrogen_bonds=4,1.0,1.0,1.0,1.0,10,10,10,0.5,1.0,0.6666666666666666,0.5,2,2,4
3FYS,vina_pose,19,A:PLM:501,L:UNL:1,RDKit,18,11.836044222346134,3,3.7810192629325052,NA,NA,2,2,hydrogen_bonds=2,hydrogen_bonds=2,1.0,0.4,0.5714285714285715,0.4,4,10,4,0.5,0.5,0.5,0.3333333333333333,1,2,2
3FYS,vina_pose,20,A:PLM:501,L:UNL:1,RDKit,18,6.965410468881213,3,8.238963041548372,NA,NA,2,0,hydrogen_bonds=2,none=0,0.42857142857142855,0.3,0.3529411764705882,0.21428571428571427,3,10,7,0.0,0.0,0.0,0.0,0,2,0
3GPE,boltz,1,A:PT5:600,B:PT5:1,RDKit_partial_pred,24,5.678491019308711,18,5.990538508416193,137,0.39001141558495145,14,16,attractive_charge=3;hydrogen_bonds=5;ionic=3;salt_bridge=3,attractive_charge=3;hydrogen_bonds=7;ionic=3;salt_bridge=3,0.5833333333333334,0.875,0.7000000000000001,0.5384615384615384,7,8,12,0.8125,0.9285714285714286,0.8666666666666666,0.7647058823529411,13,14,16
3GPE,vina_pose,1,A:PT5:600,L:UNL:1,RDKit,24,5.834756925099795,18,6.47004151197399,NA,NA,14,10,attractive_charge=3;hydrogen_bonds=5;ionic=3;salt_bridge=3,attractive_charge=2;hydrogen_bonds=4;ionic=2;salt_bridge=2,0.75,0.75,0.75,0.6,6,8,8,0.9,0.6428571428571429,0.75,0.6,9,14,10
3GPE,vina_pose,2,A:PT5:600,L:UNL:1,RDKit,24,4.679237237520662,18,5.236116712051233,NA,NA,14,13,attractive_charge=3;hydrogen_bonds=5;ionic=3;salt_bridge=3,attractive_charge=3;hydrogen_bonds=4;ionic=3;salt_bridge=3,0.8888888888888888,1.0,0.9411764705882353,0.8888888888888888,8,8,9,0.9230769230769231,0.8571428571428571,0.888888888888889,0.8,12,14,13
3GPE,vina_pose,3,A:PT5:600,L:UNL:1,RDKit,24,4.775449459649496,18,4.717960070011427,NA,NA,14,5,attractive_charge=3;hydrogen_bonds=5;ionic=3;salt_bridge=3,attractive_charge=1;hydrogen_bonds=2;ionic=1;salt_bridge=1,0.8571428571428571,0.75,0.7999999999999999,0.6666666666666666,6,8,7,1.0,0.35714285714285715,0.5263157894736842,0.35714285714285715,5,14,5
3GPE,vina_pose,4,A:PT5:600,L:UNL:1,RDKit,24,2.228496531670325,18,2.3549385224341726,NA,NA,14,12,attractive_charge=3;hydrogen_bonds=5;ionic=3;salt_bridge=3,attractive_charge=3;hydrogen_bonds=3;ionic=3;salt_bridge=3,0.8,1.0,0.888888888888889,0.8,8,8,10,0.9166666666666666,0.7857142857142857,0.8461538461538461,0.7333333333333333,11,14,12
3GPE,vina_pose,5,A:PT5:600,L:UNL:1,RDKit,24,5.116642123991085,18,5.747604882808916,NA,NA,14,12,attractive_charge=3;hydrogen_bonds=5;ionic=3;salt_bridge=3,attractive_charge=3;hydrogen_bonds=3;ionic=3;salt_bridge=3,0.8888888888888888,1.0,0.9411764705882353,0.8888888888888888,8,8,9,0.9166666666666666,0.7857142857142857,0.8461538461538461,0.7333333333333333,11,14,12
3GPE,vina_pose,6,A:PT5:600,L:UNL:1,RDKit,24,4.367263593105718,18,4.848894135092386,NA,NA,14,13,attractive_charge=3;hydrogen_bonds=5;ionic=3;salt_bridge=3,attractive_charge=3;hydrogen_bonds=4;ionic=3;salt_bridge=3,0.875,0.875,0.875,0.7777777777777778,7,8,8,0.9230769230769231,0.8571428571428571,0.888888888888889,0.8,12,14,13
3GPE,vina_pose,7,A:PT5:600,L:UNL:1,RDKit,24,4.040968396725385,18,4.524480283229592,NA,NA,14,9,attractive_charge=3;hydrogen_bonds=5;ionic=3;salt_bridge=3,attractive_charge=2;hydrogen_bonds=3;ionic=2;salt_bridge=2,0.8571428571428571,0.75,0.7999999999999999,0.6666666666666666,6,8,7,1.0,0.6428571428571429,0.782608695652174,0.6428571428571429,9,14,9
3GPE,vina_pose,8,A:PT5:600,L:UNL:1,RDKit,24,5.592444270322831,18,6.264574322685018,NA,NA,14,10,attractive_charge=3;hydrogen_bonds=5;ionic=3;salt_bridge=3,attractive_charge=2;hydrogen_bonds=4;ionic=2;salt_bridge=2,0.75,0.75,0.75,0.6,6,8,8,1.0,0.7142857142857143,0.8333333333333333,0.7142857142857143,10,14,10
3GPE,vina_pose,9,A:PT5:600,L:UNL:1,RDKit,24,5.518138726056097,18,5.8459954812389885,NA,NA,14,12,attractive_charge=3;hydrogen_bonds=5;ionic=3;salt_bridge=3,attractive_charge=3;hydrogen_bonds=3;ionic=3;salt_bridge=3,0.875,0.875,0.875,0.7777777777777778,7,8,8,0.9166666666666666,0.7857142857142857,0.8461538461538461,0.7333333333333333,11,14,12
3GPE,vina_pose,10,A:PT5:600,L:UNL:1,RDKit,24,4.004518812125455,18,4.425813214665879,NA,NA,14,9,attractive_charge=3;hydrogen_bonds=5;ionic=3;salt_bridge=3,attractive_charge=2;hydrogen_bonds=3;ionic=2;salt_bridge=2,0.6666666666666666,0.75,0.7058823529411765,0.5454545454545454,6,8,9,1.0,0.6428571428571429,0.782608695652174,0.6428571428571429,9,14,9
3GPE,vina_pose,11,A:PT5:600,L:UNL:1,RDKit,24,2.747498566878607,18,3.025721484208353,NA,NA,14,9,attractive_charge=3;hydrogen_bonds=5;ionic=3;salt_bridge=3,attractive_charge=2;hydrogen_bonds=3;ionic=2;salt_bridge=2,0.8571428571428571,0.75,0.7999999999999999,0.6666666666666666,6,8,7,1.0,0.6428571428571429,0.782608695652174,0.6428571428571429,9,14,9
3GPE,vina_pose,12,A:PT5:600,L:UNL:1,RDKit,24,4.643262071719263,18,4.892358111267908,NA,NA,14,9,attractive_charge=3;hydrogen_bonds=5;ionic=3;salt_bridge=3,attractive_charge=2;hydrogen_bonds=3;ionic=2;salt_bridge=2,0.7777777777777778,0.875,0.823529411764706,0.7,7,8,9,0.8888888888888888,0.5714285714285714,0.6956521739130435,0.5333333333333333,8,14,9
3GPE,vina_pose,13,A:PT5:600,L:UNL:1,RDKit,24,4.633319436429999,18,5.2007549078101265,NA,NA,14,9,attractive_charge=3;hydrogen_bonds=5;ionic=3;salt_bridge=3,attractive_charge=2;hydrogen_bonds=3;ionic=2;salt_bridge=2,0.6666666666666666,0.75,0.7058823529411765,0.5454545454545454,6,8,9,1.0,0.6428571428571429,0.782608695652174,0.6428571428571429,9,14,9
3GPE,vina_pose,14,A:PT5:600,L:UNL:1,RDKit,24,4.410322654485345,18,4.940351162732372,NA,NA,14,5,attractive_charge=3;hydrogen_bonds=5;ionic=3;salt_bridge=3,attractive_charge=1;hydrogen_bonds=2;ionic=1;salt_bridge=1,0.6666666666666666,0.75,0.7058823529411765,0.5454545454545454,6,8,9,0.8,0.2857142857142857,0.4210526315789473,0.26666666666666666,4,14,5
3GPE,vina_pose,15,A:PT5:600,L:UNL:1,RDKit,24,5.129065537860348,18,5.168223867485274,NA,NA,14,7,attractive_charge=3;hydrogen_bonds=5;ionic=3;salt_bridge=3,attractive_charge=2;hydrogen_bonds=1;ionic=2;salt_bridge=2,0.8571428571428571,0.75,0.7999999999999999,0.6666666666666666,6,8,7,1.0,0.5,0.6666666666666666,0.5,7,14,7
3GPE,vina_pose,16,A:PT5:600,L:UNL:1,RDKit,24,5.856269265354296,18,6.487256388061478,NA,NA,14,10,attractive_charge=3;hydrogen_bonds=5;ionic=3;salt_bridge=3,attractive_charge=2;hydrogen_bonds=4;ionic=2;salt_bridge=2,0.8571428571428571,0.75,0.7999999999999999,0.6666666666666666,6,8,7,0.9,0.6428571428571429,0.75,0.6,9,14,10
3GPE,vina_pose,17,A:PT5:600,L:UNL:1,RDKit,24,5.061687918405612,18,5.370173926419889,NA,NA,14,13,attractive_charge=3;hydrogen_bonds=5;ionic=3;salt_bridge=3,attractive_charge=3;hydrogen_bonds=4;ionic=3;salt_bridge=3,0.7,0.875,0.7777777777777777,0.6363636363636364,7,8,10,0.9230769230769231,0.8571428571428571,0.888888888888889,0.8,12,14,13
3GPE,vina_pose,18,A:PT5:600,L:UNL:1,RDKit,24,5.023572720186302,18,5.294877860305708,NA,NA,14,6,attractive_charge=3;hydrogen_bonds=5;ionic=3;salt_bridge=3,attractive_charge=1;hydrogen_bonds=3;ionic=1;salt_bridge=1,0.625,0.625,0.625,0.45454545454545453,5,8,8,1.0,0.42857142857142855,0.6,0.42857142857142855,6,14,6
3GPE,vina_pose,19,A:PT5:600,L:UNL:1,RDKit,24,4.271075547603124,18,4.149080708087301,NA,NA,14,10,attractive_charge=3;hydrogen_bonds=5;ionic=3;salt_bridge=3,attractive_charge=2;hydrogen_bonds=4;ionic=2;salt_bridge=2,0.875,0.875,0.875,0.7777777777777778,7,8,8,0.9,0.6428571428571429,0.75,0.6,9,14,10
3GPE,vina_pose,20,A:PT5:600,L:UNL:1,RDKit,24,3.298409212534632,18,3.713111663042498,NA,NA,14,10,attractive_charge=3;hydrogen_bonds=5;ionic=3;salt_bridge=3,attractive_charge=2;hydrogen_bonds=4;ionic=2;salt_bridge=2,0.8571428571428571,0.75,0.7999999999999999,0.6666666666666666,6,8,7,1.0,0.7142857142857143,0.8333333333333333,0.7142857142857143,10,14,10
3KYQ,boltz,1,A:DPV:201,B:DPV:1,RDKit,23,0.9181819810385164,7,0.9866223717732249,193,0.45526754384678836,1,1,hydrogen_bonds=1,hydrogen_bonds=1,1.0,1.0,1.0,1.0,4,4,4,1.0,1.0,1.0,1.0,1,1,1
3KYQ,vina_pose,1,A:DPV:201,L:UNL:1,RDKit,23,9.814124754436953,7,11.159437889069503,NA,NA,1,1,hydrogen_bonds=1,hydrogen_bonds=1,0.125,0.25,0.16666666666666666,0.09090909090909091,1,4,8,0.0,0.0,0.0,0.0,0,1,1
3KYQ,vina_pose,2,A:DPV:201,L:UNL:1,RDKit,23,9.664600994935299,7,10.605049727101033,NA,NA,1,1,hydrogen_bonds=1,hydrogen_bonds=1,0.125,0.25,0.16666666666666666,0.09090909090909091,1,4,8,0.0,0.0,0.0,0.0,0,1,1
3KYQ,vina_pose,3,A:DPV:201,L:UNL:1,RDKit,23,9.149432085012757,7,10.898883343850283,NA,NA,1,1,hydrogen_bonds=1,hydrogen_bonds=1,0.1111111111111111,0.25,0.15384615384615383,0.08333333333333333,1,4,9,0.0,0.0,0.0,0.0,0,1,1
3KYQ,vina_pose,4,A:DPV:201,L:UNL:1,RDKit,23,8.117543845705825,7,9.206643556227675,NA,NA,1,2,hydrogen_bonds=1,hydrogen_bonds=2,0.0,0.0,0.0,0.0,0,4,7,0.0,0.0,0.0,0.0,0,1,2
3KYQ,vina_pose,5,A:DPV:201,L:UNL:1,RDKit,23,7.282584192560985,7,9.18670872977446,NA,NA,1,2,hydrogen_bonds=1,hydrogen_bonds=2,0.0,0.0,0.0,0.0,0,4,7,0.0,0.0,0.0,0.0,0,1,2
3KYQ,vina_pose,6,A:DPV:201,L:UNL:1,RDKit,23,7.9765449995869,7,6.8713821026049775,NA,NA,1,1,hydrogen_bonds=1,hydrogen_bonds=1,0.3333333333333333,0.5,0.4,0.25,2,4,6,1.0,1.0,1.0,1.0,1,1,1
3KYQ,vina_pose,7,A:DPV:201,L:UNL:1,RDKit,23,8.880550181252236,7,10.56306234006029,NA,NA,1,1,hydrogen_bonds=1,hydrogen_bonds=1,0.1111111111111111,0.25,0.15384615384615383,0.08333333333333333,1,4,9,0.0,0.0,0.0,0.0,0,1,1
3KYQ,vina_pose,8,A:DPV:201,L:UNL:1,RDKit,23,7.709094239922093,7,8.395458006735376,NA,NA,1,0,hydrogen_bonds=1,none=0,0.16666666666666666,0.25,0.2,0.1111111111111111,1,4,6,0.0,0.0,0.0,0.0,0,1,0
3KYQ,vina_pose,9,A:DPV:201,L:UNL:1,RDKit,23,9.293727838194682,7,9.92512675701712,NA,NA,1,1,hydrogen_bonds=1,hydrogen_bonds=1,0.2,0.5,0.28571428571428575,0.16666666666666666,2,4,10,0.0,0.0,0.0,0.0,0,1,1
3KYQ,vina_pose,10,A:DPV:201,L:UNL:1,RDKit,23,7.209870082650287,7,5.7057792506495435,NA,NA,1,1,hydrogen_bonds=1,hydrogen_bonds=1,0.5,0.75,0.6,0.42857142857142855,3,4,6,0.0,0.0,0.0,0.0,0,1,1
3KYQ,vina_pose,11,A:DPV:201,L:UNL:1,RDKit,23,8.51419704912356,7,7.303686916306625,NA,NA,1,1,hydrogen_bonds=1,hydrogen_bonds=1,0.4,0.5,0.4444444444444445,0.2857142857142857,2,4,5,1.0,1.0,1.0,1.0,1,1,1
3KYQ,vina_pose,12,A:DPV:201,L:UNL:1,RDKit,23,7.68277226628853,7,9.49409024453784,NA,NA,1,2,hydrogen_bonds=1,hydrogen_bonds=2,0.0,0.0,0.0,0.0,0,4,6,0.0,0.0,0.0,0.0,0,1,2
3KYQ,vina_pose,13,A:DPV:201,L:UNL:1,RDKit,23,8.514979557789038,7,8.877217638427032,NA,NA,1,0,hydrogen_bonds=1,none=0,0.16666666666666666,0.25,0.2,0.1111111111111111,1,4,6,0.0,0.0,0.0,0.0,0,1,0
3KYQ,vina_pose,14,A:DPV:201,L:UNL:1,RDKit,23,8.883866370879977,7,8.406368342767625,NA,NA,1,1,hydrogen_bonds=1,hydrogen_bonds=1,0.3333333333333333,0.5,0.4,0.25,2,4,6,0.0,0.0,0.0,0.0,0,1,1
3KYQ,vina_pose,15,A:DPV:201,L:UNL:1,RDKit,23,8.411900775221609,7,8.391030645022951,NA,NA,1,0,hydrogen_bonds=1,none=0,0.2,0.25,0.22222222222222224,0.125,1,4,5,0.0,0.0,0.0,0.0,0,1,0
3KYQ,vina_pose,16,A:DPV:201,L:UNL:1,RDKit,23,7.19314055798693,7,9.054612281673279,NA,NA,1,1,hydrogen_bonds=1,hydrogen_bonds=1,0.0,0.0,0.0,0.0,0,4,7,0.0,0.0,0.0,0.0,0,1,1
3KYQ,vina_pose,17,A:DPV:201,L:UNL:1,RDKit,23,6.94533768860058,7,6.352184180039402,NA,NA,1,0,hydrogen_bonds=1,none=0,0.42857142857142855,0.75,0.5454545454545454,0.375,3,4,7,0.0,0.0,0.0,0.0,0,1,0
3KYQ,vina_pose,18,A:DPV:201,L:UNL:1,RDKit,23,7.039886578878829,7,6.150610109109967,NA,NA,1,1,hydrogen_bonds=1,hydrogen_bonds=1,0.3333333333333333,0.5,0.4,0.25,2,4,6,0.0,0.0,0.0,0.0,0,1,1
3KYQ,vina_pose,19,A:DPV:201,L:UNL:1,RDKit,23,8.668525876385512,7,10.49112646818389,NA,NA,1,1,hydrogen_bonds=1,hydrogen_bonds=1,0.1111111111111111,0.25,0.15384615384615383,0.08333333333333333,1,4,9,0.0,0.0,0.0,0.0,0,1,1
3KYQ,vina_pose,20,A:DPV:201,L:UNL:1,RDKit,23,8.119930287235551,7,9.36494801297446,NA,NA,1,0,hydrogen_bonds=1,none=0,0.14285714285714285,0.25,0.18181818181818182,0.1,1,4,7,0.0,0.0,0.0,0.0,0,1,0
3LUP,boltz,1,A:ELA:301,B:ELA:1,RDKit,20,0.5674650402413162,3,0.5182979643937752,283,0.5080011927705923,2,2,hydrogen_bonds=2,hydrogen_bonds=2,1.0,0.8,0.888888888888889,0.8,4,5,4,1.0,1.0,1.0,1.0,2,2,2
3LUP,vina_pose,1,A:ELA:301,L:UNL:1,RDKit,20,2.3116059136453164,3,2.7783267746373275,NA,NA,2,4,hydrogen_bonds=2,hydrogen_bonds=4,0.7142857142857143,1.0,0.8333333333333333,0.7142857142857143,5,5,7,0.5,1.0,0.6666666666666666,0.5,2,2,4
3LUP,vina_pose,2,A:ELA:301,L:UNL:1,RDKit,20,3.477896921991794,3,5.474885356486166,NA,NA,2,2,hydrogen_bonds=2,hydrogen_bonds=2,0.5555555555555556,1.0,0.7142857142857143,0.5555555555555556,5,5,9,0.0,0.0,0.0,0.0,0,2,2
3LUP,vina_pose,3,A:ELA:301,L:UNL:1,RDKit,20,3.1104221739178746,3,5.071194500969831,NA,NA,2,3,hydrogen_bonds=2,hydrogen_bonds=3,0.5555555555555556,1.0,0.7142857142857143,0.5555555555555556,5,5,9,0.3333333333333333,0.5,0.4,0.25,1,2,3
3LUP,vina_pose,4,A:ELA:301,L:UNL:1,RDKit,20,11.772431235730366,3,17.975442025163108,NA,NA,2,1,hydrogen_bonds=2,hydrogen_bonds=1,0.0,0.0,0.0,0.0,0,5,12,0.0,0.0,0.0,0.0,0,2,1
3LUP,vina_pose,5,A:ELA:301,L:UNL:1,RDKit,20,1.8561592200024222,3,2.4395634172258496,NA,NA,2,4,hydrogen_bonds=2,hydrogen_bonds=4,0.5714285714285714,0.8,0.6666666666666666,0.5,4,5,7,0.25,0.5,0.3333333333333333,0.2,1,2,4
3LUP,vina_pose,6,A:ELA:301,L:UNL:1,RDKit,20,12.462091790706728,3,18.65193598530726,NA,NA,2,1,hydrogen_bonds=2,hydrogen_bonds=1,0.0,0.0,0.0,0.0,0,5,13,0.0,0.0,0.0,0.0,0,2,1
3LUP,vina_pose,7,A:ELA:301,L:UNL:1,RDKit,20,4.503523503880046,3,5.23419385706465,NA,NA,2,2,hydrogen_bonds=2,hydrogen_bonds=2,0.5,1.0,0.6666666666666666,0.5,5,5,10,0.5,0.5,0.5,0.3333333333333333,1,2,2
3LUP,vina_pose,8,A:ELA:301,L:UNL:1,RDKit,20,11.440714114512257,3,18.309716864732415,NA,NA,2,0,hydrogen_bonds=2,none=0,0.0,0.0,0.0,0.0,0,5,13,0.0,0.0,0.0,0.0,0,2,0
3LUP,vina_pose,9,A:ELA:301,L:UNL:1,RDKit,20,5.384395174947692,3,6.180670999171528,NA,NA,2,3,hydrogen_bonds=2,hydrogen_bonds=3,0.375,0.6,0.4615384615384615,0.3,3,5,8,0.3333333333333333,0.5,0.4,0.25,1,2,3
3LUP,vina_pose,10,A:ELA:301,L:UNL:1,RDKit,20,10.304388747033954,3,5.642022243841297,NA,NA,2,2,hydrogen_bonds=2,hydrogen_bonds=2,0.4,0.8,0.5333333333333333,0.36363636363636365,4,5,10,0.5,0.5,0.5,0.3333333333333333,1,2,2
3LUP,vina_pose,11,A:ELA:301,L:UNL:1,RDKit,20,10.454751513068112,3,3.9000396579180237,NA,NA,2,5,hydrogen_bonds=2,hydrogen_bonds=5,0.625,1.0,0.7692307692307693,0.625,5,5,8,0.4,1.0,0.5714285714285715,0.4,2,2,5
3LUP,vina_pose,12,A:ELA:301,L:UNL:1,RDKit,20,11.084612000426537,3,5.648539486746403,NA,NA,2,2,hydrogen_bonds=2,hydrogen_bonds=2,0.4,0.8,0.5333333333333333,0.36363636363636365,4,5,10,0.5,0.5,0.5,0.3333333333333333,1,2,2
3LUP,vina_pose,13,A:ELA:301,L:UNL:1,RDKit,20,10.657516793324794,3,5.695230724035682,NA,NA,2,2,hydrogen_bonds=2,hydrogen_bonds=2,0.4,0.8,0.5333333333333333,0.36363636363636365,4,5,10,0.5,0.5,0.5,0.3333333333333333,1,2,2
3LUP,vina_pose,14,A:ELA:301,L:UNL:1,RDKit,20,14.081144706663588,3,3.6547036359555407,NA,NA,2,3,hydrogen_bonds=2,hydrogen_bonds=3,0.625,1.0,0.7692307692307693,0.625,5,5,8,0.6666666666666666,1.0,0.8,0.6666666666666666,2,2,3
3LUP,vina_pose,15,A:ELA:301,L:UNL:1,RDKit,20,11.211635926572,3,5.399227907766071,NA,NA,2,2,hydrogen_bonds=2,hydrogen_bonds=2,0.45454545454545453,1.0,0.625,0.45454545454545453,5,5,11,0.5,0.5,0.5,0.3333333333333333,1,2,2
3LUP,vina_pose,16,A:ELA:301,L:UNL:1,RDKit,20,12.20472764956269,3,5.446603865407019,NA,NA,2,2,hydrogen_bonds=2,hydrogen_bonds=2,0.45454545454545453,1.0,0.625,0.45454545454545453,5,5,11,0.5,0.5,0.5,0.3333333333333333,1,2,2
3LUP,vina_pose,17,A:ELA:301,L:UNL:1,RDKit,20,10.5361752287061,3,6.124968789036128,NA,NA,2,1,hydrogen_bonds=2,hydrogen_bonds=1,0.5,0.2,0.28571428571428575,0.16666666666666666,1,5,2,0.0,0.0,0.0,0.0,0,2,1
3LUP,vina_pose,18,A:ELA:301,L:UNL:1,RDKit,20,13.89489695895583,3,6.984639790282674,NA,NA,2,2,hydrogen_bonds=2,hydrogen_bonds=2,0.3333333333333333,0.4,0.3636363636363636,0.2222222222222222,2,5,6,0.5,0.5,0.5,0.3333333333333333,1,2,2
3LUP,vina_pose,19,A:ELA:301,L:UNL:1,RDKit,20,12.023987061287118,3,7.1042383593645475,NA,NA,2,1,hydrogen_bonds=2,hydrogen_bonds=1,0.3333333333333333,0.4,0.3636363636363636,0.2222222222222222,2,5,6,1.0,0.5,0.6666666666666666,0.5,1,2,1
3LUP,vina_pose,20,A:ELA:301,L:UNL:1,RDKit,20,12.824340049296884,3,10.129778246996985,NA,NA,2,3,hydrogen_bonds=2,hydrogen_bonds=3,0.14285714285714285,0.2,0.16666666666666666,0.09090909090909091,1,5,7,0.3333333333333333,0.5,0.4,0.25,1,2,3
3PEG,boltz,1,A:PEV:500,B:PEV:1,RDKit,47,5.180375441199974,7,2.932058678010321,244,2.9508654046483005,1,3,hydrogen_bonds=1,attractive_charge=1;ionic=1;salt_bridge=1,0.8,1.0,0.888888888888889,0.8,4,4,5,0.0,0.0,0.0,0.0,0,1,3
3PEG,vina_pose,1,A:PEV:500,L:UNL:1,RDKit,47,7.229426053555689,7,5.207575978459513,NA,NA,1,5,hydrogen_bonds=1,attractive_charge=1;hydrogen_bonds=2;ionic=1;salt_bridge=1,0.5714285714285714,1.0,0.7272727272727273,0.5714285714285714,4,4,7,0.0,0.0,0.0,0.0,0,1,5
3PEG,vina_pose,2,A:PEV:500,L:UNL:1,RDKit,47,8.258003362309491,7,9.312013408188678,NA,NA,1,0,hydrogen_bonds=1,none=0,0.16666666666666666,0.25,0.2,0.1111111111111111,1,4,6,0.0,0.0,0.0,0.0,0,1,0
3PEG,vina_pose,3,A:PEV:500,L:UNL:1,RDKit,47,7.185261174719829,7,8.254879890101366,NA,NA,1,1,hydrogen_bonds=1,hydrogen_bonds=1,0.3333333333333333,0.5,0.4,0.25,2,4,6,0.0,0.0,0.0,0.0,0,1,1
3PEG,vina_pose,4,A:PEV:500,L:UNL:1,RDKit,47,3.516937570151114,7,4.231806098717525,NA,NA,1,5,hydrogen_bonds=1,attractive_charge=1;hydrogen_bonds=2;ionic=1;salt_bridge=1,0.6,0.75,0.6666666666666665,0.5,3,4,5,0.0,0.0,0.0,0.0,0,1,5
3PEG,vina_pose,5,A:PEV:500,L:UNL:1,RDKit,47,7.086175088365989,7,3.6163178194717034,NA,NA,1,0,hydrogen_bonds=1,none=0,0.8,1.0,0.888888888888889,0.8,4,4,5,0.0,0.0,0.0,0.0,0,1,0
3PEG,vina_pose,6,A:PEV:500,L:UNL:1,RDKit,47,9.556277431114353,7,10.805475800986935,NA,NA,1,0,hydrogen_bonds=1,none=0,0.0,0.0,0.0,0.0,0,4,5,0.0,0.0,0.0,0.0,0,1,0
3PEG,vina_pose,7,A:PEV:500,L:UNL:1,RDKit,47,8.423869423479319,7,9.588126682815277,NA,NA,1,0,hydrogen_bonds=1,none=0,0.2,0.25,0.22222222222222224,0.125,1,4,5,0.0,0.0,0.0,0.0,0,1,0
3PEG,vina_pose,8,A:PEV:500,L:UNL:1,RDKit,47,7.556860604211869,7,6.536320754063403,NA,NA,1,1,hydrogen_bonds=1,hydrogen_bonds=1,0.4,0.5,0.4444444444444445,0.2857142857142857,2,4,5,0.0,0.0,0.0,0.0,0,1,1
3PEG,vina_pose,9,A:PEV:500,L:UNL:1,RDKit,47,8.588446914562336,7,9.559689332967737,NA,NA,1,0,hydrogen_bonds=1,none=0,0.16666666666666666,0.25,0.2,0.1111111111111111,1,4,6,0.0,0.0,0.0,0.0,0,1,0
3PEG,vina_pose,10,A:PEV:500,L:UNL:1,RDKit,47,6.658944295281314,7,8.928090773348062,NA,NA,1,0,hydrogen_bonds=1,none=0,0.2857142857142857,0.5,0.36363636363636365,0.2222222222222222,2,4,7,0.0,0.0,0.0,0.0,0,1,0
3PEG,vina_pose,11,A:PEV:500,L:UNL:1,RDKit,47,7.07018029051774,7,5.902131576206781,NA,NA,1,0,hydrogen_bonds=1,none=0,0.4,0.5,0.4444444444444445,0.2857142857142857,2,4,5,0.0,0.0,0.0,0.0,0,1,0
3PEG,vina_pose,12,A:PEV:500,L:UNL:1,RDKit,47,7.39107295352003,7,7.903868944113022,NA,NA,1,0,hydrogen_bonds=1,none=0,0.3333333333333333,0.5,0.4,0.25,2,4,6,0.0,0.0,0.0,0.0,0,1,0
3PEG,vina_pose,13,A:PEV:500,L:UNL:1,RDKit,47,9.92418963195806,7,10.650228032434665,NA,NA,1,0,hydrogen_bonds=1,none=0,0.0,0.0,0.0,0.0,0,4,6,0.0,0.0,0.0,0.0,0,1,0
3PEG,vina_pose,14,A:PEV:500,L:UNL:1,RDKit,47,7.814446079660087,7,4.5553742201617515,NA,NA,1,0,hydrogen_bonds=1,none=0,0.8,1.0,0.888888888888889,0.8,4,4,5,0.0,0.0,0.0,0.0,0,1,0
3PEG,vina_pose,15,A:PEV:500,L:UNL:1,RDKit,47,9.72997473373641,7,9.513743547401006,NA,NA,1,0,hydrogen_bonds=1,none=0,0.2857142857142857,0.5,0.36363636363636365,0.2222222222222222,2,4,7,0.0,0.0,0.0,0.0,0,1,0
3PEG,vina_pose,16,A:PEV:500,L:UNL:1,RDKit,47,7.6094401057767875,7,8.168602958016399,NA,NA,1,0,hydrogen_bonds=1,none=0,0.3333333333333333,0.5,0.4,0.25,2,4,6,0.0,0.0,0.0,0.0,0,1,0
3PEG,vina_pose,17,A:PEV:500,L:UNL:1,RDKit,47,2.4541346917205615,7,2.253164695013912,NA,NA,1,0,hydrogen_bonds=1,none=0,0.8,1.0,0.888888888888889,0.8,4,4,5,0.0,0.0,0.0,0.0,0,1,0
3PEG,vina_pose,18,A:PEV:500,L:UNL:1,RDKit,47,6.618561145619029,7,3.272792320241014,NA,NA,1,5,hydrogen_bonds=1,attractive_charge=1;hydrogen_bonds=2;ionic=1;salt_bridge=1,0.6666666666666666,0.5,0.5714285714285715,0.4,2,4,3,0.0,0.0,0.0,0.0,0,1,5
3PEG,vina_pose,19,A:PEV:500,L:UNL:1,RDKit,47,9.613626782588016,7,16.33057532010781,NA,NA,1,3,hydrogen_bonds=1,hydrogen_bonds=3,0.0,0.0,0.0,0.0,0,4,11,0.0,0.0,0.0,0.0,0,1,3
3PEG,vina_pose,20,A:PEV:500,L:UNL:1,RDKit,47,7.979667958217576,7,11.344538346081531,NA,NA,1,0,hydrogen_bonds=1,none=0,0.0,0.0,0.0,0.0,0,4,4,0.0,0.0,0.0,0.0,0,1,0
3PL5,boltz,1,A:PLM:702,B:PLM:1,RDKit,18,1.2293298918266036,3,1.9675639191537015,277,2.099554316541012,3,2,hydrogen_bonds=3,hydrogen_bonds=2,1.0,0.9,0.9473684210526316,0.9,9,10,9,0.5,0.3333333333333333,0.4,0.25,1,3,2
3PL5,vina_pose,1,A:PLM:702,L:UNL:1,RDKit,18,1.0611596905691851,3,1.2140918416660256,NA,NA,3,4,hydrogen_bonds=3,hydrogen_bonds=4,0.8181818181818182,0.9,0.8571428571428572,0.75,9,10,11,0.25,0.3333333333333333,0.28571428571428575,0.16666666666666666,1,3,4
3PL5,vina_pose,2,A:PLM:702,L:UNL:1,RDKit,18,2.0419302959046703,3,3.02293439117248,NA,NA,3,3,hydrogen_bonds=3,hydrogen_bonds=3,0.6666666666666666,0.6,0.631578947368421,0.46153846153846156,6,10,9,0.3333333333333333,0.3333333333333333,0.3333333333333333,0.2,1,3,3
3PL5,vina_pose,3,A:PLM:702,L:UNL:1,RDKit,18,1.626170108636308,3,1.6882901606852623,NA,NA,3,4,hydrogen_bonds=3,hydrogen_bonds=4,1.0,0.9,0.9473684210526316,0.9,9,10,9,0.5,0.6666666666666666,0.5714285714285715,0.4,2,3,4
3PL5,vina_pose,4,A:PLM:702,L:UNL:1,RDKit,18,9.568385263750386,3,14.560714508567223,NA,NA,3,0,hydrogen_bonds=3,none=0,0.0,0.0,0.0,0.0,0,10,9,0.0,0.0,0.0,0.0,0,3,0
3PL5,vina_pose,5,A:PLM:702,L:UNL:1,RDKit,18,9.920732939433233,3,14.899809719142949,NA,NA,3,0,hydrogen_bonds=3,none=0,0.0,0.0,0.0,0.0,0,10,9,0.0,0.0,0.0,0.0,0,3,0
3PL5,vina_pose,6,A:PLM:702,L:UNL:1,RDKit,18,1.9556590676518464,3,2.436460273976711,NA,NA,3,3,hydrogen_bonds=3,hydrogen_bonds=3,0.8181818181818182,0.9,0.8571428571428572,0.75,9,10,11,0.3333333333333333,0.3333333333333333,0.3333333333333333,0.2,1,3,3
3PL5,vina_pose,7,A:PLM:702,L:UNL:1,RDKit,18,3.519491069585046,3,5.653524888657223,NA,NA,3,2,hydrogen_bonds=3,hydrogen_bonds=2,0.5,0.4,0.4444444444444445,0.2857142857142857,4,10,8,0.0,0.0,0.0,0.0,0,3,2
3PL5,vina_pose,8,A:PLM:702,L:UNL:1,RDKit,18,9.860018999305563,3,13.70063774671335,NA,NA,3,0,hydrogen_bonds=3,none=0,0.0,0.0,0.0,0.0,0,10,6,0.0,0.0,0.0,0.0,0,3,0
3PL5,vina_pose,9,A:PLM:702,L:UNL:1,RDKit,18,9.07562846308728,3,12.069080039505911,NA,NA,3,0,hydrogen_bonds=3,none=0,0.16666666666666666,0.1,0.125,0.06666666666666667,1,10,6,0.0,0.0,0.0,0.0,0,3,0
3PL5,vina_pose,10,A:PLM:702,L:UNL:1,RDKit,18,6.117568839007862,3,5.407304442449429,NA,NA,3,2,hydrogen_bonds=3,hydrogen_bonds=2,1.0,0.5,0.6666666666666666,0.5,5,10,5,0.0,0.0,0.0,0.0,0,3,2
3PL5,vina_pose,11,A:PLM:702,L:UNL:1,RDKit,18,3.9362569148875433,3,3.295864580551412,NA,NA,3,3,hydrogen_bonds=3,hydrogen_bonds=3,1.0,0.5,0.6666666666666666,0.5,5,10,5,0.6666666666666666,0.6666666666666666,0.6666666666666666,0.5,2,3,3
3PL5,vina_pose,12,A:PLM:702,L:UNL:1,RDKit,18,2.8106441926678976,3,1.6801990953455486,NA,NA,3,5,hydrogen_bonds=3,hydrogen_bonds=5,0.8888888888888888,0.8,0.8421052631578948,0.7272727272727273,8,10,9,0.6,1.0,0.7499999999999999,0.6,3,3,5
3PL5,vina_pose,13,A:PLM:702,L:UNL:1,RDKit,18,7.928628233601741,3,15.073456283591144,NA,NA,3,0,hydrogen_bonds=3,none=0,0.0,0.0,0.0,0.0,0,10,10,0.0,0.0,0.0,0.0,0,3,0
3PL5,vina_pose,14,A:PLM:702,L:UNL:1,RDKit,18,10.900214776171461,3,10.718017758273525,NA,NA,3,0,hydrogen_bonds=3,none=0,0.25,0.2,0.22222222222222224,0.125,2,10,8,0.0,0.0,0.0,0.0,0,3,0
3PL5,vina_pose,15,A:PLM:702,L:UNL:1,RDKit,18,8.510959741546321,3,13.021076376398382,NA,NA,3,1,hydrogen_bonds=3,hydrogen_bonds=1,0.1111111111111111,0.1,0.10526315789473685,0.05555555555555555,1,10,9,0.0,0.0,0.0,0.0,0,3,1
3PL5,vina_pose,16,A:PLM:702,L:UNL:1,RDKit,18,5.361907024972034,3,4.448631474959462,NA,NA,3,1,hydrogen_bonds=3,hydrogen_bonds=1,1.0,0.4,0.5714285714285715,0.4,4,10,4,1.0,0.3333333333333333,0.5,0.3333333333333333,1,3,1
3PL5,vina_pose,17,A:PLM:702,L:UNL:1,RDKit,18,10.472288646709467,3,14.205408406659767,NA,NA,3,0,hydrogen_bonds=3,none=0,0.0,0.0,0.0,0.0,0,10,7,0.0,0.0,0.0,0.0,0,3,0
3PL5,vina_pose,18,A:PLM:702,L:UNL:1,RDKit,18,5.098135214631587,3,9.772182594828378,NA,NA,3,2,hydrogen_bonds=3,hydrogen_bonds=2,0.25,0.2,0.22222222222222224,0.125,2,10,8,0.0,0.0,0.0,0.0,0,3,2
3PL5,vina_pose,19,A:PLM:702,L:UNL:1,RDKit,18,2.6046547329306002,3,2.5962153223490536,NA,NA,3,3,hydrogen_bonds=3,hydrogen_bonds=3,0.7,0.7,0.7,0.5384615384615384,7,10,10,1.0,1.0,1.0,1.0,3,3,3
3PL5,vina_pose,20,A:PLM:702,L:UNL:1,RDKit,18,6.815081514960445,3,13.593911749995536,NA,NA,3,0,hydrogen_bonds=3,none=0,0.0,0.0,0.0,0.0,0,10,7,0.0,0.0,0.0,0.0,0,3,0
3PPT,boltz,1,A:PAM:500,B:PAM:1,RDKit,18,0.7431764890790494,3,0.6144483668413234,133,0.7857110999003054,3,3,hydrogen_bonds=3,hydrogen_bonds=3,1.0,0.75,0.8571428571428571,0.75,6,8,6,1.0,1.0,1.0,1.0,3,3,3
3PPT,vina_pose,1,A:PAM:500,L:UNL:1,RDKit,18,4.084076109313668,3,8.225805593780262,NA,NA,3,3,hydrogen_bonds=3,hydrogen_bonds=3,0.0,0.0,0.0,0.0,0,8,8,0.0,0.0,0.0,0.0,0,3,3
3PPT,vina_pose,2,A:PAM:500,L:UNL:1,RDKit,18,1.9399244401092879,3,1.8327486643472612,NA,NA,3,3,hydrogen_bonds=3,hydrogen_bonds=3,0.8571428571428571,0.75,0.7999999999999999,0.6666666666666666,6,8,7,1.0,1.0,1.0,1.0,3,3,3
3PPT,vina_pose,3,A:PAM:500,L:UNL:1,RDKit,18,4.6196255379750335,3,7.832440105101349,NA,NA,3,3,hydrogen_bonds=3,hydrogen_bonds=3,0.0,0.0,0.0,0.0,0,8,9,0.0,0.0,0.0,0.0,0,3,3
3PPT,vina_pose,4,A:PAM:500,L:UNL:1,RDKit,18,3.9284545802247592,3,7.5049491226345655,NA,NA,3,3,hydrogen_bonds=3,hydrogen_bonds=3,0.125,0.125,0.125,0.06666666666666667,1,8,8,0.0,0.0,0.0,0.0,0,3,3
3PPT,vina_pose,5,A:PAM:500,L:UNL:1,RDKit,18,4.8787260518386235,3,8.11528040180991,NA,NA,3,2,hydrogen_bonds=3,hydrogen_bonds=2,0.0,0.0,0.0,0.0,0,8,7,0.0,0.0,0.0,0.0,0,3,2
3PPT,vina_pose,6,A:PAM:500,L:UNL:1,RDKit,18,4.64502645609019,3,2.3096107175597083,NA,NA,3,2,hydrogen_bonds=3,hydrogen_bonds=2,1.0,0.875,0.9333333333333333,0.875,7,8,7,1.0,0.6666666666666666,0.8,0.6666666666666666,2,3,2
3PPT,vina_pose,7,A:PAM:500,L:UNL:1,RDKit,18,5.176091591796524,3,8.009920390782089,NA,NA,3,3,hydrogen_bonds=3,hydrogen_bonds=3,0.0,0.0,0.0,0.0,0,8,8,0.0,0.0,0.0,0.0,0,3,3
3PPT,vina_pose,8,A:PAM:500,L:UNL:1,RDKit,18,5.528875513560099,3,4.250659242988081,NA,NA,3,2,hydrogen_bonds=3,hydrogen_bonds=2,0.42857142857142855,0.375,0.39999999999999997,0.25,3,8,7,0.5,0.3333333333333333,0.4,0.25,1,3,2
3PPT,vina_pose,9,A:PAM:500,L:UNL:1,RDKit,18,6.896247723702119,3,6.845352754484852,NA,NA,3,3,hydrogen_bonds=3,hydrogen_bonds=3,0.14285714285714285,0.125,0.13333333333333333,0.07142857142857142,1,8,7,0.0,0.0,0.0,0.0,0,3,3
3PPT,vina_pose,10,A:PAM:500,L:UNL:1,RDKit,18,2.718604155730576,3,4.475193887792275,NA,NA,3,3,hydrogen_bonds=3,hydrogen_bonds=3,0.8,0.5,0.6153846153846154,0.4444444444444444,4,8,5,0.0,0.0,0.0,0.0,0,3,3
3PPT,vina_pose,11,A:PAM:500,L:UNL:1,RDKit,18,1.196296739479336,3,1.1349408207773073,NA,NA,3,3,hydrogen_bonds=3,hydrogen_bonds=3,0.8571428571428571,0.75,0.7999999999999999,0.6666666666666666,6,8,7,1.0,1.0,1.0,1.0,3,3,3
3PPT,vina_pose,12,A:PAM:500,L:UNL:1,RDKit,18,4.670715285454444,3,7.007364792369048,NA,NA,3,2,hydrogen_bonds=3,hydrogen_bonds=2,0.125,0.125,0.125,0.06666666666666667,1,8,8,0.0,0.0,0.0,0.0,0,3,2
3PPT,vina_pose,13,A:PAM:500,L:UNL:1,RDKit,18,3.31122551163295,3,5.391496298184145,NA,NA,3,3,hydrogen_bonds=3,hydrogen_bonds=3,0.6666666666666666,0.5,0.5714285714285715,0.4,4,8,6,0.0,0.0,0.0,0.0,0,3,3
3PPT,vina_pose,14,A:PAM:500,L:UNL:1,RDKit,18,4.6870404959965,3,7.820077685036128,NA,NA,3,2,hydrogen_bonds=3,hydrogen_bonds=2,0.0,0.0,0.0,0.0,0,8,9,0.0,0.0,0.0,0.0,0,3,2
3PPT,vina_pose,15,A:PAM:500,L:UNL:1,RDKit,18,4.637592299171342,3,7.516948738240359,NA,NA,3,3,hydrogen_bonds=3,hydrogen_bonds=3,0.0,0.0,0.0,0.0,0,8,6,0.0,0.0,0.0,0.0,0,3,3
3PPT,vina_pose,16,A:PAM:500,L:UNL:1,RDKit,18,3.8537275821959427,3,4.5976718746194445,NA,NA,3,4,hydrogen_bonds=3,hydrogen_bonds=4,0.6666666666666666,0.5,0.5714285714285715,0.4,4,8,6,0.25,0.3333333333333333,0.28571428571428575,0.16666666666666666,1,3,4
3PPT,vina_pose,17,A:PAM:500,L:UNL:1,RDKit,18,3.6225294033006517,3,8.09862517138969,NA,NA,3,3,hydrogen_bonds=3,hydrogen_bonds=3,0.0,0.0,0.0,0.0,0,8,8,0.0,0.0,0.0,0.0,0,3,3
3PPT,vina_pose,18,A:PAM:500,L:UNL:1,RDKit,18,5.228806130997359,3,7.829924648424149,NA,NA,3,2,hydrogen_bonds=3,hydrogen_bonds=2,0.0,0.0,0.0,0.0,0,8,8,0.0,0.0,0.0,0.0,0,3,2
3PPT,vina_pose,19,A:PAM:500,L:UNL:1,RDKit,18,5.268498505266942,3,7.777643537730437,NA,NA,3,3,hydrogen_bonds=3,hydrogen_bonds=3,0.0,0.0,0.0,0.0,0,8,7,0.0,0.0,0.0,0.0,0,3,3
3PPT,vina_pose,20,A:PAM:500,L:UNL:1,RDKit,18,4.921173708239394,3,4.370788982933554,NA,NA,3,2,hydrogen_bonds=3,hydrogen_bonds=2,0.5,0.5,0.5,0.3333333333333333,4,8,8,0.5,0.3333333333333333,0.4,0.25,1,3,2
3S0K,boltz,1,A:03F:210,B:03F:1,RDKit,51,0.4544136392030704,3,0.32817344135787296,203,0.6144681913308258,0,0,none=0,none=0,1.0,1.0,1.0,1.0,4,4,4,NA,NA,NA,NA,0,0,0
3S0K,vina_pose,1,A:03F:210,L:UNL:1,RDKit,51,1.8478751018823927,3,0.6978540917221413,NA,NA,0,1,none=0,hydrogen_bonds=1,1.0,1.0,1.0,1.0,4,4,4,NA,NA,NA,NA,0,0,1
3S0K,vina_pose,2,A:03F:210,L:UNL:1,RDKit,51,6.885662143676725,3,5.123264551696181,NA,NA,0,1,none=0,hydrogen_bonds=1,0.3333333333333333,0.25,0.28571428571428575,0.16666666666666666,1,4,3,NA,NA,NA,NA,0,0,1
3S0K,vina_pose,3,A:03F:210,L:UNL:1,RDKit,51,6.229580949303216,3,3.095465662330413,NA,NA,0,1,none=0,hydrogen_bonds=1,1.0,0.75,0.8571428571428571,0.75,3,4,3,NA,NA,NA,NA,0,0,1
3S0K,vina_pose,4,A:03F:210,L:UNL:1,RDKit,51,7.098502845463881,3,5.603007644708927,NA,NA,0,1,none=0,hydrogen_bonds=1,0.6,0.75,0.6666666666666665,0.5,3,4,5,NA,NA,NA,NA,0,0,1
3S0K,vina_pose,5,A:03F:210,L:UNL:1,RDKit,51,2.625714031738908,3,2.2124945197672248,NA,NA,0,1,none=0,hydrogen_bonds=1,1.0,0.75,0.8571428571428571,0.75,3,4,3,NA,NA,NA,NA,0,0,1
3S0K,vina_pose,6,A:03F:210,L:UNL:1,RDKit,51,3.45924749552473,3,3.686243797327211,NA,NA,0,1,none=0,hydrogen_bonds=1,0.6,0.75,0.6666666666666665,0.5,3,4,5,NA,NA,NA,NA,0,0,1
3S0K,vina_pose,7,A:03F:210,L:UNL:1,RDKit,51,4.219743331568132,3,5.685020316586389,NA,NA,0,0,none=0,none=0,0.3333333333333333,0.25,0.28571428571428575,0.16666666666666666,1,4,3,NA,NA,NA,NA,0,0,0
3S0K,vina_pose,8,A:03F:210,L:UNL:1,RDKit,51,7.480516199290202,3,4.883026008532005,NA,NA,0,1,none=0,hydrogen_bonds=1,0.5,0.25,0.3333333333333333,0.2,1,4,2,NA,NA,NA,NA,0,0,1
3S0K,vina_pose,9,A:03F:210,L:UNL:1,RDKit,51,8.244819368049534,3,6.320174865724313,NA,NA,0,1,none=0,hydrogen_bonds=1,0.25,0.25,0.25,0.14285714285714285,1,4,4,NA,NA,NA,NA,0,0,1
3S0K,vina_pose,10,A:03F:210,L:UNL:1,RDKit,51,3.308511720384495,3,3.9649011757335573,NA,NA,0,1,none=0,hydrogen_bonds=1,0.6666666666666666,0.5,0.5714285714285715,0.4,2,4,3,NA,NA,NA,NA,0,0,1
3S0K,vina_pose,11,A:03F:210,L:UNL:1,RDKit,51,4.607642038707298,3,6.633255108416481,NA,NA,0,1,none=0,hydrogen_bonds=1,0.25,0.25,0.25,0.14285714285714285,1,4,4,NA,NA,NA,NA,0,0,1
3S0K,vina_pose,12,A:03F:210,L:UNL:1,RDKit,51,7.834409821735264,3,5.392055668604817,NA,NA,0,1,none=0,hydrogen_bonds=1,0.6,0.75,0.6666666666666665,0.5,3,4,5,NA,NA,NA,NA,0,0,1
3S0K,vina_pose,13,A:03F:210,L:UNL:1,RDKit,51,6.973698782273461,3,4.032463804342618,NA,NA,0,1,none=0,hydrogen_bonds=1,1.0,0.25,0.4,0.25,1,4,1,NA,NA,NA,NA,0,0,1
3S0K,vina_pose,14,A:03F:210,L:UNL:1,RDKit,51,7.550256111744897,3,7.79096147254411,NA,NA,0,0,none=0,none=0,0.25,0.25,0.25,0.14285714285714285,1,4,4,NA,NA,NA,NA,0,0,0
3S0K,vina_pose,15,A:03F:210,L:UNL:1,RDKit,51,3.0123475146502616,3,3.1947811088294196,NA,NA,0,1,none=0,hydrogen_bonds=1,1.0,0.25,0.4,0.25,1,4,1,NA,NA,NA,NA,0,0,1
3S0K,vina_pose,16,A:03F:210,L:UNL:1,RDKit,51,5.91013265834327,3,3.388063015942886,NA,NA,0,0,none=0,none=0,0.75,0.75,0.75,0.6,3,4,4,NA,NA,NA,NA,0,0,0
3S0K,vina_pose,17,A:03F:210,L:UNL:1,RDKit,51,6.4406618722722255,3,3.3165471000223516,NA,NA,0,0,none=0,none=0,0.6,0.75,0.6666666666666665,0.5,3,4,5,NA,NA,NA,NA,0,0,0
3S0K,vina_pose,18,A:03F:210,L:UNL:1,RDKit,51,12.617582568873997,3,9.32608512006333,NA,NA,0,0,none=0,none=0,0.2,0.25,0.22222222222222224,0.125,1,4,5,NA,NA,NA,NA,0,0,0
3S0K,vina_pose,19,A:03F:210,L:UNL:1,RDKit,51,5.881777495774888,3,2.212112941661584,NA,NA,0,1,none=0,hydrogen_bonds=1,1.0,0.25,0.4,0.25,1,4,1,NA,NA,NA,NA,0,0,1
3S0K,vina_pose,20,A:03F:210,L:UNL:1,RDKit,51,10.668333269311471,3,7.391541584811655,NA,NA,0,0,none=0,none=0,0.3333333333333333,0.25,0.28571428571428575,0.16666666666666666,1,4,3,NA,NA,NA,NA,0,0,0
3STM,boltz,1,X:PLM:130,B:PLM:1,RDKit,18,2.3401080676690005,3,1.940262368321307,127,0.768918975745828,2,2,hydrogen_bonds=2,hydrogen_bonds=2,1.0,1.0,1.0,1.0,5,5,5,1.0,1.0,1.0,1.0,2,2,2
3STM,vina_pose,1,X:PLM:130,L:UNL:1,RDKit,18,2.4131661429195734,3,2.2171800408025804,NA,NA,2,3,hydrogen_bonds=2,hydrogen_bonds=3,0.8,0.8,0.8000000000000002,0.6666666666666666,4,5,5,0.6666666666666666,1.0,0.8,0.6666666666666666,2,2,3
3STM,vina_pose,2,X:PLM:130,L:UNL:1,RDKit,18,2.8747225566613865,3,1.6535784428525506,NA,NA,2,3,hydrogen_bonds=2,hydrogen_bonds=3,0.6666666666666666,0.8,0.7272727272727272,0.5714285714285714,4,5,6,0.6666666666666666,1.0,0.8,0.6666666666666666,2,2,3
3STM,vina_pose,3,X:PLM:130,L:UNL:1,RDKit,18,1.9618919864933098,3,2.7503636123247412,NA,NA,2,1,hydrogen_bonds=2,hydrogen_bonds=1,0.5714285714285714,0.8,0.6666666666666666,0.5,4,5,7,0.0,0.0,0.0,0.0,0,2,1
3STM,vina_pose,4,X:PLM:130,L:UNL:1,RDKit,18,7.3226935352444675,3,8.872945921920934,NA,NA,2,2,hydrogen_bonds=2,hydrogen_bonds=2,0.1111111111111111,0.2,0.14285714285714285,0.07692307692307693,1,5,9,0.0,0.0,0.0,0.0,0,2,2
3STM,vina_pose,5,X:PLM:130,L:UNL:1,RDKit,18,6.967502110991189,3,8.021851511132992,NA,NA,2,1,hydrogen_bonds=2,hydrogen_bonds=1,0.0,0.0,0.0,0.0,0,5,5,0.0,0.0,0.0,0.0,0,2,1
3STM,vina_pose,6,X:PLM:130,L:UNL:1,RDKit,18,5.289546168308457,3,9.214267596143133,NA,NA,2,3,hydrogen_bonds=2,hydrogen_bonds=3,0.14285714285714285,0.2,0.16666666666666666,0.09090909090909091,1,5,7,0.0,0.0,0.0,0.0,0,2,3
3STM,vina_pose,7,X:PLM:130,L:UNL:1,RDKit,18,4.248212467222734,3,1.7014345907694097,NA,NA,2,3,hydrogen_bonds=2,hydrogen_bonds=3,0.8,0.8,0.8000000000000002,0.6666666666666666,4,5,5,0.6666666666666666,1.0,0.8,0.6666666666666666,2,2,3
3STM,vina_pose,8,X:PLM:130,L:UNL:1,RDKit,18,3.6658572439926425,3,1.4628247787528534,NA,NA,2,3,hydrogen_bonds=2,hydrogen_bonds=3,0.6666666666666666,0.8,0.7272727272727272,0.5714285714285714,4,5,6,0.6666666666666666,1.0,0.8,0.6666666666666666,2,2,3
3STM,vina_pose,9,X:PLM:130,L:UNL:1,RDKit,18,6.1924607072722795,3,5.9466489442934725,NA,NA,2,2,hydrogen_bonds=2,hydrogen_bonds=2,0.25,0.2,0.22222222222222224,0.125,1,5,4,0.0,0.0,0.0,0.0,0,2,2
3STM,vina_pose,10,X:PLM:130,L:UNL:1,RDKit,18,6.159528805932409,3,5.749331729282398,NA,NA,2,2,hydrogen_bonds=2,hydrogen_bonds=2,0.4,0.4,0.4000000000000001,0.25,2,5,5,0.0,0.0,0.0,0.0,0,2,2
3STM,vina_pose,11,X:PLM:130,L:UNL:1,RDKit,18,7.315023813282421,3,10.43000525726937,NA,NA,2,1,hydrogen_bonds=2,hydrogen_bonds=1,0.0,0.0,0.0,0.0,0,5,7,0.0,0.0,0.0,0.0,0,2,1
3STM,vina_pose,12,X:PLM:130,L:UNL:1,RDKit,18,4.820622014959388,3,2.907610359040565,NA,NA,2,0,hydrogen_bonds=2,none=0,0.4,0.4,0.4000000000000001,0.25,2,5,5,0.0,0.0,0.0,0.0,0,2,0
3STM,vina_pose,13,X:PLM:130,L:UNL:1,RDKit,18,1.9171733822943031,3,2.7645631360729195,NA,NA,2,1,hydrogen_bonds=2,hydrogen_bonds=1,0.5,0.8,0.6153846153846154,0.4444444444444444,4,5,8,1.0,0.5,0.6666666666666666,0.5,1,2,1
3STM,vina_pose,14,X:PLM:130,L:UNL:1,RDKit,18,7.446645907908994,3,9.730636892482082,NA,NA,2,5,hydrogen_bonds=2,hydrogen_bonds=5,0.125,0.2,0.15384615384615385,0.08333333333333333,1,5,8,0.0,0.0,0.0,0.0,0,2,5
3STM,vina_pose,15,X:PLM:130,L:UNL:1,RDKit,18,5.563978577520865,3,5.598234424054308,NA,NA,2,2,hydrogen_bonds=2,hydrogen_bonds=2,0.5,0.6,0.5454545454545454,0.375,3,5,6,0.0,0.0,0.0,0.0,0,2,2
3STM,vina_pose,16,X:PLM:130,L:UNL:1,RDKit,18,6.562166677249215,3,8.28566058521186,NA,NA,2,1,hydrogen_bonds=2,hydrogen_bonds=1,0.16666666666666666,0.2,0.1818181818181818,0.1,1,5,6,0.0,0.0,0.0,0.0,0,2,1
3STM,vina_pose,17,X:PLM:130,L:UNL:1,RDKit,18,4.486710815780803,3,2.2952415268695945,NA,NA,2,3,hydrogen_bonds=2,hydrogen_bonds=3,0.5,0.8,0.6153846153846154,0.4444444444444444,4,5,8,0.6666666666666666,1.0,0.8,0.6666666666666666,2,2,3
3STM,vina_pose,18,X:PLM:130,L:UNL:1,RDKit,18,2.500473410732011,3,3.7959290035510413,NA,NA,2,1,hydrogen_bonds=2,hydrogen_bonds=1,0.3333333333333333,0.4,0.3636363636363636,0.2222222222222222,2,5,6,1.0,0.5,0.6666666666666666,0.5,1,2,1
3STM,vina_pose,19,X:PLM:130,L:UNL:1,RDKit,18,3.090457706122724,3,3.5814013551494983,NA,NA,2,2,hydrogen_bonds=2,hydrogen_bonds=2,0.75,0.6,0.6666666666666665,0.5,3,5,4,0.5,0.5,0.5,0.3333333333333333,1,2,2
3STM,vina_pose,20,X:PLM:130,L:UNL:1,RDKit,18,6.057278917871364,3,9.836713983846435,NA,NA,2,5,hydrogen_bonds=2,hydrogen_bonds=5,0.125,0.2,0.15384615384615385,0.08333333333333333,1,5,8,0.0,0.0,0.0,0.0,0,2,5
3W9K,boltz,1,A:MYR:201,B:MYR:1,RDKit,16,9.107096789616563,3,15.189516592592788,135,0.9003317871854289,0,2,none=0,hydrogen_bonds=2,0.0,0.0,0.0,0.0,0,4,10,NA,NA,NA,NA,0,0,2
3W9K,vina_pose,1,A:MYR:201,L:UNL:1,RDKit,16,9.260552636047159,3,13.80233457305925,NA,NA,0,1,none=0,hydrogen_bonds=1,0.0,0.0,0.0,0.0,0,4,9,NA,NA,NA,NA,0,0,1
3W9K,vina_pose,2,A:MYR:201,L:UNL:1,RDKit,16,2.1291905592266747,3,2.9892969630555832,NA,NA,0,2,none=0,hydrogen_bonds=2,0.6666666666666666,1.0,0.8,0.6666666666666666,4,4,6,NA,NA,NA,NA,0,0,2
3W9K,vina_pose,3,A:MYR:201,L:UNL:1,RDKit,16,3.2328165351593956,3,5.109673799112164,NA,NA,0,2,none=0,hydrogen_bonds=2,0.42857142857142855,0.75,0.5454545454545454,0.375,3,4,7,NA,NA,NA,NA,0,0,2
3W9K,vina_pose,4,A:MYR:201,L:UNL:1,RDKit,16,1.489188369548997,3,1.6473450357064443,NA,NA,0,1,none=0,hydrogen_bonds=1,0.8,1.0,0.888888888888889,0.8,4,4,5,NA,NA,NA,NA,0,0,1
3W9K,vina_pose,5,A:MYR:201,L:UNL:1,RDKit,16,9.465883790618813,3,14.084393064665583,NA,NA,0,1,none=0,hydrogen_bonds=1,0.0,0.0,0.0,0.0,0,4,9,NA,NA,NA,NA,0,0,1
3W9K,vina_pose,6,A:MYR:201,L:UNL:1,RDKit,16,1.458493465017927,3,1.1508786498439647,NA,NA,0,2,none=0,hydrogen_bonds=2,0.75,0.75,0.75,0.6,3,4,4,NA,NA,NA,NA,0,0,2
3W9K,vina_pose,7,A:MYR:201,L:UNL:1,RDKit,16,2.1739381603440333,3,2.9415239247709675,NA,NA,0,1,none=0,hydrogen_bonds=1,0.8,1.0,0.888888888888889,0.8,4,4,5,NA,NA,NA,NA,0,0,1
3W9K,vina_pose,8,A:MYR:201,L:UNL:1,RDKit,16,9.5378796189195,3,13.586148669386283,NA,NA,0,1,none=0,hydrogen_bonds=1,0.0,0.0,0.0,0.0,0,4,8,NA,NA,NA,NA,0,0,1
3W9K,vina_pose,9,A:MYR:201,L:UNL:1,RDKit,16,9.103805619080408,3,10.793684434272974,NA,NA,0,2,none=0,hydrogen_bonds=2,0.0,0.0,0.0,0.0,0,4,6,NA,NA,NA,NA,0,0,2
3W9K,vina_pose,10,A:MYR:201,L:UNL:1,RDKit,16,8.928727617919588,3,11.058959444721731,NA,NA,0,2,none=0,hydrogen_bonds=2,0.0,0.0,0.0,0.0,0,4,6,NA,NA,NA,NA,0,0,2
3W9K,vina_pose,11,A:MYR:201,L:UNL:1,RDKit,16,2.6097973580337612,3,2.8794123243004526,NA,NA,0,2,none=0,hydrogen_bonds=2,0.6,0.75,0.6666666666666665,0.5,3,4,5,NA,NA,NA,NA,0,0,2
3W9K,vina_pose,12,A:MYR:201,L:UNL:1,RDKit,16,2.5153763386419934,3,3.0784469569356987,NA,NA,0,1,none=0,hydrogen_bonds=1,1.0,0.5,0.6666666666666666,0.5,2,4,2,NA,NA,NA,NA,0,0,1
3W9K,vina_pose,13,A:MYR:201,L:UNL:1,RDKit,16,2.5991669098001378,3,5.477081978572166,NA,NA,0,4,none=0,hydrogen_bonds=4,0.42857142857142855,0.75,0.5454545454545454,0.375,3,4,7,NA,NA,NA,NA,0,0,4
3W9K,vina_pose,14,A:MYR:201,L:UNL:1,RDKit,16,8.528155512037758,3,10.980916203426135,NA,NA,0,2,none=0,hydrogen_bonds=2,0.0,0.0,0.0,0.0,0,4,6,NA,NA,NA,NA,0,0,2
3W9K,vina_pose,15,A:MYR:201,L:UNL:1,RDKit,16,2.364461394800093,3,2.563730160007744,NA,NA,0,2,none=0,hydrogen_bonds=2,0.6666666666666666,1.0,0.8,0.6666666666666666,4,4,6,NA,NA,NA,NA,0,0,2
3W9K,vina_pose,16,A:MYR:201,L:UNL:1,RDKit,16,2.8831112968458226,3,2.9576430368341162,NA,NA,0,0,none=0,none=0,0.5,0.25,0.3333333333333333,0.2,1,4,2,NA,NA,NA,NA,0,0,0
3W9K,vina_pose,17,A:MYR:201,L:UNL:1,RDKit,16,9.620600361334006,3,10.17035186215305,NA,NA,0,2,none=0,hydrogen_bonds=2,0.0,0.0,0.0,0.0,0,4,6,NA,NA,NA,NA,0,0,2
3W9K,vina_pose,18,A:MYR:201,L:UNL:1,RDKit,16,10.245046675101095,3,10.836144394263734,NA,NA,0,2,none=0,hydrogen_bonds=2,0.0,0.0,0.0,0.0,0,4,6,NA,NA,NA,NA,0,0,2
3W9K,vina_pose,19,A:MYR:201,L:UNL:1,RDKit,16,4.368115418862006,3,6.738505472283895,NA,NA,0,0,none=0,none=0,0.25,0.5,0.3333333333333333,0.2,2,4,8,NA,NA,NA,NA,0,0,0
3W9K,vina_pose,20,A:MYR:201,L:UNL:1,RDKit,16,2.6559289100049344,3,3.1025014101527817,NA,NA,0,1,none=0,hydrogen_bonds=1,0.6666666666666666,1.0,0.8,0.6666666666666666,4,4,6,NA,NA,NA,NA,0,0,1
3WEB,boltz,1,A:OLA:201,B:OLA:1,RDKit,20,4.182119493583211,3,3.3496071009256783,132,0.8427920037469099,2,1,hydrogen_bonds=2,hydrogen_bonds=1,0.5,0.8,0.6153846153846154,0.4444444444444444,4,5,8,0.0,0.0,0.0,0.0,0,2,1
3WEB,vina_pose,1,A:OLA:201,L:UNL:1,RDKit,20,2.012265638527876,3,2.658614614167813,NA,NA,2,3,hydrogen_bonds=2,hydrogen_bonds=3,0.625,1.0,0.7692307692307693,0.625,5,5,8,0.6666666666666666,1.0,0.8,0.6666666666666666,2,2,3
3WEB,vina_pose,2,A:OLA:201,L:UNL:1,RDKit,20,3.1810858209108406,3,2.550789420290642,NA,NA,2,3,hydrogen_bonds=2,hydrogen_bonds=3,0.625,1.0,0.7692307692307693,0.625,5,5,8,0.6666666666666666,1.0,0.8,0.6666666666666666,2,2,3
3WEB,vina_pose,3,A:OLA:201,L:UNL:1,RDKit,20,1.3466282709047808,3,1.921274663689014,NA,NA,2,3,hydrogen_bonds=2,hydrogen_bonds=3,0.7142857142857143,1.0,0.8333333333333333,0.7142857142857143,5,5,7,0.6666666666666666,1.0,0.8,0.6666666666666666,2,2,3
3WEB,vina_pose,4,A:OLA:201,L:UNL:1,RDKit,20,4.047574588565355,3,4.606773563641551,NA,NA,2,2,hydrogen_bonds=2,hydrogen_bonds=2,0.375,0.6,0.4615384615384615,0.3,3,5,8,0.0,0.0,0.0,0.0,0,2,2
3WEB,vina_pose,5,A:OLA:201,L:UNL:1,RDKit,20,3.613624641547597,3,4.666589582696697,NA,NA,2,2,hydrogen_bonds=2,hydrogen_bonds=2,0.2857142857142857,0.4,0.3333333333333333,0.2,2,5,7,0.0,0.0,0.0,0.0,0,2,2
3WEB,vina_pose,6,A:OLA:201,L:UNL:1,RDKit,20,3.878367659209219,3,2.147677893291573,NA,NA,2,1,hydrogen_bonds=2,hydrogen_bonds=1,0.6,0.6,0.6,0.42857142857142855,3,5,5,1.0,0.5,0.6666666666666666,0.5,1,2,1
3WEB,vina_pose,7,A:OLA:201,L:UNL:1,RDKit,20,3.3296858860859535,3,2.8927530139989495,NA,NA,2,2,hydrogen_bonds=2,hydrogen_bonds=2,0.5555555555555556,1.0,0.7142857142857143,0.5555555555555556,5,5,9,0.5,0.5,0.5,0.3333333333333333,1,2,2
3WEB,vina_pose,8,A:OLA:201,L:UNL:1,RDKit,20,4.411545556831528,3,1.8335740145046417,NA,NA,2,3,hydrogen_bonds=2,hydrogen_bonds=3,0.625,1.0,0.7692307692307693,0.625,5,5,8,0.6666666666666666,1.0,0.8,0.6666666666666666,2,2,3
3WEB,vina_pose,9,A:OLA:201,L:UNL:1,RDKit,20,3.3326430051837233,3,1.8240182747622538,NA,NA,2,1,hydrogen_bonds=2,hydrogen_bonds=1,0.8333333333333334,1.0,0.9090909090909091,0.8333333333333334,5,5,6,1.0,0.5,0.6666666666666666,0.5,1,2,1
3WEB,vina_pose,10,A:OLA:201,L:UNL:1,RDKit,20,2.800510542740377,3,2.316108877694081,NA,NA,2,2,hydrogen_bonds=2,hydrogen_bonds=2,0.7142857142857143,1.0,0.8333333333333333,0.7142857142857143,5,5,7,1.0,1.0,1.0,1.0,2,2,2
3WEB,vina_pose,11,A:OLA:201,L:UNL:1,RDKit,20,7.852236684537724,3,9.564756295902157,NA,NA,2,1,hydrogen_bonds=2,hydrogen_bonds=1,0.0,0.0,0.0,0.0,0,5,6,0.0,0.0,0.0,0.0,0,2,1
3WEB,vina_pose,12,A:OLA:201,L:UNL:1,RDKit,20,3.8860099974138,3,2.593058811519707,NA,NA,2,1,hydrogen_bonds=2,hydrogen_bonds=1,0.6,0.6,0.6,0.42857142857142855,3,5,5,1.0,0.5,0.6666666666666666,0.5,1,2,1
3WEB,vina_pose,13,A:OLA:201,L:UNL:1,RDKit,20,4.014068360155317,3,2.088812341978092,NA,NA,2,3,hydrogen_bonds=2,hydrogen_bonds=3,0.8333333333333334,1.0,0.9090909090909091,0.8333333333333334,5,5,6,0.6666666666666666,1.0,0.8,0.6666666666666666,2,2,3
3WEB,vina_pose,14,A:OLA:201,L:UNL:1,RDKit,20,7.867005685138405,3,10.996145718690103,NA,NA,2,0,hydrogen_bonds=2,none=0,0.0,0.0,0.0,0.0,0,5,5,0.0,0.0,0.0,0.0,0,2,0
3WEB,vina_pose,15,A:OLA:201,L:UNL:1,RDKit,20,7.811978821015838,3,10.406732115959041,NA,NA,2,0,hydrogen_bonds=2,none=0,0.0,0.0,0.0,0.0,0,5,3,0.0,0.0,0.0,0.0,0,2,0
3WEB,vina_pose,16,A:OLA:201,L:UNL:1,RDKit,20,5.6468383233451975,3,5.112804416364859,NA,NA,2,2,hydrogen_bonds=2,hydrogen_bonds=2,0.2857142857142857,0.4,0.3333333333333333,0.2,2,5,7,0.0,0.0,0.0,0.0,0,2,2
3WEB,vina_pose,17,A:OLA:201,L:UNL:1,RDKit,20,3.6076585134959767,3,2.191587856631199,NA,NA,2,1,hydrogen_bonds=2,hydrogen_bonds=1,0.6666666666666666,0.8,0.7272727272727272,0.5714285714285714,4,5,6,1.0,0.5,0.6666666666666666,0.5,1,2,1
3WEB,vina_pose,18,A:OLA:201,L:UNL:1,RDKit,20,7.187177505808521,3,11.233410998742396,NA,NA,2,0,hydrogen_bonds=2,none=0,0.0,0.0,0.0,0.0,0,5,6,0.0,0.0,0.0,0.0,0,2,0
3WEB,vina_pose,19,A:OLA:201,L:UNL:1,RDKit,20,5.266664489978453,3,2.395558529167398,NA,NA,2,3,hydrogen_bonds=2,hydrogen_bonds=3,0.7142857142857143,1.0,0.8333333333333333,0.7142857142857143,5,5,7,0.6666666666666666,1.0,0.8,0.6666666666666666,2,2,3
3WEB,vina_pose,20,A:OLA:201,L:UNL:1,RDKit,20,7.875485791365507,3,11.39138879446517,NA,NA,2,0,hydrogen_bonds=2,none=0,0.0,0.0,0.0,0.0,0,5,3,0.0,0.0,0.0,0.0,0,2,0
4AZP,boltz,1,A:A9M:1136,B:A9M:1,RDKit,25,1.9307299235051993,3,2.7327692895892968,134,0.4636223839632299,1,2,hydrogen_bonds=1,hydrogen_bonds=2,0.8,0.8888888888888888,0.8421052631578948,0.7272727272727273,8,9,10,0.0,0.0,0.0,0.0,0,1,2
4AZP,vina_pose,1,A:A9M:1136,L:UNL:1,RDKit,25,3.3267516829483985,3,5.311717832616237,NA,NA,1,5,hydrogen_bonds=1,hydrogen_bonds=5,0.18181818181818182,0.2222222222222222,0.19999999999999998,0.1111111111111111,2,9,11,0.0,0.0,0.0,0.0,0,1,5
4AZP,vina_pose,2,A:A9M:1136,L:UNL:1,RDKit,25,7.1684934679470835,3,8.113916378666962,NA,NA,1,4,hydrogen_bonds=1,hydrogen_bonds=4,0.1,0.1111111111111111,0.10526315789473685,0.05555555555555555,1,9,10,0.0,0.0,0.0,0.0,0,1,4
4AZP,vina_pose,3,A:A9M:1136,L:UNL:1,RDKit,25,2.4468086888843597,3,3.7861691281117738,NA,NA,1,2,hydrogen_bonds=1,hydrogen_bonds=2,0.4444444444444444,0.4444444444444444,0.4444444444444444,0.2857142857142857,4,9,9,0.0,0.0,0.0,0.0,0,1,2
4AZP,vina_pose,4,A:A9M:1136,L:UNL:1,RDKit,25,4.380228975750012,3,3.5283987869853943,NA,NA,1,3,hydrogen_bonds=1,hydrogen_bonds=3,0.875,0.7777777777777778,0.823529411764706,0.7,7,9,8,0.3333333333333333,1.0,0.5,0.3333333333333333,1,1,3
4AZP,vina_pose,5,A:A9M:1136,L:UNL:1,RDKit,25,1.9378527291824836,3,1.6026843107736464,NA,NA,1,3,hydrogen_bonds=1,hydrogen_bonds=3,0.8888888888888888,0.8888888888888888,0.8888888888888888,0.8,8,9,9,0.3333333333333333,1.0,0.5,0.3333333333333333,1,1,3
4AZP,vina_pose,6,A:A9M:1136,L:UNL:1,RDKit,25,5.007573855671027,3,5.390484301062381,NA,NA,1,4,hydrogen_bonds=1,hydrogen_bonds=4,0.3,0.3333333333333333,0.3157894736842105,0.1875,3,9,10,0.0,0.0,0.0,0.0,0,1,4
4AZP,vina_pose,7,A:A9M:1136,L:UNL:1,RDKit,25,3.7659962825260465,3,4.976202836166012,NA,NA,1,4,hydrogen_bonds=1,hydrogen_bonds=4,0.3333333333333333,0.3333333333333333,0.3333333333333333,0.2,3,9,9,0.0,0.0,0.0,0.0,0,1,4
4AZP,vina_pose,8,A:A9M:1136,L:UNL:1,RDKit,25,4.814254388791685,3,4.570399873096445,NA,NA,1,3,hydrogen_bonds=1,hydrogen_bonds=3,0.3,0.3333333333333333,0.3157894736842105,0.1875,3,9,10,0.0,0.0,0.0,0.0,0,1,3
4AZP,vina_pose,9,A:A9M:1136,L:UNL:1,RDKit,25,4.086022016582877,3,2.4047312393141427,NA,NA,1,4,hydrogen_bonds=1,hydrogen_bonds=4,0.8888888888888888,0.8888888888888888,0.8888888888888888,0.8,8,9,9,0.25,1.0,0.4,0.25,1,1,4
4AZP,vina_pose,10,A:A9M:1136,L:UNL:1,RDKit,25,6.798874792199074,3,7.626362391948952,NA,NA,1,3,hydrogen_bonds=1,hydrogen_bonds=3,0.2727272727272727,0.3333333333333333,0.3,0.17647058823529413,3,9,11,0.0,0.0,0.0,0.0,0,1,3
4AZP,vina_pose,11,A:A9M:1136,L:UNL:1,RDKit,25,6.896492989918862,3,7.926271254505488,NA,NA,1,2,hydrogen_bonds=1,hydrogen_bonds=2,0.1,0.1111111111111111,0.10526315789473685,0.05555555555555555,1,9,10,0.0,0.0,0.0,0.0,0,1,2
4AZP,vina_pose,12,A:A9M:1136,L:UNL:1,RDKit,25,5.545436296631673,3,5.705774268230387,NA,NA,1,3,hydrogen_bonds=1,hydrogen_bonds=3,0.5,0.4444444444444444,0.47058823529411764,0.3076923076923077,4,9,8,0.3333333333333333,1.0,0.5,0.3333333333333333,1,1,3
4AZP,vina_pose,13,A:A9M:1136,L:UNL:1,RDKit,25,2.7840452941717735,3,2.2586504820356765,NA,NA,1,2,hydrogen_bonds=1,hydrogen_bonds=2,0.8333333333333334,0.5555555555555556,0.6666666666666667,0.5,5,9,6,0.5,1.0,0.6666666666666666,0.5,1,1,2
4AZP,vina_pose,14,A:A9M:1136,L:UNL:1,RDKit,25,5.2479942263687755,3,4.696081629046355,NA,NA,1,2,hydrogen_bonds=1,hydrogen_bonds=2,0.375,0.3333333333333333,0.35294117647058826,0.21428571428571427,3,9,8,0.0,0.0,0.0,0.0,0,1,2
4AZP,vina_pose,15,A:A9M:1136,L:UNL:1,RDKit,25,2.8133190860618704,3,2.5568035382745635,NA,NA,1,3,hydrogen_bonds=1,hydrogen_bonds=3,0.8,0.4444444444444444,0.5714285714285714,0.4,4,9,5,0.3333333333333333,1.0,0.5,0.3333333333333333,1,1,3
4AZP,vina_pose,16,A:A9M:1136,L:UNL:1,RDKit,25,1.4737414698650506,3,2.021041563154999,NA,NA,1,1,hydrogen_bonds=1,hydrogen_bonds=1,1.0,0.7777777777777778,0.8750000000000001,0.7777777777777778,7,9,7,0.0,0.0,0.0,0.0,0,1,1
4AZP,vina_pose,17,A:A9M:1136,L:UNL:1,RDKit,25,5.656416151592809,3,5.538795476756055,NA,NA,1,3,hydrogen_bonds=1,hydrogen_bonds=3,0.09090909090909091,0.1111111111111111,0.09999999999999999,0.05263157894736842,1,9,11,0.0,0.0,0.0,0.0,0,1,3
4AZP,vina_pose,18,A:A9M:1136,L:UNL:1,RDKit,25,4.125578267346288,3,2.360490556360407,NA,NA,1,4,hydrogen_bonds=1,hydrogen_bonds=4,0.8333333333333334,0.5555555555555556,0.6666666666666667,0.5,5,9,6,0.25,1.0,0.4,0.25,1,1,4
4AZP,vina_pose,19,A:A9M:1136,L:UNL:1,RDKit,25,6.6648164235783725,3,7.204931181720845,NA,NA,1,2,hydrogen_bonds=1,hydrogen_bonds=2,0.4,0.4444444444444444,0.4210526315789474,0.26666666666666666,4,9,10,0.0,0.0,0.0,0.0,0,1,2
4AZP,vina_pose,20,A:A9M:1136,L:UNL:1,RDKit,25,7.136843052779009,3,7.223718063896643,NA,NA,1,2,hydrogen_bonds=1,hydrogen_bonds=2,0.2222222222222222,0.2222222222222222,0.2222222222222222,0.125,2,9,9,0.0,0.0,0.0,0.0,0,1,2
4DOL,boltz,1,A:PLM:301,B:PLM:1,RDKit,18,7.650647902423832,3,0.4389980132417976,207,1.2084753664767403,2,2,hydrogen_bonds=2,hydrogen_bonds=2,0.5714285714285714,0.8,0.6666666666666666,0.5,4,5,7,1.0,1.0,1.0,1.0,2,2,2
4DOL,vina_pose,1,A:PLM:301,L:UNL:1,RDKit,18,5.917719915643187,3,4.873563754242542,NA,NA,2,1,hydrogen_bonds=2,hydrogen_bonds=1,0.42857142857142855,0.6,0.5,0.3333333333333333,3,5,7,1.0,0.5,0.6666666666666666,0.5,1,2,1
4DOL,vina_pose,2,A:PLM:301,L:UNL:1,RDKit,18,2.4034975556467706,3,3.1899781085978214,NA,NA,2,1,hydrogen_bonds=2,hydrogen_bonds=1,0.5714285714285714,0.8,0.6666666666666666,0.5,4,5,7,1.0,0.5,0.6666666666666666,0.5,1,2,1
4DOL,vina_pose,3,A:PLM:301,L:UNL:1,RDKit,18,3.006082121669704,3,4.725409999848337,NA,NA,2,2,hydrogen_bonds=2,hydrogen_bonds=2,0.5,0.4,0.4444444444444445,0.2857142857142857,2,5,4,0.0,0.0,0.0,0.0,0,2,2
4DOL,vina_pose,4,A:PLM:301,L:UNL:1,RDKit,18,2.4478818167732057,3,4.020454037377703,NA,NA,2,1,hydrogen_bonds=2,hydrogen_bonds=1,0.5,0.4,0.4444444444444445,0.2857142857142857,2,5,4,0.0,0.0,0.0,0.0,0,2,1
4DOL,vina_pose,5,A:PLM:301,L:UNL:1,RDKit,18,1.5608756801516541,3,1.8453752102666463,NA,NA,2,2,hydrogen_bonds=2,hydrogen_bonds=2,0.8333333333333334,1.0,0.9090909090909091,0.8333333333333334,5,5,6,1.0,1.0,1.0,1.0,2,2,2
4DOL,vina_pose,6,A:PLM:301,L:UNL:1,RDKit,18,5.4247075753240175,3,5.391055246115242,NA,NA,2,0,hydrogen_bonds=2,none=0,0.2857142857142857,0.4,0.3333333333333333,0.2,2,5,7,0.0,0.0,0.0,0.0,0,2,0
4DOL,vina_pose,7,A:PLM:301,L:UNL:1,RDKit,18,1.1373911913771013,3,1.0619067755693055,NA,NA,2,2,hydrogen_bonds=2,hydrogen_bonds=2,0.7142857142857143,1.0,0.8333333333333333,0.7142857142857143,5,5,7,1.0,1.0,1.0,1.0,2,2,2
4DOL,vina_pose,8,A:PLM:301,L:UNL:1,RDKit,18,5.379287246260213,3,3.890791136345752,NA,NA,2,1,hydrogen_bonds=2,hydrogen_bonds=1,0.5,0.6,0.5454545454545454,0.375,3,5,6,1.0,0.5,0.6666666666666666,0.5,1,2,1
4DOL,vina_pose,9,A:PLM:301,L:UNL:1,RDKit,18,5.333644996102052,3,4.926099031349925,NA,NA,2,0,hydrogen_bonds=2,none=0,0.42857142857142855,0.6,0.5,0.3333333333333333,3,5,7,0.0,0.0,0.0,0.0,0,2,0
4DOL,vina_pose,10,A:PLM:301,L:UNL:1,RDKit,18,6.128685829768076,3,5.01859316276318,NA,NA,2,0,hydrogen_bonds=2,none=0,0.3333333333333333,0.4,0.3636363636363636,0.2222222222222222,2,5,6,0.0,0.0,0.0,0.0,0,2,0
4DOL,vina_pose,11,A:PLM:301,L:UNL:1,RDKit,18,5.166386363364199,3,3.5370295918091115,NA,NA,2,1,hydrogen_bonds=2,hydrogen_bonds=1,0.5,0.6,0.5454545454545454,0.375,3,5,6,1.0,0.5,0.6666666666666666,0.5,1,2,1
4DOL,vina_pose,12,A:PLM:301,L:UNL:1,RDKit,18,3.498885846475513,3,5.543841327695685,NA,NA,2,2,hydrogen_bonds=2,hydrogen_bonds=2,0.25,0.2,0.22222222222222224,0.125,1,5,4,0.0,0.0,0.0,0.0,0,2,2
4DOL,vina_pose,13,A:PLM:301,L:UNL:1,RDKit,18,2.4893033943030902,3,0.8524189110994659,NA,NA,2,2,hydrogen_bonds=2,hydrogen_bonds=2,0.7142857142857143,1.0,0.8333333333333333,0.7142857142857143,5,5,7,1.0,1.0,1.0,1.0,2,2,2
4DOL,vina_pose,14,A:PLM:301,L:UNL:1,RDKit,18,3.4810066152702945,3,6.795808536639821,NA,NA,2,0,hydrogen_bonds=2,none=0,0.0,0.0,0.0,0.0,0,5,6,0.0,0.0,0.0,0.0,0,2,0
4DOL,vina_pose,15,A:PLM:301,L:UNL:1,RDKit,18,4.96859794666016,3,5.255222735527012,NA,NA,2,0,hydrogen_bonds=2,none=0,0.42857142857142855,0.6,0.5,0.3333333333333333,3,5,7,0.0,0.0,0.0,0.0,0,2,0
4DOL,vina_pose,16,A:PLM:301,L:UNL:1,RDKit,18,4.280970820581082,3,4.187936206136223,NA,NA,2,1,hydrogen_bonds=2,hydrogen_bonds=1,0.42857142857142855,0.6,0.5,0.3333333333333333,3,5,7,1.0,0.5,0.6666666666666666,0.5,1,2,1
4DOL,vina_pose,17,A:PLM:301,L:UNL:1,RDKit,18,3.5603278719179157,3,3.539982579994803,NA,NA,2,2,hydrogen_bonds=2,hydrogen_bonds=2,0.5714285714285714,0.8,0.6666666666666666,0.5,4,5,7,0.5,0.5,0.5,0.3333333333333333,1,2,2
4DOL,vina_pose,18,A:PLM:301,L:UNL:1,RDKit,18,4.756499670042153,3,6.1341571004770765,NA,NA,2,0,hydrogen_bonds=2,none=0,0.14285714285714285,0.2,0.16666666666666666,0.09090909090909091,1,5,7,0.0,0.0,0.0,0.0,0,2,0
4DOL,vina_pose,19,A:PLM:301,L:UNL:1,RDKit,18,5.577466474823294,3,1.850176568150546,NA,NA,2,1,hydrogen_bonds=2,hydrogen_bonds=1,0.7142857142857143,1.0,0.8333333333333333,0.7142857142857143,5,5,7,1.0,0.5,0.6666666666666666,0.5,1,2,1
4DOL,vina_pose,20,A:PLM:301,L:UNL:1,RDKit,18,2.366526545147738,3,4.315990886613795,NA,NA,2,0,hydrogen_bonds=2,none=0,0.42857142857142855,0.6,0.5,0.3333333333333333,3,5,7,0.0,0.0,0.0,0.0,0,2,0
4INQ,boltz,1,A:PIF:1001,B:PIF:1,RDKit,43,1.1787489836913692,13,1.258232932251479,372,0.7976794958006362,22,25,attractive_charge=5;hydrogen_bonds=7;ionic=5;salt_bridge=5,attractive_charge=6;hydrogen_bonds=7;ionic=6;salt_bridge=6,0.875,1.0,0.9333333333333333,0.875,14,14,16,0.76,0.8636363636363636,0.8085106382978724,0.6785714285714286,19,22,25
4INQ,vina_pose,1,A:PIF:1001,L:UNL:1,RDKit,43,6.045733523503107,13,1.4520891845888804,NA,NA,22,17,attractive_charge=5;hydrogen_bonds=7;ionic=5;salt_bridge=5,attractive_charge=4;hydrogen_bonds=5;ionic=4;salt_bridge=4,0.9285714285714286,0.9285714285714286,0.9285714285714286,0.8666666666666667,13,14,14,1.0,0.7727272727272727,0.8717948717948718,0.7727272727272727,17,22,17
4INQ,vina_pose,2,A:PIF:1001,L:UNL:1,RDKit,43,2.719156824681008,13,1.2983658960400948,NA,NA,22,18,attractive_charge=5;hydrogen_bonds=7;ionic=5;salt_bridge=5,attractive_charge=4;hydrogen_bonds=6;ionic=4;salt_bridge=4,0.9333333333333333,1.0,0.9655172413793104,0.9333333333333333,14,14,15,1.0,0.8181818181818182,0.9,0.8181818181818182,18,22,18
4INQ,vina_pose,3,A:PIF:1001,L:UNL:1,RDKit,43,4.994422724283279,13,0.5528170513901436,NA,NA,22,18,attractive_charge=5;hydrogen_bonds=7;ionic=5;salt_bridge=5,attractive_charge=4;hydrogen_bonds=6;ionic=4;salt_bridge=4,1.0,1.0,1.0,1.0,14,14,14,1.0,0.8181818181818182,0.9,0.8181818181818182,18,22,18
4INQ,vina_pose,4,A:PIF:1001,L:UNL:1,RDKit,43,2.9153207330831004,13,1.383510223475612,NA,NA,22,18,attractive_charge=5;hydrogen_bonds=7;ionic=5;salt_bridge=5,attractive_charge=4;hydrogen_bonds=6;ionic=4;salt_bridge=4,0.875,1.0,0.9333333333333333,0.875,14,14,16,1.0,0.8181818181818182,0.9,0.8181818181818182,18,22,18
4INQ,vina_pose,5,A:PIF:1001,L:UNL:1,RDKit,43,5.3231470015395965,13,1.3895714336552725,NA,NA,22,18,attractive_charge=5;hydrogen_bonds=7;ionic=5;salt_bridge=5,attractive_charge=4;hydrogen_bonds=6;ionic=4;salt_bridge=4,0.9333333333333333,1.0,0.9655172413793104,0.9333333333333333,14,14,15,1.0,0.8181818181818182,0.9,0.8181818181818182,18,22,18
4INQ,vina_pose,6,A:PIF:1001,L:UNL:1,RDKit,43,5.572547903745187,13,1.3793264521274367,NA,NA,22,18,attractive_charge=5;hydrogen_bonds=7;ionic=5;salt_bridge=5,attractive_charge=4;hydrogen_bonds=6;ionic=4;salt_bridge=4,0.875,1.0,0.9333333333333333,0.875,14,14,16,1.0,0.8181818181818182,0.9,0.8181818181818182,18,22,18
4INQ,vina_pose,7,A:PIF:1001,L:UNL:1,RDKit,43,3.2147810660020975,13,1.2297047488038622,NA,NA,22,19,attractive_charge=5;hydrogen_bonds=7;ionic=5;salt_bridge=5,attractive_charge=4;hydrogen_bonds=7;ionic=4;salt_bridge=4,0.875,1.0,0.9333333333333333,0.875,14,14,16,1.0,0.8636363636363636,0.9268292682926829,0.8636363636363636,19,22,19
4INQ,vina_pose,8,A:PIF:1001,L:UNL:1,RDKit,43,1.3322185640222783,13,0.5343750483580724,NA,NA,22,18,attractive_charge=5;hydrogen_bonds=7;ionic=5;salt_bridge=5,attractive_charge=4;hydrogen_bonds=6;ionic=4;salt_bridge=4,0.9333333333333333,1.0,0.9655172413793104,0.9333333333333333,14,14,15,1.0,0.8181818181818182,0.9,0.8181818181818182,18,22,18
4INQ,vina_pose,9,A:PIF:1001,L:UNL:1,RDKit,43,2.942580342109191,13,1.210861009618934,NA,NA,22,19,attractive_charge=5;hydrogen_bonds=7;ionic=5;salt_bridge=5,attractive_charge=4;hydrogen_bonds=7;ionic=4;salt_bridge=4,0.9285714285714286,0.9285714285714286,0.9285714285714286,0.8666666666666667,13,14,14,0.9473684210526315,0.8181818181818182,0.8780487804878049,0.782608695652174,18,22,19
4INQ,vina_pose,10,A:PIF:1001,L:UNL:1,RDKit,43,4.5712346787681,13,1.6097938950733368,NA,NA,22,22,attractive_charge=5;hydrogen_bonds=7;ionic=5;salt_bridge=5,attractive_charge=5;hydrogen_bonds=7;ionic=5;salt_bridge=5,0.9285714285714286,0.9285714285714286,0.9285714285714286,0.8666666666666667,13,14,14,1.0,1.0,1.0,1.0,22,22,22
4INQ,vina_pose,11,A:PIF:1001,L:UNL:1,RDKit,43,5.065700780281918,13,7.4452277125893,NA,NA,22,16,attractive_charge=5;hydrogen_bonds=7;ionic=5;salt_bridge=5,attractive_charge=4;hydrogen_bonds=4;ionic=4;salt_bridge=4,0.6666666666666666,0.8571428571428571,0.75,0.6,12,14,18,0.9375,0.6818181818181818,0.7894736842105263,0.6521739130434783,15,22,16
4INQ,vina_pose,12,A:PIF:1001,L:UNL:1,RDKit,43,7.105368959210467,13,5.733584132111432,NA,NA,22,6,attractive_charge=5;hydrogen_bonds=7;ionic=5;salt_bridge=5,attractive_charge=1;hydrogen_bonds=3;ionic=1;salt_bridge=1,0.5833333333333334,0.5,0.5384615384615384,0.3684210526315789,7,14,12,0.6666666666666666,0.18181818181818182,0.28571428571428575,0.16666666666666666,4,22,6
4INQ,vina_pose,13,A:PIF:1001,L:UNL:1,RDKit,43,5.478052178869658,13,4.788856704732513,NA,NA,22,7,attractive_charge=5;hydrogen_bonds=7;ionic=5;salt_bridge=5,attractive_charge=1;hydrogen_bonds=4;ionic=1;salt_bridge=1,0.8181818181818182,0.6428571428571429,0.7200000000000001,0.5625,9,14,11,0.5714285714285714,0.18181818181818182,0.27586206896551724,0.16,4,22,7
4INQ,vina_pose,14,A:PIF:1001,L:UNL:1,RDKit,43,3.2518446714813827,13,2.894887522725325,NA,NA,22,12,attractive_charge=5;hydrogen_bonds=7;ionic=5;salt_bridge=5,attractive_charge=2;hydrogen_bonds=6;ionic=2;salt_bridge=2,0.9166666666666666,0.7857142857142857,0.8461538461538461,0.7333333333333333,11,14,12,0.75,0.4090909090909091,0.5294117647058824,0.36,9,22,12
4INQ,vina_pose,15,A:PIF:1001,L:UNL:1,RDKit,43,4.75364881151898,13,1.7688796541226963,NA,NA,22,17,attractive_charge=5;hydrogen_bonds=7;ionic=5;salt_bridge=5,attractive_charge=4;hydrogen_bonds=5;ionic=4;salt_bridge=4,1.0,0.9285714285714286,0.962962962962963,0.9285714285714286,13,14,13,1.0,0.7727272727272727,0.8717948717948718,0.7727272727272727,17,22,17
4INQ,vina_pose,16,A:PIF:1001,L:UNL:1,RDKit,43,6.585052008411807,13,4.554578254561346,NA,NA,22,9,attractive_charge=5;hydrogen_bonds=7;ionic=5;salt_bridge=5,attractive_charge=2;hydrogen_bonds=3;ionic=2;salt_bridge=2,0.6923076923076923,0.6428571428571429,0.6666666666666666,0.5,9,14,13,1.0,0.4090909090909091,0.5806451612903226,0.4090909090909091,9,22,9
4INQ,vina_pose,17,A:PIF:1001,L:UNL:1,RDKit,43,3.9003581529047087,13,3.902913743897973,NA,NA,22,10,attractive_charge=5;hydrogen_bonds=7;ionic=5;salt_bridge=5,attractive_charge=2;hydrogen_bonds=4;ionic=2;salt_bridge=2,0.7,0.5,0.5833333333333334,0.4117647058823529,7,14,10,1.0,0.45454545454545453,0.625,0.45454545454545453,10,22,10
4INQ,vina_pose,18,A:PIF:1001,L:UNL:1,RDKit,43,4.290962146131667,13,1.3541871532967096,NA,NA,22,17,attractive_charge=5;hydrogen_bonds=7;ionic=5;salt_bridge=5,attractive_charge=4;hydrogen_bonds=5;ionic=4;salt_bridge=4,1.0,0.9285714285714286,0.962962962962963,0.9285714285714286,13,14,13,1.0,0.7727272727272727,0.8717948717948718,0.7727272727272727,17,22,17
4INQ,vina_pose,19,A:PIF:1001,L:UNL:1,RDKit,43,5.33000339892557,13,1.7358694119618028,NA,NA,22,17,attractive_charge=5;hydrogen_bonds=7;ionic=5;salt_bridge=5,attractive_charge=4;hydrogen_bonds=5;ionic=4;salt_bridge=4,1.0,0.9285714285714286,0.962962962962963,0.9285714285714286,13,14,13,1.0,0.7727272727272727,0.8717948717948718,0.7727272727272727,17,22,17
4INQ,vina_pose,20,A:PIF:1001,L:UNL:1,RDKit,43,6.076968464697693,13,5.385006513816501,NA,NA,22,9,attractive_charge=5;hydrogen_bonds=7;ionic=5;salt_bridge=5,attractive_charge=2;hydrogen_bonds=3;ionic=2;salt_bridge=2,0.6923076923076923,0.6428571428571429,0.6666666666666666,0.5,9,14,13,0.8888888888888888,0.36363636363636365,0.5161290322580644,0.34782608695652173,8,22,9
4K80,boltz,1,A:1PW:301,B:1PW:1,RDKit,28,1.048194243609662,6,1.630912699429057,209,0.9438165744018101,11,16,attractive_charge=3;hydrogen_bonds=2;ionic=3;salt_bridge=3,attractive_charge=4;hydrogen_bonds=4;ionic=4;salt_bridge=4,0.8333333333333334,0.8333333333333334,0.8333333333333334,0.7142857142857143,5,6,6,0.6875,1.0,0.8148148148148148,0.6875,11,11,16
4K80,vina_pose,1,A:1PW:301,L:UNL:1,RDKit,28,5.351766070320018,6,7.6836193511478275,NA,NA,11,4,attractive_charge=3;hydrogen_bonds=2;ionic=3;salt_bridge=3,attractive_charge=1;hydrogen_bonds=1;ionic=1;salt_bridge=1,0.2,0.16666666666666666,0.1818181818181818,0.1,1,6,5,0.0,0.0,0.0,0.0,0,11,4
4K80,vina_pose,2,A:1PW:301,L:UNL:1,RDKit,28,3.2206529950129235,6,4.203652955069753,NA,NA,11,8,attractive_charge=3;hydrogen_bonds=2;ionic=3;salt_bridge=3,attractive_charge=2;hydrogen_bonds=2;ionic=2;salt_bridge=2,0.3333333333333333,0.3333333333333333,0.3333333333333333,0.2,2,6,6,0.375,0.2727272727272727,0.3157894736842105,0.1875,3,11,8
4K80,vina_pose,3,A:1PW:301,L:UNL:1,RDKit,28,4.53562796880747,6,5.337416650403078,NA,NA,11,4,attractive_charge=3;hydrogen_bonds=2;ionic=3;salt_bridge=3,attractive_charge=1;hydrogen_bonds=1;ionic=1;salt_bridge=1,0.2,0.16666666666666666,0.1818181818181818,0.1,1,6,5,0.0,0.0,0.0,0.0,0,11,4
4K80,vina_pose,4,A:1PW:301,L:UNL:1,RDKit,28,5.4602149061578675,6,8.436345506201128,NA,NA,11,7,attractive_charge=3;hydrogen_bonds=2;ionic=3;salt_bridge=3,attractive_charge=1;hydrogen_bonds=4;ionic=1;salt_bridge=1,0.2,0.16666666666666666,0.1818181818181818,0.1,1,6,5,0.0,0.0,0.0,0.0,0,11,7
4K80,vina_pose,5,A:1PW:301,L:UNL:1,RDKit,28,4.32350054932343,6,6.30409070894976,NA,NA,11,9,attractive_charge=3;hydrogen_bonds=2;ionic=3;salt_bridge=3,attractive_charge=2;hydrogen_bonds=3;ionic=2;salt_bridge=2,0.42857142857142855,0.5,0.4615384615384615,0.3,3,6,7,0.3333333333333333,0.2727272727272727,0.3,0.17647058823529413,3,11,9
4K80,vina_pose,6,A:1PW:301,L:UNL:1,RDKit,28,1.8558256922459064,6,2.600568046921031,NA,NA,11,4,attractive_charge=3;hydrogen_bonds=2;ionic=3;salt_bridge=3,attractive_charge=1;hydrogen_bonds=1;ionic=1;salt_bridge=1,0.8,0.6666666666666666,0.7272727272727272,0.5714285714285714,4,6,5,1.0,0.36363636363636365,0.5333333333333333,0.36363636363636365,4,11,4
4K80,vina_pose,7,A:1PW:301,L:UNL:1,RDKit,28,2.6457216609354153,6,3.989339398112591,NA,NA,11,4,attractive_charge=3;hydrogen_bonds=2;ionic=3;salt_bridge=3,attractive_charge=1;hydrogen_bonds=1;ionic=1;salt_bridge=1,0.5,0.5,0.5,0.3333333333333333,3,6,6,0.0,0.0,0.0,0.0,0,11,4
4K80,vina_pose,8,A:1PW:301,L:UNL:1,RDKit,28,3.607979984898554,6,5.041221644271025,NA,NA,11,9,attractive_charge=3;hydrogen_bonds=2;ionic=3;salt_bridge=3,attractive_charge=2;hydrogen_bonds=3;ionic=2;salt_bridge=2,0.5,0.5,0.5,0.3333333333333333,3,6,6,0.3333333333333333,0.2727272727272727,0.3,0.17647058823529413,3,11,9
4K80,vina_pose,9,A:1PW:301,L:UNL:1,RDKit,28,1.7877765520332798,6,1.2643216231112504,NA,NA,11,12,attractive_charge=3;hydrogen_bonds=2;ionic=3;salt_bridge=3,attractive_charge=3;hydrogen_bonds=3;ionic=3;salt_bridge=3,1.0,0.8333333333333334,0.9090909090909091,0.8333333333333334,5,6,5,0.6666666666666666,0.7272727272727273,0.6956521739130435,0.5333333333333333,8,11,12
4K80,vina_pose,10,A:1PW:301,L:UNL:1,RDKit,28,2.0731281315924495,6,3.8713132138849224,NA,NA,11,9,attractive_charge=3;hydrogen_bonds=2;ionic=3;salt_bridge=3,attractive_charge=2;hydrogen_bonds=3;ionic=2;salt_bridge=2,0.42857142857142855,0.5,0.4615384615384615,0.3,3,6,7,0.3333333333333333,0.2727272727272727,0.3,0.17647058823529413,3,11,9
4K80,vina_pose,11,A:1PW:301,L:UNL:1,RDKit,28,3.3463455707041723,6,2.203344616713418,NA,NA,11,12,attractive_charge=3;hydrogen_bonds=2;ionic=3;salt_bridge=3,attractive_charge=3;hydrogen_bonds=3;ionic=3;salt_bridge=3,1.0,1.0,1.0,1.0,6,6,6,0.6666666666666666,0.7272727272727273,0.6956521739130435,0.5333333333333333,8,11,12
4K80,vina_pose,12,A:1PW:301,L:UNL:1,RDKit,28,4.074662558333599,6,4.451088743217777,NA,NA,11,4,attractive_charge=3;hydrogen_bonds=2;ionic=3;salt_bridge=3,attractive_charge=1;hydrogen_bonds=1;ionic=1;salt_bridge=1,0.5,0.5,0.5,0.3333333333333333,3,6,6,0.0,0.0,0.0,0.0,0,11,4
4K80,vina_pose,13,A:1PW:301,L:UNL:1,RDKit,28,4.3204452151535095,6,2.8144719161268372,NA,NA,11,4,attractive_charge=3;hydrogen_bonds=2;ionic=3;salt_bridge=3,attractive_charge=1;hydrogen_bonds=1;ionic=1;salt_bridge=1,0.8,0.6666666666666666,0.7272727272727272,0.5714285714285714,4,6,5,1.0,0.36363636363636365,0.5333333333333333,0.36363636363636365,4,11,4
4K80,vina_pose,14,A:1PW:301,L:UNL:1,RDKit,28,3.7459524489774294,6,2.9917161462946313,NA,NA,11,5,attractive_charge=3;hydrogen_bonds=2;ionic=3;salt_bridge=3,attractive_charge=1;hydrogen_bonds=2;ionic=1;salt_bridge=1,0.8,0.6666666666666666,0.7272727272727272,0.5714285714285714,4,6,5,0.8,0.36363636363636365,0.5000000000000001,0.3333333333333333,4,11,5
4K80,vina_pose,15,A:1PW:301,L:UNL:1,RDKit,28,4.482351654783776,6,5.887023285724855,NA,NA,11,1,attractive_charge=3;hydrogen_bonds=2;ionic=3;salt_bridge=3,hydrogen_bonds=1,0.5,0.16666666666666666,0.25,0.14285714285714285,1,6,2,0.0,0.0,0.0,0.0,0,11,1
4K80,vina_pose,16,A:1PW:301,L:UNL:1,RDKit,28,5.563463820190748,6,6.396609010509657,NA,NA,11,5,attractive_charge=3;hydrogen_bonds=2;ionic=3;salt_bridge=3,attractive_charge=1;hydrogen_bonds=2;ionic=1;salt_bridge=1,0.3333333333333333,0.5,0.4,0.25,3,6,9,0.0,0.0,0.0,0.0,0,11,5
4K80,vina_pose,17,A:1PW:301,L:UNL:1,RDKit,28,3.573446215789859,6,5.2734913482435894,NA,NA,11,4,attractive_charge=3;hydrogen_bonds=2;ionic=3;salt_bridge=3,attractive_charge=1;hydrogen_bonds=1;ionic=1;salt_bridge=1,0.25,0.16666666666666666,0.2,0.1111111111111111,1,6,4,0.0,0.0,0.0,0.0,0,11,4
4K80,vina_pose,18,A:1PW:301,L:UNL:1,RDKit,28,5.238719094397027,6,6.547252515368565,NA,NA,11,3,attractive_charge=3;hydrogen_bonds=2;ionic=3;salt_bridge=3,hydrogen_bonds=3,0.3333333333333333,0.5,0.4,0.25,3,6,9,0.0,0.0,0.0,0.0,0,11,3
4K80,vina_pose,19,A:1PW:301,L:UNL:1,RDKit,28,4.313313836251659,6,5.572604866666935,NA,NA,11,0,attractive_charge=3;hydrogen_bonds=2;ionic=3;salt_bridge=3,none=0,0.3333333333333333,0.16666666666666666,0.2222222222222222,0.125,1,6,3,0.0,0.0,0.0,0.0,0,11,0
4K80,vina_pose,20,A:1PW:301,L:UNL:1,RDKit,28,4.166414962873614,6,4.685512707626917,NA,NA,11,4,attractive_charge=3;hydrogen_bonds=2;ionic=3;salt_bridge=3,attractive_charge=1;hydrogen_bonds=1;ionic=1;salt_bridge=1,0.6,0.5,0.5454545454545454,0.375,3,6,5,0.0,0.0,0.0,0.0,0,11,4
4NS0,boltz,1,A:PIO:601,B:PIO:1,RDKit_partial_pred,34,3.087601628948118,19,2.7744387041626006,128,1.1135395365985226,15,16,attractive_charge=3;hydrogen_bonds=6;ionic=3;salt_bridge=3,attractive_charge=4;hydrogen_bonds=4;ionic=4;salt_bridge=4,0.75,0.75,0.75,0.6,6,8,8,0.75,0.8,0.7741935483870969,0.631578947368421,12,15,16
4NS0,vina_pose,1,A:PIO:601,L:UNL:1,RDKit,34,5.484501647691375,19,4.784419395012149,NA,NA,15,14,attractive_charge=3;hydrogen_bonds=6;ionic=3;salt_bridge=3,attractive_charge=3;hydrogen_bonds=5;ionic=3;salt_bridge=3,0.8888888888888888,1.0,0.9411764705882353,0.8888888888888888,8,8,9,0.9285714285714286,0.8666666666666667,0.896551724137931,0.8125,13,15,14
4NS0,vina_pose,2,A:PIO:601,L:UNL:1,RDKit,34,5.686756992191181,19,4.903053302199613,NA,NA,15,9,attractive_charge=3;hydrogen_bonds=6;ionic=3;salt_bridge=3,attractive_charge=2;hydrogen_bonds=3;ionic=2;salt_bridge=2,0.875,0.875,0.875,0.7777777777777778,7,8,8,0.8888888888888888,0.5333333333333333,0.6666666666666667,0.5,8,15,9
4NS0,vina_pose,3,A:PIO:601,L:UNL:1,RDKit,34,5.614316353541815,19,4.999089469725041,NA,NA,15,13,attractive_charge=3;hydrogen_bonds=6;ionic=3;salt_bridge=3,attractive_charge=3;hydrogen_bonds=4;ionic=3;salt_bridge=3,0.875,0.875,0.875,0.7777777777777778,7,8,8,0.9230769230769231,0.8,0.8571428571428571,0.75,12,15,13
4NS0,vina_pose,4,A:PIO:601,L:UNL:1,RDKit,34,4.468175410612256,19,4.354578050741542,NA,NA,15,15,attractive_charge=3;hydrogen_bonds=6;ionic=3;salt_bridge=3,attractive_charge=3;hydrogen_bonds=6;ionic=3;salt_bridge=3,0.8888888888888888,1.0,0.9411764705882353,0.8888888888888888,8,8,9,0.9333333333333333,0.9333333333333333,0.9333333333333333,0.875,14,15,15
4NS0,vina_pose,5,A:PIO:601,L:UNL:1,RDKit,34,10.198344583082791,19,10.480514395772758,NA,NA,15,10,attractive_charge=3;hydrogen_bonds=6;ionic=3;salt_bridge=3,attractive_charge=2;hydrogen_bonds=4;ionic=2;salt_bridge=2,0.6666666666666666,0.75,0.7058823529411765,0.5454545454545454,6,8,9,0.4,0.26666666666666666,0.32,0.19047619047619047,4,15,10
4NS0,vina_pose,6,A:PIO:601,L:UNL:1,RDKit,34,5.44910434896253,19,5.287024060948903,NA,NA,15,8,attractive_charge=3;hydrogen_bonds=6;ionic=3;salt_bridge=3,attractive_charge=2;hydrogen_bonds=2;ionic=2;salt_bridge=2,0.8888888888888888,1.0,0.9411764705882353,0.8888888888888888,8,8,9,0.875,0.4666666666666667,0.608695652173913,0.4375,7,15,8
4NS0,vina_pose,7,A:PIO:601,L:UNL:1,RDKit,34,5.011890860743078,19,4.7655960912841895,NA,NA,15,15,attractive_charge=3;hydrogen_bonds=6;ionic=3;salt_bridge=3,attractive_charge=3;hydrogen_bonds=6;ionic=3;salt_bridge=3,0.875,0.875,0.875,0.7777777777777778,7,8,8,0.8666666666666667,0.8666666666666667,0.8666666666666667,0.7647058823529411,13,15,15
4NS0,vina_pose,8,A:PIO:601,L:UNL:1,RDKit,34,8.868339489110554,19,8.777779646716803,NA,NA,15,8,attractive_charge=3;hydrogen_bonds=6;ionic=3;salt_bridge=3,attractive_charge=1;hydrogen_bonds=5;ionic=1;salt_bridge=1,0.625,0.625,0.625,0.45454545454545453,5,8,8,0.625,0.3333333333333333,0.43478260869565216,0.2777777777777778,5,15,8
4NS0,vina_pose,9,A:PIO:601,L:UNL:1,RDKit,34,10.035922300006348,19,7.279243352813099,NA,NA,15,9,attractive_charge=3;hydrogen_bonds=6;ionic=3;salt_bridge=3,attractive_charge=2;hydrogen_bonds=3;ionic=2;salt_bridge=2,0.8888888888888888,1.0,0.9411764705882353,0.8888888888888888,8,8,9,0.8888888888888888,0.5333333333333333,0.6666666666666667,0.5,8,15,9
4NS0,vina_pose,10,A:PIO:601,L:UNL:1,RDKit,34,6.029864694609168,19,5.436772746284034,NA,NA,15,6,attractive_charge=3;hydrogen_bonds=6;ionic=3;salt_bridge=3,attractive_charge=1;hydrogen_bonds=3;ionic=1;salt_bridge=1,0.8888888888888888,1.0,0.9411764705882353,0.8888888888888888,8,8,9,0.8333333333333334,0.3333333333333333,0.47619047619047616,0.3125,5,15,6
4NS0,vina_pose,11,A:PIO:601,L:UNL:1,RDKit,34,8.582941255084721,19,6.992866523145306,NA,NA,15,10,attractive_charge=3;hydrogen_bonds=6;ionic=3;salt_bridge=3,attractive_charge=2;hydrogen_bonds=4;ionic=2;salt_bridge=2,0.8888888888888888,1.0,0.9411764705882353,0.8888888888888888,8,8,9,0.8,0.5333333333333333,0.64,0.47058823529411764,8,15,10
4NS0,vina_pose,12,A:PIO:601,L:UNL:1,RDKit,34,6.482212124684888,19,5.272066432973337,NA,NA,15,9,attractive_charge=3;hydrogen_bonds=6;ionic=3;salt_bridge=3,attractive_charge=2;hydrogen_bonds=3;ionic=2;salt_bridge=2,0.8888888888888888,1.0,0.9411764705882353,0.8888888888888888,8,8,9,0.8888888888888888,0.5333333333333333,0.6666666666666667,0.5,8,15,9
4NS0,vina_pose,13,A:PIO:601,L:UNL:1,RDKit,34,5.604941472644001,19,4.866080212201495,NA,NA,15,9,attractive_charge=3;hydrogen_bonds=6;ionic=3;salt_bridge=3,attractive_charge=2;hydrogen_bonds=3;ionic=2;salt_bridge=2,1.0,1.0,1.0,1.0,8,8,8,0.7777777777777778,0.4666666666666667,0.5833333333333334,0.4117647058823529,7,15,9
4NS0,vina_pose,14,A:PIO:601,L:UNL:1,RDKit,34,9.276593207067549,19,6.519106755893544,NA,NA,15,12,attractive_charge=3;hydrogen_bonds=6;ionic=3;salt_bridge=3,attractive_charge=2;hydrogen_bonds=6;ionic=2;salt_bridge=2,1.0,1.0,1.0,1.0,8,8,8,0.8333333333333334,0.6666666666666666,0.7407407407407408,0.5882352941176471,10,15,12
4NS0,vina_pose,15,A:PIO:601,L:UNL:1,RDKit,34,9.355000012575848,19,9.730835505319105,NA,NA,15,9,attractive_charge=3;hydrogen_bonds=6;ionic=3;salt_bridge=3,attractive_charge=2;hydrogen_bonds=3;ionic=2;salt_bridge=2,0.2857142857142857,0.25,0.26666666666666666,0.15384615384615385,2,8,7,0.4444444444444444,0.26666666666666666,0.33333333333333337,0.2,4,15,9
4NS0,vina_pose,16,A:PIO:601,L:UNL:1,RDKit,34,9.726132271904811,19,9.773758572400842,NA,NA,15,6,attractive_charge=3;hydrogen_bonds=6;ionic=3;salt_bridge=3,attractive_charge=1;hydrogen_bonds=3;ionic=1;salt_bridge=1,0.625,0.625,0.625,0.45454545454545453,5,8,8,0.8333333333333334,0.3333333333333333,0.47619047619047616,0.3125,5,15,6
4NS0,vina_pose,17,A:PIO:601,L:UNL:1,RDKit,34,9.672793302077011,19,7.494724997588216,NA,NA,15,8,attractive_charge=3;hydrogen_bonds=6;ionic=3;salt_bridge=3,attractive_charge=2;hydrogen_bonds=2;ionic=2;salt_bridge=2,0.8571428571428571,0.75,0.7999999999999999,0.6666666666666666,6,8,7,0.75,0.4,0.5217391304347827,0.35294117647058826,6,15,8
4NS0,vina_pose,18,A:PIO:601,L:UNL:1,RDKit,34,3.098367311988687,19,2.293593675298313,NA,NA,15,15,attractive_charge=3;hydrogen_bonds=6;ionic=3;salt_bridge=3,attractive_charge=3;hydrogen_bonds=6;ionic=3;salt_bridge=3,1.0,1.0,1.0,1.0,8,8,8,0.9333333333333333,0.9333333333333333,0.9333333333333333,0.875,14,15,15
4NS0,vina_pose,19,A:PIO:601,L:UNL:1,RDKit,34,10.130980498102895,19,7.252723125615792,NA,NA,15,14,attractive_charge=3;hydrogen_bonds=6;ionic=3;salt_bridge=3,attractive_charge=3;hydrogen_bonds=5;ionic=3;salt_bridge=3,0.8888888888888888,1.0,0.9411764705882353,0.8888888888888888,8,8,9,0.8571428571428571,0.8,0.8275862068965518,0.7058823529411765,12,15,14
4NS0,vina_pose,20,A:PIO:601,L:UNL:1,RDKit,34,6.411644214194341,19,5.3360907285350665,NA,NA,15,15,attractive_charge=3;hydrogen_bonds=6;ionic=3;salt_bridge=3,attractive_charge=3;hydrogen_bonds=6;ionic=3;salt_bridge=3,0.875,0.875,0.875,0.7777777777777778,7,8,8,0.8,0.8,0.8000000000000002,0.6666666666666666,12,15,15
4QA8,boltz,1,A:PJZ:301,B:PJZ:1,RDKit,34,0.48059454562547027,6,0.4277577666868723,210,0.5193830363250064,0,0,none=0,none=0,1.0,1.0,1.0,1.0,5,5,5,NA,NA,NA,NA,0,0,0
4QA8,vina_pose,1,A:PJZ:301,L:UNL:1,RDKit,34,10.79419653849997,6,14.060370170565685,NA,NA,0,1,none=0,hydrogen_bonds=1,0.0,0.0,0.0,0.0,0,5,10,NA,NA,NA,NA,0,0,1
4QA8,vina_pose,2,A:PJZ:301,L:UNL:1,RDKit,34,6.139765597173502,6,5.763255951861471,NA,NA,0,1,none=0,hydrogen_bonds=1,0.5555555555555556,1.0,0.7142857142857143,0.5555555555555556,5,5,9,NA,NA,NA,NA,0,0,1
4QA8,vina_pose,3,A:PJZ:301,L:UNL:1,RDKit,34,5.74058543591669,6,5.331754214140033,NA,NA,0,0,none=0,none=0,0.5,0.8,0.6153846153846154,0.4444444444444444,4,5,8,NA,NA,NA,NA,0,0,0
4QA8,vina_pose,4,A:PJZ:301,L:UNL:1,RDKit,34,6.371601631688941,6,5.322848782998317,NA,NA,0,0,none=0,none=0,0.8333333333333334,1.0,0.9090909090909091,0.8333333333333334,5,5,6,NA,NA,NA,NA,0,0,0
4QA8,vina_pose,5,A:PJZ:301,L:UNL:1,RDKit,34,10.461454134949264,6,13.405060611575017,NA,NA,0,0,none=0,none=0,0.0,0.0,0.0,0.0,0,5,16,NA,NA,NA,NA,0,0,0
4QA8,vina_pose,6,A:PJZ:301,L:UNL:1,RDKit,34,3.890803353459812,6,3.5526019572514267,NA,NA,0,0,none=0,none=0,0.8,0.8,0.8000000000000002,0.6666666666666666,4,5,5,NA,NA,NA,NA,0,0,0
4QA8,vina_pose,7,A:PJZ:301,L:UNL:1,RDKit,34,5.450435452112708,6,5.7426483002182875,NA,NA,0,0,none=0,none=0,0.3333333333333333,0.6,0.42857142857142855,0.2727272727272727,3,5,9,NA,NA,NA,NA,0,0,0
4QA8,vina_pose,8,A:PJZ:301,L:UNL:1,RDKit,34,1.9833564688055805,6,3.2596114032197154,NA,NA,0,1,none=0,hydrogen_bonds=1,0.7142857142857143,1.0,0.8333333333333333,0.7142857142857143,5,5,7,NA,NA,NA,NA,0,0,1
4QA8,vina_pose,9,A:PJZ:301,L:UNL:1,RDKit,34,4.74793410492457,6,3.985442091746745,NA,NA,0,0,none=0,none=0,0.5,0.8,0.6153846153846154,0.4444444444444444,4,5,8,NA,NA,NA,NA,0,0,0
4QA8,vina_pose,10,A:PJZ:301,L:UNL:1,RDKit,34,6.210919729182864,6,5.784251075117677,NA,NA,0,0,none=0,none=0,0.4444444444444444,0.8,0.5714285714285714,0.4,4,5,9,NA,NA,NA,NA,0,0,0
4QA8,vina_pose,11,A:PJZ:301,L:UNL:1,RDKit,34,5.245375545911566,6,4.174369233788502,NA,NA,0,0,none=0,none=0,0.5,0.6,0.5454545454545454,0.375,3,5,6,NA,NA,NA,NA,0,0,0
4QA8,vina_pose,12,A:PJZ:301,L:UNL:1,RDKit,34,7.12758906932607,6,7.896619487687964,NA,NA,0,0,none=0,none=0,0.125,0.2,0.15384615384615385,0.08333333333333333,1,5,8,NA,NA,NA,NA,0,0,0
4QA8,vina_pose,13,A:PJZ:301,L:UNL:1,RDKit,34,8.515627454343951,6,8.695057676634468,NA,NA,0,0,none=0,none=0,0.1111111111111111,0.2,0.14285714285714285,0.07692307692307693,1,5,9,NA,NA,NA,NA,0,0,0
4QA8,vina_pose,14,A:PJZ:301,L:UNL:1,RDKit,34,9.934591994049644,6,10.828708548729775,NA,NA,0,0,none=0,none=0,0.0,0.0,0.0,0.0,0,5,7,NA,NA,NA,NA,0,0,0
4QA8,vina_pose,15,A:PJZ:301,L:UNL:1,RDKit,34,9.601673329961509,6,10.22670779544098,NA,NA,0,0,none=0,none=0,0.08333333333333333,0.2,0.11764705882352941,0.0625,1,5,12,NA,NA,NA,NA,0,0,0
4QA8,vina_pose,16,A:PJZ:301,L:UNL:1,RDKit,34,6.060974550350793,6,4.219192438528175,NA,NA,0,0,none=0,none=0,0.5555555555555556,1.0,0.7142857142857143,0.5555555555555556,5,5,9,NA,NA,NA,NA,0,0,0
4QA8,vina_pose,17,A:PJZ:301,L:UNL:1,RDKit,34,8.501210647348309,6,7.5794125431988455,NA,NA,0,0,none=0,none=0,0.25,0.4,0.3076923076923077,0.18181818181818182,2,5,8,NA,NA,NA,NA,0,0,0
4QA8,vina_pose,18,A:PJZ:301,L:UNL:1,RDKit,34,8.412868605682046,6,6.434700174315299,NA,NA,0,0,none=0,none=0,0.3333333333333333,0.6,0.42857142857142855,0.2727272727272727,3,5,9,NA,NA,NA,NA,0,0,0
4QA8,vina_pose,19,A:PJZ:301,L:UNL:1,RDKit,34,8.158073532685636,6,6.940587343061585,NA,NA,0,0,none=0,none=0,0.3333333333333333,0.6,0.42857142857142855,0.2727272727272727,3,5,9,NA,NA,NA,NA,0,0,0
4QA8,vina_pose,20,A:PJZ:301,L:UNL:1,RDKit,34,7.632637667589487,6,7.875121417053411,NA,NA,0,0,none=0,none=0,0.125,0.2,0.15384615384615385,0.08333333333333333,1,5,8,NA,NA,NA,NA,0,0,0
4TW3,boltz,1,A:STE:303,B:STE:1,RDKit,20,1.2053375421797021,3,1.757439485344237,222,0.26430866444443535,5,4,hydrogen_bonds=5,hydrogen_bonds=4,1.0,0.8333333333333334,0.9090909090909091,0.8333333333333334,10,12,10,1.0,0.8,0.888888888888889,0.8,4,5,4
4TW3,vina_pose,1,A:STE:303,L:UNL:1,RDKit,20,2.5500560778147605,3,4.8017587402950594,NA,NA,5,2,hydrogen_bonds=5,hydrogen_bonds=2,0.5714285714285714,0.3333333333333333,0.4210526315789474,0.26666666666666666,4,12,7,0.5,0.2,0.28571428571428575,0.16666666666666666,1,5,2
4TW3,vina_pose,2,A:STE:303,L:UNL:1,RDKit,20,1.6416213631650876,3,2.4210616128742637,NA,NA,5,3,hydrogen_bonds=5,hydrogen_bonds=3,0.9,0.75,0.8181818181818182,0.6923076923076923,9,12,10,0.3333333333333333,0.2,0.25,0.14285714285714285,1,5,3
4TW3,vina_pose,3,A:STE:303,L:UNL:1,RDKit,20,1.7042942527627087,3,0.49922439844222344,NA,NA,5,5,hydrogen_bonds=5,hydrogen_bonds=5,1.0,1.0,1.0,1.0,12,12,12,1.0,1.0,1.0,1.0,5,5,5
4TW3,vina_pose,4,A:STE:303,L:UNL:1,RDKit,20,2.308786022999966,3,3.8962215884965605,NA,NA,5,3,hydrogen_bonds=5,hydrogen_bonds=3,0.75,0.5,0.6,0.42857142857142855,6,12,8,0.3333333333333333,0.2,0.25,0.14285714285714285,1,5,3
4TW3,vina_pose,5,A:STE:303,L:UNL:1,RDKit,20,8.209530321522664,3,12.676146088881534,NA,NA,5,2,hydrogen_bonds=5,hydrogen_bonds=2,0.0,0.0,0.0,0.0,0,12,9,0.0,0.0,0.0,0.0,0,5,2
4TW3,vina_pose,6,A:STE:303,L:UNL:1,RDKit,20,8.242436314585634,3,12.210915594936631,NA,NA,5,2,hydrogen_bonds=5,hydrogen_bonds=2,0.0,0.0,0.0,0.0,0,12,9,0.0,0.0,0.0,0.0,0,5,2
4TW3,vina_pose,7,A:STE:303,L:UNL:1,RDKit,20,8.486639723706904,3,12.216025240096169,NA,NA,5,2,hydrogen_bonds=5,hydrogen_bonds=2,0.0,0.0,0.0,0.0,0,12,9,0.0,0.0,0.0,0.0,0,5,2
4TW3,vina_pose,8,A:STE:303,L:UNL:1,RDKit,20,8.205705076347797,3,12.685972765223799,NA,NA,5,1,hydrogen_bonds=5,hydrogen_bonds=1,0.0,0.0,0.0,0.0,0,12,9,0.0,0.0,0.0,0.0,0,5,1
4TW3,vina_pose,9,A:STE:303,L:UNL:1,RDKit,20,3.2735466240760953,3,7.255453420244205,NA,NA,5,0,hydrogen_bonds=5,none=0,0.2222222222222222,0.16666666666666666,0.1904761904761905,0.10526315789473684,2,12,9,0.0,0.0,0.0,0.0,0,5,0
4TW3,vina_pose,10,A:STE:303,L:UNL:1,RDKit,20,8.334663859448682,3,13.554176195303548,NA,NA,5,1,hydrogen_bonds=5,hydrogen_bonds=1,0.0,0.0,0.0,0.0,0,12,6,0.0,0.0,0.0,0.0,0,5,1
4TW3,vina_pose,11,A:STE:303,L:UNL:1,RDKit,20,3.3474324862497227,3,7.27022480165962,NA,NA,5,1,hydrogen_bonds=5,hydrogen_bonds=1,0.4,0.16666666666666666,0.23529411764705882,0.13333333333333333,2,12,5,0.0,0.0,0.0,0.0,0,5,1
4TW3,vina_pose,12,A:STE:303,L:UNL:1,RDKit,20,4.218871436770739,3,0.778920834659509,NA,NA,5,5,hydrogen_bonds=5,hydrogen_bonds=5,1.0,0.9166666666666666,0.9565217391304348,0.9166666666666666,11,12,11,1.0,1.0,1.0,1.0,5,5,5
4TW3,vina_pose,13,A:STE:303,L:UNL:1,RDKit,20,8.711700850006272,3,12.829616362152066,NA,NA,5,0,hydrogen_bonds=5,none=0,0.0,0.0,0.0,0.0,0,12,8,0.0,0.0,0.0,0.0,0,5,0
4TW3,vina_pose,14,A:STE:303,L:UNL:1,RDKit,20,8.115399429479735,3,10.660356154150449,NA,NA,5,1,hydrogen_bonds=5,hydrogen_bonds=1,0.16666666666666666,0.08333333333333333,0.1111111111111111,0.058823529411764705,1,12,6,0.0,0.0,0.0,0.0,0,5,1
4TW3,vina_pose,15,A:STE:303,L:UNL:1,RDKit,20,5.7119675769387905,3,12.172882006054824,NA,NA,5,0,hydrogen_bonds=5,none=0,0.0,0.0,0.0,0.0,0,12,8,0.0,0.0,0.0,0.0,0,5,0
4TW3,vina_pose,16,A:STE:303,L:UNL:1,RDKit,20,8.779095474477995,3,11.357570867047231,NA,NA,5,1,hydrogen_bonds=5,hydrogen_bonds=1,0.0,0.0,0.0,0.0,0,12,7,0.0,0.0,0.0,0.0,0,5,1
4TW3,vina_pose,17,A:STE:303,L:UNL:1,RDKit,20,7.9243665078036365,3,10.320618150091592,NA,NA,5,1,hydrogen_bonds=5,hydrogen_bonds=1,0.14285714285714285,0.08333333333333333,0.10526315789473685,0.05555555555555555,1,12,7,0.0,0.0,0.0,0.0,0,5,1
4TW3,vina_pose,18,A:STE:303,L:UNL:1,RDKit,20,8.229403240818863,3,12.18689200192841,NA,NA,5,2,hydrogen_bonds=5,hydrogen_bonds=2,0.0,0.0,0.0,0.0,0,12,8,0.0,0.0,0.0,0.0,0,5,2
4TW3,vina_pose,19,A:STE:303,L:UNL:1,RDKit,20,4.270578631754718,3,3.886266460241757,NA,NA,5,2,hydrogen_bonds=5,hydrogen_bonds=2,0.8571428571428571,0.5,0.631578947368421,0.46153846153846156,6,12,7,0.5,0.2,0.28571428571428575,0.16666666666666666,1,5,2
4TW3,vina_pose,20,A:STE:303,L:UNL:1,RDKit,20,8.361931003063825,3,12.184322153215307,NA,NA,5,3,hydrogen_bonds=5,hydrogen_bonds=3,0.0,0.0,0.0,0.0,0,12,8,0.0,0.0,0.0,0.0,0,5,3
4WBK,boltz,1,A:STE:200,B:STE:1,RDKit,20,0.4656093096963303,3,0.11756750942063249,133,0.3257590624128646,2,2,hydrogen_bonds=2,hydrogen_bonds=2,0.875,1.0,0.9333333333333333,0.875,7,7,8,1.0,1.0,1.0,1.0,2,2,2
4WBK,vina_pose,1,A:STE:200,L:UNL:1,RDKit,20,2.5633804341142965,3,2.15742369505853,NA,NA,2,3,hydrogen_bonds=2,hydrogen_bonds=3,1.0,1.0,1.0,1.0,7,7,7,0.3333333333333333,0.5,0.4,0.25,1,2,3
4WBK,vina_pose,2,A:STE:200,L:UNL:1,RDKit,20,5.008316039348955,3,1.8929884662441383,NA,NA,2,2,hydrogen_bonds=2,hydrogen_bonds=2,0.8,0.5714285714285714,0.6666666666666666,0.5,4,7,5,1.0,1.0,1.0,1.0,2,2,2
4WBK,vina_pose,3,A:STE:200,L:UNL:1,RDKit,20,5.63022855219928,3,6.2296720887485995,NA,NA,2,2,hydrogen_bonds=2,hydrogen_bonds=2,0.16666666666666666,0.14285714285714285,0.15384615384615383,0.08333333333333333,1,7,6,0.0,0.0,0.0,0.0,0,2,2
4WBK,vina_pose,4,A:STE:200,L:UNL:1,RDKit,20,5.412503727481396,3,6.204362766097203,NA,NA,2,2,hydrogen_bonds=2,hydrogen_bonds=2,0.16666666666666666,0.14285714285714285,0.15384615384615383,0.08333333333333333,1,7,6,0.0,0.0,0.0,0.0,0,2,2
4WBK,vina_pose,5,A:STE:200,L:UNL:1,RDKit,20,5.380132349673194,3,7.1288234419619805,NA,NA,2,2,hydrogen_bonds=2,hydrogen_bonds=2,0.3333333333333333,0.2857142857142857,0.30769230769230765,0.18181818181818182,2,7,6,0.0,0.0,0.0,0.0,0,2,2
4WBK,vina_pose,6,A:STE:200,L:UNL:1,RDKit,20,3.6665625659464753,3,7.895254629628273,NA,NA,2,3,hydrogen_bonds=2,hydrogen_bonds=3,0.0,0.0,0.0,0.0,0,7,10,0.0,0.0,0.0,0.0,0,2,3
4WBK,vina_pose,7,A:STE:200,L:UNL:1,RDKit,20,3.950364502169388,3,7.685557234189334,NA,NA,2,3,hydrogen_bonds=2,hydrogen_bonds=3,0.0,0.0,0.0,0.0,0,7,7,0.0,0.0,0.0,0.0,0,2,3
4WBK,vina_pose,8,A:STE:200,L:UNL:1,RDKit,20,4.805300505691606,3,2.8173728897680546,NA,NA,2,4,hydrogen_bonds=2,hydrogen_bonds=4,0.8333333333333334,0.7142857142857143,0.7692307692307692,0.625,5,7,6,0.25,0.5,0.3333333333333333,0.2,1,2,4
4WBK,vina_pose,9,A:STE:200,L:UNL:1,RDKit,20,3.233700743730007,3,5.0700856008552755,NA,NA,2,3,hydrogen_bonds=2,hydrogen_bonds=3,0.4,0.2857142857142857,0.3333333333333333,0.2,2,7,5,0.0,0.0,0.0,0.0,0,2,3
4WBK,vina_pose,10,A:STE:200,L:UNL:1,RDKit,20,3.9549970290760017,3,6.680099375508322,NA,NA,2,2,hydrogen_bonds=2,hydrogen_bonds=2,0.0,0.0,0.0,0.0,0,7,9,0.0,0.0,0.0,0.0,0,2,2
4WBK,vina_pose,11,A:STE:200,L:UNL:1,RDKit,20,4.299874940041861,3,7.583176159543352,NA,NA,2,3,hydrogen_bonds=2,hydrogen_bonds=3,0.0,0.0,0.0,0.0,0,7,8,0.0,0.0,0.0,0.0,0,2,3
4WBK,vina_pose,12,A:STE:200,L:UNL:1,RDKit,20,6.053664617403247,3,7.14199145896997,NA,NA,2,2,hydrogen_bonds=2,hydrogen_bonds=2,0.3333333333333333,0.2857142857142857,0.30769230769230765,0.18181818181818182,2,7,6,0.0,0.0,0.0,0.0,0,2,2
4WBK,vina_pose,13,A:STE:200,L:UNL:1,RDKit,20,5.4320871081012685,3,7.0488364288015655,NA,NA,2,3,hydrogen_bonds=2,hydrogen_bonds=3,0.14285714285714285,0.14285714285714285,0.14285714285714285,0.07692307692307693,1,7,7,0.0,0.0,0.0,0.0,0,2,3
4WBK,vina_pose,14,A:STE:200,L:UNL:1,RDKit,20,4.06350936383811,3,7.588369609694386,NA,NA,2,3,hydrogen_bonds=2,hydrogen_bonds=3,0.0,0.0,0.0,0.0,0,7,8,0.0,0.0,0.0,0.0,0,2,3
4WBK,vina_pose,15,A:STE:200,L:UNL:1,RDKit,20,2.9500953120195965,3,6.009494543359422,NA,NA,2,1,hydrogen_bonds=2,hydrogen_bonds=1,0.14285714285714285,0.14285714285714285,0.14285714285714285,0.07692307692307693,1,7,7,0.0,0.0,0.0,0.0,0,2,1
4WBK,vina_pose,16,A:STE:200,L:UNL:1,RDKit,20,5.908206221011587,3,7.601895991571226,NA,NA,2,2,hydrogen_bonds=2,hydrogen_bonds=2,0.0,0.0,0.0,0.0,0,7,5,0.0,0.0,0.0,0.0,0,2,2
4WBK,vina_pose,17,A:STE:200,L:UNL:1,RDKit,20,6.523261059470179,3,7.114152584812896,NA,NA,2,2,hydrogen_bonds=2,hydrogen_bonds=2,0.2857142857142857,0.2857142857142857,0.2857142857142857,0.16666666666666666,2,7,7,0.0,0.0,0.0,0.0,0,2,2
4WBK,vina_pose,18,A:STE:200,L:UNL:1,RDKit,20,5.67707390298911,3,7.022159449438138,NA,NA,2,2,hydrogen_bonds=2,hydrogen_bonds=2,0.16666666666666666,0.14285714285714285,0.15384615384615383,0.08333333333333333,1,7,6,0.0,0.0,0.0,0.0,0,2,2
4WBK,vina_pose,19,A:STE:200,L:UNL:1,RDKit,20,3.7359325609544936,3,5.599384430453047,NA,NA,2,3,hydrogen_bonds=2,hydrogen_bonds=3,0.4,0.2857142857142857,0.3333333333333333,0.2,2,7,5,0.0,0.0,0.0,0.0,0,2,3
4WBK,vina_pose,20,A:STE:200,L:UNL:1,RDKit,20,4.568728548513251,3,6.543086504089641,NA,NA,2,3,hydrogen_bonds=2,hydrogen_bonds=3,0.2222222222222222,0.2857142857142857,0.25,0.14285714285714285,2,7,9,0.0,0.0,0.0,0.0,0,2,3
4X9X,boltz,1,A:OLA:301,B:OLA:1,RDKit,20,0.8711691942678811,3,1.8472776306357563,268,3.8893810694864137,4,3,hydrogen_bonds=4,hydrogen_bonds=3,1.0,0.9,0.9473684210526316,0.9,9,10,9,1.0,0.75,0.8571428571428571,0.75,3,4,3
4X9X,vina_pose,1,A:OLA:301,L:UNL:1,RDKit,20,1.749669754553698,3,2.270565054489008,NA,NA,4,4,hydrogen_bonds=4,hydrogen_bonds=4,0.7777777777777778,0.7,0.7368421052631577,0.5833333333333334,7,10,9,0.75,0.75,0.75,0.6,3,4,4
4X9X,vina_pose,2,A:OLA:301,L:UNL:1,RDKit,20,1.4667409450888045,3,2.3878280926398383,NA,NA,4,3,hydrogen_bonds=4,hydrogen_bonds=3,0.8888888888888888,0.8,0.8421052631578948,0.7272727272727273,8,10,9,0.6666666666666666,0.5,0.5714285714285715,0.4,2,4,3
4X9X,vina_pose,3,A:OLA:301,L:UNL:1,RDKit,20,1.5461336617511432,3,2.262433719102802,NA,NA,4,4,hydrogen_bonds=4,hydrogen_bonds=4,0.7777777777777778,0.7,0.7368421052631577,0.5833333333333334,7,10,9,0.75,0.75,0.75,0.6,3,4,4
4X9X,vina_pose,4,A:OLA:301,L:UNL:1,RDKit,20,9.25114088910119,3,15.229753970435636,NA,NA,4,5,hydrogen_bonds=4,hydrogen_bonds=5,0.0,0.0,0.0,0.0,0,10,11,0.0,0.0,0.0,0.0,0,4,5
4X9X,vina_pose,5,A:OLA:301,L:UNL:1,RDKit,20,1.6474239284410068,3,0.4991502779724755,NA,NA,4,4,hydrogen_bonds=4,hydrogen_bonds=4,1.0,1.0,1.0,1.0,10,10,10,0.75,0.75,0.75,0.6,3,4,4
4X9X,vina_pose,6,A:OLA:301,L:UNL:1,RDKit,20,9.32532081485672,3,14.657611435701247,NA,NA,4,5,hydrogen_bonds=4,hydrogen_bonds=5,0.0,0.0,0.0,0.0,0,10,10,0.0,0.0,0.0,0.0,0,4,5
4X9X,vina_pose,7,A:OLA:301,L:UNL:1,RDKit,20,2.360601851223539,3,2.224978576675889,NA,NA,4,4,hydrogen_bonds=4,hydrogen_bonds=4,0.8,0.8,0.8000000000000002,0.6666666666666666,8,10,10,0.75,0.75,0.75,0.6,3,4,4
4X9X,vina_pose,8,A:OLA:301,L:UNL:1,RDKit,20,3.2134154882305523,3,1.8511422599753544,NA,NA,4,4,hydrogen_bonds=4,hydrogen_bonds=4,1.0,1.0,1.0,1.0,10,10,10,0.75,0.75,0.75,0.6,3,4,4
4X9X,vina_pose,9,A:OLA:301,L:UNL:1,RDKit,20,2.7531329517478804,3,3.216761570275297,NA,NA,4,3,hydrogen_bonds=4,hydrogen_bonds=3,0.75,0.6,0.6666666666666665,0.5,6,10,8,0.6666666666666666,0.5,0.5714285714285715,0.4,2,4,3
4X9X,vina_pose,10,A:OLA:301,L:UNL:1,RDKit,20,9.51108386305157,3,13.744821667328633,NA,NA,4,0,hydrogen_bonds=4,none=0,0.0,0.0,0.0,0.0,0,10,10,0.0,0.0,0.0,0.0,0,4,0
4X9X,vina_pose,11,A:OLA:301,L:UNL:1,RDKit,20,9.094444144641276,3,15.283389152933326,NA,NA,4,2,hydrogen_bonds=4,hydrogen_bonds=2,0.0,0.0,0.0,0.0,0,10,11,0.0,0.0,0.0,0.0,0,4,2
4X9X,vina_pose,12,A:OLA:301,L:UNL:1,RDKit,20,3.539951270851055,3,5.093564828945115,NA,NA,4,2,hydrogen_bonds=4,hydrogen_bonds=2,0.5714285714285714,0.4,0.47058823529411764,0.3076923076923077,4,10,7,0.5,0.25,0.3333333333333333,0.2,1,4,2
4X9X,vina_pose,13,A:OLA:301,L:UNL:1,RDKit,20,2.752253440364822,3,6.175886468084292,NA,NA,4,1,hydrogen_bonds=4,hydrogen_bonds=1,0.2857142857142857,0.2,0.23529411764705882,0.13333333333333333,2,10,7,0.0,0.0,0.0,0.0,0,4,1
4X9X,vina_pose,14,A:OLA:301,L:UNL:1,RDKit,20,8.818421635984526,3,14.57447835544495,NA,NA,4,4,hydrogen_bonds=4,hydrogen_bonds=4,0.0,0.0,0.0,0.0,0,10,8,0.0,0.0,0.0,0.0,0,4,4
4X9X,vina_pose,15,A:OLA:301,L:UNL:1,RDKit,20,8.792587233004856,3,14.823138983809514,NA,NA,4,3,hydrogen_bonds=4,hydrogen_bonds=3,0.0,0.0,0.0,0.0,0,10,12,0.0,0.0,0.0,0.0,0,4,3
4X9X,vina_pose,16,A:OLA:301,L:UNL:1,RDKit,20,9.05160783231355,3,14.36159414317691,NA,NA,4,3,hydrogen_bonds=4,hydrogen_bonds=3,0.0,0.0,0.0,0.0,0,10,9,0.0,0.0,0.0,0.0,0,4,3
4X9X,vina_pose,17,A:OLA:301,L:UNL:1,RDKit,20,10.441663830539651,3,14.465229897931108,NA,NA,4,1,hydrogen_bonds=4,hydrogen_bonds=1,0.0,0.0,0.0,0.0,0,10,12,0.0,0.0,0.0,0.0,0,4,1
4X9X,vina_pose,18,A:OLA:301,L:UNL:1,RDKit,20,4.718554063481736,3,6.784102544429392,NA,NA,4,0,hydrogen_bonds=4,none=0,0.42857142857142855,0.3,0.3529411764705882,0.21428571428571427,3,10,7,0.0,0.0,0.0,0.0,0,4,0
4X9X,vina_pose,19,A:OLA:301,L:UNL:1,RDKit,20,3.9875769020797582,3,9.01139661761705,NA,NA,4,1,hydrogen_bonds=4,hydrogen_bonds=1,0.2857142857142857,0.2,0.23529411764705882,0.13333333333333333,2,10,7,0.0,0.0,0.0,0.0,0,4,1
4X9X,vina_pose,20,A:OLA:301,L:UNL:1,RDKit,20,9.52739842769263,3,11.60419142666419,NA,NA,4,0,hydrogen_bonds=4,none=0,0.2857142857142857,0.2,0.23529411764705882,0.13333333333333333,2,10,7,0.0,0.0,0.0,0.0,0,4,0
5BVT,boltz,1,A:PAM:201,B:PAM:1,RDKit,18,2.3206232098508583,3,2.7027162471044317,134,0.3558338012876836,0,2,none=0,hydrogen_bonds=2,1.0,0.75,0.8571428571428571,0.75,6,8,6,NA,NA,NA,NA,0,0,2
5BVT,vina_pose,1,A:PAM:201,L:UNL:1,RDKit,18,2.478620359976269,3,5.394632672079412,NA,NA,0,3,none=0,hydrogen_bonds=3,0.2,0.25,0.22222222222222224,0.125,2,8,10,NA,NA,NA,NA,0,0,3
5BVT,vina_pose,2,A:PAM:201,L:UNL:1,RDKit,18,2.6015310129058835,3,5.122574190124857,NA,NA,0,4,none=0,hydrogen_bonds=4,0.3,0.375,0.33333333333333326,0.2,3,8,10,NA,NA,NA,NA,0,0,4
5BVT,vina_pose,3,A:PAM:201,L:UNL:1,RDKit,18,2.607980860103591,3,5.384466887879121,NA,NA,0,2,none=0,hydrogen_bonds=2,0.25,0.25,0.25,0.14285714285714285,2,8,8,NA,NA,NA,NA,0,0,2
5BVT,vina_pose,4,A:PAM:201,L:UNL:1,RDKit,18,6.357578063487175,3,6.1344574603899025,NA,NA,0,1,none=0,hydrogen_bonds=1,0.4444444444444444,0.5,0.47058823529411764,0.3076923076923077,4,8,9,NA,NA,NA,NA,0,0,1
5BVT,vina_pose,5,A:PAM:201,L:UNL:1,RDKit,18,2.831833730602448,3,4.4127085031002595,NA,NA,0,4,none=0,hydrogen_bonds=4,0.3333333333333333,0.25,0.28571428571428575,0.16666666666666666,2,8,6,NA,NA,NA,NA,0,0,4
5BVT,vina_pose,6,A:PAM:201,L:UNL:1,RDKit,18,7.0754951887953865,3,8.143933672781642,NA,NA,0,2,none=0,hydrogen_bonds=2,0.2,0.25,0.22222222222222224,0.125,2,8,10,NA,NA,NA,NA,0,0,2
5BVT,vina_pose,7,A:PAM:201,L:UNL:1,RDKit,18,7.04756442562488,3,8.79730648172117,NA,NA,0,2,none=0,hydrogen_bonds=2,0.125,0.125,0.125,0.06666666666666667,1,8,8,NA,NA,NA,NA,0,0,2
5BVT,vina_pose,8,A:PAM:201,L:UNL:1,RDKit,18,7.031832450443562,3,7.770093178334479,NA,NA,0,1,none=0,hydrogen_bonds=1,0.14285714285714285,0.125,0.13333333333333333,0.07142857142857142,1,8,7,NA,NA,NA,NA,0,0,1
5BVT,vina_pose,9,A:PAM:201,L:UNL:1,RDKit,18,1.8033406808229862,3,1.8940239350828347,NA,NA,0,1,none=0,hydrogen_bonds=1,1.0,0.875,0.9333333333333333,0.875,7,8,7,NA,NA,NA,NA,0,0,1
5BVT,vina_pose,10,A:PAM:201,L:UNL:1,RDKit,18,3.7228640632359022,3,5.46527416207702,NA,NA,0,3,none=0,hydrogen_bonds=3,0.14285714285714285,0.125,0.13333333333333333,0.07142857142857142,1,8,7,NA,NA,NA,NA,0,0,3
5BVT,vina_pose,11,A:PAM:201,L:UNL:1,RDKit,18,2.24021260151799,3,1.9307541704387603,NA,NA,0,0,none=0,none=0,1.0,0.875,0.9333333333333333,0.875,7,8,7,NA,NA,NA,NA,0,0,0
5BVT,vina_pose,12,A:PAM:201,L:UNL:1,RDKit,18,6.669322954143596,3,8.644421129645794,NA,NA,0,2,none=0,hydrogen_bonds=2,0.14285714285714285,0.125,0.13333333333333333,0.07142857142857142,1,8,7,NA,NA,NA,NA,0,0,2
5BVT,vina_pose,13,A:PAM:201,L:UNL:1,RDKit,18,4.851504005059782,3,3.8704034673403243,NA,NA,0,3,none=0,hydrogen_bonds=3,0.5,0.375,0.42857142857142855,0.2727272727272727,3,8,6,NA,NA,NA,NA,0,0,3
5BVT,vina_pose,14,A:PAM:201,L:UNL:1,RDKit,18,7.149683186454254,3,9.701159810386935,NA,NA,0,2,none=0,hydrogen_bonds=2,0.16666666666666666,0.125,0.14285714285714288,0.07692307692307693,1,8,6,NA,NA,NA,NA,0,0,2
5BVT,vina_pose,15,A:PAM:201,L:UNL:1,RDKit,18,2.9144139204992827,3,4.424238766914221,NA,NA,0,2,none=0,hydrogen_bonds=2,0.25,0.25,0.25,0.14285714285714285,2,8,8,NA,NA,NA,NA,0,0,2
5BVT,vina_pose,16,A:PAM:201,L:UNL:1,RDKit,18,7.083626735099911,3,9.096168827222444,NA,NA,0,2,none=0,hydrogen_bonds=2,0.1111111111111111,0.125,0.11764705882352941,0.0625,1,8,9,NA,NA,NA,NA,0,0,2
5BVT,vina_pose,17,A:PAM:201,L:UNL:1,RDKit,18,7.291727512127089,3,8.943861693921702,NA,NA,0,2,none=0,hydrogen_bonds=2,0.125,0.125,0.125,0.06666666666666667,1,8,8,NA,NA,NA,NA,0,0,2
5BVT,vina_pose,18,A:PAM:201,L:UNL:1,RDKit,18,7.039588202129124,3,9.952961569301873,NA,NA,0,4,none=0,hydrogen_bonds=4,0.125,0.125,0.125,0.06666666666666667,1,8,8,NA,NA,NA,NA,0,0,4
5BVT,vina_pose,19,A:PAM:201,L:UNL:1,RDKit,18,1.800220449463528,3,2.040073854872253,NA,NA,0,1,none=0,hydrogen_bonds=1,0.8,0.5,0.6153846153846154,0.4444444444444444,4,8,5,NA,NA,NA,NA,0,0,1
5BVT,vina_pose,20,A:PAM:201,L:UNL:1,RDKit,18,3.052238859518625,3,5.470703732915294,NA,NA,0,3,none=0,hydrogen_bonds=3,0.2222222222222222,0.25,0.23529411764705882,0.13333333333333333,2,8,9,NA,NA,NA,NA,0,0,3
5NU2,boltz,1,A:PLM:201,B:PLM:1,RDKit,18,1.3718085211719535,3,1.9035508624465671,174,0.545987467060913,3,3,hydrogen_bonds=3,hydrogen_bonds=3,0.8571428571428571,0.75,0.7999999999999999,0.6666666666666666,6,8,7,1.0,1.0,1.0,1.0,3,3,3
5NU2,vina_pose,1,A:PLM:201,L:UNL:1,RDKit,18,1.8902376393811795,3,2.200328460328897,NA,NA,3,4,hydrogen_bonds=3,hydrogen_bonds=4,0.7777777777777778,0.875,0.823529411764706,0.7,7,8,9,0.5,0.6666666666666666,0.5714285714285715,0.4,2,3,4
5NU2,vina_pose,2,A:PLM:201,L:UNL:1,RDKit,18,2.4016799097483603,3,1.6292689567205694,NA,NA,3,4,hydrogen_bonds=3,hydrogen_bonds=4,0.7777777777777778,0.875,0.823529411764706,0.7,7,8,9,0.75,1.0,0.8571428571428571,0.75,3,3,4
5NU2,vina_pose,3,A:PLM:201,L:UNL:1,RDKit,18,1.4900744388564398,3,1.884064754725803,NA,NA,3,4,hydrogen_bonds=3,hydrogen_bonds=4,0.7,0.875,0.7777777777777777,0.6363636363636364,7,8,10,0.75,1.0,0.8571428571428571,0.75,3,3,4
5NU2,vina_pose,4,A:PLM:201,L:UNL:1,RDKit,18,0.9988570134575485,3,0.563828874748359,NA,NA,3,3,hydrogen_bonds=3,hydrogen_bonds=3,0.8888888888888888,1.0,0.9411764705882353,0.8888888888888888,8,8,9,1.0,1.0,1.0,1.0,3,3,3
5NU2,vina_pose,5,A:PLM:201,L:UNL:1,RDKit,18,2.8282099364163984,3,2.1434474567854473,NA,NA,3,3,hydrogen_bonds=3,hydrogen_bonds=3,0.7777777777777778,0.875,0.823529411764706,0.7,7,8,9,0.6666666666666666,0.6666666666666666,0.6666666666666666,0.5,2,3,3
5NU2,vina_pose,6,A:PLM:201,L:UNL:1,RDKit,18,5.9623749323011666,3,7.122686267600635,NA,NA,3,3,hydrogen_bonds=3,hydrogen_bonds=3,0.2,0.125,0.15384615384615385,0.08333333333333333,1,8,5,0.0,0.0,0.0,0.0,0,3,3
5NU2,vina_pose,7,A:PLM:201,L:UNL:1,RDKit,18,6.980760464782233,3,10.419014908649793,NA,NA,3,4,hydrogen_bonds=3,hydrogen_bonds=4,0.0,0.0,0.0,0.0,0,8,8,0.0,0.0,0.0,0.0,0,3,4
5NU2,vina_pose,8,A:PLM:201,L:UNL:1,RDKit,18,5.880753896303508,3,10.302408197439407,NA,NA,3,4,hydrogen_bonds=3,hydrogen_bonds=4,0.0,0.0,0.0,0.0,0,8,7,0.0,0.0,0.0,0.0,0,3,4
5NU2,vina_pose,9,A:PLM:201,L:UNL:1,RDKit,18,7.058032252531705,3,10.047596710988488,NA,NA,3,5,hydrogen_bonds=3,hydrogen_bonds=5,0.0,0.0,0.0,0.0,0,8,9,0.0,0.0,0.0,0.0,0,3,5
5NU2,vina_pose,10,A:PLM:201,L:UNL:1,RDKit,18,6.435362430439415,3,7.421575304475458,NA,NA,3,0,hydrogen_bonds=3,none=0,0.3333333333333333,0.25,0.28571428571428575,0.16666666666666666,2,8,6,0.0,0.0,0.0,0.0,0,3,0
5NU2,vina_pose,11,A:PLM:201,L:UNL:1,RDKit,18,7.260163535042139,3,10.76775227241043,NA,NA,3,3,hydrogen_bonds=3,hydrogen_bonds=3,0.0,0.0,0.0,0.0,0,8,8,0.0,0.0,0.0,0.0,0,3,3
5NU2,vina_pose,12,A:PLM:201,L:UNL:1,RDKit,18,6.446339551335402,3,9.598820986628166,NA,NA,3,0,hydrogen_bonds=3,none=0,0.0,0.0,0.0,0.0,0,8,9,0.0,0.0,0.0,0.0,0,3,0
5NU2,vina_pose,13,A:PLM:201,L:UNL:1,RDKit,18,6.27191425235461,3,7.875267064254604,NA,NA,3,2,hydrogen_bonds=3,hydrogen_bonds=2,0.16666666666666666,0.125,0.14285714285714288,0.07692307692307693,1,8,6,0.0,0.0,0.0,0.0,0,3,2
5NU2,vina_pose,14,A:PLM:201,L:UNL:1,RDKit,18,6.280858478124007,3,9.018274003377808,NA,NA,3,0,hydrogen_bonds=3,none=0,0.14285714285714285,0.125,0.13333333333333333,0.07142857142857142,1,8,7,0.0,0.0,0.0,0.0,0,3,0
5NU2,vina_pose,15,A:PLM:201,L:UNL:1,RDKit,18,2.547588936404162,3,3.286289396873014,NA,NA,3,2,hydrogen_bonds=3,hydrogen_bonds=2,0.375,0.375,0.375,0.23076923076923078,3,8,8,0.0,0.0,0.0,0.0,0,3,2
5NU2,vina_pose,16,A:PLM:201,L:UNL:1,RDKit,18,5.049801959813209,3,8.903413072150101,NA,NA,3,1,hydrogen_bonds=3,hydrogen_bonds=1,0.0,0.0,0.0,0.0,0,8,7,0.0,0.0,0.0,0.0,0,3,1
5NU2,vina_pose,17,A:PLM:201,L:UNL:1,RDKit,18,6.341720139941002,3,7.198259928621638,NA,NA,3,0,hydrogen_bonds=3,none=0,0.2,0.125,0.15384615384615385,0.08333333333333333,1,8,5,0.0,0.0,0.0,0.0,0,3,0
5NU2,vina_pose,18,A:PLM:201,L:UNL:1,RDKit,18,7.401866071021099,3,9.935477492300006,NA,NA,3,4,hydrogen_bonds=3,hydrogen_bonds=4,0.0,0.0,0.0,0.0,0,8,8,0.0,0.0,0.0,0.0,0,3,4
5NU2,vina_pose,19,A:PLM:201,L:UNL:1,RDKit,18,5.998486410939198,3,7.319733578940333,NA,NA,3,0,hydrogen_bonds=3,none=0,0.3333333333333333,0.25,0.28571428571428575,0.16666666666666666,2,8,6,0.0,0.0,0.0,0.0,0,3,0
5NU2,vina_pose,20,A:PLM:201,L:UNL:1,RDKit,18,2.7953582954605296,3,2.8605681253904796,NA,NA,3,4,hydrogen_bonds=3,hydrogen_bonds=4,0.7,0.875,0.7777777777777777,0.6363636363636364,7,8,10,0.25,0.3333333333333333,0.28571428571428575,0.16666666666666666,1,3,4
5NU6,boltz,1,A:PLM:201,B:PLM:1,RDKit,18,1.327777599177867,3,1.6910602459746675,174,0.462780357636071,3,3,hydrogen_bonds=3,hydrogen_bonds=3,1.0,0.875,0.9333333333333333,0.875,7,8,7,1.0,1.0,1.0,1.0,3,3,3
5NU6,vina_pose,1,A:PLM:201,L:UNL:1,RDKit,18,1.8058918233874857,3,2.0514186960897733,NA,NA,3,4,hydrogen_bonds=3,hydrogen_bonds=4,0.6666666666666666,0.75,0.7058823529411765,0.5454545454545454,6,8,9,0.75,1.0,0.8571428571428571,0.75,3,3,4
5NU6,vina_pose,2,A:PLM:201,L:UNL:1,RDKit,18,2.225598770867941,3,2.008862779451764,NA,NA,3,3,hydrogen_bonds=3,hydrogen_bonds=3,0.6666666666666666,0.75,0.7058823529411765,0.5454545454545454,6,8,9,0.6666666666666666,0.6666666666666666,0.6666666666666666,0.5,2,3,3
5NU6,vina_pose,3,A:PLM:201,L:UNL:1,RDKit,18,1.7527740394395772,3,2.0616159519496673,NA,NA,3,3,hydrogen_bonds=3,hydrogen_bonds=3,0.6666666666666666,0.75,0.7058823529411765,0.5454545454545454,6,8,9,0.6666666666666666,0.6666666666666666,0.6666666666666666,0.5,2,3,3
5NU6,vina_pose,4,A:PLM:201,L:UNL:1,RDKit,18,1.4491412207848404,3,2.119978694861499,NA,NA,3,4,hydrogen_bonds=3,hydrogen_bonds=4,0.6666666666666666,0.75,0.7058823529411765,0.5454545454545454,6,8,9,0.75,1.0,0.8571428571428571,0.75,3,3,4
5NU6,vina_pose,5,A:PLM:201,L:UNL:1,RDKit,18,2.3631606424917933,3,1.6051676963275,NA,NA,3,3,hydrogen_bonds=3,hydrogen_bonds=3,0.6666666666666666,0.75,0.7058823529411765,0.5454545454545454,6,8,9,1.0,1.0,1.0,1.0,3,3,3
5NU6,vina_pose,6,A:PLM:201,L:UNL:1,RDKit,18,6.722284875281948,3,10.354734520981212,NA,NA,3,1,hydrogen_bonds=3,hydrogen_bonds=1,0.0,0.0,0.0,0.0,0,8,9,0.0,0.0,0.0,0.0,0,3,1
5NU6,vina_pose,7,A:PLM:201,L:UNL:1,RDKit,18,5.872199408133965,3,7.084380777456841,NA,NA,3,3,hydrogen_bonds=3,hydrogen_bonds=3,0.2,0.125,0.15384615384615385,0.08333333333333333,1,8,5,0.0,0.0,0.0,0.0,0,3,3
5NU6,vina_pose,8,A:PLM:201,L:UNL:1,RDKit,18,6.918790252316914,3,10.626889557470081,NA,NA,3,1,hydrogen_bonds=3,hydrogen_bonds=1,0.0,0.0,0.0,0.0,0,8,8,0.0,0.0,0.0,0.0,0,3,1
5NU6,vina_pose,9,A:PLM:201,L:UNL:1,RDKit,18,2.4879775700132205,3,2.027911487220288,NA,NA,3,3,hydrogen_bonds=3,hydrogen_bonds=3,0.6666666666666666,0.75,0.7058823529411765,0.5454545454545454,6,8,9,0.6666666666666666,0.6666666666666666,0.6666666666666666,0.5,2,3,3
5NU6,vina_pose,10,A:PLM:201,L:UNL:1,RDKit,18,6.031794697913531,3,6.952053773286471,NA,NA,3,0,hydrogen_bonds=3,none=0,0.3333333333333333,0.25,0.28571428571428575,0.16666666666666666,2,8,6,0.0,0.0,0.0,0.0,0,3,0
5NU6,vina_pose,11,A:PLM:201,L:UNL:1,RDKit,18,7.113405427625912,3,10.090105962443277,NA,NA,3,3,hydrogen_bonds=3,hydrogen_bonds=3,0.0,0.0,0.0,0.0,0,8,9,0.0,0.0,0.0,0.0,0,3,3
5NU6,vina_pose,12,A:PLM:201,L:UNL:1,RDKit,18,7.1748696194116,3,10.88478848362858,NA,NA,3,4,hydrogen_bonds=3,hydrogen_bonds=4,0.0,0.0,0.0,0.0,0,8,8,0.0,0.0,0.0,0.0,0,3,4
5NU6,vina_pose,13,A:PLM:201,L:UNL:1,RDKit,18,7.278780048881817,3,10.0844194015653,NA,NA,3,3,hydrogen_bonds=3,hydrogen_bonds=3,0.0,0.0,0.0,0.0,0,8,9,0.0,0.0,0.0,0.0,0,3,3
5NU6,vina_pose,14,A:PLM:201,L:UNL:1,RDKit,18,7.033563692910033,3,10.696696577292762,NA,NA,3,4,hydrogen_bonds=3,hydrogen_bonds=4,0.0,0.0,0.0,0.0,0,8,9,0.0,0.0,0.0,0.0,0,3,4
5NU6,vina_pose,15,A:PLM:201,L:UNL:1,RDKit,18,7.053440196890529,3,10.090342148146744,NA,NA,3,1,hydrogen_bonds=3,hydrogen_bonds=1,0.0,0.0,0.0,0.0,0,8,9,0.0,0.0,0.0,0.0,0,3,1
5NU6,vina_pose,16,A:PLM:201,L:UNL:1,RDKit,18,2.0860279240700494,3,2.561149286290564,NA,NA,3,1,hydrogen_bonds=3,hydrogen_bonds=1,0.4444444444444444,0.5,0.47058823529411764,0.3076923076923077,4,8,9,0.0,0.0,0.0,0.0,0,3,1
5NU6,vina_pose,17,A:PLM:201,L:UNL:1,RDKit,18,2.660647759475124,3,4.027461979957104,NA,NA,3,3,hydrogen_bonds=3,hydrogen_bonds=3,0.25,0.25,0.25,0.14285714285714285,2,8,8,0.0,0.0,0.0,0.0,0,3,3
5NU6,vina_pose,18,A:PLM:201,L:UNL:1,RDKit,18,6.923962248757731,3,9.007318616917393,NA,NA,3,0,hydrogen_bonds=3,none=0,0.0,0.0,0.0,0.0,0,8,6,0.0,0.0,0.0,0.0,0,3,0
5NU6,vina_pose,19,A:PLM:201,L:UNL:1,RDKit,18,3.826783861445826,3,7.644963069455164,NA,NA,3,3,hydrogen_bonds=3,hydrogen_bonds=3,0.2,0.125,0.15384615384615385,0.08333333333333333,1,8,5,0.0,0.0,0.0,0.0,0,3,3
5NU6,vina_pose,20,A:PLM:201,L:UNL:1,RDKit,18,6.720704667088283,3,10.359721650057335,NA,NA,3,1,hydrogen_bonds=3,hydrogen_bonds=1,0.0,0.0,0.0,0.0,0,8,9,0.0,0.0,0.0,0.0,0,3,1
5NUA,boltz,1,A:DAO:201,B:DAO:1,RDKit,14,1.6431924914006002,3,2.8649638064483,174,0.831265157629796,3,3,hydrogen_bonds=3,hydrogen_bonds=3,0.625,0.625,0.625,0.45454545454545453,5,8,8,0.3333333333333333,0.3333333333333333,0.3333333333333333,0.2,1,3,3
5NUA,vina_pose,1,A:DAO:201,L:UNL:1,RDKit,14,1.9594678213375036,3,2.1335676694213377,NA,NA,3,3,hydrogen_bonds=3,hydrogen_bonds=3,0.7777777777777778,0.875,0.823529411764706,0.7,7,8,9,0.6666666666666666,0.6666666666666666,0.6666666666666666,0.5,2,3,3
5NUA,vina_pose,2,A:DAO:201,L:UNL:1,RDKit,14,2.117722411999673,3,1.8677727377815532,NA,NA,3,3,hydrogen_bonds=3,hydrogen_bonds=3,0.7777777777777778,0.875,0.823529411764706,0.7,7,8,9,0.6666666666666666,0.6666666666666666,0.6666666666666666,0.5,2,3,3
5NUA,vina_pose,3,A:DAO:201,L:UNL:1,RDKit,14,2.5420331710772666,3,1.8432750744259523,NA,NA,3,3,hydrogen_bonds=3,hydrogen_bonds=3,0.7777777777777778,0.875,0.823529411764706,0.7,7,8,9,0.6666666666666666,0.6666666666666666,0.6666666666666666,0.5,2,3,3
5NUA,vina_pose,4,A:DAO:201,L:UNL:1,RDKit,14,1.3072990148721575,3,1.860440807980732,NA,NA,3,3,hydrogen_bonds=3,hydrogen_bonds=3,0.75,0.75,0.75,0.6,6,8,8,0.6666666666666666,0.6666666666666666,0.6666666666666666,0.5,2,3,3
5NUA,vina_pose,5,A:DAO:201,L:UNL:1,RDKit,14,2.96186591767516,3,1.8585107837549215,NA,NA,3,3,hydrogen_bonds=3,hydrogen_bonds=3,0.7777777777777778,0.875,0.823529411764706,0.7,7,8,9,0.6666666666666666,0.6666666666666666,0.6666666666666666,0.5,2,3,3
5NUA,vina_pose,6,A:DAO:201,L:UNL:1,RDKit,14,6.9895622282698895,3,9.707988154092483,NA,NA,3,0,hydrogen_bonds=3,none=0,0.0,0.0,0.0,0.0,0,8,8,0.0,0.0,0.0,0.0,0,3,0
5NUA,vina_pose,7,A:DAO:201,L:UNL:1,RDKit,14,2.511927845301294,3,1.9838183720626572,NA,NA,3,3,hydrogen_bonds=3,hydrogen_bonds=3,0.6666666666666666,0.75,0.7058823529411765,0.5454545454545454,6,8,9,0.6666666666666666,0.6666666666666666,0.6666666666666666,0.5,2,3,3
5NUA,vina_pose,8,A:DAO:201,L:UNL:1,RDKit,14,1.3760122767309473,3,1.8894403933440187,NA,NA,3,3,hydrogen_bonds=3,hydrogen_bonds=3,0.7,0.875,0.7777777777777777,0.6363636363636364,7,8,10,0.6666666666666666,0.6666666666666666,0.6666666666666666,0.5,2,3,3
5NUA,vina_pose,9,A:DAO:201,L:UNL:1,RDKit,14,7.24428258303451,3,10.58623019146413,NA,NA,3,5,hydrogen_bonds=3,hydrogen_bonds=5,0.0,0.0,0.0,0.0,0,8,8,0.0,0.0,0.0,0.0,0,3,5
5NUA,vina_pose,10,A:DAO:201,L:UNL:1,RDKit,14,3.520160101878485,3,4.1595805878317424,NA,NA,3,4,hydrogen_bonds=3,hydrogen_bonds=4,0.2857142857142857,0.25,0.26666666666666666,0.15384615384615385,2,8,7,0.0,0.0,0.0,0.0,0,3,4
5NUA,vina_pose,11,A:DAO:201,L:UNL:1,RDKit,14,3.104860429345301,3,4.205230354372199,NA,NA,3,3,hydrogen_bonds=3,hydrogen_bonds=3,0.2857142857142857,0.25,0.26666666666666666,0.15384615384615385,2,8,7,0.0,0.0,0.0,0.0,0,3,3
5NUA,vina_pose,12,A:DAO:201,L:UNL:1,RDKit,14,7.026492612148072,3,10.706641754848562,NA,NA,3,4,hydrogen_bonds=3,hydrogen_bonds=4,0.0,0.0,0.0,0.0,0,8,8,0.0,0.0,0.0,0.0,0,3,4
5NUA,vina_pose,13,A:DAO:201,L:UNL:1,RDKit,14,3.1897009264192784,3,4.425894222263639,NA,NA,3,4,hydrogen_bonds=3,hydrogen_bonds=4,0.2857142857142857,0.25,0.26666666666666666,0.15384615384615385,2,8,7,0.0,0.0,0.0,0.0,0,3,4
5NUA,vina_pose,14,A:DAO:201,L:UNL:1,RDKit,14,3.5121450710356488,3,4.012743865901901,NA,NA,3,3,hydrogen_bonds=3,hydrogen_bonds=3,0.375,0.375,0.375,0.23076923076923078,3,8,8,0.0,0.0,0.0,0.0,0,3,3
5NUA,vina_pose,15,A:DAO:201,L:UNL:1,RDKit,14,7.529407271302493,3,10.376993671900676,NA,NA,3,1,hydrogen_bonds=3,hydrogen_bonds=1,0.0,0.0,0.0,0.0,0,8,9,0.0,0.0,0.0,0.0,0,3,1
5NUA,vina_pose,16,A:DAO:201,L:UNL:1,RDKit,14,7.6752743692233665,3,10.717095610907524,NA,NA,3,2,hydrogen_bonds=3,hydrogen_bonds=2,0.0,0.0,0.0,0.0,0,8,8,0.0,0.0,0.0,0.0,0,3,2
5NUA,vina_pose,17,A:DAO:201,L:UNL:1,RDKit,14,7.041889975608213,3,10.070047103497911,NA,NA,3,4,hydrogen_bonds=3,hydrogen_bonds=4,0.0,0.0,0.0,0.0,0,8,8,0.0,0.0,0.0,0.0,0,3,4
5NUA,vina_pose,18,A:DAO:201,L:UNL:1,RDKit,14,6.7034863743747986,3,10.180730491145187,NA,NA,3,0,hydrogen_bonds=3,none=0,0.0,0.0,0.0,0.0,0,8,8,0.0,0.0,0.0,0.0,0,3,0
5NUA,vina_pose,19,A:DAO:201,L:UNL:1,RDKit,14,6.144915557945913,3,7.6351826435259555,NA,NA,3,0,hydrogen_bonds=3,none=0,0.16666666666666666,0.125,0.14285714285714288,0.07692307692307693,1,8,6,0.0,0.0,0.0,0.0,0,3,0
5NUA,vina_pose,20,A:DAO:201,L:UNL:1,RDKit,14,5.906319031342618,3,7.656305571226896,NA,NA,3,0,hydrogen_bonds=3,none=0,0.2857142857142857,0.25,0.26666666666666666,0.15384615384615385,2,8,7,0.0,0.0,0.0,0.0,0,3,0
5UWZ,boltz,1,A:STE:303,B:STE:1,RDKit,20,1.3918531279044684,3,1.2293052994709268,219,0.9772191542866765,2,3,hydrogen_bonds=2,hydrogen_bonds=3,0.8181818181818182,0.9,0.8571428571428572,0.75,9,10,11,0.6666666666666666,1.0,0.8,0.6666666666666666,2,2,3
5UWZ,vina_pose,1,A:STE:303,L:UNL:1,RDKit,20,1.3946335360946973,3,1.7327139598521926,NA,NA,2,4,hydrogen_bonds=2,hydrogen_bonds=4,1.0,0.8,0.888888888888889,0.8,8,10,8,0.25,0.5,0.3333333333333333,0.2,1,2,4
5UWZ,vina_pose,2,A:STE:303,L:UNL:1,RDKit,20,8.374505842137792,3,12.161994326589697,NA,NA,2,2,hydrogen_bonds=2,hydrogen_bonds=2,0.0,0.0,0.0,0.0,0,10,8,0.0,0.0,0.0,0.0,0,2,2
5UWZ,vina_pose,3,A:STE:303,L:UNL:1,RDKit,20,8.043070688487079,3,12.16019292610113,NA,NA,2,2,hydrogen_bonds=2,hydrogen_bonds=2,0.0,0.0,0.0,0.0,0,10,7,0.0,0.0,0.0,0.0,0,2,2
5UWZ,vina_pose,4,A:STE:303,L:UNL:1,RDKit,20,2.5907439858079377,3,4.767516649158134,NA,NA,2,3,hydrogen_bonds=2,hydrogen_bonds=3,0.7142857142857143,0.5,0.588235294117647,0.4166666666666667,5,10,7,0.0,0.0,0.0,0.0,0,2,3
5UWZ,vina_pose,5,A:STE:303,L:UNL:1,RDKit,20,2.400914429962051,3,1.8993942894161455,NA,NA,2,3,hydrogen_bonds=2,hydrogen_bonds=3,0.8888888888888888,0.8,0.8421052631578948,0.7272727272727273,8,10,9,0.0,0.0,0.0,0.0,0,2,3
5UWZ,vina_pose,6,A:STE:303,L:UNL:1,RDKit,20,2.9996295437936995,3,2.7957729998457794,NA,NA,2,3,hydrogen_bonds=2,hydrogen_bonds=3,0.6666666666666666,0.6,0.631578947368421,0.46153846153846156,6,10,9,0.3333333333333333,0.5,0.4,0.25,1,2,3
5UWZ,vina_pose,7,A:STE:303,L:UNL:1,RDKit,20,8.434138485939155,3,12.190543151694815,NA,NA,2,2,hydrogen_bonds=2,hydrogen_bonds=2,0.0,0.0,0.0,0.0,0,10,9,0.0,0.0,0.0,0.0,0,2,2
5UWZ,vina_pose,8,A:STE:303,L:UNL:1,RDKit,20,3.259533271804416,3,6.47441657603216,NA,NA,2,2,hydrogen_bonds=2,hydrogen_bonds=2,0.3333333333333333,0.2,0.25,0.14285714285714285,2,10,6,0.0,0.0,0.0,0.0,0,2,2
5UWZ,vina_pose,9,A:STE:303,L:UNL:1,RDKit,20,8.637811603641284,3,12.200513568425444,NA,NA,2,2,hydrogen_bonds=2,hydrogen_bonds=2,0.0,0.0,0.0,0.0,0,10,9,0.0,0.0,0.0,0.0,0,2,2
5UWZ,vina_pose,10,A:STE:303,L:UNL:1,RDKit,20,2.6086657700824767,3,4.020365489189592,NA,NA,2,2,hydrogen_bonds=2,hydrogen_bonds=2,0.625,0.5,0.5555555555555556,0.38461538461538464,5,10,8,0.0,0.0,0.0,0.0,0,2,2
5UWZ,vina_pose,11,A:STE:303,L:UNL:1,RDKit,20,3.5235074073996207,3,2.972229017645399,NA,NA,2,3,hydrogen_bonds=2,hydrogen_bonds=3,0.6666666666666666,0.6,0.631578947368421,0.46153846153846156,6,10,9,0.0,0.0,0.0,0.0,0,2,3
5UWZ,vina_pose,12,A:STE:303,L:UNL:1,RDKit,20,7.802384472070061,3,12.332292298406381,NA,NA,2,2,hydrogen_bonds=2,hydrogen_bonds=2,0.0,0.0,0.0,0.0,0,10,7,0.0,0.0,0.0,0.0,0,2,2
5UWZ,vina_pose,13,A:STE:303,L:UNL:1,RDKit,20,8.725909307917428,3,12.245150278103301,NA,NA,2,0,hydrogen_bonds=2,none=0,0.0,0.0,0.0,0.0,0,10,8,0.0,0.0,0.0,0.0,0,2,0
5UWZ,vina_pose,14,A:STE:303,L:UNL:1,RDKit,20,8.644918831313571,3,11.646004765583776,NA,NA,2,1,hydrogen_bonds=2,hydrogen_bonds=1,0.14285714285714285,0.1,0.11764705882352941,0.0625,1,10,7,0.0,0.0,0.0,0.0,0,2,1
5UWZ,vina_pose,15,A:STE:303,L:UNL:1,RDKit,20,4.376041835951755,3,2.31578618759735,NA,NA,2,4,hydrogen_bonds=2,hydrogen_bonds=4,0.75,0.6,0.6666666666666665,0.5,6,10,8,0.25,0.5,0.3333333333333333,0.2,1,2,4
5UWZ,vina_pose,16,A:STE:303,L:UNL:1,RDKit,20,3.0257346545921706,3,6.397791962857185,NA,NA,2,2,hydrogen_bonds=2,hydrogen_bonds=2,0.3333333333333333,0.2,0.25,0.14285714285714285,2,10,6,0.0,0.0,0.0,0.0,0,2,2
5UWZ,vina_pose,17,A:STE:303,L:UNL:1,RDKit,20,3.931151606081862,3,5.843909678745329,NA,NA,2,2,hydrogen_bonds=2,hydrogen_bonds=2,0.5714285714285714,0.4,0.47058823529411764,0.3076923076923077,4,10,7,0.0,0.0,0.0,0.0,0,2,2
5UWZ,vina_pose,18,A:STE:303,L:UNL:1,RDKit,20,4.394495727611986,3,1.9182148819497085,NA,NA,2,3,hydrogen_bonds=2,hydrogen_bonds=3,0.875,0.7,0.7777777777777777,0.6363636363636364,7,10,8,0.3333333333333333,0.5,0.4,0.25,1,2,3
5UWZ,vina_pose,19,A:STE:303,L:UNL:1,RDKit,20,8.622167363836079,3,12.376170813300858,NA,NA,2,0,hydrogen_bonds=2,none=0,0.0,0.0,0.0,0.0,0,10,9,0.0,0.0,0.0,0.0,0,2,0
5UWZ,vina_pose,20,A:STE:303,L:UNL:1,RDKit,20,5.183267724129249,3,2.649042531431561,NA,NA,2,4,hydrogen_bonds=2,hydrogen_bonds=4,0.75,0.6,0.6666666666666665,0.5,6,10,8,0.25,0.5,0.3333333333333333,0.2,1,2,4
6C74,boltz,1,A:PC:201,B:PC:1,RDKit,11,0.3220784378288492,6,0.23006085579504953,111,0.24387546354920853,6,5,attractive_charge=1;hydrogen_bonds=3;ionic=1;salt_bridge=1,attractive_charge=1;hydrogen_bonds=2;ionic=1;salt_bridge=1,0.8333333333333334,0.8333333333333334,0.8333333333333334,0.7142857142857143,5,6,6,1.0,0.8333333333333334,0.9090909090909091,0.8333333333333334,5,6,5
6C74,vina_pose,1,A:PC:201,L:UNL:1,RDKit,11,1.4514675645391084,6,1.1503542932505617,NA,NA,6,6,attractive_charge=1;hydrogen_bonds=3;ionic=1;salt_bridge=1,attractive_charge=1;hydrogen_bonds=3;ionic=1;salt_bridge=1,0.75,1.0,0.8571428571428571,0.75,6,6,8,1.0,1.0,1.0,1.0,6,6,6
6C74,vina_pose,2,A:PC:201,L:UNL:1,RDKit,11,1.9131760361907488,6,1.9812091846479343,NA,NA,6,6,attractive_charge=1;hydrogen_bonds=3;ionic=1;salt_bridge=1,attractive_charge=1;hydrogen_bonds=3;ionic=1;salt_bridge=1,0.75,1.0,0.8571428571428571,0.75,6,6,8,1.0,1.0,1.0,1.0,6,6,6
6C74,vina_pose,3,A:PC:201,L:UNL:1,RDKit,11,4.718607691412219,6,5.023725725660853,NA,NA,6,3,attractive_charge=1;hydrogen_bonds=3;ionic=1;salt_bridge=1,hydrogen_bonds=3,0.3333333333333333,0.5,0.4,0.25,3,6,9,0.0,0.0,0.0,0.0,0,6,3
6C74,vina_pose,4,A:PC:201,L:UNL:1,RDKit,11,4.863024049816215,6,5.531608084454285,NA,NA,6,3,attractive_charge=1;hydrogen_bonds=3;ionic=1;salt_bridge=1,hydrogen_bonds=3,0.375,0.5,0.42857142857142855,0.2727272727272727,3,6,8,0.0,0.0,0.0,0.0,0,6,3
6C74,vina_pose,5,A:PC:201,L:UNL:1,RDKit,11,1.2844392833946154,6,0.8429521536441633,NA,NA,6,6,attractive_charge=1;hydrogen_bonds=3;ionic=1;salt_bridge=1,attractive_charge=1;hydrogen_bonds=3;ionic=1;salt_bridge=1,0.8571428571428571,1.0,0.923076923076923,0.8571428571428571,6,6,7,1.0,1.0,1.0,1.0,6,6,6
6C74,vina_pose,6,A:PC:201,L:UNL:1,RDKit,11,2.04692825295057,6,1.9674267881338474,NA,NA,6,6,attractive_charge=1;hydrogen_bonds=3;ionic=1;salt_bridge=1,attractive_charge=1;hydrogen_bonds=3;ionic=1;salt_bridge=1,0.8571428571428571,1.0,0.923076923076923,0.8571428571428571,6,6,7,1.0,1.0,1.0,1.0,6,6,6
6C74,vina_pose,7,A:PC:201,L:UNL:1,RDKit,11,4.713743002212689,6,5.43866138554945,NA,NA,6,2,attractive_charge=1;hydrogen_bonds=3;ionic=1;salt_bridge=1,hydrogen_bonds=2,0.375,0.5,0.42857142857142855,0.2727272727272727,3,6,8,0.0,0.0,0.0,0.0,0,6,2
6C74,vina_pose,8,A:PC:201,L:UNL:1,RDKit,11,4.963917074979468,6,5.03163912987938,NA,NA,6,3,attractive_charge=1;hydrogen_bonds=3;ionic=1;salt_bridge=1,hydrogen_bonds=3,0.3333333333333333,0.5,0.4,0.25,3,6,9,0.0,0.0,0.0,0.0,0,6,3
6C74,vina_pose,9,A:PC:201,L:UNL:1,RDKit,11,2.4447178866802903,6,2.0655036915967973,NA,NA,6,6,attractive_charge=1;hydrogen_bonds=3;ionic=1;salt_bridge=1,attractive_charge=1;hydrogen_bonds=3;ionic=1;salt_bridge=1,0.8333333333333334,0.8333333333333334,0.8333333333333334,0.7142857142857143,5,6,6,1.0,1.0,1.0,1.0,6,6,6
6C74,vina_pose,10,A:PC:201,L:UNL:1,RDKit,11,4.751765298764814,6,5.060871532321944,NA,NA,6,3,attractive_charge=1;hydrogen_bonds=3;ionic=1;salt_bridge=1,hydrogen_bonds=3,0.3333333333333333,0.5,0.4,0.25,3,6,9,0.0,0.0,0.0,0.0,0,6,3
6C74,vina_pose,11,A:PC:201,L:UNL:1,RDKit,11,1.7118745705963816,6,1.692484662658227,NA,NA,6,6,attractive_charge=1;hydrogen_bonds=3;ionic=1;salt_bridge=1,attractive_charge=1;hydrogen_bonds=3;ionic=1;salt_bridge=1,1.0,1.0,1.0,1.0,6,6,6,1.0,1.0,1.0,1.0,6,6,6
6C74,vina_pose,12,A:PC:201,L:UNL:1,RDKit,11,4.762195874326731,6,5.555087533063722,NA,NA,6,3,attractive_charge=1;hydrogen_bonds=3;ionic=1;salt_bridge=1,hydrogen_bonds=3,0.375,0.5,0.42857142857142855,0.2727272727272727,3,6,8,0.3333333333333333,0.16666666666666666,0.2222222222222222,0.125,1,6,3
6C74,vina_pose,13,A:PC:201,L:UNL:1,RDKit,11,4.764367868019658,6,4.991505117029665,NA,NA,6,4,attractive_charge=1;hydrogen_bonds=3;ionic=1;salt_bridge=1,hydrogen_bonds=4,0.3333333333333333,0.5,0.4,0.25,3,6,9,0.5,0.3333333333333333,0.4,0.25,2,6,4
6C74,vina_pose,14,A:PC:201,L:UNL:1,RDKit,11,1.7349864028809614,6,1.896446106097754,NA,NA,6,6,attractive_charge=1;hydrogen_bonds=3;ionic=1;salt_bridge=1,attractive_charge=1;hydrogen_bonds=3;ionic=1;salt_bridge=1,1.0,1.0,1.0,1.0,6,6,6,1.0,1.0,1.0,1.0,6,6,6
6C74,vina_pose,15,A:PC:201,L:UNL:1,RDKit,11,4.541616182093611,6,4.710404458925652,NA,NA,6,3,attractive_charge=1;hydrogen_bonds=3;ionic=1;salt_bridge=1,hydrogen_bonds=3,0.375,0.5,0.42857142857142855,0.2727272727272727,3,6,8,0.3333333333333333,0.16666666666666666,0.2222222222222222,0.125,1,6,3
6C74,vina_pose,16,A:PC:201,L:UNL:1,RDKit,11,5.088644693647005,6,5.032740572160129,NA,NA,6,3,attractive_charge=1;hydrogen_bonds=3;ionic=1;salt_bridge=1,hydrogen_bonds=3,0.3333333333333333,0.5,0.4,0.25,3,6,9,0.3333333333333333,0.16666666666666666,0.2222222222222222,0.125,1,6,3
6C74,vina_pose,17,A:PC:201,L:UNL:1,RDKit,11,2.4347849634375964,6,1.9573980603512064,NA,NA,6,5,attractive_charge=1;hydrogen_bonds=3;ionic=1;salt_bridge=1,attractive_charge=1;hydrogen_bonds=2;ionic=1;salt_bridge=1,0.8571428571428571,1.0,0.923076923076923,0.8571428571428571,6,6,7,1.0,0.8333333333333334,0.9090909090909091,0.8333333333333334,5,6,5
6C74,vina_pose,18,A:PC:201,L:UNL:1,RDKit,11,3.1931769731441726,6,2.3649359046987577,NA,NA,6,6,attractive_charge=1;hydrogen_bonds=3;ionic=1;salt_bridge=1,attractive_charge=1;hydrogen_bonds=3;ionic=1;salt_bridge=1,1.0,0.8333333333333334,0.9090909090909091,0.8333333333333334,5,6,5,1.0,1.0,1.0,1.0,6,6,6
6C74,vina_pose,19,A:PC:201,L:UNL:1,RDKit,11,5.363151727719947,6,5.286814935919988,NA,NA,6,3,attractive_charge=1;hydrogen_bonds=3;ionic=1;salt_bridge=1,hydrogen_bonds=3,0.3,0.5,0.37499999999999994,0.23076923076923078,3,6,10,0.3333333333333333,0.16666666666666666,0.2222222222222222,0.125,1,6,3
6C74,vina_pose,20,A:PC:201,L:UNL:1,RDKit,11,5.263654002168594,6,6.4993710464936525,NA,NA,6,4,attractive_charge=1;hydrogen_bonds=3;ionic=1;salt_bridge=1,hydrogen_bonds=4,0.2,0.16666666666666666,0.1818181818181818,0.1,1,6,5,0.25,0.16666666666666666,0.2,0.1111111111111111,1,6,4
6DGG,boltz,1,A:DAO:301,B:DAO:1,RDKit,14,0.3003447159725114,3,0.19122534035922528,103,0.8822614935132203,4,4,hydrogen_bonds=4,hydrogen_bonds=4,0.875,1.0,0.9333333333333333,0.875,7,7,8,1.0,1.0,1.0,1.0,4,4,4
6DGG,vina_pose,1,A:DAO:301,L:UNL:1,RDKit,14,3.33348193121161,3,4.126645247655776,NA,NA,4,2,hydrogen_bonds=4,hydrogen_bonds=2,0.5,0.7142857142857143,0.588235294117647,0.4166666666666667,5,7,10,0.5,0.25,0.3333333333333333,0.2,1,4,2
6DGG,vina_pose,2,A:DAO:301,L:UNL:1,RDKit,14,1.570853112165488,3,2.042367906785324,NA,NA,4,4,hydrogen_bonds=4,hydrogen_bonds=4,0.7777777777777778,1.0,0.8750000000000001,0.7777777777777778,7,7,9,0.75,0.75,0.75,0.6,3,4,4
6DGG,vina_pose,3,A:DAO:301,L:UNL:1,RDKit,14,8.42409921424413,3,12.48224810147061,NA,NA,4,0,hydrogen_bonds=4,none=0,0.0,0.0,0.0,0.0,0,7,8,0.0,0.0,0.0,0.0,0,4,0
6DGG,vina_pose,4,A:DAO:301,L:UNL:1,RDKit,14,8.633592651464891,3,12.423196301006167,NA,NA,4,1,hydrogen_bonds=4,hydrogen_bonds=1,0.0,0.0,0.0,0.0,0,7,7,0.0,0.0,0.0,0.0,0,4,1
6DGG,vina_pose,5,A:DAO:301,L:UNL:1,RDKit,14,1.30181724633573,3,0.9873827356535387,NA,NA,4,4,hydrogen_bonds=4,hydrogen_bonds=4,1.0,1.0,1.0,1.0,7,7,7,0.75,0.75,0.75,0.6,3,4,4
6DGG,vina_pose,6,A:DAO:301,L:UNL:1,RDKit,14,8.87365822452692,3,12.882927125980856,NA,NA,4,0,hydrogen_bonds=4,none=0,0.0,0.0,0.0,0.0,0,7,9,0.0,0.0,0.0,0.0,0,4,0
6DGG,vina_pose,7,A:DAO:301,L:UNL:1,RDKit,14,8.314096884208169,3,12.263285421669567,NA,NA,4,0,hydrogen_bonds=4,none=0,0.0,0.0,0.0,0.0,0,7,7,0.0,0.0,0.0,0.0,0,4,0
6DGG,vina_pose,8,A:DAO:301,L:UNL:1,RDKit,14,4.694772807526016,3,7.8351923396940295,NA,NA,4,0,hydrogen_bonds=4,none=0,0.0,0.0,0.0,0.0,0,7,5,0.0,0.0,0.0,0.0,0,4,0
6DGG,vina_pose,9,A:DAO:301,L:UNL:1,RDKit,14,2.6900078597867116,3,3.6271254458592956,NA,NA,4,1,hydrogen_bonds=4,hydrogen_bonds=1,0.625,0.7142857142857143,0.6666666666666666,0.5,5,7,8,1.0,0.25,0.4,0.25,1,4,1
6DGG,vina_pose,10,A:DAO:301,L:UNL:1,RDKit,14,7.97379393925591,3,10.497643529224387,NA,NA,4,0,hydrogen_bonds=4,none=0,0.0,0.0,0.0,0.0,0,7,8,0.0,0.0,0.0,0.0,0,4,0
6DKE,boltz,1,A:PLM:401,B:PLM:1,RDKit,18,1.2910529129698636,3,2.007456438352527,283,0.9223341576201421,3,2,hydrogen_bonds=3,hydrogen_bonds=2,1.0,0.75,0.8571428571428571,0.75,6,8,6,1.0,0.6666666666666666,0.8,0.6666666666666666,2,3,2
6DKE,vina_pose,1,A:PLM:401,L:UNL:1,RDKit,18,1.3689640852362293,3,2.1436867774933908,NA,NA,3,3,hydrogen_bonds=3,hydrogen_bonds=3,0.7,0.875,0.7777777777777777,0.6363636363636364,7,8,10,1.0,1.0,1.0,1.0,3,3,3
6DKE,vina_pose,2,A:PLM:401,L:UNL:1,RDKit,18,1.1808595739262706,3,0.8252583433891073,NA,NA,3,4,hydrogen_bonds=3,hydrogen_bonds=4,0.7,0.875,0.7777777777777777,0.6363636363636364,7,8,10,0.75,1.0,0.8571428571428571,0.75,3,3,4
6DKE,vina_pose,3,A:PLM:401,L:UNL:1,RDKit,18,10.461815794699419,3,14.933553919501769,NA,NA,3,1,hydrogen_bonds=3,hydrogen_bonds=1,0.0,0.0,0.0,0.0,0,8,10,0.0,0.0,0.0,0.0,0,3,1
6DKE,vina_pose,4,A:PLM:401,L:UNL:1,RDKit,18,10.419504525434766,3,14.942613124885487,NA,NA,3,1,hydrogen_bonds=3,hydrogen_bonds=1,0.0,0.0,0.0,0.0,0,8,10,0.0,0.0,0.0,0.0,0,3,1
6DKE,vina_pose,5,A:PLM:401,L:UNL:1,RDKit,18,2.191451269516771,3,2.4611741777723357,NA,NA,3,2,hydrogen_bonds=3,hydrogen_bonds=2,0.7,0.875,0.7777777777777777,0.6363636363636364,7,8,10,1.0,0.6666666666666666,0.8,0.6666666666666666,2,3,2
6DKE,vina_pose,6,A:PLM:401,L:UNL:1,RDKit,18,2.341423510507135,3,2.2980213953167046,NA,NA,3,3,hydrogen_bonds=3,hydrogen_bonds=3,1.0,0.75,0.8571428571428571,0.75,6,8,6,0.6666666666666666,0.6666666666666666,0.6666666666666666,0.5,2,3,3
6DKE,vina_pose,7,A:PLM:401,L:UNL:1,RDKit,18,4.0922925454783625,3,3.6397850211241876,NA,NA,3,4,hydrogen_bonds=3,hydrogen_bonds=4,1.0,0.625,0.7692307692307693,0.625,5,8,5,0.5,0.6666666666666666,0.5714285714285715,0.4,2,3,4
6DKE,vina_pose,8,A:PLM:401,L:UNL:1,RDKit,18,10.183828400404678,3,15.994373667011784,NA,NA,3,1,hydrogen_bonds=3,hydrogen_bonds=1,0.0,0.0,0.0,0.0,0,8,10,0.0,0.0,0.0,0.0,0,3,1
6DKE,vina_pose,9,A:PLM:401,L:UNL:1,RDKit,18,10.608735195321092,3,14.004261541878364,NA,NA,3,0,hydrogen_bonds=3,none=0,0.0,0.0,0.0,0.0,0,8,11,0.0,0.0,0.0,0.0,0,3,0
6DKE,vina_pose,10,A:PLM:401,L:UNL:1,RDKit,18,10.236009704306982,3,14.824784967524263,NA,NA,3,0,hydrogen_bonds=3,none=0,0.0,0.0,0.0,0.0,0,8,8,0.0,0.0,0.0,0.0,0,3,0
6DKE,vina_pose,11,A:PLM:401,L:UNL:1,RDKit,18,3.163751377364817,3,6.913467243961842,NA,NA,3,2,hydrogen_bonds=3,hydrogen_bonds=2,0.2857142857142857,0.25,0.26666666666666666,0.15384615384615385,2,8,7,0.0,0.0,0.0,0.0,0,3,2
6DKE,vina_pose,12,A:PLM:401,L:UNL:1,RDKit,18,9.54040160463792,3,14.761740694556769,NA,NA,3,0,hydrogen_bonds=3,none=0,0.0,0.0,0.0,0.0,0,8,10,0.0,0.0,0.0,0.0,0,3,0
6DKE,vina_pose,13,A:PLM:401,L:UNL:1,RDKit,18,11.469573587443335,3,13.170994343632527,NA,NA,3,0,hydrogen_bonds=3,none=0,0.0,0.0,0.0,0.0,0,8,8,0.0,0.0,0.0,0.0,0,3,0
6DKE,vina_pose,14,A:PLM:401,L:UNL:1,RDKit,18,6.304023600491638,3,4.904741991175478,NA,NA,3,3,hydrogen_bonds=3,hydrogen_bonds=3,0.8,0.5,0.6153846153846154,0.4444444444444444,4,8,5,0.3333333333333333,0.3333333333333333,0.3333333333333333,0.2,1,3,3
6DKE,vina_pose,15,A:PLM:401,L:UNL:1,RDKit,18,11.269874585223505,3,11.46208260599559,NA,NA,3,0,hydrogen_bonds=3,none=0,0.125,0.125,0.125,0.06666666666666667,1,8,8,0.0,0.0,0.0,0.0,0,3,0
6DKE,vina_pose,16,A:PLM:401,L:UNL:1,RDKit,18,11.447289417150245,3,9.963596907409158,NA,NA,3,1,hydrogen_bonds=3,hydrogen_bonds=1,0.3333333333333333,0.25,0.28571428571428575,0.16666666666666666,2,8,6,0.0,0.0,0.0,0.0,0,3,1
6DKE,vina_pose,17,A:PLM:401,L:UNL:1,RDKit,18,11.0424068330535,3,9.222031554923243,NA,NA,3,0,hydrogen_bonds=3,none=0,0.42857142857142855,0.375,0.39999999999999997,0.25,3,8,7,0.0,0.0,0.0,0.0,0,3,0
6DKE,vina_pose,18,A:PLM:401,L:UNL:1,RDKit,18,10.218006978423489,3,15.388718454330975,NA,NA,3,1,hydrogen_bonds=3,hydrogen_bonds=1,0.0,0.0,0.0,0.0,0,8,9,0.0,0.0,0.0,0.0,0,3,1
6DKE,vina_pose,19,A:PLM:401,L:UNL:1,RDKit,18,9.016372669267344,3,14.875453214384205,NA,NA,3,1,hydrogen_bonds=3,hydrogen_bonds=1,0.0,0.0,0.0,0.0,0,8,10,0.0,0.0,0.0,0.0,0,3,1
6DKE,vina_pose,20,A:PLM:401,L:UNL:1,RDKit,18,8.731665139657562,3,11.875493014327166,NA,NA,3,0,hydrogen_bonds=3,none=0,0.1111111111111111,0.125,0.11764705882352941,0.0625,1,8,9,0.0,0.0,0.0,0.0,0,3,0
6E5F,boltz,1,A:L6T:301,B:L6T:1,RDKit,35,0.7101807880517883,5,0.5516768538687542,173,0.34501703597393807,0,1,none=0,hydrogen_bonds=1,1.0,1.0,1.0,1.0,6,6,6,NA,NA,NA,NA,0,0,1
6E5F,vina_pose,1,A:L6T:301,L:UNL:1,RDKit,35,9.55039968314371,5,10.605702996899357,NA,NA,0,1,none=0,hydrogen_bonds=1,0.25,0.16666666666666666,0.2,0.1111111111111111,1,6,4,NA,NA,NA,NA,0,0,1
6E5F,vina_pose,2,A:L6T:301,L:UNL:1,RDKit,35,6.0005709346758955,5,5.753177993634475,NA,NA,0,0,none=0,none=0,0.25,0.16666666666666666,0.2,0.1111111111111111,1,6,4,NA,NA,NA,NA,0,0,0
6E5F,vina_pose,3,A:L6T:301,L:UNL:1,RDKit,35,9.342233306247648,5,10.685349694345058,NA,NA,0,0,none=0,none=0,0.25,0.16666666666666666,0.2,0.1111111111111111,1,6,4,NA,NA,NA,NA,0,0,0
6E5F,vina_pose,4,A:L6T:301,L:UNL:1,RDKit,35,7.924932314578377,5,7.67148258020834,NA,NA,0,0,none=0,none=0,0.6,0.5,0.5454545454545454,0.375,3,6,5,NA,NA,NA,NA,0,0,0
6E5F,vina_pose,5,A:L6T:301,L:UNL:1,RDKit,35,5.07664552338226,5,4.767677077827315,NA,NA,0,0,none=0,none=0,0.0,0.0,0.0,0.0,0,6,0,NA,NA,NA,NA,0,0,0
6E5F,vina_pose,6,A:L6T:301,L:UNL:1,RDKit,35,9.9907005218892,5,11.107871349742938,NA,NA,0,1,none=0,hydrogen_bonds=1,0.3333333333333333,0.16666666666666666,0.2222222222222222,0.125,1,6,3,NA,NA,NA,NA,0,0,1
6E5F,vina_pose,7,A:L6T:301,L:UNL:1,RDKit,35,7.26601481901029,5,7.121144312429008,NA,NA,0,0,none=0,none=0,0.42857142857142855,0.5,0.4615384615384615,0.3,3,6,7,NA,NA,NA,NA,0,0,0
6E5F,vina_pose,8,A:L6T:301,L:UNL:1,RDKit,35,5.184390482683021,5,4.874040124828683,NA,NA,0,1,none=0,hydrogen_bonds=1,0.6,0.5,0.5454545454545454,0.375,3,6,5,NA,NA,NA,NA,0,0,1
6E5F,vina_pose,9,A:L6T:301,L:UNL:1,RDKit,35,7.898722481321539,5,8.78100551454331,NA,NA,0,0,none=0,none=0,0.0,0.0,0.0,0.0,0,6,2,NA,NA,NA,NA,0,0,0
6E5F,vina_pose,10,A:L6T:301,L:UNL:1,RDKit,35,7.1624131383866905,5,6.745868781590701,NA,NA,0,0,none=0,none=0,0.5,0.5,0.5,0.3333333333333333,3,6,6,NA,NA,NA,NA,0,0,0
6E5F,vina_pose,11,A:L6T:301,L:UNL:1,RDKit,35,4.397151239910742,5,4.53542954155833,NA,NA,0,0,none=0,none=0,1.0,0.6666666666666666,0.8,0.6666666666666666,4,6,4,NA,NA,NA,NA,0,0,0
6E5F,vina_pose,12,A:L6T:301,L:UNL:1,RDKit,35,8.595146048410447,5,8.693063740847643,NA,NA,0,0,none=0,none=0,0.3333333333333333,0.16666666666666666,0.2222222222222222,0.125,1,6,3,NA,NA,NA,NA,0,0,0
6E5F,vina_pose,13,A:L6T:301,L:UNL:1,RDKit,35,6.5528919291140895,5,5.676475177294445,NA,NA,0,0,none=0,none=0,0.25,0.16666666666666666,0.2,0.1111111111111111,1,6,4,NA,NA,NA,NA,0,0,0
6E5F,vina_pose,14,A:L6T:301,L:UNL:1,RDKit,35,7.470325077211835,5,9.229384795881035,NA,NA,0,0,none=0,none=0,0.5,0.16666666666666666,0.25,0.14285714285714285,1,6,2,NA,NA,NA,NA,0,0,0
6E5F,vina_pose,15,A:L6T:301,L:UNL:1,RDKit,35,11.892887335081179,5,10.6871915820032,NA,NA,0,1,none=0,hydrogen_bonds=1,0.25,0.16666666666666666,0.2,0.1111111111111111,1,6,4,NA,NA,NA,NA,0,0,1
6E5F,vina_pose,16,A:L6T:301,L:UNL:1,RDKit,35,6.314792584836472,5,7.843310716173368,NA,NA,0,0,none=0,none=0,0.5,0.16666666666666666,0.25,0.14285714285714285,1,6,2,NA,NA,NA,NA,0,0,0
6E5F,vina_pose,17,A:L6T:301,L:UNL:1,RDKit,35,5.952173479837188,5,4.406738797165087,NA,NA,0,0,none=0,none=0,1.0,0.5,0.6666666666666666,0.5,3,6,3,NA,NA,NA,NA,0,0,0
6E5F,vina_pose,18,A:L6T:301,L:UNL:1,RDKit,35,3.3423584178698897,5,2.2270110144406563,NA,NA,0,1,none=0,hydrogen_bonds=1,1.0,0.8333333333333334,0.9090909090909091,0.8333333333333334,5,6,5,NA,NA,NA,NA,0,0,1
6E5F,vina_pose,19,A:L6T:301,L:UNL:1,RDKit,35,6.252435316287795,5,5.441313554137457,NA,NA,0,2,none=0,hydrogen_bonds=2,1.0,0.5,0.6666666666666666,0.5,3,6,3,NA,NA,NA,NA,0,0,2
6E5F,vina_pose,20,A:L6T:301,L:UNL:1,RDKit,35,11.37566839075238,5,10.65013415344802,NA,NA,0,1,none=0,hydrogen_bonds=1,0.25,0.16666666666666666,0.2,0.1111111111111111,1,6,4,NA,NA,NA,NA,0,0,1
6EW2,boltz,1,A:PLM:201,B:PLM:1,RDKit,18,0.9623956603712575,3,1.6897813845973544,133,0.3293939777876558,3,3,hydrogen_bonds=3,hydrogen_bonds=3,0.8571428571428571,1.0,0.923076923076923,0.8571428571428571,6,6,7,1.0,1.0,1.0,1.0,3,3,3
6EW2,vina_pose,1,A:PLM:201,L:UNL:1,RDKit,18,2.7932187426774235,3,2.190446910259792,NA,NA,3,3,hydrogen_bonds=3,hydrogen_bonds=3,1.0,0.6666666666666666,0.8,0.6666666666666666,4,6,4,1.0,1.0,1.0,1.0,3,3,3
6EW2,vina_pose,2,A:PLM:201,L:UNL:1,RDKit,18,4.0499691562611515,3,7.229505077573892,NA,NA,3,3,hydrogen_bonds=3,hydrogen_bonds=3,0.14285714285714285,0.16666666666666666,0.15384615384615383,0.08333333333333333,1,6,7,0.0,0.0,0.0,0.0,0,3,3
6EW2,vina_pose,3,A:PLM:201,L:UNL:1,RDKit,18,1.9383118514143518,3,1.7876275712052923,NA,NA,3,3,hydrogen_bonds=3,hydrogen_bonds=3,1.0,0.8333333333333334,0.9090909090909091,0.8333333333333334,5,6,5,1.0,1.0,1.0,1.0,3,3,3
6EW2,vina_pose,4,A:PLM:201,L:UNL:1,RDKit,18,7.105713976168131,3,8.501626432630404,NA,NA,3,2,hydrogen_bonds=3,hydrogen_bonds=2,0.0,0.0,0.0,0.0,0,6,6,0.0,0.0,0.0,0.0,0,3,2
6EW2,vina_pose,5,A:PLM:201,L:UNL:1,RDKit,18,6.69323182608953,3,7.649313585762669,NA,NA,3,1,hydrogen_bonds=3,hydrogen_bonds=1,0.16666666666666666,0.16666666666666666,0.16666666666666666,0.09090909090909091,1,6,6,0.0,0.0,0.0,0.0,0,3,1
6EW2,vina_pose,6,A:PLM:201,L:UNL:1,RDKit,18,4.386707547935138,3,7.07741723135401,NA,NA,3,2,hydrogen_bonds=3,hydrogen_bonds=2,0.14285714285714285,0.16666666666666666,0.15384615384615383,0.08333333333333333,1,6,7,0.0,0.0,0.0,0.0,0,3,2
6EW2,vina_pose,7,A:PLM:201,L:UNL:1,RDKit,18,6.086225312585426,3,5.685921121507049,NA,NA,3,1,hydrogen_bonds=3,hydrogen_bonds=1,0.2857142857142857,0.3333333333333333,0.30769230769230765,0.18181818181818182,2,6,7,1.0,0.3333333333333333,0.5,0.3333333333333333,1,3,1
6EW2,vina_pose,8,A:PLM:201,L:UNL:1,RDKit,18,3.499011971653965,3,7.297012356665797,NA,NA,3,3,hydrogen_bonds=3,hydrogen_bonds=3,0.1111111111111111,0.16666666666666666,0.13333333333333333,0.07142857142857142,1,6,9,0.0,0.0,0.0,0.0,0,3,3
6EW2,vina_pose,9,A:PLM:201,L:UNL:1,RDKit,18,2.0821206870773743,3,1.9925720396847224,NA,NA,3,3,hydrogen_bonds=3,hydrogen_bonds=3,1.0,0.8333333333333334,0.9090909090909091,0.8333333333333334,5,6,5,1.0,1.0,1.0,1.0,3,3,3
6EW2,vina_pose,10,A:PLM:201,L:UNL:1,RDKit,18,3.638170839248145,3,7.790223787970835,NA,NA,3,3,hydrogen_bonds=3,hydrogen_bonds=3,0.125,0.16666666666666666,0.14285714285714288,0.07692307692307693,1,6,8,0.0,0.0,0.0,0.0,0,3,3
6EW2,vina_pose,11,A:PLM:201,L:UNL:1,RDKit,18,6.711050451804595,3,7.490410647398892,NA,NA,3,2,hydrogen_bonds=3,hydrogen_bonds=2,0.125,0.16666666666666666,0.14285714285714288,0.07692307692307693,1,6,8,0.0,0.0,0.0,0.0,0,3,2
6EW2,vina_pose,12,A:PLM:201,L:UNL:1,RDKit,18,4.903205176208721,3,2.942887244413781,NA,NA,3,2,hydrogen_bonds=3,hydrogen_bonds=2,0.6666666666666666,0.3333333333333333,0.4444444444444444,0.2857142857142857,2,6,3,1.0,0.6666666666666666,0.8,0.6666666666666666,2,3,2
6EW2,vina_pose,13,A:PLM:201,L:UNL:1,RDKit,18,3.747331391211025,3,1.6735462347960375,NA,NA,3,3,hydrogen_bonds=3,hydrogen_bonds=3,1.0,0.8333333333333334,0.9090909090909091,0.8333333333333334,5,6,5,1.0,1.0,1.0,1.0,3,3,3
6EW2,vina_pose,14,A:PLM:201,L:UNL:1,RDKit,18,2.1121101481167517,3,3.089948327507542,NA,NA,3,1,hydrogen_bonds=3,hydrogen_bonds=1,0.6666666666666666,0.6666666666666666,0.6666666666666666,0.5,4,6,6,1.0,0.3333333333333333,0.5,0.3333333333333333,1,3,1
6EW2,vina_pose,15,A:PLM:201,L:UNL:1,RDKit,18,3.99096603454463,3,1.8643296382346097,NA,NA,3,3,hydrogen_bonds=3,hydrogen_bonds=3,1.0,0.8333333333333334,0.9090909090909091,0.8333333333333334,5,6,5,1.0,1.0,1.0,1.0,3,3,3
6EW2,vina_pose,16,A:PLM:201,L:UNL:1,RDKit,18,5.507328123106118,3,6.0416504091735295,NA,NA,3,2,hydrogen_bonds=3,hydrogen_bonds=2,0.0,0.0,0.0,0.0,0,6,3,0.0,0.0,0.0,0.0,0,3,2
6EW2,vina_pose,17,A:PLM:201,L:UNL:1,RDKit,18,3.4781160289891306,3,1.1265337692822741,NA,NA,3,3,hydrogen_bonds=3,hydrogen_bonds=3,1.0,0.8333333333333334,0.9090909090909091,0.8333333333333334,5,6,5,1.0,1.0,1.0,1.0,3,3,3
6EW2,vina_pose,18,A:PLM:201,L:UNL:1,RDKit,18,4.73582135314339,3,2.787182149292244,NA,NA,3,2,hydrogen_bonds=3,hydrogen_bonds=2,0.6,0.5,0.5454545454545454,0.375,3,6,5,1.0,0.6666666666666666,0.8,0.6666666666666666,2,3,2
6EW2,vina_pose,19,A:PLM:201,L:UNL:1,RDKit,18,4.143087710606399,3,1.1341781165231481,NA,NA,3,3,hydrogen_bonds=3,hydrogen_bonds=3,1.0,0.8333333333333334,0.9090909090909091,0.8333333333333334,5,6,5,1.0,1.0,1.0,1.0,3,3,3
6EW2,vina_pose,20,A:PLM:201,L:UNL:1,RDKit,18,3.3372085723783513,3,6.207988294662507,NA,NA,3,4,hydrogen_bonds=3,hydrogen_bonds=4,0.3333333333333333,0.3333333333333333,0.3333333333333333,0.2,2,6,6,0.25,0.3333333333333333,0.28571428571428575,0.16666666666666666,1,3,4
6EW4,boltz,1,A:PLM:201,B:PLM:1,RDKit,18,1.0326333102461516,3,1.757570889345796,133,0.3067197759405988,3,3,hydrogen_bonds=3,hydrogen_bonds=3,0.8571428571428571,0.8571428571428571,0.8571428571428571,0.75,6,7,7,1.0,1.0,1.0,1.0,3,3,3
6EW4,vina_pose,1,A:PLM:201,L:UNL:1,RDKit,18,3.722604203451605,3,7.540590737247757,NA,NA,3,3,hydrogen_bonds=3,hydrogen_bonds=3,0.1,0.14285714285714285,0.11764705882352941,0.0625,1,7,10,0.0,0.0,0.0,0.0,0,3,3
6EW4,vina_pose,2,A:PLM:201,L:UNL:1,RDKit,18,3.380240803387961,3,7.356084465710454,NA,NA,3,3,hydrogen_bonds=3,hydrogen_bonds=3,0.1111111111111111,0.14285714285714285,0.125,0.06666666666666667,1,7,9,0.0,0.0,0.0,0.0,0,3,3
6EW4,vina_pose,3,A:PLM:201,L:UNL:1,RDKit,18,2.228505690167991,3,1.6471872996110675,NA,NA,3,3,hydrogen_bonds=3,hydrogen_bonds=3,1.0,0.8571428571428571,0.923076923076923,0.8571428571428571,6,7,6,1.0,1.0,1.0,1.0,3,3,3
6EW4,vina_pose,4,A:PLM:201,L:UNL:1,RDKit,18,6.363274401682762,3,6.630497517783514,NA,NA,3,2,hydrogen_bonds=3,hydrogen_bonds=2,0.16666666666666666,0.14285714285714285,0.15384615384615383,0.08333333333333333,1,7,6,0.5,0.3333333333333333,0.4,0.25,1,3,2
6EW4,vina_pose,5,A:PLM:201,L:UNL:1,RDKit,18,1.3984898005427933,3,1.2816870392832518,NA,NA,3,3,hydrogen_bonds=3,hydrogen_bonds=3,0.8333333333333334,0.7142857142857143,0.7692307692307692,0.625,5,7,6,1.0,1.0,1.0,1.0,3,3,3
6EW4,vina_pose,6,A:PLM:201,L:UNL:1,RDKit,18,4.65478999406943,3,7.3815387962131584,NA,NA,3,3,hydrogen_bonds=3,hydrogen_bonds=3,0.125,0.14285714285714285,0.13333333333333333,0.07142857142857142,1,7,8,0.0,0.0,0.0,0.0,0,3,3
6EW4,vina_pose,7,A:PLM:201,L:UNL:1,RDKit,18,2.4822569143601734,3,4.678846189678249,NA,NA,3,3,hydrogen_bonds=3,hydrogen_bonds=3,0.5,0.42857142857142855,0.4615384615384615,0.3,3,7,6,0.3333333333333333,0.3333333333333333,0.3333333333333333,0.2,1,3,3
6EW4,vina_pose,8,A:PLM:201,L:UNL:1,RDKit,18,3.6388737344892252,3,7.294261420230748,NA,NA,3,3,hydrogen_bonds=3,hydrogen_bonds=3,0.14285714285714285,0.14285714285714285,0.14285714285714285,0.07692307692307693,1,7,7,0.0,0.0,0.0,0.0,0,3,3
6EW4,vina_pose,9,A:PLM:201,L:UNL:1,RDKit,18,5.697093523114318,3,5.265450566349158,NA,NA,3,1,hydrogen_bonds=3,hydrogen_bonds=1,0.5,0.42857142857142855,0.4615384615384615,0.3,3,7,6,1.0,0.3333333333333333,0.5,0.3333333333333333,1,3,1
6EW4,vina_pose,10,A:PLM:201,L:UNL:1,RDKit,18,5.0298428349645725,3,2.7984077020096025,NA,NA,3,2,hydrogen_bonds=3,hydrogen_bonds=2,0.8333333333333334,0.7142857142857143,0.7692307692307692,0.625,5,7,6,0.5,0.3333333333333333,0.4,0.25,1,3,2
6EW4,vina_pose,11,A:PLM:201,L:UNL:1,RDKit,18,6.831802954646095,3,8.458545560555905,NA,NA,3,2,hydrogen_bonds=3,hydrogen_bonds=2,0.1111111111111111,0.14285714285714285,0.125,0.06666666666666667,1,7,9,0.0,0.0,0.0,0.0,0,3,2
6EW4,vina_pose,12,A:PLM:201,L:UNL:1,RDKit,18,4.448369189314714,3,2.228707846862542,NA,NA,3,3,hydrogen_bonds=3,hydrogen_bonds=3,1.0,0.7142857142857143,0.8333333333333333,0.7142857142857143,5,7,5,0.6666666666666666,0.6666666666666666,0.6666666666666666,0.5,2,3,3
6EW4,vina_pose,13,A:PLM:201,L:UNL:1,RDKit,18,6.476006386826856,3,7.805495585376583,NA,NA,3,2,hydrogen_bonds=3,hydrogen_bonds=2,0.25,0.2857142857142857,0.26666666666666666,0.15384615384615385,2,7,8,0.0,0.0,0.0,0.0,0,3,2
6EW4,vina_pose,14,A:PLM:201,L:UNL:1,RDKit,18,3.0628759905248097,3,0.3779087191373068,NA,NA,3,3,hydrogen_bonds=3,hydrogen_bonds=3,0.875,1.0,0.9333333333333333,0.875,7,7,8,1.0,1.0,1.0,1.0,3,3,3
6EW4,vina_pose,15,A:PLM:201,L:UNL:1,RDKit,18,4.804656896063327,3,2.8053822080660127,NA,NA,3,2,hydrogen_bonds=3,hydrogen_bonds=2,0.7142857142857143,0.7142857142857143,0.7142857142857143,0.5555555555555556,5,7,7,1.0,0.6666666666666666,0.8,0.6666666666666666,2,3,2
6EW4,vina_pose,16,A:PLM:201,L:UNL:1,RDKit,18,2.765777427375127,3,1.6827578554266207,NA,NA,3,3,hydrogen_bonds=3,hydrogen_bonds=3,1.0,0.7142857142857143,0.8333333333333333,0.7142857142857143,5,7,5,1.0,1.0,1.0,1.0,3,3,3
6EW4,vina_pose,17,A:PLM:201,L:UNL:1,RDKit,18,3.60955950682813,3,2.118548953096592,NA,NA,3,2,hydrogen_bonds=3,hydrogen_bonds=2,0.7142857142857143,0.7142857142857143,0.7142857142857143,0.5555555555555556,5,7,7,1.0,0.6666666666666666,0.8,0.6666666666666666,2,3,2
6EW4,vina_pose,18,A:PLM:201,L:UNL:1,RDKit,18,5.171773051865289,3,8.190278017259244,NA,NA,3,3,hydrogen_bonds=3,hydrogen_bonds=3,0.0,0.0,0.0,0.0,0,7,5,0.0,0.0,0.0,0.0,0,3,3
6EW4,vina_pose,19,A:PLM:201,L:UNL:1,RDKit,18,4.900955286698933,3,7.771838757119622,NA,NA,3,4,hydrogen_bonds=3,hydrogen_bonds=4,0.14285714285714285,0.14285714285714285,0.14285714285714285,0.07692307692307693,1,7,7,0.0,0.0,0.0,0.0,0,3,4
6EW4,vina_pose,20,A:PLM:201,L:UNL:1,RDKit,18,5.052471578896368,3,5.576620661296588,NA,NA,3,2,hydrogen_bonds=3,hydrogen_bonds=2,0.5,0.2857142857142857,0.36363636363636365,0.2222222222222222,2,7,4,0.0,0.0,0.0,0.0,0,3,2
6GE7,boltz,1,A:EW8:201,B:EW8:1,RDKit,21,1.3528406041094787,3,2.7125645476239324,162,0.8300764989212377,1,0,hydrogen_bonds=1,none=0,0.5,0.3333333333333333,0.4,0.25,1,3,2,0.0,0.0,0.0,0.0,0,1,0
6GE7,vina_pose,1,A:EW8:201,L:UNL:1,RDKit,21,4.946249531571515,3,9.844327588345823,NA,NA,1,3,hydrogen_bonds=1,hydrogen_bonds=3,0.0,0.0,0.0,0.0,0,3,7,0.0,0.0,0.0,0.0,0,1,3
6GE7,vina_pose,2,A:EW8:201,L:UNL:1,RDKit,21,2.6033091487200526,3,3.0943845376207966,NA,NA,1,0,hydrogen_bonds=1,none=0,0.5,0.6666666666666666,0.5714285714285715,0.4,2,3,4,0.0,0.0,0.0,0.0,0,1,0
6GE7,vina_pose,3,A:EW8:201,L:UNL:1,RDKit,21,11.466565027235033,3,17.195425098942255,NA,NA,1,0,hydrogen_bonds=1,none=0,0.0,0.0,0.0,0.0,0,3,9,0.0,0.0,0.0,0.0,0,1,0
6GE7,vina_pose,4,A:EW8:201,L:UNL:1,RDKit,21,5.139326044383271,3,9.89529706476769,NA,NA,1,2,hydrogen_bonds=1,hydrogen_bonds=2,0.0,0.0,0.0,0.0,0,3,4,0.0,0.0,0.0,0.0,0,1,2
6GE7,vina_pose,5,A:EW8:201,L:UNL:1,RDKit,21,5.296580752397406,3,9.687643177436573,NA,NA,1,1,hydrogen_bonds=1,hydrogen_bonds=1,0.0,0.0,0.0,0.0,0,3,5,0.0,0.0,0.0,0.0,0,1,1
6GE7,vina_pose,6,A:EW8:201,L:UNL:1,RDKit,21,4.50149331835982,3,9.130558453165213,NA,NA,1,3,hydrogen_bonds=1,hydrogen_bonds=3,0.0,0.0,0.0,0.0,0,3,6,0.0,0.0,0.0,0.0,0,1,3
6GE7,vina_pose,7,A:EW8:201,L:UNL:1,RDKit,21,4.695337403566792,3,9.832576959610675,NA,NA,1,2,hydrogen_bonds=1,hydrogen_bonds=2,0.0,0.0,0.0,0.0,0,3,4,0.0,0.0,0.0,0.0,0,1,2
6GE7,vina_pose,8,A:EW8:201,L:UNL:1,RDKit,21,3.9933103763550317,3,4.773416351698925,NA,NA,1,0,hydrogen_bonds=1,none=0,0.4,0.6666666666666666,0.5,0.3333333333333333,2,3,5,0.0,0.0,0.0,0.0,0,1,0
6GE7,vina_pose,9,A:EW8:201,L:UNL:1,RDKit,21,1.426950561428778,3,1.4747939969139203,NA,NA,1,1,hydrogen_bonds=1,hydrogen_bonds=1,1.0,1.0,1.0,1.0,3,3,3,0.0,0.0,0.0,0.0,0,1,1
6GE7,vina_pose,10,A:EW8:201,L:UNL:1,RDKit,21,5.23482477989383,3,10.822789982255038,NA,NA,1,2,hydrogen_bonds=1,hydrogen_bonds=2,0.0,0.0,0.0,0.0,0,3,4,0.0,0.0,0.0,0.0,0,1,2
6GE7,vina_pose,11,A:EW8:201,L:UNL:1,RDKit,21,11.480891922378389,3,16.989230176791416,NA,NA,1,0,hydrogen_bonds=1,none=0,0.0,0.0,0.0,0.0,0,3,9,0.0,0.0,0.0,0.0,0,1,0
6GE7,vina_pose,12,A:EW8:201,L:UNL:1,RDKit,21,2.5576351521334266,3,5.228559584946256,NA,NA,1,2,hydrogen_bonds=1,hydrogen_bonds=2,0.5,0.3333333333333333,0.4,0.25,1,3,2,0.5,1.0,0.6666666666666666,0.5,1,1,2
6GE7,vina_pose,13,A:EW8:201,L:UNL:1,RDKit,21,2.459531575611214,3,5.22362051965238,NA,NA,1,0,hydrogen_bonds=1,none=0,0.3333333333333333,0.3333333333333333,0.3333333333333333,0.2,1,3,3,0.0,0.0,0.0,0.0,0,1,0
6GE7,vina_pose,14,A:EW8:201,L:UNL:1,RDKit,21,5.469148022794601,3,8.098598891166302,NA,NA,1,0,hydrogen_bonds=1,none=0,0.0,0.0,0.0,0.0,0,3,5,0.0,0.0,0.0,0.0,0,1,0
6GE7,vina_pose,15,A:EW8:201,L:UNL:1,RDKit,21,3.2621949446872205,3,7.210061835148619,NA,NA,1,1,hydrogen_bonds=1,hydrogen_bonds=1,0.0,0.0,0.0,0.0,0,3,3,0.0,0.0,0.0,0.0,0,1,1
6GE7,vina_pose,16,A:EW8:201,L:UNL:1,RDKit,21,5.1339320352783355,3,10.02625960499062,NA,NA,1,2,hydrogen_bonds=1,hydrogen_bonds=2,0.0,0.0,0.0,0.0,0,3,5,0.0,0.0,0.0,0.0,0,1,2
6GE7,vina_pose,17,A:EW8:201,L:UNL:1,RDKit,21,11.636245819073466,3,17.352286909799524,NA,NA,1,0,hydrogen_bonds=1,none=0,0.0,0.0,0.0,0.0,0,3,8,0.0,0.0,0.0,0.0,0,1,0
6GE7,vina_pose,18,A:EW8:201,L:UNL:1,RDKit,21,3.154354065641423,3,5.23473644672458,NA,NA,1,0,hydrogen_bonds=1,none=0,0.3333333333333333,0.3333333333333333,0.3333333333333333,0.2,1,3,3,0.0,0.0,0.0,0.0,0,1,0
6GE7,vina_pose,19,A:EW8:201,L:UNL:1,RDKit,21,3.3392548641304773,3,6.416356312840907,NA,NA,1,1,hydrogen_bonds=1,hydrogen_bonds=1,0.3333333333333333,0.3333333333333333,0.3333333333333333,0.2,1,3,3,0.0,0.0,0.0,0.0,0,1,1
6GE7,vina_pose,20,A:EW8:201,L:UNL:1,RDKit,21,3.8732124970906328,3,5.482375093576387,NA,NA,1,0,hydrogen_bonds=1,none=0,0.0,0.0,0.0,0.0,0,3,0,0.0,0.0,0.0,0.0,0,1,0
6GF9,boltz,1,A:X90:201,B:X90:1,RDKit,19,0.8744828989559932,3,1.5491982142725422,161,0.6631426421465749,0,1,none=0,hydrogen_bonds=1,0.3333333333333333,0.5,0.4,0.25,1,2,3,NA,NA,NA,NA,0,0,1
6GF9,vina_pose,1,A:X90:201,L:UNL:1,RDKit,19,11.028180493626317,3,16.71016107043855,NA,NA,0,0,none=0,none=0,0.0,0.0,0.0,0.0,0,2,9,NA,NA,NA,NA,0,0,0
6GF9,vina_pose,2,A:X90:201,L:UNL:1,RDKit,19,2.1299047297695584,3,2.7345490792206775,NA,NA,0,0,none=0,none=0,0.4,1.0,0.5714285714285715,0.4,2,2,5,NA,NA,NA,NA,0,0,0
6GF9,vina_pose,3,A:X90:201,L:UNL:1,RDKit,19,3.214668649536961,3,5.598150081351279,NA,NA,0,1,none=0,hydrogen_bonds=1,0.0,0.0,0.0,0.0,0,2,4,NA,NA,NA,NA,0,0,1
6GF9,vina_pose,4,A:X90:201,L:UNL:1,RDKit,19,2.6512676411979155,3,4.738583508461856,NA,NA,0,0,none=0,none=0,0.0,0.0,0.0,0.0,0,2,3,NA,NA,NA,NA,0,0,0
6GF9,vina_pose,5,A:X90:201,L:UNL:1,RDKit,19,1.6394588324071744,3,2.330693101490056,NA,NA,0,0,none=0,none=0,0.25,0.5,0.3333333333333333,0.2,1,2,4,NA,NA,NA,NA,0,0,0
6GF9,vina_pose,6,A:X90:201,L:UNL:1,RDKit,19,10.90883006414625,3,16.853911692344106,NA,NA,0,0,none=0,none=0,0.0,0.0,0.0,0.0,0,2,9,NA,NA,NA,NA,0,0,0
6GF9,vina_pose,7,A:X90:201,L:UNL:1,RDKit,19,3.103173155268482,3,4.615714643115048,NA,NA,0,0,none=0,none=0,0.0,0.0,0.0,0.0,0,2,4,NA,NA,NA,NA,0,0,0
6GF9,vina_pose,8,A:X90:201,L:UNL:1,RDKit,19,11.19361464830449,3,16.93468938795946,NA,NA,0,0,none=0,none=0,0.0,0.0,0.0,0.0,0,2,9,NA,NA,NA,NA,0,0,0
6GF9,vina_pose,9,A:X90:201,L:UNL:1,RDKit,19,3.6462170591045817,3,7.1864497261628895,NA,NA,0,1,none=0,hydrogen_bonds=1,0.0,0.0,0.0,0.0,0,2,5,NA,NA,NA,NA,0,0,1
6GF9,vina_pose,10,A:X90:201,L:UNL:1,RDKit,19,11.185941413926209,3,16.668614679490716,NA,NA,0,0,none=0,none=0,0.0,0.0,0.0,0.0,0,2,9,NA,NA,NA,NA,0,0,0
6GF9,vina_pose,11,A:X90:201,L:UNL:1,RDKit,19,2.708678392053761,3,4.451649918850313,NA,NA,0,1,none=0,hydrogen_bonds=1,0.0,0.0,0.0,0.0,0,2,4,NA,NA,NA,NA,0,0,1
6GF9,vina_pose,12,A:X90:201,L:UNL:1,RDKit,19,11.064854714008009,3,16.798922395995127,NA,NA,0,0,none=0,none=0,0.0,0.0,0.0,0.0,0,2,9,NA,NA,NA,NA,0,0,0
6GF9,vina_pose,13,A:X90:201,L:UNL:1,RDKit,19,3.154974768436934,3,6.670638125397,NA,NA,0,1,none=0,hydrogen_bonds=1,0.0,0.0,0.0,0.0,0,2,4,NA,NA,NA,NA,0,0,1
6GF9,vina_pose,14,A:X90:201,L:UNL:1,RDKit,19,11.16597345321467,3,16.451839583057776,NA,NA,0,0,none=0,none=0,0.0,0.0,0.0,0.0,0,2,9,NA,NA,NA,NA,0,0,0
6GF9,vina_pose,15,A:X90:201,L:UNL:1,RDKit,19,2.2436305751827184,3,2.211506047922997,NA,NA,0,0,none=0,none=0,0.6666666666666666,1.0,0.8,0.6666666666666666,2,2,3,NA,NA,NA,NA,0,0,0
6GF9,vina_pose,16,A:X90:201,L:UNL:1,RDKit,19,4.564830198029506,3,5.893256711417437,NA,NA,0,1,none=0,hydrogen_bonds=1,0.0,0.0,0.0,0.0,0,2,5,NA,NA,NA,NA,0,0,1
6GF9,vina_pose,17,A:X90:201,L:UNL:1,RDKit,19,11.653316564281965,3,15.945995547472098,NA,NA,0,0,none=0,none=0,0.0,0.0,0.0,0.0,0,2,7,NA,NA,NA,NA,0,0,0
6GF9,vina_pose,18,A:X90:201,L:UNL:1,RDKit,19,3.104596770156015,3,5.873895413891308,NA,NA,0,1,none=0,hydrogen_bonds=1,0.0,0.0,0.0,0.0,0,2,3,NA,NA,NA,NA,0,0,1
6GF9,vina_pose,19,A:X90:201,L:UNL:1,RDKit,19,2.7325030745877634,3,3.204283279195729,NA,NA,0,1,none=0,hydrogen_bonds=1,1.0,1.0,1.0,1.0,2,2,2,NA,NA,NA,NA,0,0,1
6GF9,vina_pose,20,A:X90:201,L:UNL:1,RDKit,19,11.165489849484766,3,15.924115914758554,NA,NA,0,0,none=0,none=0,0.0,0.0,0.0,0.0,0,2,8,NA,NA,NA,NA,0,0,0
6GFS,boltz,1,A:F15:201,B:F15:1,RDKit,17,0.7786599956279686,3,0.9278975585410115,162,0.6769805035414461,0,0,none=0,none=0,0.75,1.0,0.8571428571428571,0.75,3,3,4,NA,NA,NA,NA,0,0,0
6GFS,vina_pose,1,A:F15:201,L:UNL:1,RDKit,17,4.378354848167356,3,8.44449175498443,NA,NA,0,1,none=0,hydrogen_bonds=1,0.0,0.0,0.0,0.0,0,3,6,NA,NA,NA,NA,0,0,1
6GFS,vina_pose,2,A:F15:201,L:UNL:1,RDKit,17,3.469133872240939,3,5.730944395705359,NA,NA,0,1,none=0,hydrogen_bonds=1,0.0,0.0,0.0,0.0,0,3,3,NA,NA,NA,NA,0,0,1
6GFS,vina_pose,3,A:F15:201,L:UNL:1,RDKit,17,2.655103277043043,3,3.6083797379618097,NA,NA,0,0,none=0,none=0,0.25,0.3333333333333333,0.28571428571428575,0.16666666666666666,1,3,4,NA,NA,NA,NA,0,0,0
6GFS,vina_pose,4,A:F15:201,L:UNL:1,RDKit,17,10.412962702098483,3,16.578832206561877,NA,NA,0,0,none=0,none=0,0.0,0.0,0.0,0.0,0,3,8,NA,NA,NA,NA,0,0,0
6GFS,vina_pose,5,A:F15:201,L:UNL:1,RDKit,17,1.6618993386377845,3,2.3403570952598955,NA,NA,0,0,none=0,none=0,0.6,1.0,0.7499999999999999,0.6,3,3,5,NA,NA,NA,NA,0,0,0
6GFS,vina_pose,6,A:F15:201,L:UNL:1,RDKit,17,3.968716869245688,3,8.024765562515414,NA,NA,0,1,none=0,hydrogen_bonds=1,0.0,0.0,0.0,0.0,0,3,5,NA,NA,NA,NA,0,0,1
6GFS,vina_pose,7,A:F15:201,L:UNL:1,RDKit,17,1.8891686936166332,3,3.2774195133773567,NA,NA,0,0,none=0,none=0,0.0,0.0,0.0,0.0,0,3,2,NA,NA,NA,NA,0,0,0
6GFS,vina_pose,8,A:F15:201,L:UNL:1,RDKit,17,1.905404249218831,3,2.275007472515201,NA,NA,0,0,none=0,none=0,0.5,1.0,0.6666666666666666,0.5,3,3,6,NA,NA,NA,NA,0,0,0
6GFS,vina_pose,9,A:F15:201,L:UNL:1,RDKit,17,3.5588661776734787,3,6.129081497255523,NA,NA,0,2,none=0,hydrogen_bonds=2,0.0,0.0,0.0,0.0,0,3,4,NA,NA,NA,NA,0,0,2
6GFS,vina_pose,10,A:F15:201,L:UNL:1,RDKit,17,10.319810714178365,3,16.27474398160127,NA,NA,0,0,none=0,none=0,0.0,0.0,0.0,0.0,0,3,8,NA,NA,NA,NA,0,0,0
6GFS,vina_pose,11,A:F15:201,L:UNL:1,RDKit,17,2.1321968510821665,3,3.3901301843242937,NA,NA,0,0,none=0,none=0,0.0,0.0,0.0,0.0,0,3,3,NA,NA,NA,NA,0,0,0
6GFS,vina_pose,12,A:F15:201,L:UNL:1,RDKit,17,2.823347116664275,3,5.142746380421005,NA,NA,0,0,none=0,none=0,0.0,0.0,0.0,0.0,0,3,6,NA,NA,NA,NA,0,0,0
6GFS,vina_pose,13,A:F15:201,L:UNL:1,RDKit,17,2.218094717650846,3,3.4627682086253877,NA,NA,0,0,none=0,none=0,0.0,0.0,0.0,0.0,0,3,4,NA,NA,NA,NA,0,0,0
6GFS,vina_pose,14,A:F15:201,L:UNL:1,RDKit,17,10.565909851972048,3,15.872791730925387,NA,NA,0,0,none=0,none=0,0.0,0.0,0.0,0.0,0,3,7,NA,NA,NA,NA,0,0,0
6GFS,vina_pose,15,A:F15:201,L:UNL:1,RDKit,17,10.064830149643683,3,14.748491764696936,NA,NA,0,0,none=0,none=0,0.0,0.0,0.0,0.0,0,3,7,NA,NA,NA,NA,0,0,0
6GFS,vina_pose,16,A:F15:201,L:UNL:1,RDKit,17,9.937190385853835,3,15.485330014780656,NA,NA,0,0,none=0,none=0,0.0,0.0,0.0,0.0,0,3,7,NA,NA,NA,NA,0,0,0
6GFS,vina_pose,17,A:F15:201,L:UNL:1,RDKit,17,4.023949296546426,3,7.5016640598381015,NA,NA,0,1,none=0,hydrogen_bonds=1,0.0,0.0,0.0,0.0,0,3,5,NA,NA,NA,NA,0,0,1
6GFS,vina_pose,18,A:F15:201,L:UNL:1,RDKit,17,10.78403450367582,3,15.817169078778498,NA,NA,0,0,none=0,none=0,0.0,0.0,0.0,0.0,0,3,7,NA,NA,NA,NA,0,0,0
6GFS,vina_pose,19,A:F15:201,L:UNL:1,RDKit,17,4.1117146845396295,3,6.240821073117437,NA,NA,0,2,none=0,hydrogen_bonds=2,0.0,0.0,0.0,0.0,0,3,4,NA,NA,NA,NA,0,0,2
6GFS,vina_pose,20,A:F15:201,L:UNL:1,RDKit,17,10.278058116544138,3,14.641519775396725,NA,NA,0,0,none=0,none=0,0.0,0.0,0.0,0.0,0,3,8,NA,NA,NA,NA,0,0,0
6IWP,boltz,1,A:MYR:101,B:MYR:1,RDKit,16,11.07214249862593,3,17.75211397020834,90,0.5567779197271868,0,1,none=0,hydrogen_bonds=1,0.0,0.0,0.0,0.0,0,5,8,NA,NA,NA,NA,0,0,1
6IWP,vina_pose,1,A:MYR:101,L:UNL:1,RDKit,16,2.64548398218549,3,3.38340848849204,NA,NA,0,3,none=0,hydrogen_bonds=3,0.7142857142857143,1.0,0.8333333333333333,0.7142857142857143,5,5,7,NA,NA,NA,NA,0,0,3
6IWP,vina_pose,2,A:MYR:101,L:UNL:1,RDKit,16,8.759685917600015,3,13.039080821387168,NA,NA,0,4,none=0,hydrogen_bonds=4,0.0,0.0,0.0,0.0,0,5,6,NA,NA,NA,NA,0,0,4
6IWP,vina_pose,3,A:MYR:101,L:UNL:1,RDKit,16,2.2442658320707016,3,2.1317599145619868,NA,NA,0,2,none=0,hydrogen_bonds=2,1.0,1.0,1.0,1.0,5,5,5,NA,NA,NA,NA,0,0,2
6IWP,vina_pose,4,A:MYR:101,L:UNL:1,RDKit,16,9.08984795664922,3,13.986330517091798,NA,NA,0,3,none=0,hydrogen_bonds=3,0.0,0.0,0.0,0.0,0,5,8,NA,NA,NA,NA,0,0,3
6IWP,vina_pose,5,A:MYR:101,L:UNL:1,RDKit,16,8.815651620838926,3,13.399059855079386,NA,NA,0,4,none=0,hydrogen_bonds=4,0.0,0.0,0.0,0.0,0,5,7,NA,NA,NA,NA,0,0,4
6IWP,vina_pose,6,A:MYR:101,L:UNL:1,RDKit,16,9.178003346997647,3,13.167842432734883,NA,NA,0,4,none=0,hydrogen_bonds=4,0.125,0.2,0.15384615384615385,0.08333333333333333,1,5,8,NA,NA,NA,NA,0,0,4
6IWP,vina_pose,7,A:MYR:101,L:UNL:1,RDKit,16,1.312529452050505,3,1.0136819027683186,NA,NA,0,2,none=0,hydrogen_bonds=2,1.0,1.0,1.0,1.0,5,5,5,NA,NA,NA,NA,0,0,2
6IWP,vina_pose,8,A:MYR:101,L:UNL:1,RDKit,16,9.108019090340116,3,13.962662663928633,NA,NA,0,1,none=0,hydrogen_bonds=1,0.0,0.0,0.0,0.0,0,5,8,NA,NA,NA,NA,0,0,1
6IWP,vina_pose,9,A:MYR:101,L:UNL:1,RDKit,16,3.2862207016571476,3,3.2444963142733463,NA,NA,0,2,none=0,hydrogen_bonds=2,0.625,1.0,0.7692307692307693,0.625,5,5,8,NA,NA,NA,NA,0,0,2
6IWP,vina_pose,10,A:MYR:101,L:UNL:1,RDKit,16,3.0130094589961045,3,1.6520407581735574,NA,NA,0,2,none=0,hydrogen_bonds=2,0.7142857142857143,1.0,0.8333333333333333,0.7142857142857143,5,5,7,NA,NA,NA,NA,0,0,2
6IWP,vina_pose,11,A:MYR:101,L:UNL:1,RDKit,16,8.293801111372275,3,13.065512440518104,NA,NA,0,1,none=0,hydrogen_bonds=1,0.0,0.0,0.0,0.0,0,5,8,NA,NA,NA,NA,0,0,1
6IWP,vina_pose,12,A:MYR:101,L:UNL:1,RDKit,16,8.09325842136528,3,12.475886261103858,NA,NA,0,1,none=0,hydrogen_bonds=1,0.0,0.0,0.0,0.0,0,5,6,NA,NA,NA,NA,0,0,1
6IWP,vina_pose,13,A:MYR:101,L:UNL:1,RDKit,16,3.7969969301409763,3,4.032118549844485,NA,NA,0,0,none=0,none=0,0.625,1.0,0.7692307692307693,0.625,5,5,8,NA,NA,NA,NA,0,0,0
6IWP,vina_pose,14,A:MYR:101,L:UNL:1,RDKit,16,4.355822963287189,3,3.9981650374473863,NA,NA,0,0,none=0,none=0,0.7142857142857143,1.0,0.8333333333333333,0.7142857142857143,5,5,7,NA,NA,NA,NA,0,0,0
6IWP,vina_pose,15,A:MYR:101,L:UNL:1,RDKit,16,1.8853556859383325,3,1.9587410923005277,NA,NA,0,2,none=0,hydrogen_bonds=2,0.8,0.8,0.8000000000000002,0.6666666666666666,4,5,5,NA,NA,NA,NA,0,0,2
6IWP,vina_pose,16,A:MYR:101,L:UNL:1,RDKit,16,9.142690868256457,3,12.736886903792465,NA,NA,0,0,none=0,none=0,0.0,0.0,0.0,0.0,0,5,8,NA,NA,NA,NA,0,0,0
6IWP,vina_pose,17,A:MYR:101,L:UNL:1,RDKit,16,8.275787485188344,3,11.986454938804883,NA,NA,0,1,none=0,hydrogen_bonds=1,0.0,0.0,0.0,0.0,0,5,6,NA,NA,NA,NA,0,0,1
6IWP,vina_pose,18,A:MYR:101,L:UNL:1,RDKit,16,8.431628238365352,3,13.854277161464132,NA,NA,0,2,none=0,hydrogen_bonds=2,0.0,0.0,0.0,0.0,0,5,7,NA,NA,NA,NA,0,0,2
6IWP,vina_pose,19,A:MYR:101,L:UNL:1,RDKit,16,8.036260242643962,3,11.947295942318217,NA,NA,0,2,none=0,hydrogen_bonds=2,0.14285714285714285,0.2,0.16666666666666666,0.09090909090909091,1,5,7,NA,NA,NA,NA,0,0,2
6IWP,vina_pose,20,A:MYR:101,L:UNL:1,RDKit,16,9.139288539049417,3,11.055646852777695,NA,NA,0,0,none=0,none=0,0.0,0.0,0.0,0.0,0,5,6,NA,NA,NA,NA,0,0,0
6LX7,boltz,1,A:STE:502,B:STE:1,RDKit,20,1.0741928776566956,3,1.7773961973991406,268,1.5452897419748406,4,4,hydrogen_bonds=4,hydrogen_bonds=4,1.0,1.0,1.0,1.0,9,9,9,1.0,1.0,1.0,1.0,4,4,4
6LX7,vina_pose,1,A:STE:502,L:UNL:1,RDKit,20,3.7753280784588776,3,3.860443281973371,NA,NA,4,2,hydrogen_bonds=4,hydrogen_bonds=2,0.7142857142857143,0.5555555555555556,0.6250000000000001,0.45454545454545453,5,9,7,0.5,0.25,0.3333333333333333,0.2,1,4,2
6LX7,vina_pose,2,A:STE:502,L:UNL:1,RDKit,20,2.0546236395018918,3,2.140031152421229,NA,NA,4,1,hydrogen_bonds=4,hydrogen_bonds=1,1.0,0.7777777777777778,0.8750000000000001,0.7777777777777778,7,9,7,1.0,0.25,0.4,0.25,1,4,1
6LX7,vina_pose,3,A:STE:502,L:UNL:1,RDKit,20,2.6811355523359874,3,3.15037479251808,NA,NA,4,2,hydrogen_bonds=4,hydrogen_bonds=2,0.7142857142857143,0.5555555555555556,0.6250000000000001,0.45454545454545453,5,9,7,0.5,0.25,0.3333333333333333,0.2,1,4,2
6LX7,vina_pose,4,A:STE:502,L:UNL:1,RDKit,20,1.1162844843497557,3,0.5677722548111461,NA,NA,4,4,hydrogen_bonds=4,hydrogen_bonds=4,1.0,1.0,1.0,1.0,9,9,9,1.0,1.0,1.0,1.0,4,4,4
6LX7,vina_pose,5,A:STE:502,L:UNL:1,RDKit,20,1.5433358999258715,3,0.4985619319603129,NA,NA,4,4,hydrogen_bonds=4,hydrogen_bonds=4,1.0,1.0,1.0,1.0,9,9,9,1.0,1.0,1.0,1.0,4,4,4
6LX7,vina_pose,6,A:STE:502,L:UNL:1,RDKit,20,7.169710231243659,3,0.6200626312451566,NA,NA,4,4,hydrogen_bonds=4,hydrogen_bonds=4,0.9,1.0,0.9473684210526316,0.9,9,9,10,1.0,1.0,1.0,1.0,4,4,4
6LX7,vina_pose,7,A:STE:502,L:UNL:1,RDKit,20,6.925055469091927,3,12.089958795077289,NA,NA,4,2,hydrogen_bonds=4,hydrogen_bonds=2,0.0,0.0,0.0,0.0,0,9,5,0.0,0.0,0.0,0.0,0,4,2
6LX7,vina_pose,8,A:STE:502,L:UNL:1,RDKit,20,10.209355016356323,3,14.006219059165588,NA,NA,4,0,hydrogen_bonds=4,none=0,0.0,0.0,0.0,0.0,0,9,7,0.0,0.0,0.0,0.0,0,4,0
6LX7,vina_pose,9,A:STE:502,L:UNL:1,RDKit,20,10.348090137798374,3,13.938304786929196,NA,NA,4,0,hydrogen_bonds=4,none=0,0.0,0.0,0.0,0.0,0,9,7,0.0,0.0,0.0,0.0,0,4,0
6LX7,vina_pose,10,A:STE:502,L:UNL:1,RDKit,20,10.115319725545012,3,13.219406756734587,NA,NA,4,3,hydrogen_bonds=4,hydrogen_bonds=3,0.0,0.0,0.0,0.0,0,9,7,0.0,0.0,0.0,0.0,0,4,3
6LX7,vina_pose,11,A:STE:502,L:UNL:1,RDKit,20,10.738557074858802,3,16.238743650089848,NA,NA,4,1,hydrogen_bonds=4,hydrogen_bonds=1,0.0,0.0,0.0,0.0,0,9,8,0.0,0.0,0.0,0.0,0,4,1
6LX7,vina_pose,12,A:STE:502,L:UNL:1,RDKit,20,6.895680930843596,3,12.532577441744909,NA,NA,4,3,hydrogen_bonds=4,hydrogen_bonds=3,0.0,0.0,0.0,0.0,0,9,5,0.0,0.0,0.0,0.0,0,4,3
6LX7,vina_pose,13,A:STE:502,L:UNL:1,RDKit,20,5.069376781222719,3,5.199893909174173,NA,NA,4,2,hydrogen_bonds=4,hydrogen_bonds=2,0.6,0.3333333333333333,0.42857142857142855,0.2727272727272727,3,9,5,0.5,0.25,0.3333333333333333,0.2,1,4,2
6LX7,vina_pose,14,A:STE:502,L:UNL:1,RDKit,20,10.532421889100341,3,16.344473785758087,NA,NA,4,0,hydrogen_bonds=4,none=0,0.0,0.0,0.0,0.0,0,9,6,0.0,0.0,0.0,0.0,0,4,0
6LX7,vina_pose,15,A:STE:502,L:UNL:1,RDKit,20,4.1931892874040395,3,7.57801231634435,NA,NA,4,2,hydrogen_bonds=4,hydrogen_bonds=2,0.3333333333333333,0.2222222222222222,0.26666666666666666,0.15384615384615385,2,9,6,0.5,0.25,0.3333333333333333,0.2,1,4,2
6LX7,vina_pose,16,A:STE:502,L:UNL:1,RDKit,20,6.312423900531395,3,6.975126211522388,NA,NA,4,0,hydrogen_bonds=4,none=0,0.2857142857142857,0.2222222222222222,0.25,0.14285714285714285,2,9,7,0.0,0.0,0.0,0.0,0,4,0
6LX7,vina_pose,17,A:STE:502,L:UNL:1,RDKit,20,3.414823846115639,3,3.356429700341322,NA,NA,4,1,hydrogen_bonds=4,hydrogen_bonds=1,0.6666666666666666,0.6666666666666666,0.6666666666666666,0.5,6,9,9,1.0,0.25,0.4,0.25,1,4,1
6LX7,vina_pose,18,A:STE:502,L:UNL:1,RDKit,20,10.995002955888644,3,15.895010495959626,NA,NA,4,0,hydrogen_bonds=4,none=0,0.0,0.0,0.0,0.0,0,9,7,0.0,0.0,0.0,0.0,0,4,0
6LX7,vina_pose,19,A:STE:502,L:UNL:1,RDKit,20,9.72310178903831,3,10.904955540181415,NA,NA,4,1,hydrogen_bonds=4,hydrogen_bonds=1,0.0,0.0,0.0,0.0,0,9,7,0.0,0.0,0.0,0.0,0,4,1
6LX7,vina_pose,20,A:STE:502,L:UNL:1,RDKit,20,2.8359432998563285,3,2.9906413470469286,NA,NA,4,2,hydrogen_bonds=4,hydrogen_bonds=2,0.75,0.6666666666666666,0.7058823529411765,0.5454545454545454,6,9,8,0.5,0.25,0.3333333333333333,0.2,1,4,2
6NOK,boltz,1,A:MYR:401,B:MYR:1,RDKit,16,1.429997210257384,3,1.8140718067375416,285,1.519100932776461,3,2,hydrogen_bonds=3,hydrogen_bonds=2,0.875,0.7777777777777778,0.823529411764706,0.7,7,9,8,1.0,0.6666666666666666,0.8,0.6666666666666666,2,3,2
6NOK,vina_pose,1,A:MYR:401,L:UNL:1,RDKit,16,1.15007458997232,3,1.4005151433192957,NA,NA,3,3,hydrogen_bonds=3,hydrogen_bonds=3,0.8,0.8888888888888888,0.8421052631578948,0.7272727272727273,8,9,10,1.0,1.0,1.0,1.0,3,3,3
6NOK,vina_pose,2,A:MYR:401,L:UNL:1,RDKit,16,2.221935445731941,3,2.280568569458064,NA,NA,3,4,hydrogen_bonds=3,hydrogen_bonds=4,0.8,0.8888888888888888,0.8421052631578948,0.7272727272727273,8,9,10,0.5,0.6666666666666666,0.5714285714285715,0.4,2,3,4
6NOK,vina_pose,3,A:MYR:401,L:UNL:1,RDKit,16,9.64669097735073,3,14.587734356872101,NA,NA,3,0,hydrogen_bonds=3,none=0,0.0,0.0,0.0,0.0,0,9,10,0.0,0.0,0.0,0.0,0,3,0
6NOK,vina_pose,4,A:MYR:401,L:UNL:1,RDKit,16,9.767206004021824,3,14.5818380985846,NA,NA,3,1,hydrogen_bonds=3,hydrogen_bonds=1,0.0,0.0,0.0,0.0,0,9,10,0.0,0.0,0.0,0.0,0,3,1
6NOK,vina_pose,5,A:MYR:401,L:UNL:1,RDKit,16,3.485188508172836,3,3.6410808834740274,NA,NA,3,3,hydrogen_bonds=3,hydrogen_bonds=3,0.75,0.6666666666666666,0.7058823529411765,0.5454545454545454,6,9,8,0.6666666666666666,0.6666666666666666,0.6666666666666666,0.5,2,3,3
6NOK,vina_pose,6,A:MYR:401,L:UNL:1,RDKit,16,1.4642576830940655,3,1.7635952861508037,NA,NA,3,3,hydrogen_bonds=3,hydrogen_bonds=3,0.8888888888888888,0.8888888888888888,0.8888888888888888,0.8,8,9,9,1.0,1.0,1.0,1.0,3,3,3
6NOK,vina_pose,7,A:MYR:401,L:UNL:1,RDKit,16,9.690755710985599,3,14.550140938607205,NA,NA,3,0,hydrogen_bonds=3,none=0,0.0,0.0,0.0,0.0,0,9,10,0.0,0.0,0.0,0.0,0,3,0
6NOK,vina_pose,8,A:MYR:401,L:UNL:1,RDKit,16,1.7715650037466875,3,1.952834179681761,NA,NA,3,2,hydrogen_bonds=3,hydrogen_bonds=2,0.7777777777777778,0.7777777777777778,0.7777777777777778,0.6363636363636364,7,9,9,0.5,0.3333333333333333,0.4,0.25,1,3,2
6NOK,vina_pose,9,A:MYR:401,L:UNL:1,RDKit,16,3.429264325259865,3,2.501794822389185,NA,NA,3,3,hydrogen_bonds=3,hydrogen_bonds=3,1.0,0.6666666666666666,0.8,0.6666666666666666,6,9,6,0.6666666666666666,0.6666666666666666,0.6666666666666666,0.5,2,3,3
6NOK,vina_pose,10,A:MYR:401,L:UNL:1,RDKit,16,4.542752249462874,3,4.100653606438856,NA,NA,3,2,hydrogen_bonds=3,hydrogen_bonds=2,1.0,0.3333333333333333,0.5,0.3333333333333333,3,9,3,1.0,0.6666666666666666,0.8,0.6666666666666666,2,3,2
6NOK,vina_pose,11,A:MYR:401,L:UNL:1,RDKit,16,9.454549295180602,3,12.016959002454266,NA,NA,3,0,hydrogen_bonds=3,none=0,0.0,0.0,0.0,0.0,0,9,7,0.0,0.0,0.0,0.0,0,3,0
6NOK,vina_pose,12,A:MYR:401,L:UNL:1,RDKit,16,9.207388167933402,3,14.995863274027718,NA,NA,3,1,hydrogen_bonds=3,hydrogen_bonds=1,0.0,0.0,0.0,0.0,0,9,11,0.0,0.0,0.0,0.0,0,3,1
6NOK,vina_pose,13,A:MYR:401,L:UNL:1,RDKit,16,9.294297381324744,3,14.773727198419948,NA,NA,3,1,hydrogen_bonds=3,hydrogen_bonds=1,0.0,0.0,0.0,0.0,0,9,11,0.0,0.0,0.0,0.0,0,3,1
6NOK,vina_pose,14,A:MYR:401,L:UNL:1,RDKit,16,9.485549908281543,3,14.890234428420975,NA,NA,3,1,hydrogen_bonds=3,hydrogen_bonds=1,0.0,0.0,0.0,0.0,0,9,9,0.0,0.0,0.0,0.0,0,3,1
6NOK,vina_pose,15,A:MYR:401,L:UNL:1,RDKit,16,3.687383328662752,3,6.753844485427047,NA,NA,3,2,hydrogen_bonds=3,hydrogen_bonds=2,0.25,0.2222222222222222,0.23529411764705882,0.13333333333333333,2,9,8,0.0,0.0,0.0,0.0,0,3,2
6NOK,vina_pose,16,A:MYR:401,L:UNL:1,RDKit,16,2.675627578251502,3,1.5207262519379792,NA,NA,3,2,hydrogen_bonds=3,hydrogen_bonds=2,0.8,0.8888888888888888,0.8421052631578948,0.7272727272727273,8,9,10,1.0,0.6666666666666666,0.8,0.6666666666666666,2,3,2
6NOK,vina_pose,17,A:MYR:401,L:UNL:1,RDKit,16,7.438712065102399,3,7.022525993781249,NA,NA,3,1,hydrogen_bonds=3,hydrogen_bonds=1,0.42857142857142855,0.3333333333333333,0.375,0.23076923076923078,3,9,7,0.0,0.0,0.0,0.0,0,3,1
6NOK,vina_pose,18,A:MYR:401,L:UNL:1,RDKit,16,8.383505874632641,3,10.478580835844772,NA,NA,3,1,hydrogen_bonds=3,hydrogen_bonds=1,0.25,0.2222222222222222,0.23529411764705882,0.13333333333333333,2,9,8,0.0,0.0,0.0,0.0,0,3,1
6NOK,vina_pose,19,A:MYR:401,L:UNL:1,RDKit,16,10.292553357889382,3,7.295236231039175,NA,NA,3,2,hydrogen_bonds=3,hydrogen_bonds=2,0.42857142857142855,0.3333333333333333,0.375,0.23076923076923078,3,9,7,0.0,0.0,0.0,0.0,0,3,2
6NOK,vina_pose,20,A:MYR:401,L:UNL:1,RDKit,16,6.266161090532225,3,3.090064346687083,NA,NA,3,2,hydrogen_bonds=3,hydrogen_bonds=2,1.0,0.7777777777777778,0.8750000000000001,0.7777777777777778,7,9,7,0.5,0.3333333333333333,0.4,0.25,1,3,2
6XU5,boltz,1,A:PLM:201,B:PLM:1,RDKit,18,0.9536535047320946,3,0.718913673722411,133,0.24628402166118932,3,3,hydrogen_bonds=3,hydrogen_bonds=3,1.0,0.875,0.9333333333333333,0.875,7,8,7,1.0,1.0,1.0,1.0,3,3,3
6XU5,vina_pose,1,A:PLM:201,L:UNL:1,RDKit,18,1.5763466905756773,3,2.087013256626162,NA,NA,3,3,hydrogen_bonds=3,hydrogen_bonds=3,1.0,0.75,0.8571428571428571,0.75,6,8,6,1.0,1.0,1.0,1.0,3,3,3
6XU5,vina_pose,2,A:PLM:201,L:UNL:1,RDKit,18,3.941385233081835,3,7.501578633861009,NA,NA,3,3,hydrogen_bonds=3,hydrogen_bonds=3,0.1111111111111111,0.125,0.11764705882352941,0.0625,1,8,9,0.0,0.0,0.0,0.0,0,3,3
6XU5,vina_pose,3,A:PLM:201,L:UNL:1,RDKit,18,3.6870186088792964,3,7.438355104905026,NA,NA,3,3,hydrogen_bonds=3,hydrogen_bonds=3,0.125,0.125,0.125,0.06666666666666667,1,8,8,0.0,0.0,0.0,0.0,0,3,3
6XU5,vina_pose,4,A:PLM:201,L:UNL:1,RDKit,18,1.5095699902805286,3,1.6238399962229446,NA,NA,3,3,hydrogen_bonds=3,hydrogen_bonds=3,1.0,0.5,0.6666666666666666,0.5,4,8,4,1.0,1.0,1.0,1.0,3,3,3
6XU5,vina_pose,5,A:PLM:201,L:UNL:1,RDKit,18,5.748125583372568,3,5.407141758822307,NA,NA,3,1,hydrogen_bonds=3,hydrogen_bonds=1,0.4,0.25,0.3076923076923077,0.18181818181818182,2,8,5,1.0,0.3333333333333333,0.5,0.3333333333333333,1,3,1
6XU5,vina_pose,6,A:PLM:201,L:UNL:1,RDKit,18,4.412935039932796,3,2.7839685103583096,NA,NA,3,2,hydrogen_bonds=3,hydrogen_bonds=2,0.8333333333333334,0.625,0.7142857142857143,0.5555555555555556,5,8,6,1.0,0.6666666666666666,0.8,0.6666666666666666,2,3,2
6XU5,vina_pose,7,A:PLM:201,L:UNL:1,RDKit,18,3.3334427232050787,3,6.137557603259895,NA,NA,3,4,hydrogen_bonds=3,hydrogen_bonds=4,0.42857142857142855,0.375,0.39999999999999997,0.25,3,8,7,0.25,0.3333333333333333,0.28571428571428575,0.16666666666666666,1,3,4
6XU5,vina_pose,8,A:PLM:201,L:UNL:1,RDKit,18,4.6829721272333495,3,4.652598413789868,NA,NA,3,2,hydrogen_bonds=3,hydrogen_bonds=2,0.6,0.375,0.4615384615384615,0.3,3,8,5,0.0,0.0,0.0,0.0,0,3,2
6XU5,vina_pose,9,A:PLM:201,L:UNL:1,RDKit,18,6.48533118746538,3,8.902742648569971,NA,NA,3,2,hydrogen_bonds=3,hydrogen_bonds=2,0.14285714285714285,0.125,0.13333333333333333,0.07142857142857142,1,8,7,0.0,0.0,0.0,0.0,0,3,2
6XU5,vina_pose,10,A:PLM:201,L:UNL:1,RDKit,18,5.142387134827992,3,7.768622786569058,NA,NA,3,4,hydrogen_bonds=3,hydrogen_bonds=4,0.14285714285714285,0.125,0.13333333333333333,0.07142857142857142,1,8,7,0.0,0.0,0.0,0.0,0,3,4
6XU5,vina_pose,11,A:PLM:201,L:UNL:1,RDKit,18,3.7815490579625934,3,1.9881246607460683,NA,NA,3,3,hydrogen_bonds=3,hydrogen_bonds=3,1.0,0.75,0.8571428571428571,0.75,6,8,6,1.0,1.0,1.0,1.0,3,3,3
6XU5,vina_pose,12,A:PLM:201,L:UNL:1,RDKit,18,2.5353167345411585,3,4.82558911774856,NA,NA,3,3,hydrogen_bonds=3,hydrogen_bonds=3,0.5,0.25,0.3333333333333333,0.2,2,8,4,0.3333333333333333,0.3333333333333333,0.3333333333333333,0.2,1,3,3
6XU5,vina_pose,13,A:PLM:201,L:UNL:1,RDKit,18,4.448233500815553,3,4.940795617441925,NA,NA,3,3,hydrogen_bonds=3,hydrogen_bonds=3,0.4,0.25,0.3076923076923077,0.18181818181818182,2,8,5,0.3333333333333333,0.3333333333333333,0.3333333333333333,0.2,1,3,3
6XU5,vina_pose,14,A:PLM:201,L:UNL:1,RDKit,18,2.007942091905153,3,2.2019903875055107,NA,NA,3,3,hydrogen_bonds=3,hydrogen_bonds=3,1.0,0.625,0.7692307692307693,0.625,5,8,5,1.0,1.0,1.0,1.0,3,3,3
6XU5,vina_pose,15,A:PLM:201,L:UNL:1,RDKit,18,4.771394281432722,3,7.362702402424443,NA,NA,3,3,hydrogen_bonds=3,hydrogen_bonds=3,0.1,0.125,0.11111111111111112,0.058823529411764705,1,8,10,0.0,0.0,0.0,0.0,0,3,3
6XU5,vina_pose,16,A:PLM:201,L:UNL:1,RDKit,18,4.48891314487396,3,6.278638705961667,NA,NA,3,4,hydrogen_bonds=3,hydrogen_bonds=4,0.2857142857142857,0.25,0.26666666666666666,0.15384615384615385,2,8,7,0.25,0.3333333333333333,0.28571428571428575,0.16666666666666666,1,3,4
6XU5,vina_pose,17,A:PLM:201,L:UNL:1,RDKit,18,5.747478944913346,3,6.427638472513317,NA,NA,3,1,hydrogen_bonds=3,hydrogen_bonds=1,0.3333333333333333,0.25,0.28571428571428575,0.16666666666666666,2,8,6,1.0,0.3333333333333333,0.5,0.3333333333333333,1,3,1
6XU5,vina_pose,18,A:PLM:201,L:UNL:1,RDKit,18,3.6460856255563843,3,1.8904658156126506,NA,NA,3,3,hydrogen_bonds=3,hydrogen_bonds=3,1.0,0.875,0.9333333333333333,0.875,7,8,7,1.0,1.0,1.0,1.0,3,3,3
6XU5,vina_pose,19,A:PLM:201,L:UNL:1,RDKit,18,5.864417613407528,3,6.218684641197579,NA,NA,3,1,hydrogen_bonds=3,hydrogen_bonds=1,0.2857142857142857,0.25,0.26666666666666666,0.15384615384615385,2,8,7,1.0,0.3333333333333333,0.5,0.3333333333333333,1,3,1
6XU5,vina_pose,20,A:PLM:201,L:UNL:1,RDKit,18,6.053174979573392,3,7.2355780925461195,NA,NA,3,1,hydrogen_bonds=3,hydrogen_bonds=1,0.14285714285714285,0.125,0.13333333333333333,0.07142857142857142,1,8,7,0.0,0.0,0.0,0.0,0,3,1
7E25,boltz,1,A:PLM:202,B:PLM:1,RDKit,18,1.7615122781857226,3,1.0278118039275477,139,2.0321249450676286,2,2,hydrogen_bonds=2,hydrogen_bonds=2,0.875,0.875,0.875,0.7777777777777778,7,8,8,1.0,1.0,1.0,1.0,2,2,2
7E25,vina_pose,1,A:PLM:202,L:UNL:1,RDKit,18,3.6428972672860263,3,6.842003946213419,NA,NA,2,2,hydrogen_bonds=2,hydrogen_bonds=2,0.25,0.25,0.25,0.14285714285714285,2,8,8,0.0,0.0,0.0,0.0,0,2,2
7E25,vina_pose,2,A:PLM:202,L:UNL:1,RDKit,18,5.526179044632316,3,5.99100141879469,NA,NA,2,2,hydrogen_bonds=2,hydrogen_bonds=2,0.2222222222222222,0.25,0.23529411764705882,0.13333333333333333,2,8,9,0.0,0.0,0.0,0.0,0,2,2
7E25,vina_pose,3,A:PLM:202,L:UNL:1,RDKit,18,5.728281184904713,3,6.529999566105141,NA,NA,2,2,hydrogen_bonds=2,hydrogen_bonds=2,0.25,0.25,0.25,0.14285714285714285,2,8,8,0.0,0.0,0.0,0.0,0,2,2
7E25,vina_pose,4,A:PLM:202,L:UNL:1,RDKit,18,2.972718985485622,3,4.907760419308723,NA,NA,2,1,hydrogen_bonds=2,hydrogen_bonds=1,0.6,0.375,0.4615384615384615,0.3,3,8,5,0.0,0.0,0.0,0.0,0,2,1
7E25,vina_pose,5,A:PLM:202,L:UNL:1,RDKit,18,3.857386060821787,3,7.6876183351325835,NA,NA,2,3,hydrogen_bonds=2,hydrogen_bonds=3,0.0,0.0,0.0,0.0,0,8,7,0.0,0.0,0.0,0.0,0,2,3
7E25,vina_pose,6,A:PLM:202,L:UNL:1,RDKit,18,4.087601938925942,3,7.86782869242419,NA,NA,2,2,hydrogen_bonds=2,hydrogen_bonds=2,0.0,0.0,0.0,0.0,0,8,7,0.0,0.0,0.0,0.0,0,2,2
7E25,vina_pose,7,A:PLM:202,L:UNL:1,RDKit,18,2.1647021478459547,3,3.624771533030278,NA,NA,2,2,hydrogen_bonds=2,hydrogen_bonds=2,0.6,0.375,0.4615384615384615,0.3,3,8,5,0.0,0.0,0.0,0.0,0,2,2
7E25,vina_pose,8,A:PLM:202,L:UNL:1,RDKit,18,4.9886263974498375,3,3.1646089805851214,NA,NA,2,2,hydrogen_bonds=2,hydrogen_bonds=2,0.8333333333333334,0.625,0.7142857142857143,0.5555555555555556,5,8,6,0.0,0.0,0.0,0.0,0,2,2
7E25,vina_pose,9,A:PLM:202,L:UNL:1,RDKit,18,3.124958310833033,3,6.029634096139943,NA,NA,2,2,hydrogen_bonds=2,hydrogen_bonds=2,0.5,0.375,0.42857142857142855,0.2727272727272727,3,8,6,0.0,0.0,0.0,0.0,0,2,2
7E25,vina_pose,10,A:PLM:202,L:UNL:1,RDKit,18,3.8693637648125625,3,7.576166598836997,NA,NA,2,2,hydrogen_bonds=2,hydrogen_bonds=2,0.0,0.0,0.0,0.0,0,8,7,0.0,0.0,0.0,0.0,0,2,2
7E25,vina_pose,11,A:PLM:202,L:UNL:1,RDKit,18,1.3274291778555352,3,1.9025620445423936,NA,NA,2,2,hydrogen_bonds=2,hydrogen_bonds=2,1.0,0.625,0.7692307692307693,0.625,5,8,5,1.0,1.0,1.0,1.0,2,2,2
7E25,vina_pose,12,A:PLM:202,L:UNL:1,RDKit,18,6.358730450683095,3,6.579170185770644,NA,NA,2,2,hydrogen_bonds=2,hydrogen_bonds=2,0.16666666666666666,0.125,0.14285714285714288,0.07692307692307693,1,8,6,0.0,0.0,0.0,0.0,0,2,2
7E25,vina_pose,13,A:PLM:202,L:UNL:1,RDKit,18,5.139293936589604,3,6.600451373454192,NA,NA,2,2,hydrogen_bonds=2,hydrogen_bonds=2,0.2857142857142857,0.25,0.26666666666666666,0.15384615384615385,2,8,7,0.0,0.0,0.0,0.0,0,2,2
7E25,vina_pose,14,A:PLM:202,L:UNL:1,RDKit,18,5.125813041199741,3,4.631669173562954,NA,NA,2,2,hydrogen_bonds=2,hydrogen_bonds=2,0.3333333333333333,0.125,0.18181818181818182,0.1,1,8,3,0.0,0.0,0.0,0.0,0,2,2
7E25,vina_pose,15,A:PLM:202,L:UNL:1,RDKit,18,4.277769259010277,3,2.865839260437799,NA,NA,2,3,hydrogen_bonds=2,hydrogen_bonds=3,0.8571428571428571,0.75,0.7999999999999999,0.6666666666666666,6,8,7,0.3333333333333333,0.5,0.4,0.25,1,2,3
7E25,vina_pose,16,A:PLM:202,L:UNL:1,RDKit,18,5.51461571643936,3,7.179150692572672,NA,NA,2,2,hydrogen_bonds=2,hydrogen_bonds=2,0.0,0.0,0.0,0.0,0,8,6,0.0,0.0,0.0,0.0,0,2,2
7E25,vina_pose,17,A:PLM:202,L:UNL:1,RDKit,18,4.442109496374192,3,5.764828849728904,NA,NA,2,3,hydrogen_bonds=2,hydrogen_bonds=3,0.5,0.375,0.42857142857142855,0.2727272727272727,3,8,6,0.0,0.0,0.0,0.0,0,2,3
7E25,vina_pose,18,A:PLM:202,L:UNL:1,RDKit,18,5.417972842514276,3,6.4576081227236655,NA,NA,2,2,hydrogen_bonds=2,hydrogen_bonds=2,0.2857142857142857,0.25,0.26666666666666666,0.15384615384615385,2,8,7,0.0,0.0,0.0,0.0,0,2,2
7E25,vina_pose,19,A:PLM:202,L:UNL:1,RDKit,18,5.459995955431959,3,4.603139725593102,NA,NA,2,2,hydrogen_bonds=2,hydrogen_bonds=2,0.4,0.25,0.3076923076923077,0.18181818181818182,2,8,5,0.5,0.5,0.5,0.3333333333333333,1,2,2
7E25,vina_pose,20,A:PLM:202,L:UNL:1,RDKit,18,6.018692715199872,3,7.673548592404951,NA,NA,2,1,hydrogen_bonds=2,hydrogen_bonds=1,0.0,0.0,0.0,0.0,0,8,8,0.0,0.0,0.0,0.0,0,2,1
7FXL,boltz,1,A:MYR:201,B:MYR:1,RDKit,16,1.9480899709379096,3,1.802542582921151,130,0.3605523787079907,3,2,hydrogen_bonds=3,hydrogen_bonds=2,1.0,0.5714285714285714,0.7272727272727273,0.5714285714285714,4,7,4,1.0,0.6666666666666666,0.8,0.6666666666666666,2,3,2
7FXL,vina_pose,1,A:MYR:201,L:UNL:1,RDKit,16,4.0498706615150075,3,7.03611528709794,NA,NA,3,2,hydrogen_bonds=3,hydrogen_bonds=2,0.1,0.14285714285714285,0.11764705882352941,0.0625,1,7,10,0.0,0.0,0.0,0.0,0,3,2
7FXL,vina_pose,2,A:MYR:201,L:UNL:1,RDKit,16,3.662623009879668,3,7.620256098058646,NA,NA,3,3,hydrogen_bonds=3,hydrogen_bonds=3,0.0,0.0,0.0,0.0,0,7,9,0.0,0.0,0.0,0.0,0,3,3
7FXL,vina_pose,3,A:MYR:201,L:UNL:1,RDKit,16,3.290795961845705,3,6.225598391587216,NA,NA,3,4,hydrogen_bonds=3,hydrogen_bonds=4,0.2,0.14285714285714285,0.16666666666666666,0.09090909090909091,1,7,5,0.25,0.3333333333333333,0.28571428571428575,0.16666666666666666,1,3,4
7FXL,vina_pose,4,A:MYR:201,L:UNL:1,RDKit,16,6.379434883867066,3,7.758957511590501,NA,NA,3,1,hydrogen_bonds=3,hydrogen_bonds=1,0.125,0.14285714285714285,0.13333333333333333,0.07142857142857142,1,7,8,0.0,0.0,0.0,0.0,0,3,1
7FXL,vina_pose,5,A:MYR:201,L:UNL:1,RDKit,16,3.6242599934331423,3,6.960666203748027,NA,NA,3,3,hydrogen_bonds=3,hydrogen_bonds=3,0.0,0.0,0.0,0.0,0,7,9,0.0,0.0,0.0,0.0,0,3,3
7FXL,vina_pose,6,A:MYR:201,L:UNL:1,RDKit,16,6.480913684620402,3,6.819559076655909,NA,NA,3,2,hydrogen_bonds=3,hydrogen_bonds=2,0.25,0.2857142857142857,0.26666666666666666,0.15384615384615385,2,7,8,0.5,0.3333333333333333,0.4,0.25,1,3,2
7FXL,vina_pose,7,A:MYR:201,L:UNL:1,RDKit,16,1.4562737980888072,3,0.960562682320454,NA,NA,3,3,hydrogen_bonds=3,hydrogen_bonds=3,0.8571428571428571,0.8571428571428571,0.8571428571428571,0.75,6,7,7,1.0,1.0,1.0,1.0,3,3,3
7FXL,vina_pose,8,A:MYR:201,L:UNL:1,RDKit,16,1.75089004152174,3,2.806723594038667,NA,NA,3,1,hydrogen_bonds=3,hydrogen_bonds=1,0.75,0.42857142857142855,0.5454545454545454,0.375,3,7,4,1.0,0.3333333333333333,0.5,0.3333333333333333,1,3,1
7FXL,vina_pose,9,A:MYR:201,L:UNL:1,RDKit,16,3.5622549564847263,3,5.04576446140721,NA,NA,3,3,hydrogen_bonds=3,hydrogen_bonds=3,0.6,0.42857142857142855,0.5,0.3333333333333333,3,7,5,0.3333333333333333,0.3333333333333333,0.3333333333333333,0.2,1,3,3
7FXL,vina_pose,10,A:MYR:201,L:UNL:1,RDKit,16,4.750881089334904,3,7.277032430874552,NA,NA,3,3,hydrogen_bonds=3,hydrogen_bonds=3,0.0,0.0,0.0,0.0,0,7,5,0.0,0.0,0.0,0.0,0,3,3
7FXL,vina_pose,11,A:MYR:201,L:UNL:1,RDKit,16,3.62994195029342,3,7.260759326682024,NA,NA,3,2,hydrogen_bonds=3,hydrogen_bonds=2,0.0,0.0,0.0,0.0,0,7,7,0.0,0.0,0.0,0.0,0,3,2
7FXL,vina_pose,12,A:MYR:201,L:UNL:1,RDKit,16,3.8030781858252665,3,6.598129886566343,NA,NA,3,3,hydrogen_bonds=3,hydrogen_bonds=3,0.125,0.14285714285714285,0.13333333333333333,0.07142857142857142,1,7,8,0.0,0.0,0.0,0.0,0,3,3
7FXL,vina_pose,13,A:MYR:201,L:UNL:1,RDKit,16,2.585420819228468,3,4.9160769928877235,NA,NA,3,1,hydrogen_bonds=3,hydrogen_bonds=1,0.3333333333333333,0.2857142857142857,0.30769230769230765,0.18181818181818182,2,7,6,1.0,0.3333333333333333,0.5,0.3333333333333333,1,3,1
7FXL,vina_pose,14,A:MYR:201,L:UNL:1,RDKit,16,4.987939955532744,3,7.060164492890139,NA,NA,3,2,hydrogen_bonds=3,hydrogen_bonds=2,0.0,0.0,0.0,0.0,0,7,9,0.0,0.0,0.0,0.0,0,3,2
7FXL,vina_pose,15,A:MYR:201,L:UNL:1,RDKit,16,6.032137147189212,3,8.213611345403027,NA,NA,3,2,hydrogen_bonds=3,hydrogen_bonds=2,0.125,0.14285714285714285,0.13333333333333333,0.07142857142857142,1,7,8,0.0,0.0,0.0,0.0,0,3,2
7FXL,vina_pose,16,A:MYR:201,L:UNL:1,RDKit,16,5.7290191568889,3,5.71910030803214,NA,NA,3,1,hydrogen_bonds=3,hydrogen_bonds=1,0.42857142857142855,0.42857142857142855,0.42857142857142855,0.2727272727272727,3,7,7,1.0,0.3333333333333333,0.5,0.3333333333333333,1,3,1
7FXL,vina_pose,17,A:MYR:201,L:UNL:1,RDKit,16,6.430952354628356,3,6.964865014245908,NA,NA,3,2,hydrogen_bonds=3,hydrogen_bonds=2,0.25,0.2857142857142857,0.26666666666666666,0.15384615384615385,2,7,8,0.5,0.3333333333333333,0.4,0.25,1,3,2
7FXL,vina_pose,18,A:MYR:201,L:UNL:1,RDKit,16,5.203768232012259,3,9.001105191401036,NA,NA,3,1,hydrogen_bonds=3,hydrogen_bonds=1,0.0,0.0,0.0,0.0,0,7,8,0.0,0.0,0.0,0.0,0,3,1
7FXL,vina_pose,19,A:MYR:201,L:UNL:1,RDKit,16,2.0428955706300798,3,4.129292150800989,NA,NA,3,1,hydrogen_bonds=3,hydrogen_bonds=1,0.5,0.42857142857142855,0.4615384615384615,0.3,3,7,6,1.0,0.3333333333333333,0.5,0.3333333333333333,1,3,1
7FXL,vina_pose,20,A:MYR:201,L:UNL:1,RDKit,16,3.371708969498999,3,6.257684768879514,NA,NA,3,4,hydrogen_bonds=3,hydrogen_bonds=4,0.2857142857142857,0.2857142857142857,0.2857142857142857,0.16666666666666666,2,7,7,0.25,0.3333333333333333,0.28571428571428575,0.16666666666666666,1,3,4
7FY1,boltz,1,A:MYR:201,B:MYR:1,RDKit,16,1.3626897980054413,3,1.7787575250179881,134,0.4350166826721454,3,3,hydrogen_bonds=3,hydrogen_bonds=3,1.0,0.8571428571428571,0.923076923076923,0.8571428571428571,6,7,6,1.0,1.0,1.0,1.0,3,3,3
7FY1,vina_pose,1,A:MYR:201,L:UNL:1,RDKit,16,4.010102422320407,3,7.68802592780921,NA,NA,3,3,hydrogen_bonds=3,hydrogen_bonds=3,0.1111111111111111,0.14285714285714285,0.125,0.06666666666666667,1,7,9,0.0,0.0,0.0,0.0,0,3,3
7FY1,vina_pose,2,A:MYR:201,L:UNL:1,RDKit,16,4.060712275882151,3,7.875657665659843,NA,NA,3,3,hydrogen_bonds=3,hydrogen_bonds=3,0.125,0.14285714285714285,0.13333333333333333,0.07142857142857142,1,7,8,0.0,0.0,0.0,0.0,0,3,3
7FY1,vina_pose,3,A:MYR:201,L:UNL:1,RDKit,16,1.0804326101150412,3,0.7215291631897713,NA,NA,3,3,hydrogen_bonds=3,hydrogen_bonds=3,1.0,1.0,1.0,1.0,7,7,7,1.0,1.0,1.0,1.0,3,3,3
7FY1,vina_pose,4,A:MYR:201,L:UNL:1,RDKit,16,4.3295373381575075,3,8.181046693424992,NA,NA,3,2,hydrogen_bonds=3,hydrogen_bonds=2,0.0,0.0,0.0,0.0,0,7,7,0.0,0.0,0.0,0.0,0,3,2
7FY1,vina_pose,5,A:MYR:201,L:UNL:1,RDKit,16,4.551362783551757,3,8.074939421857396,NA,NA,3,3,hydrogen_bonds=3,hydrogen_bonds=3,0.0,0.0,0.0,0.0,0,7,7,0.0,0.0,0.0,0.0,0,3,3
7FY1,vina_pose,6,A:MYR:201,L:UNL:1,RDKit,16,1.6679232034179508,3,2.578990629425912,NA,NA,3,2,hydrogen_bonds=3,hydrogen_bonds=2,0.6666666666666666,0.5714285714285714,0.6153846153846153,0.4444444444444444,4,7,6,1.0,0.6666666666666666,0.8,0.6666666666666666,2,3,2
7FY1,vina_pose,7,A:MYR:201,L:UNL:1,RDKit,16,8.479366371522108,3,11.753118820126002,NA,NA,3,1,hydrogen_bonds=3,hydrogen_bonds=1,0.0,0.0,0.0,0.0,0,7,6,0.0,0.0,0.0,0.0,0,3,1
7FY1,vina_pose,8,A:MYR:201,L:UNL:1,RDKit,16,3.9276089100112803,3,7.670958870962613,NA,NA,3,4,hydrogen_bonds=3,hydrogen_bonds=4,0.0,0.0,0.0,0.0,0,7,7,0.0,0.0,0.0,0.0,0,3,4
7FY1,vina_pose,9,A:MYR:201,L:UNL:1,RDKit,16,3.4836740303880327,3,6.6322313238708235,NA,NA,3,3,hydrogen_bonds=3,hydrogen_bonds=3,0.0,0.0,0.0,0.0,0,7,6,0.0,0.0,0.0,0.0,0,3,3
7FY1,vina_pose,10,A:MYR:201,L:UNL:1,RDKit,16,8.173728349107279,3,12.155030261857297,NA,NA,3,2,hydrogen_bonds=3,hydrogen_bonds=2,0.0,0.0,0.0,0.0,0,7,5,0.0,0.0,0.0,0.0,0,3,2
7FY1,vina_pose,11,A:MYR:201,L:UNL:1,RDKit,16,3.106603360182951,3,0.49138952641124195,NA,NA,3,3,hydrogen_bonds=3,hydrogen_bonds=3,1.0,1.0,1.0,1.0,7,7,7,1.0,1.0,1.0,1.0,3,3,3
7FY1,vina_pose,12,A:MYR:201,L:UNL:1,RDKit,16,2.450991954801157,3,3.2997837807953427,NA,NA,3,2,hydrogen_bonds=3,hydrogen_bonds=2,0.42857142857142855,0.42857142857142855,0.42857142857142855,0.2727272727272727,3,7,7,1.0,0.6666666666666666,0.8,0.6666666666666666,2,3,2
7FY1,vina_pose,13,A:MYR:201,L:UNL:1,RDKit,16,2.2906292939932467,3,2.896516183279494,NA,NA,3,3,hydrogen_bonds=3,hydrogen_bonds=3,0.6666666666666666,0.5714285714285714,0.6153846153846153,0.4444444444444444,4,7,6,0.6666666666666666,0.6666666666666666,0.6666666666666666,0.5,2,3,3
7FY1,vina_pose,14,A:MYR:201,L:UNL:1,RDKit,16,5.442111659319386,3,7.273504221946026,NA,NA,3,2,hydrogen_bonds=3,hydrogen_bonds=2,0.25,0.2857142857142857,0.26666666666666666,0.15384615384615385,2,7,8,0.0,0.0,0.0,0.0,0,3,2
7FY1,vina_pose,15,A:MYR:201,L:UNL:1,RDKit,16,2.3192444755781993,3,3.4793836618956897,NA,NA,3,2,hydrogen_bonds=3,hydrogen_bonds=2,0.5,0.42857142857142855,0.4615384615384615,0.3,3,7,6,1.0,0.6666666666666666,0.8,0.6666666666666666,2,3,2
7FY1,vina_pose,16,A:MYR:201,L:UNL:1,RDKit,16,5.591324792703425,3,8.614535178019377,NA,NA,3,3,hydrogen_bonds=3,hydrogen_bonds=3,0.0,0.0,0.0,0.0,0,7,8,0.0,0.0,0.0,0.0,0,3,3
7FY1,vina_pose,17,A:MYR:201,L:UNL:1,RDKit,16,7.891412353786868,3,12.055490657787429,NA,NA,3,2,hydrogen_bonds=3,hydrogen_bonds=2,0.0,0.0,0.0,0.0,0,7,5,0.0,0.0,0.0,0.0,0,3,2
7FY1,vina_pose,18,A:MYR:201,L:UNL:1,RDKit,16,4.056883540662709,3,6.893349814616016,NA,NA,3,2,hydrogen_bonds=3,hydrogen_bonds=2,0.14285714285714285,0.14285714285714285,0.14285714285714285,0.07692307692307693,1,7,7,0.0,0.0,0.0,0.0,0,3,2
7FY1,vina_pose,19,A:MYR:201,L:UNL:1,RDKit,16,7.940173754396058,3,11.448237768320503,NA,NA,3,1,hydrogen_bonds=3,hydrogen_bonds=1,0.0,0.0,0.0,0.0,0,7,6,0.0,0.0,0.0,0.0,0,3,1
7FY1,vina_pose,20,A:MYR:201,L:UNL:1,RDKit,16,4.498052404930383,3,8.074359066410988,NA,NA,3,4,hydrogen_bonds=3,hydrogen_bonds=4,0.14285714285714285,0.14285714285714285,0.14285714285714285,0.07692307692307693,1,7,7,0.0,0.0,0.0,0.0,0,3,4
7FZK,boltz,1,A:MYR:201,B:MYR:1,RDKit,16,1.4179451037399433,3,1.7882327455698195,133,0.4537795628901258,2,2,hydrogen_bonds=2,hydrogen_bonds=2,1.0,0.7777777777777778,0.8750000000000001,0.7777777777777778,7,9,7,1.0,1.0,1.0,1.0,2,2,2
7FZK,vina_pose,1,A:MYR:201,L:UNL:1,RDKit,16,4.377555396565531,3,7.400989821188334,NA,NA,2,2,hydrogen_bonds=2,hydrogen_bonds=2,0.0,0.0,0.0,0.0,0,9,8,0.0,0.0,0.0,0.0,0,2,2
7FZK,vina_pose,2,A:MYR:201,L:UNL:1,RDKit,16,5.806856103994656,3,6.947083104920127,NA,NA,2,1,hydrogen_bonds=2,hydrogen_bonds=1,0.25,0.2222222222222222,0.23529411764705882,0.13333333333333333,2,9,8,0.0,0.0,0.0,0.0,0,2,1
7FZK,vina_pose,3,A:MYR:201,L:UNL:1,RDKit,16,1.7277097014545006,3,1.7011019957662736,NA,NA,2,4,hydrogen_bonds=2,hydrogen_bonds=4,0.875,0.7777777777777778,0.823529411764706,0.7,7,9,8,0.25,0.5,0.3333333333333333,0.2,1,2,4
7FZK,vina_pose,4,A:MYR:201,L:UNL:1,RDKit,16,6.0436978694752765,3,6.586985299310553,NA,NA,2,1,hydrogen_bonds=2,hydrogen_bonds=1,0.25,0.2222222222222222,0.23529411764705882,0.13333333333333333,2,9,8,0.0,0.0,0.0,0.0,0,2,1
7FZK,vina_pose,5,A:MYR:201,L:UNL:1,RDKit,16,1.254076129068726,3,1.8098043172306406,NA,NA,2,2,hydrogen_bonds=2,hydrogen_bonds=2,0.8571428571428571,0.6666666666666666,0.75,0.6,6,9,7,1.0,1.0,1.0,1.0,2,2,2
7FZK,vina_pose,6,A:MYR:201,L:UNL:1,RDKit,16,4.743636046062134,3,7.601637959457598,NA,NA,2,3,hydrogen_bonds=2,hydrogen_bonds=3,0.1,0.1111111111111111,0.10526315789473685,0.05555555555555555,1,9,10,0.0,0.0,0.0,0.0,0,2,3
7FZK,vina_pose,7,A:MYR:201,L:UNL:1,RDKit,16,1.774412420352157,3,3.2406581121741307,NA,NA,2,2,hydrogen_bonds=2,hydrogen_bonds=2,0.7142857142857143,0.5555555555555556,0.6250000000000001,0.45454545454545453,5,9,7,0.0,0.0,0.0,0.0,0,2,2
7FZK,vina_pose,8,A:MYR:201,L:UNL:1,RDKit,16,1.670420100603438,3,0.8697737253638642,NA,NA,2,2,hydrogen_bonds=2,hydrogen_bonds=2,1.0,0.6666666666666666,0.8,0.6666666666666666,6,9,6,1.0,1.0,1.0,1.0,2,2,2
7FZK,vina_pose,9,A:MYR:201,L:UNL:1,RDKit,16,2.8962280210646405,3,5.35727144480596,NA,NA,2,2,hydrogen_bonds=2,hydrogen_bonds=2,0.3333333333333333,0.2222222222222222,0.26666666666666666,0.15384615384615385,2,9,6,0.0,0.0,0.0,0.0,0,2,2
7FZK,vina_pose,10,A:MYR:201,L:UNL:1,RDKit,16,3.9354358557852267,3,2.30242777664505,NA,NA,2,4,hydrogen_bonds=2,hydrogen_bonds=4,0.8333333333333334,0.5555555555555556,0.6666666666666667,0.5,5,9,6,0.25,0.5,0.3333333333333333,0.2,1,2,4
7FZK,vina_pose,11,A:MYR:201,L:UNL:1,RDKit,16,2.5935053378583977,3,1.798053948022695,NA,NA,2,2,hydrogen_bonds=2,hydrogen_bonds=2,1.0,0.7777777777777778,0.8750000000000001,0.7777777777777778,7,9,7,1.0,1.0,1.0,1.0,2,2,2
7FZK,vina_pose,12,A:MYR:201,L:UNL:1,RDKit,16,4.7937969228472745,3,7.352825284655326,NA,NA,2,3,hydrogen_bonds=2,hydrogen_bonds=3,0.1,0.1111111111111111,0.10526315789473685,0.05555555555555555,1,9,10,0.0,0.0,0.0,0.0,0,2,3
7FZK,vina_pose,13,A:MYR:201,L:UNL:1,RDKit,16,3.1426307351485,3,4.470642645824722,NA,NA,2,3,hydrogen_bonds=2,hydrogen_bonds=3,0.4,0.2222222222222222,0.2857142857142857,0.16666666666666666,2,9,5,0.0,0.0,0.0,0.0,0,2,3
7FZK,vina_pose,14,A:MYR:201,L:UNL:1,RDKit,16,5.747584160975809,3,7.264854231159769,NA,NA,2,2,hydrogen_bonds=2,hydrogen_bonds=2,0.125,0.1111111111111111,0.11764705882352941,0.0625,1,9,8,0.0,0.0,0.0,0.0,0,2,2
7FZK,vina_pose,15,A:MYR:201,L:UNL:1,RDKit,16,2.6583400718305397,3,2.4449692567937675,NA,NA,2,4,hydrogen_bonds=2,hydrogen_bonds=4,0.8333333333333334,0.5555555555555556,0.6666666666666667,0.5,5,9,6,0.25,0.5,0.3333333333333333,0.2,1,2,4
7FZK,vina_pose,16,A:MYR:201,L:UNL:1,RDKit,16,4.613490584687477,3,7.372524782370465,NA,NA,2,3,hydrogen_bonds=2,hydrogen_bonds=3,0.0,0.0,0.0,0.0,0,9,8,0.0,0.0,0.0,0.0,0,2,3
7FZK,vina_pose,17,A:MYR:201,L:UNL:1,RDKit,16,4.851525224091904,3,6.53590799608848,NA,NA,2,2,hydrogen_bonds=2,hydrogen_bonds=2,0.1111111111111111,0.1111111111111111,0.1111111111111111,0.058823529411764705,1,9,9,0.0,0.0,0.0,0.0,0,2,2
7FZK,vina_pose,18,A:MYR:201,L:UNL:1,RDKit,16,4.320101677044188,3,5.793083232039164,NA,NA,2,2,hydrogen_bonds=2,hydrogen_bonds=2,0.16666666666666666,0.1111111111111111,0.13333333333333333,0.07142857142857142,1,9,6,0.0,0.0,0.0,0.0,0,2,2
7FZK,vina_pose,19,A:MYR:201,L:UNL:1,RDKit,16,3.0859690333831935,3,5.549978588547287,NA,NA,2,2,hydrogen_bonds=2,hydrogen_bonds=2,0.2857142857142857,0.2222222222222222,0.25,0.14285714285714285,2,9,7,0.0,0.0,0.0,0.0,0,2,2
7FZK,vina_pose,20,A:MYR:201,L:UNL:1,RDKit,16,2.237964770165071,3,2.4093620870816963,NA,NA,2,4,hydrogen_bonds=2,hydrogen_bonds=4,0.8333333333333334,0.5555555555555556,0.6666666666666667,0.5,5,9,6,0.25,0.5,0.3333333333333333,0.2,1,2,4
7JX2,boltz,1,A:VLP:201,B:VLP:1,RDKit,23,0.8052685724307777,3,0.32215573601382574,135,0.4770725249797981,0,0,none=0,none=0,0.7777777777777778,0.875,0.823529411764706,0.7,7,8,9,NA,NA,NA,NA,0,0,0
7JX2,vina_pose,1,A:VLP:201,L:UNL:1,RDKit,23,9.227906950964135,3,10.2392827059972,NA,NA,0,1,none=0,hydrogen_bonds=1,0.0,0.0,0.0,0.0,0,8,8,NA,NA,NA,NA,0,0,1
7JX2,vina_pose,2,A:VLP:201,L:UNL:1,RDKit,23,5.016585063133304,3,2.801216878429801,NA,NA,0,1,none=0,hydrogen_bonds=1,0.8,0.5,0.6153846153846154,0.4444444444444444,4,8,5,NA,NA,NA,NA,0,0,1
7JX2,vina_pose,3,A:VLP:201,L:UNL:1,RDKit,23,3.809316348569421,3,3.0593840883419663,NA,NA,0,0,none=0,none=0,0.5714285714285714,0.5,0.5333333333333333,0.36363636363636365,4,8,7,NA,NA,NA,NA,0,0,0
7JX2,vina_pose,4,A:VLP:201,L:UNL:1,RDKit,23,1.9800625484191592,3,2.6873037292671875,NA,NA,0,1,none=0,hydrogen_bonds=1,0.5714285714285714,0.5,0.5333333333333333,0.36363636363636365,4,8,7,NA,NA,NA,NA,0,0,1
7JX2,vina_pose,5,A:VLP:201,L:UNL:1,RDKit,23,8.152404462595015,3,9.619718169814886,NA,NA,0,1,none=0,hydrogen_bonds=1,0.0,0.0,0.0,0.0,0,8,8,NA,NA,NA,NA,0,0,1
7JX2,vina_pose,6,A:VLP:201,L:UNL:1,RDKit,23,8.674904845988602,3,10.322850365411032,NA,NA,0,1,none=0,hydrogen_bonds=1,0.14285714285714285,0.125,0.13333333333333333,0.07142857142857142,1,8,7,NA,NA,NA,NA,0,0,1
7JX2,vina_pose,7,A:VLP:201,L:UNL:1,RDKit,23,3.915568046967743,3,2.419888771548533,NA,NA,0,2,none=0,hydrogen_bonds=2,0.8,0.5,0.6153846153846154,0.4444444444444444,4,8,5,NA,NA,NA,NA,0,0,2
7JX2,vina_pose,8,A:VLP:201,L:UNL:1,RDKit,23,3.704442562066819,3,1.4257845793340125,NA,NA,0,2,none=0,hydrogen_bonds=2,0.875,0.875,0.875,0.7777777777777778,7,8,8,NA,NA,NA,NA,0,0,2
7JX2,vina_pose,9,A:VLP:201,L:UNL:1,RDKit,23,4.122331463583705,3,2.3728879029570695,NA,NA,0,1,none=0,hydrogen_bonds=1,0.7142857142857143,0.625,0.6666666666666666,0.5,5,8,7,NA,NA,NA,NA,0,0,1
7JX2,vina_pose,10,A:VLP:201,L:UNL:1,RDKit,23,3.2569731813983096,3,2.6531776545619152,NA,NA,0,1,none=0,hydrogen_bonds=1,0.8571428571428571,0.75,0.7999999999999999,0.6666666666666666,6,8,7,NA,NA,NA,NA,0,0,1
7JX2,vina_pose,11,A:VLP:201,L:UNL:1,RDKit,23,2.0541905948572543,3,2.8818276029862258,NA,NA,0,2,none=0,hydrogen_bonds=2,0.42857142857142855,0.375,0.39999999999999997,0.25,3,8,7,NA,NA,NA,NA,0,0,2
7JX2,vina_pose,12,A:VLP:201,L:UNL:1,RDKit,23,8.724913837870314,3,9.672390810962924,NA,NA,0,0,none=0,none=0,0.25,0.25,0.25,0.14285714285714285,2,8,8,NA,NA,NA,NA,0,0,0
7JX2,vina_pose,13,A:VLP:201,L:UNL:1,RDKit,23,2.0071751402103057,3,2.405013305576499,NA,NA,0,1,none=0,hydrogen_bonds=1,0.7142857142857143,0.625,0.6666666666666666,0.5,5,8,7,NA,NA,NA,NA,0,0,1
7JX2,vina_pose,14,A:VLP:201,L:UNL:1,RDKit,23,4.121724232911988,3,1.9118349824187233,NA,NA,0,1,none=0,hydrogen_bonds=1,0.8333333333333334,0.625,0.7142857142857143,0.5555555555555556,5,8,6,NA,NA,NA,NA,0,0,1
7JX2,vina_pose,15,A:VLP:201,L:UNL:1,RDKit,23,8.53720095917809,3,10.210982518837254,NA,NA,0,1,none=0,hydrogen_bonds=1,0.25,0.25,0.25,0.14285714285714285,2,8,8,NA,NA,NA,NA,0,0,1
7JX2,vina_pose,16,A:VLP:201,L:UNL:1,RDKit,23,10.201127714727129,3,9.655498796022917,NA,NA,0,1,none=0,hydrogen_bonds=1,0.16666666666666666,0.125,0.14285714285714288,0.07692307692307693,1,8,6,NA,NA,NA,NA,0,0,1
7JX2,vina_pose,17,A:VLP:201,L:UNL:1,RDKit,23,3.4032174226879714,3,3.011764433019289,NA,NA,0,0,none=0,none=0,0.5714285714285714,0.5,0.5333333333333333,0.36363636363636365,4,8,7,NA,NA,NA,NA,0,0,0
7JX2,vina_pose,18,A:VLP:201,L:UNL:1,RDKit,23,1.5495013363351282,3,1.6406142142502602,NA,NA,0,2,none=0,hydrogen_bonds=2,0.8333333333333334,0.625,0.7142857142857143,0.5555555555555556,5,8,6,NA,NA,NA,NA,0,0,2
7JX2,vina_pose,19,A:VLP:201,L:UNL:1,RDKit,23,10.474899044859573,3,10.876405012686865,NA,NA,0,1,none=0,hydrogen_bonds=1,0.0,0.0,0.0,0.0,0,8,7,NA,NA,NA,NA,0,0,1
7JX2,vina_pose,20,A:VLP:201,L:UNL:1,RDKit,23,9.871106862740985,3,10.371536048242806,NA,NA,0,1,none=0,hydrogen_bonds=1,0.14285714285714285,0.125,0.13333333333333333,0.07142857142857142,1,8,7,NA,NA,NA,NA,0,0,1
7K3I,boltz,1,A:VLZ:201,B:VLZ:1,RDKit,19,0.44308467606846147,3,0.32582512058434815,138,1.8252146634698734,0,0,none=0,none=0,1.0,0.8571428571428571,0.923076923076923,0.8571428571428571,6,7,6,NA,NA,NA,NA,0,0,0
7K3I,vina_pose,1,A:VLZ:201,L:UNL:1,RDKit,19,9.247281674547448,3,7.680493951129272,NA,NA,0,0,none=0,none=0,0.2857142857142857,0.2857142857142857,0.2857142857142857,0.16666666666666666,2,7,7,NA,NA,NA,NA,0,0,0
7K3I,vina_pose,2,A:VLZ:201,L:UNL:1,RDKit,19,9.338231481952368,3,8.161420239966407,NA,NA,0,1,none=0,hydrogen_bonds=1,0.14285714285714285,0.14285714285714285,0.14285714285714285,0.07692307692307693,1,7,7,NA,NA,NA,NA,0,0,1
7K3I,vina_pose,3,A:VLZ:201,L:UNL:1,RDKit,19,9.566203333116347,3,7.781211238189934,NA,NA,0,1,none=0,hydrogen_bonds=1,0.2857142857142857,0.2857142857142857,0.2857142857142857,0.16666666666666666,2,7,7,NA,NA,NA,NA,0,0,1
7K3I,vina_pose,4,A:VLZ:201,L:UNL:1,RDKit,19,1.810247714947787,3,2.0145384914002844,NA,NA,0,0,none=0,none=0,1.0,0.7142857142857143,0.8333333333333333,0.7142857142857143,5,7,5,NA,NA,NA,NA,0,0,0
7K3I,vina_pose,5,A:VLZ:201,L:UNL:1,RDKit,19,1.9112251788343848,3,2.1951450217848176,NA,NA,0,3,none=0,hydrogen_bonds=3,0.5,0.42857142857142855,0.4615384615384615,0.3,3,7,6,NA,NA,NA,NA,0,0,3
7K3I,vina_pose,6,A:VLZ:201,L:UNL:1,RDKit,19,1.8190177366688285,3,1.2580156331832015,NA,NA,0,1,none=0,hydrogen_bonds=1,0.8333333333333334,0.7142857142857143,0.7692307692307692,0.625,5,7,6,NA,NA,NA,NA,0,0,1
7K3I,vina_pose,7,A:VLZ:201,L:UNL:1,RDKit,19,2.5261460348668847,3,1.560800649239571,NA,NA,0,1,none=0,hydrogen_bonds=1,0.8571428571428571,0.8571428571428571,0.8571428571428571,0.75,6,7,7,NA,NA,NA,NA,0,0,1
7K3I,vina_pose,8,A:VLZ:201,L:UNL:1,RDKit,19,2.4652130045687204,3,1.8485614226563685,NA,NA,0,1,none=0,hydrogen_bonds=1,0.75,0.8571428571428571,0.7999999999999999,0.6666666666666666,6,7,8,NA,NA,NA,NA,0,0,1
7K3I,vina_pose,9,A:VLZ:201,L:UNL:1,RDKit,19,1.9435576034413633,3,1.9031697244334256,NA,NA,0,1,none=0,hydrogen_bonds=1,0.8571428571428571,0.8571428571428571,0.8571428571428571,0.75,6,7,7,NA,NA,NA,NA,0,0,1
7K3I,vina_pose,10,A:VLZ:201,L:UNL:1,RDKit,19,9.53670256927083,3,8.431195328461241,NA,NA,0,0,none=0,none=0,0.14285714285714285,0.14285714285714285,0.14285714285714285,0.07692307692307693,1,7,7,NA,NA,NA,NA,0,0,0
7K3I,vina_pose,11,A:VLZ:201,L:UNL:1,RDKit,19,2.4181674988783506,3,2.5014638381022687,NA,NA,0,2,none=0,hydrogen_bonds=2,0.7142857142857143,0.7142857142857143,0.7142857142857143,0.5555555555555556,5,7,7,NA,NA,NA,NA,0,0,2
7K3I,vina_pose,12,A:VLZ:201,L:UNL:1,RDKit,19,2.342895127603318,3,2.0415628000790633,NA,NA,0,2,none=0,hydrogen_bonds=2,0.8571428571428571,0.8571428571428571,0.8571428571428571,0.75,6,7,7,NA,NA,NA,NA,0,0,2
7K3I,vina_pose,13,A:VLZ:201,L:UNL:1,RDKit,19,2.7351023458191217,3,1.2749240500254655,NA,NA,0,1,none=0,hydrogen_bonds=1,0.5714285714285714,0.5714285714285714,0.5714285714285714,0.4,4,7,7,NA,NA,NA,NA,0,0,1
7K3I,vina_pose,14,A:VLZ:201,L:UNL:1,RDKit,19,3.3425077018373646,3,3.932537264074344,NA,NA,0,0,none=0,none=0,0.5,0.42857142857142855,0.4615384615384615,0.3,3,7,6,NA,NA,NA,NA,0,0,0
7K3I,vina_pose,15,A:VLZ:201,L:UNL:1,RDKit,19,2.9629839600255043,3,1.8762490950475275,NA,NA,0,1,none=0,hydrogen_bonds=1,0.75,0.8571428571428571,0.7999999999999999,0.6666666666666666,6,7,8,NA,NA,NA,NA,0,0,1
7K3I,vina_pose,16,A:VLZ:201,L:UNL:1,RDKit,19,2.8271135270336845,3,2.710585115185772,NA,NA,0,1,none=0,hydrogen_bonds=1,0.42857142857142855,0.42857142857142855,0.42857142857142855,0.2727272727272727,3,7,7,NA,NA,NA,NA,0,0,1
7K3I,vina_pose,17,A:VLZ:201,L:UNL:1,RDKit,19,3.042566567191172,3,3.0485843162578483,NA,NA,0,2,none=0,hydrogen_bonds=2,0.5,0.5714285714285714,0.5333333333333333,0.36363636363636365,4,7,8,NA,NA,NA,NA,0,0,2
7K3I,vina_pose,18,A:VLZ:201,L:UNL:1,RDKit,19,8.869872057464496,3,8.828762295286166,NA,NA,0,0,none=0,none=0,0.1111111111111111,0.14285714285714285,0.125,0.06666666666666667,1,7,9,NA,NA,NA,NA,0,0,0
7K3I,vina_pose,19,A:VLZ:201,L:UNL:1,RDKit,19,2.79999531954496,3,1.8830138077029603,NA,NA,0,1,none=0,hydrogen_bonds=1,0.625,0.7142857142857143,0.6666666666666666,0.5,5,7,8,NA,NA,NA,NA,0,0,1
7K3I,vina_pose,20,A:VLZ:201,L:UNL:1,RDKit,19,8.937119093097648,3,8.645929716731835,NA,NA,0,1,none=0,hydrogen_bonds=1,0.125,0.14285714285714285,0.13333333333333333,0.07142857142857142,1,7,8,NA,NA,NA,NA,0,0,1
7M6C,boltz,1,A:DAO:201,B:DAO:1,RDKit,14,1.7761435080765904,3,1.8286250440170584,122,0.8648874259823652,2,2,hydrogen_bonds=2,hydrogen_bonds=2,0.75,1.0,0.8571428571428571,0.75,6,6,8,1.0,1.0,1.0,1.0,2,2,2
7M6C,vina_pose,1,A:DAO:201,L:UNL:1,RDKit,14,1.4202900357723718,3,0.5047359045415071,NA,NA,2,3,hydrogen_bonds=2,hydrogen_bonds=3,1.0,1.0,1.0,1.0,6,6,6,0.6666666666666666,1.0,0.8,0.6666666666666666,2,2,3
7M6C,vina_pose,2,A:DAO:201,L:UNL:1,RDKit,14,1.9625052138238293,3,2.6752331362580968,NA,NA,2,1,hydrogen_bonds=2,hydrogen_bonds=1,0.5555555555555556,0.8333333333333334,0.6666666666666667,0.5,5,6,9,1.0,0.5,0.6666666666666666,0.5,1,2,1
7M6C,vina_pose,3,A:DAO:201,L:UNL:1,RDKit,14,1.8378719059981148,3,0.7223014144616731,NA,NA,2,2,hydrogen_bonds=2,hydrogen_bonds=2,0.8571428571428571,1.0,0.923076923076923,0.8571428571428571,6,6,7,1.0,1.0,1.0,1.0,2,2,2
7M6C,vina_pose,4,A:DAO:201,L:UNL:1,RDKit,14,1.5284356615273575,3,2.0871416658514894,NA,NA,2,2,hydrogen_bonds=2,hydrogen_bonds=2,0.6666666666666666,1.0,0.8,0.6666666666666666,6,6,9,1.0,1.0,1.0,1.0,2,2,2
7M6C,vina_pose,5,A:DAO:201,L:UNL:1,RDKit,14,1.3715829228616523,3,1.1697566698534634,NA,NA,2,2,hydrogen_bonds=2,hydrogen_bonds=2,0.8571428571428571,1.0,0.923076923076923,0.8571428571428571,6,6,7,1.0,1.0,1.0,1.0,2,2,2
7M6C,vina_pose,6,A:DAO:201,L:UNL:1,RDKit,14,2.74457769325004,3,1.8208189549394156,NA,NA,2,2,hydrogen_bonds=2,hydrogen_bonds=2,0.8571428571428571,1.0,0.923076923076923,0.8571428571428571,6,6,7,1.0,1.0,1.0,1.0,2,2,2
7M6C,vina_pose,7,A:DAO:201,L:UNL:1,RDKit,14,2.7696419185777166,3,1.6045032460754538,NA,NA,2,2,hydrogen_bonds=2,hydrogen_bonds=2,0.5555555555555556,0.8333333333333334,0.6666666666666667,0.5,5,6,9,1.0,1.0,1.0,1.0,2,2,2
7M6C,vina_pose,8,A:DAO:201,L:UNL:1,RDKit,14,1.5939674669560493,3,1.8339324778555324,NA,NA,2,2,hydrogen_bonds=2,hydrogen_bonds=2,0.8571428571428571,1.0,0.923076923076923,0.8571428571428571,6,6,7,1.0,1.0,1.0,1.0,2,2,2
7M6C,vina_pose,9,A:DAO:201,L:UNL:1,RDKit,14,4.809151573525506,3,1.6559080087170712,NA,NA,2,2,hydrogen_bonds=2,hydrogen_bonds=2,0.6,1.0,0.7499999999999999,0.6,6,6,10,1.0,1.0,1.0,1.0,2,2,2
7M6C,vina_pose,10,A:DAO:201,L:UNL:1,RDKit,14,6.927918987690315,3,8.475254824094279,NA,NA,2,2,hydrogen_bonds=2,hydrogen_bonds=2,0.0,0.0,0.0,0.0,0,6,6,0.0,0.0,0.0,0.0,0,2,2
7M6C,vina_pose,11,A:DAO:201,L:UNL:1,RDKit,14,3.3813059712821865,3,1.3927268217421542,NA,NA,2,2,hydrogen_bonds=2,hydrogen_bonds=2,0.6666666666666666,1.0,0.8,0.6666666666666666,6,6,9,1.0,1.0,1.0,1.0,2,2,2
7M6C,vina_pose,12,A:DAO:201,L:UNL:1,RDKit,14,3.0870623345087895,3,1.0552773727003393,NA,NA,2,2,hydrogen_bonds=2,hydrogen_bonds=2,0.8571428571428571,1.0,0.923076923076923,0.8571428571428571,6,6,7,1.0,1.0,1.0,1.0,2,2,2
7M6C,vina_pose,13,A:DAO:201,L:UNL:1,RDKit,14,2.1871833158523444,3,1.584620038579175,NA,NA,2,2,hydrogen_bonds=2,hydrogen_bonds=2,0.6,1.0,0.7499999999999999,0.6,6,6,10,1.0,1.0,1.0,1.0,2,2,2
7M6C,vina_pose,14,A:DAO:201,L:UNL:1,RDKit,14,2.3861180667710955,3,1.3175446861492035,NA,NA,2,2,hydrogen_bonds=2,hydrogen_bonds=2,0.6666666666666666,1.0,0.8,0.6666666666666666,6,6,9,1.0,1.0,1.0,1.0,2,2,2
7M6C,vina_pose,15,A:DAO:201,L:UNL:1,RDKit,14,3.6036062493008307,3,2.1062714291689315,NA,NA,2,1,hydrogen_bonds=2,hydrogen_bonds=1,0.6,1.0,0.7499999999999999,0.6,6,6,10,1.0,0.5,0.6666666666666666,0.5,1,2,1
7M6C,vina_pose,16,A:DAO:201,L:UNL:1,RDKit,14,4.078283409895463,3,1.9719152280629773,NA,NA,2,2,hydrogen_bonds=2,hydrogen_bonds=2,0.8333333333333334,0.8333333333333334,0.8333333333333334,0.7142857142857143,5,6,6,1.0,1.0,1.0,1.0,2,2,2
7M6C,vina_pose,17,A:DAO:201,L:UNL:1,RDKit,14,5.588493261029437,3,8.008206436733092,NA,NA,2,0,hydrogen_bonds=2,none=0,0.0,0.0,0.0,0.0,0,6,6,0.0,0.0,0.0,0.0,0,2,0
7M6C,vina_pose,18,A:DAO:201,L:UNL:1,RDKit,14,4.180821134315944,3,2.7238721213253263,NA,NA,2,2,hydrogen_bonds=2,hydrogen_bonds=2,0.6666666666666666,1.0,0.8,0.6666666666666666,6,6,9,0.5,0.5,0.5,0.3333333333333333,1,2,2
7M6C,vina_pose,19,A:DAO:201,L:UNL:1,RDKit,14,8.094132182372258,3,11.452281883246382,NA,NA,2,1,hydrogen_bonds=2,hydrogen_bonds=1,0.0,0.0,0.0,0.0,0,6,2,0.0,0.0,0.0,0.0,0,2,1
7M6C,vina_pose,20,A:DAO:201,L:UNL:1,RDKit,14,2.6283329317268773,3,2.9652157313310834,NA,NA,2,1,hydrogen_bonds=2,hydrogen_bonds=1,0.5714285714285714,0.6666666666666666,0.6153846153846153,0.4444444444444444,4,6,7,1.0,0.5,0.6666666666666666,0.5,1,2,1
7Q02,boltz,1,A:PAM:201,B:PAM:1,RDKit,18,1.7315398808754732,3,2.9208937015468464,153,0.9290238407922216,1,1,hydrogen_bonds=1,hydrogen_bonds=1,0.6,0.375,0.4615384615384615,0.3,3,8,5,0.0,0.0,0.0,0.0,0,1,1
7Q02,vina_pose,1,A:PAM:201,L:UNL:1,RDKit,18,9.626537709777994,3,14.022983990577755,NA,NA,1,3,hydrogen_bonds=1,hydrogen_bonds=3,0.0,0.0,0.0,0.0,0,8,6,0.0,0.0,0.0,0.0,0,1,3
7Q02,vina_pose,2,A:PAM:201,L:UNL:1,RDKit,18,9.446323917564735,3,14.14767527428682,NA,NA,1,2,hydrogen_bonds=1,hydrogen_bonds=2,0.0,0.0,0.0,0.0,0,8,7,0.0,0.0,0.0,0.0,0,1,2
7Q02,vina_pose,3,A:PAM:201,L:UNL:1,RDKit,18,9.29340393624544,3,14.091160503426725,NA,NA,1,3,hydrogen_bonds=1,hydrogen_bonds=3,0.0,0.0,0.0,0.0,0,8,6,0.0,0.0,0.0,0.0,0,1,3
7Q02,vina_pose,4,A:PAM:201,L:UNL:1,RDKit,18,1.8963784344551766,3,3.0049773154995143,NA,NA,1,0,hydrogen_bonds=1,none=0,0.6,0.375,0.4615384615384615,0.3,3,8,5,0.0,0.0,0.0,0.0,0,1,0
7Q02,vina_pose,5,A:PAM:201,L:UNL:1,RDKit,18,1.6535888747408367,3,1.5690344164485366,NA,NA,1,1,hydrogen_bonds=1,hydrogen_bonds=1,1.0,0.875,0.9333333333333333,0.875,7,8,7,0.0,0.0,0.0,0.0,0,1,1
7Q02,vina_pose,6,A:PAM:201,L:UNL:1,RDKit,18,9.116587784546,3,14.22528739018419,NA,NA,1,2,hydrogen_bonds=1,hydrogen_bonds=2,0.0,0.0,0.0,0.0,0,8,7,0.0,0.0,0.0,0.0,0,1,2
7Q02,vina_pose,7,A:PAM:201,L:UNL:1,RDKit,18,10.033690270505884,3,13.496911078712294,NA,NA,1,2,hydrogen_bonds=1,hydrogen_bonds=2,0.0,0.0,0.0,0.0,0,8,7,0.0,0.0,0.0,0.0,0,1,2
7Q02,vina_pose,8,A:PAM:201,L:UNL:1,RDKit,18,3.069781823590146,3,2.6446317323967814,NA,NA,1,1,hydrogen_bonds=1,hydrogen_bonds=1,0.8888888888888888,1.0,0.9411764705882353,0.8888888888888888,8,8,9,0.0,0.0,0.0,0.0,0,1,1
7Q02,vina_pose,9,A:PAM:201,L:UNL:1,RDKit,18,9.82804430359028,3,12.592410108209364,NA,NA,1,2,hydrogen_bonds=1,hydrogen_bonds=2,0.0,0.0,0.0,0.0,0,8,8,0.0,0.0,0.0,0.0,0,1,2
7Q02,vina_pose,10,A:PAM:201,L:UNL:1,RDKit,18,9.142431560221455,3,13.355726724268258,NA,NA,1,1,hydrogen_bonds=1,hydrogen_bonds=1,0.0,0.0,0.0,0.0,0,8,7,0.0,0.0,0.0,0.0,0,1,1
7Q02,vina_pose,11,A:PAM:201,L:UNL:1,RDKit,18,2.764378702549836,3,5.496487636057535,NA,NA,1,0,hydrogen_bonds=1,none=0,0.0,0.0,0.0,0.0,0,8,7,0.0,0.0,0.0,0.0,0,1,0
7Q02,vina_pose,12,A:PAM:201,L:UNL:1,RDKit,18,4.456368875615612,3,4.19531897873491,NA,NA,1,2,hydrogen_bonds=1,hydrogen_bonds=2,0.6666666666666666,0.75,0.7058823529411765,0.5454545454545454,6,8,9,0.0,0.0,0.0,0.0,0,1,2
7Q02,vina_pose,13,A:PAM:201,L:UNL:1,RDKit,18,3.0224354693966036,3,5.7567875300958145,NA,NA,1,0,hydrogen_bonds=1,none=0,0.25,0.25,0.25,0.14285714285714285,2,8,8,0.0,0.0,0.0,0.0,0,1,0
7Q02,vina_pose,14,A:PAM:201,L:UNL:1,RDKit,18,2.426352807084008,3,3.1778527866050266,NA,NA,1,3,hydrogen_bonds=1,hydrogen_bonds=3,0.8333333333333334,0.625,0.7142857142857143,0.5555555555555556,5,8,6,0.0,0.0,0.0,0.0,0,1,3
7Q02,vina_pose,15,A:PAM:201,L:UNL:1,RDKit,18,8.720218861932308,3,10.175115249142555,NA,NA,1,0,hydrogen_bonds=1,none=0,0.0,0.0,0.0,0.0,0,8,6,0.0,0.0,0.0,0.0,0,1,0
7Q02,vina_pose,16,A:PAM:201,L:UNL:1,RDKit,18,9.37948036347904,3,13.911176693579879,NA,NA,1,0,hydrogen_bonds=1,none=0,0.0,0.0,0.0,0.0,0,8,6,0.0,0.0,0.0,0.0,0,1,0
7Q02,vina_pose,17,A:PAM:201,L:UNL:1,RDKit,18,9.361995427732749,3,13.663715209756582,NA,NA,1,2,hydrogen_bonds=1,hydrogen_bonds=2,0.0,0.0,0.0,0.0,0,8,7,0.0,0.0,0.0,0.0,0,1,2
7Q02,vina_pose,18,A:PAM:201,L:UNL:1,RDKit,18,8.886355996069979,3,13.875517888232736,NA,NA,1,3,hydrogen_bonds=1,hydrogen_bonds=3,0.0,0.0,0.0,0.0,0,8,5,0.0,0.0,0.0,0.0,0,1,3
7Q02,vina_pose,19,A:PAM:201,L:UNL:1,RDKit,18,7.413780573289777,3,13.382955802064059,NA,NA,1,0,hydrogen_bonds=1,none=0,0.0,0.0,0.0,0.0,0,8,7,0.0,0.0,0.0,0.0,0,1,0
7Q02,vina_pose,20,A:PAM:201,L:UNL:1,RDKit,18,9.279734011992657,3,13.922015203745948,NA,NA,1,3,hydrogen_bonds=1,hydrogen_bonds=3,0.0,0.0,0.0,0.0,0,8,6,0.0,0.0,0.0,0.0,0,1,3
7RJI,boltz,1,A:STE:201,B:STE:1,RDKit,20,6.810897844058899,3,2.43961603465085,122,0.9246709482676673,0,3,none=0,hydrogen_bonds=3,0.7142857142857143,0.625,0.6666666666666666,0.5,5,8,7,NA,NA,NA,NA,0,0,3
7RJI,vina_pose,1,A:STE:201,L:UNL:1,RDKit,20,8.956063165864508,3,2.9279133069759258,NA,NA,0,4,none=0,hydrogen_bonds=4,0.7142857142857143,0.625,0.6666666666666666,0.5,5,8,7,NA,NA,NA,NA,0,0,4
7RJI,vina_pose,2,A:STE:201,L:UNL:1,RDKit,20,10.464851294736823,3,9.142603566809248,NA,NA,0,0,none=0,none=0,0.0,0.0,0.0,0.0,0,8,5,NA,NA,NA,NA,0,0,0
7RJI,vina_pose,3,A:STE:201,L:UNL:1,RDKit,20,6.63108769448535,3,2.7374171889757695,NA,NA,0,4,none=0,hydrogen_bonds=4,0.75,0.75,0.75,0.6,6,8,8,NA,NA,NA,NA,0,0,4
7RJI,vina_pose,4,A:STE:201,L:UNL:1,RDKit,20,8.483450477662672,3,2.6936478054551496,NA,NA,0,4,none=0,hydrogen_bonds=4,0.75,0.75,0.75,0.6,6,8,8,NA,NA,NA,NA,0,0,4
7RJI,vina_pose,5,A:STE:201,L:UNL:1,RDKit,20,9.04683696558941,3,3.1880902757763985,NA,NA,0,5,none=0,hydrogen_bonds=5,0.6,0.75,0.6666666666666665,0.5,6,8,10,NA,NA,NA,NA,0,0,5
7RJI,vina_pose,6,A:STE:201,L:UNL:1,RDKit,20,7.45647376780439,3,4.269998925038896,NA,NA,0,0,none=0,none=0,0.4,0.25,0.3076923076923077,0.18181818181818182,2,8,5,NA,NA,NA,NA,0,0,0
7RJI,vina_pose,7,A:STE:201,L:UNL:1,RDKit,20,7.355606387984268,3,3.037722310081463,NA,NA,0,4,none=0,hydrogen_bonds=4,0.5555555555555556,0.625,0.5882352941176471,0.4166666666666667,5,8,9,NA,NA,NA,NA,0,0,4
7RJI,vina_pose,8,A:STE:201,L:UNL:1,RDKit,20,8.689215521262836,3,2.7517752899719192,NA,NA,0,4,none=0,hydrogen_bonds=4,0.75,0.75,0.75,0.6,6,8,8,NA,NA,NA,NA,0,0,4
7RJI,vina_pose,9,A:STE:201,L:UNL:1,RDKit,20,6.417783202707538,3,2.9156995535377104,NA,NA,0,3,none=0,hydrogen_bonds=3,0.5,0.5,0.5,0.3333333333333333,4,8,8,NA,NA,NA,NA,0,0,3
7RJI,vina_pose,10,A:STE:201,L:UNL:1,RDKit,20,6.959269329674993,3,2.7737484060082536,NA,NA,0,5,none=0,hydrogen_bonds=5,0.75,0.75,0.75,0.6,6,8,8,NA,NA,NA,NA,0,0,5
7RJI,vina_pose,11,A:STE:201,L:UNL:1,RDKit,20,6.061623315247742,3,2.799874420963677,NA,NA,0,4,none=0,hydrogen_bonds=4,0.625,0.625,0.625,0.45454545454545453,5,8,8,NA,NA,NA,NA,0,0,4
7RJI,vina_pose,12,A:STE:201,L:UNL:1,RDKit,20,10.158118358434056,3,7.378583769701337,NA,NA,0,0,none=0,none=0,0.0,0.0,0.0,0.0,0,8,4,NA,NA,NA,NA,0,0,0
7RJI,vina_pose,13,A:STE:201,L:UNL:1,RDKit,20,10.647174645414387,3,10.107117629992237,NA,NA,0,1,none=0,hydrogen_bonds=1,0.0,0.0,0.0,0.0,0,8,5,NA,NA,NA,NA,0,0,1
7RJI,vina_pose,14,A:STE:201,L:UNL:1,RDKit,20,5.9828230616453135,3,3.1458891514429888,NA,NA,0,2,none=0,hydrogen_bonds=2,0.5555555555555556,0.625,0.5882352941176471,0.4166666666666667,5,8,9,NA,NA,NA,NA,0,0,2
7RJI,vina_pose,15,A:STE:201,L:UNL:1,RDKit,20,3.6384503574949316,3,2.491171317506418,NA,NA,0,2,none=0,hydrogen_bonds=2,0.5555555555555556,0.625,0.5882352941176471,0.4166666666666667,5,8,9,NA,NA,NA,NA,0,0,2
7RJI,vina_pose,16,A:STE:201,L:UNL:1,RDKit,20,6.3813638392552905,3,4.251445990856133,NA,NA,0,3,none=0,hydrogen_bonds=3,0.42857142857142855,0.375,0.39999999999999997,0.25,3,8,7,NA,NA,NA,NA,0,0,3
7RJI,vina_pose,17,A:STE:201,L:UNL:1,RDKit,20,6.411218042303272,3,2.136624866426799,NA,NA,0,2,none=0,hydrogen_bonds=2,0.8333333333333334,0.625,0.7142857142857143,0.5555555555555556,5,8,6,NA,NA,NA,NA,0,0,2
7RJI,vina_pose,18,A:STE:201,L:UNL:1,RDKit,20,7.126436358093364,3,3.7206399494128286,NA,NA,0,2,none=0,hydrogen_bonds=2,0.25,0.25,0.25,0.14285714285714285,2,8,8,NA,NA,NA,NA,0,0,2
7RJI,vina_pose,19,A:STE:201,L:UNL:1,RDKit,20,6.908575421022413,3,1.9469626309973234,NA,NA,0,2,none=0,hydrogen_bonds=2,0.5,0.5,0.5,0.3333333333333333,4,8,8,NA,NA,NA,NA,0,0,2
7RJI,vina_pose,20,A:STE:201,L:UNL:1,RDKit,20,9.496034842446345,3,6.1106586093344575,NA,NA,0,1,none=0,hydrogen_bonds=1,0.3333333333333333,0.125,0.18181818181818182,0.1,1,8,3,NA,NA,NA,NA,0,0,1
7U9D,boltz,1,A:M2R:301,B:M2R:1,RDKit,54,0.582023293791001,7,0.28933440581531816,203,0.3675179775020264,6,6,attractive_charge=1;hydrogen_bonds=3;ionic=1;salt_bridge=1,attractive_charge=1;hydrogen_bonds=3;ionic=1;salt_bridge=1,1.0,1.0,1.0,1.0,8,8,8,1.0,1.0,1.0,1.0,6,6,6
7U9D,vina_pose,1,A:M2R:301,L:UNL:1,RDKit,53,9.93682176230655,7,10.854272404383973,NA,NA,6,2,attractive_charge=1;hydrogen_bonds=3;ionic=1;salt_bridge=1,hydrogen_bonds=2,0.0,0.0,0.0,0.0,0,8,8,0.0,0.0,0.0,0.0,0,6,2
7U9D,vina_pose,2,A:M2R:301,L:UNL:1,RDKit,53,8.881755398695923,7,0.7006723301841709,NA,NA,6,6,attractive_charge=1;hydrogen_bonds=3;ionic=1;salt_bridge=1,attractive_charge=1;hydrogen_bonds=3;ionic=1;salt_bridge=1,0.8888888888888888,1.0,0.9411764705882353,0.8888888888888888,8,8,9,1.0,1.0,1.0,1.0,6,6,6
7U9D,vina_pose,3,A:M2R:301,L:UNL:1,RDKit,53,7.398381331126067,7,11.757710533943246,NA,NA,6,1,attractive_charge=1;hydrogen_bonds=3;ionic=1;salt_bridge=1,hydrogen_bonds=1,0.0,0.0,0.0,0.0,0,8,7,0.0,0.0,0.0,0.0,0,6,1
7U9D,vina_pose,4,A:M2R:301,L:UNL:1,RDKit,53,8.837133366203968,7,11.142568458714662,NA,NA,6,2,attractive_charge=1;hydrogen_bonds=3;ionic=1;salt_bridge=1,hydrogen_bonds=2,0.0,0.0,0.0,0.0,0,8,8,0.0,0.0,0.0,0.0,0,6,2
7U9D,vina_pose,5,A:M2R:301,L:UNL:1,RDKit,53,6.558075822264183,7,1.9515331701730614,NA,NA,6,5,attractive_charge=1;hydrogen_bonds=3;ionic=1;salt_bridge=1,attractive_charge=1;hydrogen_bonds=2;ionic=1;salt_bridge=1,0.8888888888888888,1.0,0.9411764705882353,0.8888888888888888,8,8,9,1.0,0.8333333333333334,0.9090909090909091,0.8333333333333334,5,6,5
7U9D,vina_pose,6,A:M2R:301,L:UNL:1,RDKit,53,9.316363022245545,7,10.317751063095097,NA,NA,6,3,attractive_charge=1;hydrogen_bonds=3;ionic=1;salt_bridge=1,hydrogen_bonds=3,0.0,0.0,0.0,0.0,0,8,7,0.0,0.0,0.0,0.0,0,6,3
7U9D,vina_pose,7,A:M2R:301,L:UNL:1,RDKit,53,8.892541736101208,7,6.195239739394388,NA,NA,6,0,attractive_charge=1;hydrogen_bonds=3;ionic=1;salt_bridge=1,none=0,0.5555555555555556,0.625,0.5882352941176471,0.4166666666666667,5,8,9,0.0,0.0,0.0,0.0,0,6,0
7U9D,vina_pose,8,A:M2R:301,L:UNL:1,RDKit,53,9.268324801313424,7,11.118734813689139,NA,NA,6,2,attractive_charge=1;hydrogen_bonds=3;ionic=1;salt_bridge=1,hydrogen_bonds=2,0.0,0.0,0.0,0.0,0,8,8,0.0,0.0,0.0,0.0,0,6,2
7U9D,vina_pose,9,A:M2R:301,L:UNL:1,RDKit,53,8.24346603234435,7,4.671561363337591,NA,NA,6,1,attractive_charge=1;hydrogen_bonds=3;ionic=1;salt_bridge=1,hydrogen_bonds=1,0.5555555555555556,0.625,0.5882352941176471,0.4166666666666667,5,8,9,0.0,0.0,0.0,0.0,0,6,1
7U9D,vina_pose,10,A:M2R:301,L:UNL:1,RDKit,53,8.336056888771225,7,0.8297494458311776,NA,NA,6,6,attractive_charge=1;hydrogen_bonds=3;ionic=1;salt_bridge=1,attractive_charge=1;hydrogen_bonds=3;ionic=1;salt_bridge=1,0.8888888888888888,1.0,0.9411764705882353,0.8888888888888888,8,8,9,1.0,1.0,1.0,1.0,6,6,6
7U9D,vina_pose,11,A:M2R:301,L:UNL:1,RDKit,53,2.8414020555897106,7,4.095295541402179,NA,NA,6,3,attractive_charge=1;hydrogen_bonds=3;ionic=1;salt_bridge=1,hydrogen_bonds=3,0.6666666666666666,0.75,0.7058823529411765,0.5454545454545454,6,8,9,0.3333333333333333,0.16666666666666666,0.2222222222222222,0.125,1,6,3
7U9D,vina_pose,12,A:M2R:301,L:UNL:1,RDKit,53,7.579856403279658,7,0.7695084702030811,NA,NA,6,5,attractive_charge=1;hydrogen_bonds=3;ionic=1;salt_bridge=1,attractive_charge=1;hydrogen_bonds=2;ionic=1;salt_bridge=1,1.0,0.75,0.8571428571428571,0.75,6,8,6,1.0,0.8333333333333334,0.9090909090909091,0.8333333333333334,5,6,5
7U9D,vina_pose,13,A:M2R:301,L:UNL:1,RDKit,53,8.981615373471586,7,4.849773028562412,NA,NA,6,3,attractive_charge=1;hydrogen_bonds=3;ionic=1;salt_bridge=1,hydrogen_bonds=3,0.5,0.5,0.5,0.3333333333333333,4,8,8,0.0,0.0,0.0,0.0,0,6,3
7U9D,vina_pose,14,A:M2R:301,L:UNL:1,RDKit,53,8.479296720125115,7,5.396858279194877,NA,NA,6,2,attractive_charge=1;hydrogen_bonds=3;ionic=1;salt_bridge=1,hydrogen_bonds=2,0.16666666666666666,0.125,0.14285714285714288,0.07692307692307693,1,8,6,0.0,0.0,0.0,0.0,0,6,2
7U9D,vina_pose,15,A:M2R:301,L:UNL:1,RDKit,53,8.512572608506451,7,8.227361111385767,NA,NA,6,3,attractive_charge=1;hydrogen_bonds=3;ionic=1;salt_bridge=1,hydrogen_bonds=3,0.0,0.0,0.0,0.0,0,8,7,0.0,0.0,0.0,0.0,0,6,3
7U9D,vina_pose,16,A:M2R:301,L:UNL:1,RDKit,53,10.029741796748008,7,11.101164829486525,NA,NA,6,2,attractive_charge=1;hydrogen_bonds=3;ionic=1;salt_bridge=1,hydrogen_bonds=2,0.0,0.0,0.0,0.0,0,8,8,0.0,0.0,0.0,0.0,0,6,2
7U9D,vina_pose,17,A:M2R:301,L:UNL:1,RDKit,53,8.866608138786356,7,0.6661865890488737,NA,NA,6,6,attractive_charge=1;hydrogen_bonds=3;ionic=1;salt_bridge=1,attractive_charge=1;hydrogen_bonds=3;ionic=1;salt_bridge=1,1.0,1.0,1.0,1.0,8,8,8,1.0,1.0,1.0,1.0,6,6,6
7U9D,vina_pose,18,A:M2R:301,L:UNL:1,RDKit,53,8.716480971602124,7,8.792039841324002,NA,NA,6,3,attractive_charge=1;hydrogen_bonds=3;ionic=1;salt_bridge=1,hydrogen_bonds=3,0.0,0.0,0.0,0.0,0,8,6,0.0,0.0,0.0,0.0,0,6,3
7U9D,vina_pose,19,A:M2R:301,L:UNL:1,RDKit,53,9.258724882662309,7,8.433803192256402,NA,NA,6,3,attractive_charge=1;hydrogen_bonds=3;ionic=1;salt_bridge=1,hydrogen_bonds=3,0.0,0.0,0.0,0.0,0,8,6,0.0,0.0,0.0,0.0,0,6,3
7U9D,vina_pose,20,A:M2R:301,L:UNL:1,RDKit,53,8.893535066616204,7,5.745948224618805,NA,NA,6,6,attractive_charge=1;hydrogen_bonds=3;ionic=1;salt_bridge=1,attractive_charge=1;hydrogen_bonds=3;ionic=1;salt_bridge=1,0.42857142857142855,0.375,0.39999999999999997,0.25,3,8,7,0.6666666666666666,0.6666666666666666,0.6666666666666666,0.5,4,6,6
7VR6,boltz,1,A:PEF:301,B:PEF:1,RDKit,47,1.3105695888090243,7,2.3422682855118686,185,0.47835616272245457,0,4,none=0,attractive_charge=1;hydrogen_bonds=1;ionic=1;salt_bridge=1,0.6,1.0,0.7499999999999999,0.6,3,3,5,NA,NA,NA,NA,0,0,4
7VR6,vina_pose,1,A:PEF:301,L:UNL:1,RDKit,47,9.794122742638686,7,3.6062448811550696,NA,NA,0,4,none=0,attractive_charge=1;hydrogen_bonds=1;ionic=1;salt_bridge=1,0.42857142857142855,1.0,0.6,0.42857142857142855,3,3,7,NA,NA,NA,NA,0,0,4
7VR6,vina_pose,2,A:PEF:301,L:UNL:1,RDKit,47,2.010536506147847,7,2.6221348172815215,NA,NA,0,3,none=0,attractive_charge=1;ionic=1;salt_bridge=1,0.5,1.0,0.6666666666666666,0.5,3,3,6,NA,NA,NA,NA,0,0,3
7VR6,vina_pose,3,A:PEF:301,L:UNL:1,RDKit,47,9.129194596388194,7,3.970718107057498,NA,NA,0,5,none=0,attractive_charge=1;hydrogen_bonds=2;ionic=1;salt_bridge=1,0.42857142857142855,1.0,0.6,0.42857142857142855,3,3,7,NA,NA,NA,NA,0,0,5
7VR6,vina_pose,4,A:PEF:301,L:UNL:1,RDKit,47,3.704111275383818,7,3.2052196715447048,NA,NA,0,5,none=0,attractive_charge=1;hydrogen_bonds=2;ionic=1;salt_bridge=1,0.6,1.0,0.7499999999999999,0.6,3,3,5,NA,NA,NA,NA,0,0,5
7VR6,vina_pose,5,A:PEF:301,L:UNL:1,RDKit,47,3.010728101660404,7,3.953744518084814,NA,NA,0,1,none=0,hydrogen_bonds=1,0.6,1.0,0.7499999999999999,0.6,3,3,5,NA,NA,NA,NA,0,0,1
7VR6,vina_pose,6,A:PEF:301,L:UNL:1,RDKit,47,9.900585827283367,7,3.3099196364866623,NA,NA,0,2,none=0,hydrogen_bonds=2,0.14285714285714285,0.3333333333333333,0.2,0.1111111111111111,1,3,7,NA,NA,NA,NA,0,0,2
7VR6,vina_pose,7,A:PEF:301,L:UNL:1,RDKit,47,3.651121060715462,7,4.004595717065939,NA,NA,0,4,none=0,attractive_charge=1;hydrogen_bonds=1;ionic=1;salt_bridge=1,0.4,0.6666666666666666,0.5,0.3333333333333333,2,3,5,NA,NA,NA,NA,0,0,4
7VR6,vina_pose,8,A:PEF:301,L:UNL:1,RDKit,47,9.159909407941878,7,4.152102943948146,NA,NA,0,5,none=0,attractive_charge=1;hydrogen_bonds=2;ionic=1;salt_bridge=1,0.42857142857142855,1.0,0.6,0.42857142857142855,3,3,7,NA,NA,NA,NA,0,0,5
7VR6,vina_pose,9,A:PEF:301,L:UNL:1,RDKit,47,9.494049802880458,7,3.7576848495545003,NA,NA,0,2,none=0,hydrogen_bonds=2,0.0,0.0,0.0,0.0,0,3,6,NA,NA,NA,NA,0,0,2
7VR6,vina_pose,10,A:PEF:301,L:UNL:1,RDKit,47,3.7906237627385675,7,3.720029204954484,NA,NA,0,0,none=0,none=0,0.42857142857142855,1.0,0.6,0.42857142857142855,3,3,7,NA,NA,NA,NA,0,0,0
7VR6,vina_pose,11,A:PEF:301,L:UNL:1,RDKit,47,10.076605828416461,7,3.325613906806209,NA,NA,0,5,none=0,attractive_charge=1;hydrogen_bonds=2;ionic=1;salt_bridge=1,0.5,0.6666666666666666,0.5714285714285715,0.4,2,3,4,NA,NA,NA,NA,0,0,5
7VR6,vina_pose,12,A:PEF:301,L:UNL:1,RDKit,47,9.552118800269817,7,3.444464150737279,NA,NA,0,2,none=0,hydrogen_bonds=2,0.0,0.0,0.0,0.0,0,3,6,NA,NA,NA,NA,0,0,2
7VR6,vina_pose,13,A:PEF:301,L:UNL:1,RDKit,47,10.038585755908219,7,2.9528153152058603,NA,NA,0,2,none=0,hydrogen_bonds=2,0.2857142857142857,0.6666666666666666,0.4,0.25,2,3,7,NA,NA,NA,NA,0,0,2
7VR6,vina_pose,14,A:PEF:301,L:UNL:1,RDKit,47,2.871899641908033,7,3.4766620280295952,NA,NA,0,1,none=0,hydrogen_bonds=1,0.5,1.0,0.6666666666666666,0.5,3,3,6,NA,NA,NA,NA,0,0,1
7VR6,vina_pose,15,A:PEF:301,L:UNL:1,RDKit,47,9.530256074789586,7,4.3523232383898804,NA,NA,0,4,none=0,attractive_charge=1;hydrogen_bonds=1;ionic=1;salt_bridge=1,0.375,1.0,0.5454545454545454,0.375,3,3,8,NA,NA,NA,NA,0,0,4
7VR6,vina_pose,16,A:PEF:301,L:UNL:1,RDKit,47,2.106225261234854,7,3.0888944393007107,NA,NA,0,4,none=0,attractive_charge=1;hydrogen_bonds=1;ionic=1;salt_bridge=1,0.75,1.0,0.8571428571428571,0.75,3,3,4,NA,NA,NA,NA,0,0,4
7VR6,vina_pose,17,A:PEF:301,L:UNL:1,RDKit,47,2.4473252572744837,7,2.527058453730627,NA,NA,0,1,none=0,hydrogen_bonds=1,0.25,0.3333333333333333,0.28571428571428575,0.16666666666666666,1,3,4,NA,NA,NA,NA,0,0,1
7VR6,vina_pose,18,A:PEF:301,L:UNL:1,RDKit,47,9.757062214818033,7,4.0984547959304996,NA,NA,0,5,none=0,attractive_charge=1;hydrogen_bonds=2;ionic=1;salt_bridge=1,0.42857142857142855,1.0,0.6,0.42857142857142855,3,3,7,NA,NA,NA,NA,0,0,5
7VR6,vina_pose,19,A:PEF:301,L:UNL:1,RDKit,47,2.8739095212219565,7,3.664567680602214,NA,NA,0,5,none=0,attractive_charge=1;hydrogen_bonds=2;ionic=1;salt_bridge=1,0.6,1.0,0.7499999999999999,0.6,3,3,5,NA,NA,NA,NA,0,0,5
7VR6,vina_pose,20,A:PEF:301,L:UNL:1,RDKit,47,9.392538026245521,7,3.5780938261274575,NA,NA,0,4,none=0,attractive_charge=1;hydrogen_bonds=1;ionic=1;salt_bridge=1,0.42857142857142855,1.0,0.6,0.42857142857142855,3,3,7,NA,NA,NA,NA,0,0,4
7WVT,boltz,1,A:B7N:501,B:B7N:1,RDKit,57,0.9255403514580929,7,0.24689018473124336,364,0.6257806513594694,6,6,attractive_charge=1;hydrogen_bonds=3;ionic=1;salt_bridge=1,attractive_charge=1;hydrogen_bonds=3;ionic=1;salt_bridge=1,1.0,0.9090909090909091,0.9523809523809523,0.9090909090909091,10,11,10,1.0,1.0,1.0,1.0,6,6,6
7WVT,vina_pose,1,A:B7N:501,L:UNL:1,RDKit,57,6.469757036030268,7,0.836780394471231,NA,NA,6,7,attractive_charge=1;hydrogen_bonds=3;ionic=1;salt_bridge=1,attractive_charge=1;hydrogen_bonds=4;ionic=1;salt_bridge=1,1.0,1.0,1.0,1.0,11,11,11,0.8571428571428571,1.0,0.923076923076923,0.8571428571428571,6,6,7
7WVT,vina_pose,2,A:B7N:501,L:UNL:1,RDKit,57,1.823488641193414,7,0.6819504590301473,NA,NA,6,6,attractive_charge=1;hydrogen_bonds=3;ionic=1;salt_bridge=1,attractive_charge=1;hydrogen_bonds=3;ionic=1;salt_bridge=1,1.0,0.9090909090909091,0.9523809523809523,0.9090909090909091,10,11,10,1.0,1.0,1.0,1.0,6,6,6
7WVT,vina_pose,3,A:B7N:501,L:UNL:1,RDKit,57,1.22859184120712,7,0.6341012762733004,NA,NA,6,6,attractive_charge=1;hydrogen_bonds=3;ionic=1;salt_bridge=1,attractive_charge=1;hydrogen_bonds=3;ionic=1;salt_bridge=1,1.0,1.0,1.0,1.0,11,11,11,1.0,1.0,1.0,1.0,6,6,6
7WVT,vina_pose,4,A:B7N:501,L:UNL:1,RDKit,57,2.260167820969799,7,2.3560375633677832,NA,NA,6,4,attractive_charge=1;hydrogen_bonds=3;ionic=1;salt_bridge=1,hydrogen_bonds=4,1.0,0.8181818181818182,0.9,0.8181818181818182,9,11,9,0.5,0.3333333333333333,0.4,0.25,2,6,4
7WVT,vina_pose,5,A:B7N:501,L:UNL:1,RDKit,57,6.892676905950588,7,3.490826324607317,NA,NA,6,4,attractive_charge=1;hydrogen_bonds=3;ionic=1;salt_bridge=1,hydrogen_bonds=4,1.0,0.7272727272727273,0.8421052631578948,0.7272727272727273,8,11,8,0.5,0.3333333333333333,0.4,0.25,2,6,4
7WVT,vina_pose,6,A:B7N:501,L:UNL:1,RDKit,57,2.598630597537122,7,2.0277956011393257,NA,NA,6,3,attractive_charge=1;hydrogen_bonds=3;ionic=1;salt_bridge=1,hydrogen_bonds=3,0.9090909090909091,0.9090909090909091,0.9090909090909091,0.8333333333333334,10,11,11,0.6666666666666666,0.3333333333333333,0.4444444444444444,0.2857142857142857,2,6,3
7WVT,vina_pose,7,A:B7N:501,L:UNL:1,RDKit,57,1.7601273428811608,7,2.028364893912617,NA,NA,6,3,attractive_charge=1;hydrogen_bonds=3;ionic=1;salt_bridge=1,hydrogen_bonds=3,0.9090909090909091,0.9090909090909091,0.9090909090909091,0.8333333333333334,10,11,11,0.6666666666666666,0.3333333333333333,0.4444444444444444,0.2857142857142857,2,6,3
7WVT,vina_pose,8,A:B7N:501,L:UNL:1,RDKit,57,3.381318003175166,7,3.98462600862006,NA,NA,6,2,attractive_charge=1;hydrogen_bonds=3;ionic=1;salt_bridge=1,hydrogen_bonds=2,1.0,0.7272727272727273,0.8421052631578948,0.7272727272727273,8,11,8,0.0,0.0,0.0,0.0,0,6,2
7WVT,vina_pose,9,A:B7N:501,L:UNL:1,RDKit,57,2.36440493978892,7,1.891693798840454,NA,NA,6,5,attractive_charge=1;hydrogen_bonds=3;ionic=1;salt_bridge=1,attractive_charge=1;hydrogen_bonds=2;ionic=1;salt_bridge=1,0.9090909090909091,0.9090909090909091,0.9090909090909091,0.8333333333333334,10,11,11,1.0,0.8333333333333334,0.9090909090909091,0.8333333333333334,5,6,5
7WVT,vina_pose,10,A:B7N:501,L:UNL:1,RDKit,57,5.6938937391104085,7,7.373805569136509,NA,NA,6,2,attractive_charge=1;hydrogen_bonds=3;ionic=1;salt_bridge=1,hydrogen_bonds=2,0.5,0.36363636363636365,0.4210526315789474,0.26666666666666666,4,11,8,0.0,0.0,0.0,0.0,0,6,2
7WVT,vina_pose,11,A:B7N:501,L:UNL:1,RDKit,57,5.809061934719193,7,7.202061887305011,NA,NA,6,2,attractive_charge=1;hydrogen_bonds=3;ionic=1;salt_bridge=1,hydrogen_bonds=2,0.4444444444444444,0.36363636363636365,0.39999999999999997,0.25,4,11,9,0.0,0.0,0.0,0.0,0,6,2
7WVT,vina_pose,12,A:B7N:501,L:UNL:1,RDKit,57,13.82424810873741,7,16.574070622511538,NA,NA,6,0,attractive_charge=1;hydrogen_bonds=3;ionic=1;salt_bridge=1,none=0,0.0,0.0,0.0,0.0,0,11,9,0.0,0.0,0.0,0.0,0,6,0
7WVT,vina_pose,13,A:B7N:501,L:UNL:1,RDKit,57,12.474926961780355,7,10.782176622291333,NA,NA,6,0,attractive_charge=1;hydrogen_bonds=3;ionic=1;salt_bridge=1,none=0,0.16666666666666666,0.09090909090909091,0.11764705882352942,0.0625,1,11,6,0.0,0.0,0.0,0.0,0,6,0
7WVT,vina_pose,14,A:B7N:501,L:UNL:1,RDKit,57,3.2709501329017265,7,2.5907279175662477,NA,NA,6,4,attractive_charge=1;hydrogen_bonds=3;ionic=1;salt_bridge=1,hydrogen_bonds=4,1.0,0.8181818181818182,0.9,0.8181818181818182,9,11,9,0.5,0.3333333333333333,0.4,0.25,2,6,4
7WVT,vina_pose,15,A:B7N:501,L:UNL:1,RDKit,57,5.806056550419283,7,7.477191031014637,NA,NA,6,2,attractive_charge=1;hydrogen_bonds=3;ionic=1;salt_bridge=1,hydrogen_bonds=2,0.4,0.36363636363636365,0.380952380952381,0.23529411764705882,4,11,10,0.0,0.0,0.0,0.0,0,6,2
7WVT,vina_pose,16,A:B7N:501,L:UNL:1,RDKit,57,11.877975039335944,7,10.101403756762862,NA,NA,6,0,attractive_charge=1;hydrogen_bonds=3;ionic=1;salt_bridge=1,none=0,0.2222222222222222,0.18181818181818182,0.19999999999999998,0.1111111111111111,2,11,9,0.0,0.0,0.0,0.0,0,6,0
7WVT,vina_pose,17,A:B7N:501,L:UNL:1,RDKit,57,2.5660823611510457,7,2.470229515074026,NA,NA,6,5,attractive_charge=1;hydrogen_bonds=3;ionic=1;salt_bridge=1,hydrogen_bonds=5,1.0,0.7272727272727273,0.8421052631578948,0.7272727272727273,8,11,8,0.4,0.3333333333333333,0.3636363636363636,0.2222222222222222,2,6,5
7WVT,vina_pose,18,A:B7N:501,L:UNL:1,RDKit,57,12.275554024728786,7,10.563166381346077,NA,NA,6,0,attractive_charge=1;hydrogen_bonds=3;ionic=1;salt_bridge=1,none=0,0.14285714285714285,0.09090909090909091,0.1111111111111111,0.058823529411764705,1,11,7,0.0,0.0,0.0,0.0,0,6,0
7WVT,vina_pose,19,A:B7N:501,L:UNL:1,RDKit,57,13.807626916678167,7,15.266565541357735,NA,NA,6,1,attractive_charge=1;hydrogen_bonds=3;ionic=1;salt_bridge=1,hydrogen_bonds=1,0.0,0.0,0.0,0.0,0,11,9,0.0,0.0,0.0,0.0,0,6,1
7WVT,vina_pose,20,A:B7N:501,L:UNL:1,RDKit,57,13.050055160198005,7,13.928749584941212,NA,NA,6,0,attractive_charge=1;hydrogen_bonds=3;ionic=1;salt_bridge=1,none=0,0.09090909090909091,0.09090909090909091,0.09090909090909091,0.047619047619047616,1,11,11,0.0,0.0,0.0,0.0,0,6,0
7YF1,boltz,1,A:PLM:201,B:PLM:1,RDKit,18,0.9292859624562142,3,0.22584749578022056,133,0.41163852088379543,2,2,hydrogen_bonds=2,hydrogen_bonds=2,1.0,1.0,1.0,1.0,8,8,8,1.0,1.0,1.0,1.0,2,2,2
7YF1,vina_pose,1,A:PLM:201,L:UNL:1,RDKit,18,3.5843845615995686,3,7.504611544941327,NA,NA,2,3,hydrogen_bonds=2,hydrogen_bonds=3,0.0,0.0,0.0,0.0,0,8,10,0.0,0.0,0.0,0.0,0,2,3
7YF1,vina_pose,2,A:PLM:201,L:UNL:1,RDKit,18,5.747122090701861,3,7.518269202890606,NA,NA,2,3,hydrogen_bonds=2,hydrogen_bonds=3,0.16666666666666666,0.125,0.14285714285714288,0.07692307692307693,1,8,6,0.0,0.0,0.0,0.0,0,2,3
7YF1,vina_pose,3,A:PLM:201,L:UNL:1,RDKit,18,6.247838818689405,3,7.469220726898713,NA,NA,2,3,hydrogen_bonds=2,hydrogen_bonds=3,0.14285714285714285,0.125,0.13333333333333333,0.07142857142857142,1,8,7,0.0,0.0,0.0,0.0,0,2,3
7YF1,vina_pose,4,A:PLM:201,L:UNL:1,RDKit,18,5.477570730907998,3,6.5060547103294475,NA,NA,2,2,hydrogen_bonds=2,hydrogen_bonds=2,0.2222222222222222,0.25,0.23529411764705882,0.13333333333333333,2,8,9,0.0,0.0,0.0,0.0,0,2,2
7YF1,vina_pose,5,A:PLM:201,L:UNL:1,RDKit,18,1.4676417701310271,3,1.9303313481886992,NA,NA,2,2,hydrogen_bonds=2,hydrogen_bonds=2,0.8571428571428571,0.75,0.7999999999999999,0.6666666666666666,6,8,7,1.0,1.0,1.0,1.0,2,2,2
7YF1,vina_pose,6,A:PLM:201,L:UNL:1,RDKit,18,5.300077413154767,3,5.684183835914059,NA,NA,2,2,hydrogen_bonds=2,hydrogen_bonds=2,0.25,0.25,0.25,0.14285714285714285,2,8,8,0.5,0.5,0.5,0.3333333333333333,1,2,2
7YF1,vina_pose,7,A:PLM:201,L:UNL:1,RDKit,18,3.4645407487685547,3,7.522883756499232,NA,NA,2,3,hydrogen_bonds=2,hydrogen_bonds=3,0.0,0.0,0.0,0.0,0,8,10,0.0,0.0,0.0,0.0,0,2,3
7YF1,vina_pose,8,A:PLM:201,L:UNL:1,RDKit,18,5.308746583379587,3,6.911123679050559,NA,NA,2,2,hydrogen_bonds=2,hydrogen_bonds=2,0.14285714285714285,0.125,0.13333333333333333,0.07142857142857142,1,8,7,0.0,0.0,0.0,0.0,0,2,2
7YF1,vina_pose,9,A:PLM:201,L:UNL:1,RDKit,18,5.572937632074209,3,6.689382939688833,NA,NA,2,3,hydrogen_bonds=2,hydrogen_bonds=3,0.25,0.25,0.25,0.14285714285714285,2,8,8,0.0,0.0,0.0,0.0,0,2,3
7YF1,vina_pose,10,A:PLM:201,L:UNL:1,RDKit,18,2.4368854837658844,3,4.271079881458553,NA,NA,2,3,hydrogen_bonds=2,hydrogen_bonds=3,0.6,0.375,0.4615384615384615,0.3,3,8,5,0.0,0.0,0.0,0.0,0,2,3
7YF1,vina_pose,11,A:PLM:201,L:UNL:1,RDKit,18,5.951656069335288,3,7.646511654373298,NA,NA,2,2,hydrogen_bonds=2,hydrogen_bonds=2,0.0,0.0,0.0,0.0,0,8,7,0.0,0.0,0.0,0.0,0,2,2
7YF1,vina_pose,12,A:PLM:201,L:UNL:1,RDKit,18,4.139033193457676,3,5.908826640470453,NA,NA,2,3,hydrogen_bonds=2,hydrogen_bonds=3,0.25,0.25,0.25,0.14285714285714285,2,8,8,0.0,0.0,0.0,0.0,0,2,3
7YF1,vina_pose,13,A:PLM:201,L:UNL:1,RDKit,18,5.071855982542836,3,7.9247831385975465,NA,NA,2,2,hydrogen_bonds=2,hydrogen_bonds=2,0.0,0.0,0.0,0.0,0,8,7,0.0,0.0,0.0,0.0,0,2,2
7YF1,vina_pose,14,A:PLM:201,L:UNL:1,RDKit,18,4.9220514345465975,3,7.656219749576158,NA,NA,2,3,hydrogen_bonds=2,hydrogen_bonds=3,0.0,0.0,0.0,0.0,0,8,8,0.0,0.0,0.0,0.0,0,2,3
7YF1,vina_pose,15,A:PLM:201,L:UNL:1,RDKit,18,2.5085072643772293,3,2.641293296941229,NA,NA,2,3,hydrogen_bonds=2,hydrogen_bonds=3,1.0,0.75,0.8571428571428571,0.75,6,8,6,0.3333333333333333,0.5,0.4,0.25,1,2,3
7YF1,vina_pose,16,A:PLM:201,L:UNL:1,RDKit,18,6.5410698886080985,3,7.505157350369144,NA,NA,2,3,hydrogen_bonds=2,hydrogen_bonds=3,0.16666666666666666,0.125,0.14285714285714288,0.07692307692307693,1,8,6,0.0,0.0,0.0,0.0,0,2,3
7YF1,vina_pose,17,A:PLM:201,L:UNL:1,RDKit,18,3.5786671256970024,3,7.122977866066037,NA,NA,2,2,hydrogen_bonds=2,hydrogen_bonds=2,0.1111111111111111,0.125,0.11764705882352941,0.0625,1,8,9,0.0,0.0,0.0,0.0,0,2,2
7YF1,vina_pose,18,A:PLM:201,L:UNL:1,RDKit,18,4.4708494037474455,3,7.579183825043432,NA,NA,2,3,hydrogen_bonds=2,hydrogen_bonds=3,0.0,0.0,0.0,0.0,0,8,9,0.0,0.0,0.0,0.0,0,2,3
7YF1,vina_pose,19,A:PLM:201,L:UNL:1,RDKit,18,4.444653015064531,3,5.214495237361588,NA,NA,2,2,hydrogen_bonds=2,hydrogen_bonds=2,0.5,0.25,0.3333333333333333,0.2,2,8,4,0.0,0.0,0.0,0.0,0,2,2
7YF1,vina_pose,20,A:PLM:201,L:UNL:1,RDKit,18,5.463768590338235,3,6.159498390329091,NA,NA,2,2,hydrogen_bonds=2,hydrogen_bonds=2,0.3333333333333333,0.375,0.35294117647058826,0.21428571428571427,3,8,9,0.0,0.0,0.0,0.0,0,2,2
7Z6W,boltz,1,A:IG7:201,B:IG7:1,RDKit,63,5.840163653199712,6,5.539828794003825,188,3.1899988707366593,1,1,hydrogen_bonds=1,hydrogen_bonds=1,0.25,0.2,0.22222222222222224,0.125,1,5,4,0.0,0.0,0.0,0.0,0,1,1
7Z6W,vina_pose,1,A:IG7:201,L:UNL:1,RDKit,63,10.35771587402281,6,8.531902240024397,NA,NA,1,2,hydrogen_bonds=1,hydrogen_bonds=2,0.0,0.0,0.0,0.0,0,5,6,0.0,0.0,0.0,0.0,0,1,2
7Z6W,vina_pose,2,A:IG7:201,L:UNL:1,RDKit,63,10.668245028313091,6,8.429396212066438,NA,NA,1,2,hydrogen_bonds=1,hydrogen_bonds=2,0.125,0.2,0.15384615384615385,0.08333333333333333,1,5,8,0.0,0.0,0.0,0.0,0,1,2
7Z6W,vina_pose,3,A:IG7:201,L:UNL:1,RDKit,63,10.807064826248158,6,7.811713299057171,NA,NA,1,0,hydrogen_bonds=1,none=0,0.2,0.2,0.20000000000000004,0.1111111111111111,1,5,5,0.0,0.0,0.0,0.0,0,1,0
7Z6W,vina_pose,4,A:IG7:201,L:UNL:1,RDKit,63,7.963269132073917,6,7.041990142471564,NA,NA,1,1,hydrogen_bonds=1,hydrogen_bonds=1,0.14285714285714285,0.2,0.16666666666666666,0.09090909090909091,1,5,7,0.0,0.0,0.0,0.0,0,1,1
7Z6W,vina_pose,5,A:IG7:201,L:UNL:1,RDKit,63,8.585843459134455,6,7.252828138043808,NA,NA,1,2,hydrogen_bonds=1,hydrogen_bonds=2,0.25,0.4,0.3076923076923077,0.18181818181818182,2,5,8,0.0,0.0,0.0,0.0,0,1,2
7Z6W,vina_pose,6,A:IG7:201,L:UNL:1,RDKit,63,11.514921014416641,6,8.570548757226693,NA,NA,1,2,hydrogen_bonds=1,hydrogen_bonds=2,0.14285714285714285,0.2,0.16666666666666666,0.09090909090909091,1,5,7,0.0,0.0,0.0,0.0,0,1,2
7Z6W,vina_pose,7,A:IG7:201,L:UNL:1,RDKit,63,6.496903667889902,6,5.97820933334835,NA,NA,1,1,hydrogen_bonds=1,hydrogen_bonds=1,0.3333333333333333,0.4,0.3636363636363636,0.2222222222222222,2,5,6,0.0,0.0,0.0,0.0,0,1,1
7Z6W,vina_pose,8,A:IG7:201,L:UNL:1,RDKit,63,6.929443997256282,6,6.79407372887087,NA,NA,1,2,hydrogen_bonds=1,hydrogen_bonds=2,0.0,0.0,0.0,0.0,0,5,7,0.0,0.0,0.0,0.0,0,1,2
7Z6W,vina_pose,9,A:IG7:201,L:UNL:1,RDKit,63,6.56945752030646,6,5.760017404487594,NA,NA,1,1,hydrogen_bonds=1,hydrogen_bonds=1,0.2,0.2,0.20000000000000004,0.1111111111111111,1,5,5,0.0,0.0,0.0,0.0,0,1,1
7Z6W,vina_pose,10,A:IG7:201,L:UNL:1,RDKit,63,5.916917247544173,6,5.656379613616234,NA,NA,1,1,hydrogen_bonds=1,hydrogen_bonds=1,0.2,0.2,0.20000000000000004,0.1111111111111111,1,5,5,0.0,0.0,0.0,0.0,0,1,1
7Z6W,vina_pose,11,A:IG7:201,L:UNL:1,RDKit,63,6.147693326614076,6,5.715831085677744,NA,NA,1,1,hydrogen_bonds=1,hydrogen_bonds=1,0.16666666666666666,0.2,0.1818181818181818,0.1,1,5,6,1.0,1.0,1.0,1.0,1,1,1
7Z6W,vina_pose,12,A:IG7:201,L:UNL:1,RDKit,63,6.3205724261059455,6,5.867491698616483,NA,NA,1,1,hydrogen_bonds=1,hydrogen_bonds=1,0.4,0.4,0.4000000000000001,0.25,2,5,5,0.0,0.0,0.0,0.0,0,1,1
7Z6W,vina_pose,13,A:IG7:201,L:UNL:1,RDKit,63,5.542136661773848,6,6.512871844790642,NA,NA,1,1,hydrogen_bonds=1,hydrogen_bonds=1,0.14285714285714285,0.2,0.16666666666666666,0.09090909090909091,1,5,7,0.0,0.0,0.0,0.0,0,1,1
7Z6W,vina_pose,14,A:IG7:201,L:UNL:1,RDKit,63,9.715984351605087,6,12.169739650734794,NA,NA,1,1,hydrogen_bonds=1,hydrogen_bonds=1,0.0,0.0,0.0,0.0,0,5,11,0.0,0.0,0.0,0.0,0,1,1
7Z6W,vina_pose,15,A:IG7:201,L:UNL:1,RDKit,63,10.809164313615097,6,11.959642532283311,NA,NA,1,1,hydrogen_bonds=1,hydrogen_bonds=1,0.0,0.0,0.0,0.0,0,5,11,0.0,0.0,0.0,0.0,0,1,1
7Z6W,vina_pose,16,A:IG7:201,L:UNL:1,RDKit,63,8.209327221433645,6,8.789138514856466,NA,NA,1,0,hydrogen_bonds=1,none=0,0.2222222222222222,0.4,0.2857142857142857,0.16666666666666666,2,5,9,0.0,0.0,0.0,0.0,0,1,0
7Z6W,vina_pose,17,A:IG7:201,L:UNL:1,RDKit,63,5.5282723398447065,6,5.969289014056308,NA,NA,1,1,hydrogen_bonds=1,hydrogen_bonds=1,0.16666666666666666,0.2,0.1818181818181818,0.1,1,5,6,0.0,0.0,0.0,0.0,0,1,1
7Z6W,vina_pose,18,A:IG7:201,L:UNL:1,RDKit,63,7.1858730456758995,6,6.33973309112195,NA,NA,1,1,hydrogen_bonds=1,hydrogen_bonds=1,0.14285714285714285,0.2,0.16666666666666666,0.09090909090909091,1,5,7,0.0,0.0,0.0,0.0,0,1,1
7Z6W,vina_pose,19,A:IG7:201,L:UNL:1,RDKit,63,6.5971361788206835,6,6.202988056842712,NA,NA,1,1,hydrogen_bonds=1,hydrogen_bonds=1,0.16666666666666666,0.2,0.1818181818181818,0.1,1,5,6,0.0,0.0,0.0,0.0,0,1,1
7Z6W,vina_pose,20,A:IG7:201,L:UNL:1,RDKit,63,5.907565301683156,6,7.109578667778656,NA,NA,1,1,hydrogen_bonds=1,hydrogen_bonds=1,0.14285714285714285,0.2,0.16666666666666666,0.09090909090909091,1,5,7,0.0,0.0,0.0,0.0,0,1,1
8GOT,boltz,1,A:K8U:301,B:K8U:1,RDKit,102,5.905425007210051,14,1.3417431489097649,208,0.8346917173164622,5,11,attractive_charge=1;hydrogen_bonds=2;ionic=1;salt_bridge=1,attractive_charge=3;hydrogen_bonds=2;ionic=3;salt_bridge=3,1.0,0.875,0.9333333333333333,0.875,7,8,7,0.45454545454545453,1.0,0.625,0.45454545454545453,5,5,11
8GOT,vina_pose,1,A:K8U:301,L:UNL:1,RDKit,102,21.767964998737813,14,8.12184324170672,NA,NA,5,1,attractive_charge=1;hydrogen_bonds=2;ionic=1;salt_bridge=1,hydrogen_bonds=1,0.75,0.75,0.75,0.6,6,8,8,1.0,0.2,0.33333333333333337,0.2,1,5,1
8GOT,vina_pose,2,A:K8U:301,L:UNL:1,RDKit,102,21.828397069360065,14,10.675590940485282,NA,NA,5,4,attractive_charge=1;hydrogen_bonds=2;ionic=1;salt_bridge=1,attractive_charge=1;hydrogen_bonds=1;ionic=1;salt_bridge=1,0.6666666666666666,0.5,0.5714285714285715,0.4,4,8,6,0.0,0.0,0.0,0.0,0,5,4
8GOT,vina_pose,3,A:K8U:301,L:UNL:1,RDKit,102,14.273942779091708,14,7.955801391796698,NA,NA,5,4,attractive_charge=1;hydrogen_bonds=2;ionic=1;salt_bridge=1,attractive_charge=1;hydrogen_bonds=1;ionic=1;salt_bridge=1,0.6,0.375,0.4615384615384615,0.3,3,8,5,0.0,0.0,0.0,0.0,0,5,4
8GOT,vina_pose,4,A:K8U:301,L:UNL:1,RDKit,102,18.37845409925523,14,6.721115845920655,NA,NA,5,12,attractive_charge=1;hydrogen_bonds=2;ionic=1;salt_bridge=1,attractive_charge=3;hydrogen_bonds=3;ionic=3;salt_bridge=3,1.0,0.75,0.8571428571428571,0.75,6,8,6,0.4166666666666667,1.0,0.5882352941176471,0.4166666666666667,5,5,12
8GOT,vina_pose,5,A:K8U:301,L:UNL:1,RDKit,102,7.64007683656568,14,7.599250014686601,NA,NA,5,4,attractive_charge=1;hydrogen_bonds=2;ionic=1;salt_bridge=1,attractive_charge=1;hydrogen_bonds=1;ionic=1;salt_bridge=1,0.625,0.625,0.625,0.45454545454545453,5,8,8,0.0,0.0,0.0,0.0,0,5,4
8GOT,vina_pose,6,A:K8U:301,L:UNL:1,RDKit,102,10.681968090858428,14,5.821085471922619,NA,NA,5,8,attractive_charge=1;hydrogen_bonds=2;ionic=1;salt_bridge=1,attractive_charge=2;hydrogen_bonds=2;ionic=2;salt_bridge=2,0.5,0.625,0.5555555555555556,0.38461538461538464,5,8,10,0.5,0.8,0.6153846153846154,0.4444444444444444,4,5,8
8GOT,vina_pose,7,A:K8U:301,L:UNL:1,RDKit,102,9.412981147767974,14,7.689679498244012,NA,NA,5,6,attractive_charge=1;hydrogen_bonds=2;ionic=1;salt_bridge=1,attractive_charge=1;hydrogen_bonds=3;ionic=1;salt_bridge=1,0.6,0.375,0.4615384615384615,0.3,3,8,5,0.16666666666666666,0.2,0.1818181818181818,0.1,1,5,6
8GOT,vina_pose,8,A:K8U:301,L:UNL:1,RDKit,102,21.170186042603202,14,10.542380488160294,NA,NA,5,5,attractive_charge=1;hydrogen_bonds=2;ionic=1;salt_bridge=1,attractive_charge=1;hydrogen_bonds=2;ionic=1;salt_bridge=1,0.6666666666666666,0.5,0.5714285714285715,0.4,4,8,6,0.2,0.2,0.20000000000000004,0.1111111111111111,1,5,5
8GOT,vina_pose,9,A:K8U:301,L:UNL:1,RDKit,102,19.209511397671076,14,6.656124623232351,NA,NA,5,12,attractive_charge=1;hydrogen_bonds=2;ionic=1;salt_bridge=1,attractive_charge=3;hydrogen_bonds=3;ionic=3;salt_bridge=3,1.0,0.75,0.8571428571428571,0.75,6,8,6,0.4166666666666667,1.0,0.5882352941176471,0.4166666666666667,5,5,12
8GOT,vina_pose,10,A:K8U:301,L:UNL:1,RDKit,102,21.481937319981355,14,7.484011104634047,NA,NA,5,4,attractive_charge=1;hydrogen_bonds=2;ionic=1;salt_bridge=1,attractive_charge=1;hydrogen_bonds=1;ionic=1;salt_bridge=1,0.4166666666666667,0.625,0.5,0.3333333333333333,5,8,12,0.0,0.0,0.0,0.0,0,5,4
8GOT,vina_pose,11,A:K8U:301,L:UNL:1,RDKit,102,21.358840973364874,14,9.713058956153528,NA,NA,5,4,attractive_charge=1;hydrogen_bonds=2;ionic=1;salt_bridge=1,attractive_charge=1;hydrogen_bonds=1;ionic=1;salt_bridge=1,0.8,0.5,0.6153846153846154,0.4444444444444444,4,8,5,0.25,0.2,0.22222222222222224,0.125,1,5,4
8GOT,vina_pose,12,A:K8U:301,L:UNL:1,RDKit,102,22.106770894953446,14,10.421640952501537,NA,NA,5,5,attractive_charge=1;hydrogen_bonds=2;ionic=1;salt_bridge=1,attractive_charge=1;hydrogen_bonds=2;ionic=1;salt_bridge=1,0.5714285714285714,0.5,0.5333333333333333,0.36363636363636365,4,8,7,0.0,0.0,0.0,0.0,0,5,5
8GOT,vina_pose,13,A:K8U:301,L:UNL:1,RDKit,102,19.755672611762357,14,7.520937925931465,NA,NA,5,1,attractive_charge=1;hydrogen_bonds=2;ionic=1;salt_bridge=1,hydrogen_bonds=1,0.8333333333333334,0.625,0.7142857142857143,0.5555555555555556,5,8,6,1.0,0.2,0.33333333333333337,0.2,1,5,1
8GOT,vina_pose,14,A:K8U:301,L:UNL:1,RDKit,102,8.994424422178136,14,7.617699118312751,NA,NA,5,6,attractive_charge=1;hydrogen_bonds=2;ionic=1;salt_bridge=1,attractive_charge=1;hydrogen_bonds=3;ionic=1;salt_bridge=1,0.6,0.375,0.4615384615384615,0.3,3,8,5,0.16666666666666666,0.2,0.1818181818181818,0.1,1,5,6
8GOT,vina_pose,15,A:K8U:301,L:UNL:1,RDKit,102,8.757127222787073,14,5.663807149662799,NA,NA,5,6,attractive_charge=1;hydrogen_bonds=2;ionic=1;salt_bridge=1,attractive_charge=1;hydrogen_bonds=3;ionic=1;salt_bridge=1,0.45454545454545453,0.625,0.5263157894736842,0.35714285714285715,5,8,11,0.16666666666666666,0.2,0.1818181818181818,0.1,1,5,6
8GOT,vina_pose,16,A:K8U:301,L:UNL:1,RDKit,102,20.840507509768226,14,7.508336229057102,NA,NA,5,4,attractive_charge=1;hydrogen_bonds=2;ionic=1;salt_bridge=1,attractive_charge=1;hydrogen_bonds=1;ionic=1;salt_bridge=1,0.46153846153846156,0.75,0.5714285714285714,0.4,6,8,13,0.0,0.0,0.0,0.0,0,5,4
8GOT,vina_pose,17,A:K8U:301,L:UNL:1,RDKit,102,18.450949501312934,14,7.094720265299904,NA,NA,5,0,attractive_charge=1;hydrogen_bonds=2;ionic=1;salt_bridge=1,none=0,0.875,0.875,0.875,0.7777777777777778,7,8,8,0.0,0.0,0.0,0.0,0,5,0
8GOT,vina_pose,18,A:K8U:301,L:UNL:1,RDKit,102,21.70159826611675,14,10.15139331745718,NA,NA,5,1,attractive_charge=1;hydrogen_bonds=2;ionic=1;salt_bridge=1,hydrogen_bonds=1,0.5555555555555556,0.625,0.5882352941176471,0.4166666666666667,5,8,9,0.0,0.0,0.0,0.0,0,5,1
8GOT,vina_pose,19,A:K8U:301,L:UNL:1,RDKit,102,10.589241229829897,14,2.889167255208917,NA,NA,5,13,attractive_charge=1;hydrogen_bonds=2;ionic=1;salt_bridge=1,attractive_charge=3;hydrogen_bonds=4;ionic=3;salt_bridge=3,1.0,1.0,1.0,1.0,8,8,8,0.38461538461538464,1.0,0.5555555555555556,0.38461538461538464,5,5,13
8GOT,vina_pose,20,A:K8U:301,L:UNL:1,RDKit,102,12.397154435120799,14,2.7412457022310135,NA,NA,5,4,attractive_charge=1;hydrogen_bonds=2;ionic=1;salt_bridge=1,attractive_charge=1;hydrogen_bonds=1;ionic=1;salt_bridge=1,1.0,0.875,0.9333333333333333,0.875,7,8,7,0.0,0.0,0.0,0.0,0,5,4
8GYN,boltz,1,A:6OU:201,B:6OU:1,RDKit,49,1.0882920131022045,7,1.4767595438828596,160,0.33996621479537276,4,4,attractive_charge=1;hydrogen_bonds=1;ionic=1;salt_bridge=1,attractive_charge=1;hydrogen_bonds=1;ionic=1;salt_bridge=1,0.75,0.75,0.75,0.6,3,4,4,1.0,1.0,1.0,1.0,4,4,4
8GYN,vina_pose,1,A:6OU:201,L:UNL:1,RDKit,49,6.134853447044541,7,7.676084966505665,NA,NA,4,3,attractive_charge=1;hydrogen_bonds=1;ionic=1;salt_bridge=1,hydrogen_bonds=3,0.14285714285714285,0.25,0.18181818181818182,0.1,1,4,7,0.0,0.0,0.0,0.0,0,4,3
8GYN,vina_pose,2,A:6OU:201,L:UNL:1,RDKit,49,5.8007337837711255,7,7.788920952326177,NA,NA,4,3,attractive_charge=1;hydrogen_bonds=1;ionic=1;salt_bridge=1,hydrogen_bonds=3,0.14285714285714285,0.25,0.18181818181818182,0.1,1,4,7,0.0,0.0,0.0,0.0,0,4,3
8GYN,vina_pose,3,A:6OU:201,L:UNL:1,RDKit,49,4.311954367585869,7,6.176137067907878,NA,NA,4,4,attractive_charge=1;hydrogen_bonds=1;ionic=1;salt_bridge=1,attractive_charge=1;hydrogen_bonds=1;ionic=1;salt_bridge=1,0.3333333333333333,0.5,0.4,0.25,2,4,6,0.0,0.0,0.0,0.0,0,4,4
8GYN,vina_pose,4,A:6OU:201,L:UNL:1,RDKit,49,6.421303997042078,7,8.15711661671749,NA,NA,4,3,attractive_charge=1;hydrogen_bonds=1;ionic=1;salt_bridge=1,hydrogen_bonds=3,0.125,0.25,0.16666666666666666,0.09090909090909091,1,4,8,0.0,0.0,0.0,0.0,0,4,3
8GYN,vina_pose,5,A:6OU:201,L:UNL:1,RDKit,49,6.1655730903980706,7,8.1633023498993,NA,NA,4,3,attractive_charge=1;hydrogen_bonds=1;ionic=1;salt_bridge=1,hydrogen_bonds=3,0.125,0.25,0.16666666666666666,0.09090909090909091,1,4,8,0.0,0.0,0.0,0.0,0,4,3
8GYN,vina_pose,6,A:6OU:201,L:UNL:1,RDKit,49,6.187425173588372,7,7.61766249403413,NA,NA,4,3,attractive_charge=1;hydrogen_bonds=1;ionic=1;salt_bridge=1,hydrogen_bonds=3,0.14285714285714285,0.25,0.18181818181818182,0.1,1,4,7,0.0,0.0,0.0,0.0,0,4,3
8GYN,vina_pose,7,A:6OU:201,L:UNL:1,RDKit,49,6.513688480829101,7,7.5507193109672865,NA,NA,4,3,attractive_charge=1;hydrogen_bonds=1;ionic=1;salt_bridge=1,hydrogen_bonds=3,0.14285714285714285,0.25,0.18181818181818182,0.1,1,4,7,0.0,0.0,0.0,0.0,0,4,3
8GYN,vina_pose,8,A:6OU:201,L:UNL:1,RDKit,49,6.67450394940267,7,7.957392868729054,NA,NA,4,3,attractive_charge=1;hydrogen_bonds=1;ionic=1;salt_bridge=1,hydrogen_bonds=3,0.14285714285714285,0.25,0.18181818181818182,0.1,1,4,7,0.0,0.0,0.0,0.0,0,4,3
8GYN,vina_pose,9,A:6OU:201,L:UNL:1,RDKit,49,5.853124732784243,7,7.666366451968718,NA,NA,4,3,attractive_charge=1;hydrogen_bonds=1;ionic=1;salt_bridge=1,hydrogen_bonds=3,0.125,0.25,0.16666666666666666,0.09090909090909091,1,4,8,0.0,0.0,0.0,0.0,0,4,3
8GYN,vina_pose,10,A:6OU:201,L:UNL:1,RDKit,49,5.24591948890385,7,3.9926042974318694,NA,NA,4,3,attractive_charge=1;hydrogen_bonds=1;ionic=1;salt_bridge=1,attractive_charge=1;ionic=1;salt_bridge=1,0.6,0.75,0.6666666666666665,0.5,3,4,5,0.0,0.0,0.0,0.0,0,4,3
8GYN,vina_pose,11,A:6OU:201,L:UNL:1,RDKit,49,4.150911550537756,7,5.491654278878868,NA,NA,4,1,attractive_charge=1;hydrogen_bonds=1;ionic=1;salt_bridge=1,hydrogen_bonds=1,0.25,0.25,0.25,0.14285714285714285,1,4,4,0.0,0.0,0.0,0.0,0,4,1
8GYN,vina_pose,12,A:6OU:201,L:UNL:1,RDKit,49,5.715227458288917,7,7.441000260632207,NA,NA,4,2,attractive_charge=1;hydrogen_bonds=1;ionic=1;salt_bridge=1,hydrogen_bonds=2,0.16666666666666666,0.25,0.2,0.1111111111111111,1,4,6,0.0,0.0,0.0,0.0,0,4,2
8GYN,vina_pose,13,A:6OU:201,L:UNL:1,RDKit,49,5.698815549150972,7,6.982775459566818,NA,NA,4,2,attractive_charge=1;hydrogen_bonds=1;ionic=1;salt_bridge=1,hydrogen_bonds=2,0.16666666666666666,0.25,0.2,0.1111111111111111,1,4,6,0.0,0.0,0.0,0.0,0,4,2
8GYN,vina_pose,14,A:6OU:201,L:UNL:1,RDKit,49,4.062979826254497,7,4.943281634575211,NA,NA,4,4,attractive_charge=1;hydrogen_bonds=1;ionic=1;salt_bridge=1,attractive_charge=1;hydrogen_bonds=1;ionic=1;salt_bridge=1,0.5,0.75,0.6,0.42857142857142855,3,4,6,1.0,1.0,1.0,1.0,4,4,4
8GYN,vina_pose,15,A:6OU:201,L:UNL:1,RDKit,49,5.734380368709493,7,6.340265322423705,NA,NA,4,0,attractive_charge=1;hydrogen_bonds=1;ionic=1;salt_bridge=1,none=0,0.16666666666666666,0.25,0.2,0.1111111111111111,1,4,6,0.0,0.0,0.0,0.0,0,4,0
8GYN,vina_pose,16,A:6OU:201,L:UNL:1,RDKit,49,5.921091061101589,7,7.628933922069322,NA,NA,4,2,attractive_charge=1;hydrogen_bonds=1;ionic=1;salt_bridge=1,hydrogen_bonds=2,0.14285714285714285,0.25,0.18181818181818182,0.1,1,4,7,0.0,0.0,0.0,0.0,0,4,2
8GYN,vina_pose,17,A:6OU:201,L:UNL:1,RDKit,49,9.459972392481397,7,13.314247065730001,NA,NA,4,0,attractive_charge=1;hydrogen_bonds=1;ionic=1;salt_bridge=1,none=0,0.0,0.0,0.0,0.0,0,4,8,0.0,0.0,0.0,0.0,0,4,0
8GYN,vina_pose,18,A:6OU:201,L:UNL:1,RDKit,49,2.5470645414568787,7,2.4739728503851572,NA,NA,4,4,attractive_charge=1;hydrogen_bonds=1;ionic=1;salt_bridge=1,attractive_charge=1;hydrogen_bonds=1;ionic=1;salt_bridge=1,0.8,1.0,0.888888888888889,0.8,4,4,5,1.0,1.0,1.0,1.0,4,4,4
8GYN,vina_pose,19,A:6OU:201,L:UNL:1,RDKit,49,9.85469673104129,7,14.43745000758741,NA,NA,4,0,attractive_charge=1;hydrogen_bonds=1;ionic=1;salt_bridge=1,none=0,0.0,0.0,0.0,0.0,0,4,8,0.0,0.0,0.0,0.0,0,4,0
8GYN,vina_pose,20,A:6OU:201,L:UNL:1,RDKit,49,6.03093059658258,7,6.368333848830253,NA,NA,4,0,attractive_charge=1;hydrogen_bonds=1;ionic=1;salt_bridge=1,none=0,0.3333333333333333,0.75,0.46153846153846156,0.3,3,4,9,0.0,0.0,0.0,0.0,0,4,0
8IVL,boltz,1,A:CLR:201,B:CLR:1,RDKit,28,4.251623653023293,1,5.130072063585677,134,0.7265592639904518,2,0,hydrogen_bonds=2,none=0,0.25,0.2,0.22222222222222224,0.125,1,5,4,0.0,0.0,0.0,0.0,0,2,0
8IVL,vina_pose,1,A:CLR:201,L:UNL:1,RDKit,28,3.354924658511084,1,7.235941749350944,NA,NA,2,2,hydrogen_bonds=2,hydrogen_bonds=2,0.16666666666666666,0.2,0.1818181818181818,0.1,1,5,6,0.0,0.0,0.0,0.0,0,2,2
8IVL,vina_pose,2,A:CLR:201,L:UNL:1,RDKit,28,1.5456131122817065,1,3.1418911502469338,NA,NA,2,1,hydrogen_bonds=2,hydrogen_bonds=1,0.75,0.6,0.6666666666666665,0.5,3,5,4,0.0,0.0,0.0,0.0,0,2,1
8IVL,vina_pose,3,A:CLR:201,L:UNL:1,RDKit,28,4.875300521872619,1,8.768610266171033,NA,NA,2,2,hydrogen_bonds=2,hydrogen_bonds=2,0.0,0.0,0.0,0.0,0,5,6,0.0,0.0,0.0,0.0,0,2,2
8IVL,vina_pose,4,A:CLR:201,L:UNL:1,RDKit,28,4.5301094042291865,1,7.328153792054313,NA,NA,2,0,hydrogen_bonds=2,none=0,0.0,0.0,0.0,0.0,0,5,5,0.0,0.0,0.0,0.0,0,2,0
8IVL,vina_pose,5,A:CLR:201,L:UNL:1,RDKit,28,5.8486891418993565,1,6.334223709342764,NA,NA,2,0,hydrogen_bonds=2,none=0,0.2,0.2,0.20000000000000004,0.1111111111111111,1,5,5,0.0,0.0,0.0,0.0,0,2,0
8IVL,vina_pose,6,A:CLR:201,L:UNL:1,RDKit,28,6.572793385833541,1,6.624246447710108,NA,NA,2,0,hydrogen_bonds=2,none=0,0.16666666666666666,0.2,0.1818181818181818,0.1,1,5,6,0.0,0.0,0.0,0.0,0,2,0
8IVL,vina_pose,7,A:CLR:201,L:UNL:1,RDKit,28,6.387327199228172,1,6.400193200208881,NA,NA,2,1,hydrogen_bonds=2,hydrogen_bonds=1,0.2,0.2,0.20000000000000004,0.1111111111111111,1,5,5,0.0,0.0,0.0,0.0,0,2,1
8IVL,vina_pose,8,A:CLR:201,L:UNL:1,RDKit,28,7.079513270194296,1,9.298228971153593,NA,NA,2,0,hydrogen_bonds=2,none=0,0.0,0.0,0.0,0.0,0,5,5,0.0,0.0,0.0,0.0,0,2,0
8IVL,vina_pose,9,A:CLR:201,L:UNL:1,RDKit,28,4.475585723838678,1,7.681176081824971,NA,NA,2,1,hydrogen_bonds=2,hydrogen_bonds=1,0.0,0.0,0.0,0.0,0,5,5,0.0,0.0,0.0,0.0,0,2,1
8IVL,vina_pose,10,A:CLR:201,L:UNL:1,RDKit,28,3.562331214046699,1,8.149388013832697,NA,NA,2,0,hydrogen_bonds=2,none=0,0.16666666666666666,0.2,0.1818181818181818,0.1,1,5,6,0.0,0.0,0.0,0.0,0,2,0
8IVL,vina_pose,11,A:CLR:201,L:UNL:1,RDKit,28,3.5663573853443236,1,6.716993226139208,NA,NA,2,1,hydrogen_bonds=2,hydrogen_bonds=1,0.2,0.2,0.20000000000000004,0.1111111111111111,1,5,5,0.0,0.0,0.0,0.0,0,2,1
8IVL,vina_pose,12,A:CLR:201,L:UNL:1,RDKit,28,2.7084213377643334,1,4.166935084687546,NA,NA,2,1,hydrogen_bonds=2,hydrogen_bonds=1,0.5,0.4,0.4444444444444445,0.2857142857142857,2,5,4,0.0,0.0,0.0,0.0,0,2,1
8IVL,vina_pose,13,A:CLR:201,L:UNL:1,RDKit,28,4.155388206035284,1,7.299944794311804,NA,NA,2,1,hydrogen_bonds=2,hydrogen_bonds=1,0.3333333333333333,0.4,0.3636363636363636,0.2222222222222222,2,5,6,0.0,0.0,0.0,0.0,0,2,1
8IVL,vina_pose,14,A:CLR:201,L:UNL:1,RDKit,28,7.15878154786134,1,9.625176154232193,NA,NA,2,0,hydrogen_bonds=2,none=0,0.0,0.0,0.0,0.0,0,5,5,0.0,0.0,0.0,0.0,0,2,0
8IVL,vina_pose,15,A:CLR:201,L:UNL:1,RDKit,28,6.988086384800103,1,9.512022813261122,NA,NA,2,1,hydrogen_bonds=2,hydrogen_bonds=1,0.0,0.0,0.0,0.0,0,5,5,0.0,0.0,0.0,0.0,0,2,1
8IVL,vina_pose,16,A:CLR:201,L:UNL:1,RDKit,28,6.153754098109544,1,6.314953206477463,NA,NA,2,1,hydrogen_bonds=2,hydrogen_bonds=1,0.2857142857142857,0.4,0.3333333333333333,0.2,2,5,7,0.0,0.0,0.0,0.0,0,2,1
8IVL,vina_pose,17,A:CLR:201,L:UNL:1,RDKit,28,6.227627833177849,1,6.775697897633867,NA,NA,2,1,hydrogen_bonds=2,hydrogen_bonds=1,0.2,0.2,0.20000000000000004,0.1111111111111111,1,5,5,0.0,0.0,0.0,0.0,0,2,1
8IVL,vina_pose,18,A:CLR:201,L:UNL:1,RDKit,28,0.8710128545877741,1,1.3089938884502097,NA,NA,2,1,hydrogen_bonds=2,hydrogen_bonds=1,0.8333333333333334,1.0,0.9090909090909091,0.8333333333333334,5,5,6,1.0,0.5,0.6666666666666666,0.5,1,2,1
8IVL,vina_pose,19,A:CLR:201,L:UNL:1,RDKit,28,7.134728163306974,1,9.695511951413396,NA,NA,2,0,hydrogen_bonds=2,none=0,0.0,0.0,0.0,0.0,0,5,5,0.0,0.0,0.0,0.0,0,2,0
8IVL,vina_pose,20,A:CLR:201,L:UNL:1,RDKit,28,5.922784869226879,1,9.811655670680663,NA,NA,2,1,hydrogen_bonds=2,hydrogen_bonds=1,0.0,0.0,0.0,0.0,0,5,5,0.0,0.0,0.0,0.0,0,2,1
8QJZ,boltz,1,A:LP5:303,B:LP5:1,RDKit,48,1.0953002327414634,6,1.7996267358090066,240,0.6900429722471262,10,10,attractive_charge=2;hydrogen_bonds=4;ionic=2;salt_bridge=2,attractive_charge=2;hydrogen_bonds=4;ionic=2;salt_bridge=2,1.0,1.0,1.0,1.0,8,8,8,1.0,1.0,1.0,1.0,10,10,10
8QJZ,vina_pose,1,A:LP5:303,L:UNL:1,RDKit,48,1.2443942133959531,6,1.9300635568118831,NA,NA,10,8,attractive_charge=2;hydrogen_bonds=4;ionic=2;salt_bridge=2,attractive_charge=2;hydrogen_bonds=2;ionic=2;salt_bridge=2,1.0,1.0,1.0,1.0,8,8,8,1.0,0.8,0.888888888888889,0.8,8,10,8
8QJZ,vina_pose,2,A:LP5:303,L:UNL:1,RDKit,48,1.2611435204474815,6,0.3808418306856538,NA,NA,10,9,attractive_charge=2;hydrogen_bonds=4;ionic=2;salt_bridge=2,attractive_charge=2;hydrogen_bonds=3;ionic=2;salt_bridge=2,1.0,1.0,1.0,1.0,8,8,8,1.0,0.9,0.9473684210526316,0.9,9,10,9
8QJZ,vina_pose,3,A:LP5:303,L:UNL:1,RDKit,48,3.477148334722962,6,1.5778705586961184,NA,NA,10,9,attractive_charge=2;hydrogen_bonds=4;ionic=2;salt_bridge=2,attractive_charge=2;hydrogen_bonds=3;ionic=2;salt_bridge=2,1.0,1.0,1.0,1.0,8,8,8,1.0,0.9,0.9473684210526316,0.9,9,10,9
8QJZ,vina_pose,4,A:LP5:303,L:UNL:1,RDKit,48,2.6214192522054405,6,1.4952315316810758,NA,NA,10,8,attractive_charge=2;hydrogen_bonds=4;ionic=2;salt_bridge=2,attractive_charge=2;hydrogen_bonds=2;ionic=2;salt_bridge=2,1.0,0.875,0.9333333333333333,0.875,7,8,7,1.0,0.8,0.888888888888889,0.8,8,10,8
8QJZ,vina_pose,5,A:LP5:303,L:UNL:1,RDKit,48,4.229142150996267,6,0.9030158728763665,NA,NA,10,8,attractive_charge=2;hydrogen_bonds=4;ionic=2;salt_bridge=2,attractive_charge=2;hydrogen_bonds=2;ionic=2;salt_bridge=2,1.0,1.0,1.0,1.0,8,8,8,1.0,0.8,0.888888888888889,0.8,8,10,8
8QJZ,vina_pose,6,A:LP5:303,L:UNL:1,RDKit,48,2.3458183584483545,6,1.9308319882026679,NA,NA,10,8,attractive_charge=2;hydrogen_bonds=4;ionic=2;salt_bridge=2,attractive_charge=2;hydrogen_bonds=2;ionic=2;salt_bridge=2,1.0,1.0,1.0,1.0,8,8,8,1.0,0.8,0.888888888888889,0.8,8,10,8
8QJZ,vina_pose,7,A:LP5:303,L:UNL:1,RDKit,48,7.489920258531907,6,6.3746519774285195,NA,NA,10,6,attractive_charge=2;hydrogen_bonds=4;ionic=2;salt_bridge=2,attractive_charge=1;hydrogen_bonds=3;ionic=1;salt_bridge=1,0.36363636363636365,0.5,0.4210526315789474,0.26666666666666666,4,8,11,0.0,0.0,0.0,0.0,0,10,6
8QJZ,vina_pose,8,A:LP5:303,L:UNL:1,RDKit,48,7.337072176624679,6,6.246780824285951,NA,NA,10,9,attractive_charge=2;hydrogen_bonds=4;ionic=2;salt_bridge=2,attractive_charge=2;hydrogen_bonds=3;ionic=2;salt_bridge=2,0.36363636363636365,0.5,0.4210526315789474,0.26666666666666666,4,8,11,0.0,0.0,0.0,0.0,0,10,9
8QJZ,vina_pose,9,A:LP5:303,L:UNL:1,RDKit,48,4.351562190754029,6,2.1361579997743605,NA,NA,10,8,attractive_charge=2;hydrogen_bonds=4;ionic=2;salt_bridge=2,attractive_charge=2;hydrogen_bonds=2;ionic=2;salt_bridge=2,1.0,0.875,0.9333333333333333,0.875,7,8,7,0.875,0.7,0.7777777777777777,0.6363636363636364,7,10,8
8QJZ,vina_pose,10,A:LP5:303,L:UNL:1,RDKit,48,3.3886957360711314,6,1.1723153728128506,NA,NA,10,10,attractive_charge=2;hydrogen_bonds=4;ionic=2;salt_bridge=2,attractive_charge=2;hydrogen_bonds=4;ionic=2;salt_bridge=2,0.875,0.875,0.875,0.7777777777777778,7,8,8,1.0,1.0,1.0,1.0,10,10,10
8QJZ,vina_pose,11,A:LP5:303,L:UNL:1,RDKit,48,8.657404232312746,6,10.18313001979254,NA,NA,10,1,attractive_charge=2;hydrogen_bonds=4;ionic=2;salt_bridge=2,hydrogen_bonds=1,0.2,0.125,0.15384615384615385,0.08333333333333333,1,8,5,0.0,0.0,0.0,0.0,0,10,1
8QJZ,vina_pose,12,A:LP5:303,L:UNL:1,RDKit,48,7.5686979340350655,6,6.322003611725216,NA,NA,10,6,attractive_charge=2;hydrogen_bonds=4;ionic=2;salt_bridge=2,attractive_charge=1;hydrogen_bonds=3;ionic=1;salt_bridge=1,0.4,0.5,0.4444444444444445,0.2857142857142857,4,8,10,0.0,0.0,0.0,0.0,0,10,6
8QJZ,vina_pose,13,A:LP5:303,L:UNL:1,RDKit,48,9.286984290302925,6,10.475206235042183,NA,NA,10,1,attractive_charge=2;hydrogen_bonds=4;ionic=2;salt_bridge=2,hydrogen_bonds=1,0.2,0.125,0.15384615384615385,0.08333333333333333,1,8,5,0.0,0.0,0.0,0.0,0,10,1
8QJZ,vina_pose,14,A:LP5:303,L:UNL:1,RDKit,48,8.125076809893347,6,8.193656347036608,NA,NA,10,6,attractive_charge=2;hydrogen_bonds=4;ionic=2;salt_bridge=2,attractive_charge=1;hydrogen_bonds=3;ionic=1;salt_bridge=1,0.375,0.375,0.375,0.23076923076923078,3,8,8,0.0,0.0,0.0,0.0,0,10,6
8QJZ,vina_pose,15,A:LP5:303,L:UNL:1,RDKit,48,7.8699139237139475,6,8.230780076436659,NA,NA,10,6,attractive_charge=2;hydrogen_bonds=4;ionic=2;salt_bridge=2,attractive_charge=1;hydrogen_bonds=3;ionic=1;salt_bridge=1,0.375,0.375,0.375,0.23076923076923078,3,8,8,0.0,0.0,0.0,0.0,0,10,6
8QJZ,vina_pose,16,A:LP5:303,L:UNL:1,RDKit,48,7.804360200928282,6,8.300749253330489,NA,NA,10,6,attractive_charge=2;hydrogen_bonds=4;ionic=2;salt_bridge=2,attractive_charge=1;hydrogen_bonds=3;ionic=1;salt_bridge=1,0.2857142857142857,0.25,0.26666666666666666,0.15384615384615385,2,8,7,0.0,0.0,0.0,0.0,0,10,6
8QJZ,vina_pose,17,A:LP5:303,L:UNL:1,RDKit,48,7.605099118628677,6,8.280432607458783,NA,NA,10,6,attractive_charge=2;hydrogen_bonds=4;ionic=2;salt_bridge=2,attractive_charge=1;hydrogen_bonds=3;ionic=1;salt_bridge=1,0.2857142857142857,0.25,0.26666666666666666,0.15384615384615385,2,8,7,0.0,0.0,0.0,0.0,0,10,6
8QJZ,vina_pose,18,A:LP5:303,L:UNL:1,RDKit,48,8.11554601007638,6,8.023490678418382,NA,NA,10,5,attractive_charge=2;hydrogen_bonds=4;ionic=2;salt_bridge=2,attractive_charge=1;hydrogen_bonds=2;ionic=1;salt_bridge=1,0.375,0.375,0.375,0.23076923076923078,3,8,8,0.0,0.0,0.0,0.0,0,10,5
8QJZ,vina_pose,19,A:LP5:303,L:UNL:1,RDKit,48,5.7075869426871915,6,4.275399299090867,NA,NA,10,8,attractive_charge=2;hydrogen_bonds=4;ionic=2;salt_bridge=2,attractive_charge=2;hydrogen_bonds=2;ionic=2;salt_bridge=2,0.8,0.5,0.6153846153846154,0.4444444444444444,4,8,5,1.0,0.8,0.888888888888889,0.8,8,10,8
8QJZ,vina_pose,20,A:LP5:303,L:UNL:1,RDKit,48,10.057663280636644,6,9.492708622937922,NA,NA,10,4,attractive_charge=2;hydrogen_bonds=4;ionic=2;salt_bridge=2,attractive_charge=1;hydrogen_bonds=1;ionic=1;salt_bridge=1,0.16666666666666666,0.125,0.14285714285714288,0.07692307692307693,1,8,6,0.0,0.0,0.0,0.0,0,10,4
8T5T,boltz,1,A:STE:310,B:STE:1,RDKit,20,4.375589064667087,3,8.560540700841338,195,3.2506175858128206,2,2,hydrogen_bonds=2,hydrogen_bonds=2,0.0,0.0,0.0,0.0,0,7,9,0.0,0.0,0.0,0.0,0,2,2
8T5T,vina_pose,1,A:STE:310,L:UNL:1,RDKit,20,2.764342697640797,3,2.044531568191927,NA,NA,2,3,hydrogen_bonds=2,hydrogen_bonds=3,0.625,0.7142857142857143,0.6666666666666666,0.5,5,7,8,0.3333333333333333,0.5,0.4,0.25,1,2,3
8T5T,vina_pose,2,A:STE:310,L:UNL:1,RDKit,20,2.0999710831342417,3,2.870861194833356,NA,NA,2,1,hydrogen_bonds=2,hydrogen_bonds=1,0.625,0.7142857142857143,0.6666666666666666,0.5,5,7,8,1.0,0.5,0.6666666666666666,0.5,1,2,1
8T5T,vina_pose,3,A:STE:310,L:UNL:1,RDKit,20,6.098918203255394,3,6.429664402854423,NA,NA,2,0,hydrogen_bonds=2,none=0,0.3333333333333333,0.2857142857142857,0.30769230769230765,0.18181818181818182,2,7,6,0.0,0.0,0.0,0.0,0,2,0
8T5T,vina_pose,4,A:STE:310,L:UNL:1,RDKit,20,2.8229164617466105,3,4.376104622454388,NA,NA,2,0,hydrogen_bonds=2,none=0,0.4,0.2857142857142857,0.3333333333333333,0.2,2,7,5,0.0,0.0,0.0,0.0,0,2,0
8T5T,vina_pose,5,A:STE:310,L:UNL:1,RDKit,20,5.149214571174909,3,1.893734141847795,NA,NA,2,2,hydrogen_bonds=2,hydrogen_bonds=2,0.8333333333333334,0.7142857142857143,0.7692307692307692,0.625,5,7,6,1.0,1.0,1.0,1.0,2,2,2
8T5T,vina_pose,6,A:STE:310,L:UNL:1,RDKit,20,5.975161060590753,3,5.463542471083514,NA,NA,2,0,hydrogen_bonds=2,none=0,0.6,0.42857142857142855,0.5,0.3333333333333333,3,7,5,0.0,0.0,0.0,0.0,0,2,0
8T5T,vina_pose,7,A:STE:310,L:UNL:1,RDKit,20,3.9593052862844518,3,1.7422379286423584,NA,NA,2,2,hydrogen_bonds=2,hydrogen_bonds=2,0.875,1.0,0.9333333333333333,0.875,7,7,8,1.0,1.0,1.0,1.0,2,2,2
8T5T,vina_pose,8,A:STE:310,L:UNL:1,RDKit,20,4.323830500840661,3,1.5913836746680547,NA,NA,2,2,hydrogen_bonds=2,hydrogen_bonds=2,1.0,0.7142857142857143,0.8333333333333333,0.7142857142857143,5,7,5,1.0,1.0,1.0,1.0,2,2,2
8T5T,vina_pose,9,A:STE:310,L:UNL:1,RDKit,20,2.542461838455005,3,1.5217061696223297,NA,NA,2,2,hydrogen_bonds=2,hydrogen_bonds=2,0.875,1.0,0.9333333333333333,0.875,7,7,8,1.0,1.0,1.0,1.0,2,2,2
8T5T,vina_pose,10,A:STE:310,L:UNL:1,RDKit,20,2.876293465555976,3,2.2820054776446113,NA,NA,2,1,hydrogen_bonds=2,hydrogen_bonds=1,0.7142857142857143,0.7142857142857143,0.7142857142857143,0.5555555555555556,5,7,7,1.0,0.5,0.6666666666666666,0.5,1,2,1
8T5T,vina_pose,11,A:STE:310,L:UNL:1,RDKit,20,5.786372209770125,3,7.426812618254664,NA,NA,2,1,hydrogen_bonds=2,hydrogen_bonds=1,0.2,0.14285714285714285,0.16666666666666666,0.09090909090909091,1,7,5,0.0,0.0,0.0,0.0,0,2,1
8T5T,vina_pose,12,A:STE:310,L:UNL:1,RDKit,20,7.804437144983616,3,9.810496504594795,NA,NA,2,0,hydrogen_bonds=2,none=0,0.14285714285714285,0.14285714285714285,0.14285714285714285,0.07692307692307693,1,7,7,0.0,0.0,0.0,0.0,0,2,0
8T5T,vina_pose,13,A:STE:310,L:UNL:1,RDKit,20,6.002687127445507,3,5.7944783486810385,NA,NA,2,0,hydrogen_bonds=2,none=0,0.5,0.2857142857142857,0.36363636363636365,0.2222222222222222,2,7,4,0.0,0.0,0.0,0.0,0,2,0
8T5T,vina_pose,14,A:STE:310,L:UNL:1,RDKit,20,3.9479435786241925,3,6.017292802138405,NA,NA,2,1,hydrogen_bonds=2,hydrogen_bonds=1,0.2,0.14285714285714285,0.16666666666666666,0.09090909090909091,1,7,5,0.0,0.0,0.0,0.0,0,2,1
8T5T,vina_pose,15,A:STE:310,L:UNL:1,RDKit,20,4.179504761332376,3,2.5930835569517128,NA,NA,2,1,hydrogen_bonds=2,hydrogen_bonds=1,0.5555555555555556,0.7142857142857143,0.6250000000000001,0.45454545454545453,5,7,9,1.0,0.5,0.6666666666666666,0.5,1,2,1
8T5T,vina_pose,16,A:STE:310,L:UNL:1,RDKit,20,7.284593042854213,3,8.342904070725812,NA,NA,2,1,hydrogen_bonds=2,hydrogen_bonds=1,0.2,0.14285714285714285,0.16666666666666666,0.09090909090909091,1,7,5,0.0,0.0,0.0,0.0,0,2,1
8T5T,vina_pose,17,A:STE:310,L:UNL:1,RDKit,20,6.509296398229228,3,9.218358476431689,NA,NA,2,0,hydrogen_bonds=2,none=0,0.16666666666666666,0.14285714285714285,0.15384615384615383,0.08333333333333333,1,7,6,0.0,0.0,0.0,0.0,0,2,0
8T5T,vina_pose,18,A:STE:310,L:UNL:1,RDKit,20,3.769816368206813,3,6.0243613492773385,NA,NA,2,0,hydrogen_bonds=2,none=0,0.25,0.14285714285714285,0.18181818181818182,0.1,1,7,4,0.0,0.0,0.0,0.0,0,2,0
8T5T,vina_pose,19,A:STE:310,L:UNL:1,RDKit,20,5.708971781328053,3,5.900546895556943,NA,NA,2,0,hydrogen_bonds=2,none=0,0.2,0.14285714285714285,0.16666666666666666,0.09090909090909091,1,7,5,0.0,0.0,0.0,0.0,0,2,0
8T5T,vina_pose,20,A:STE:310,L:UNL:1,RDKit,20,5.8537714210583935,3,8.967004442212943,NA,NA,2,0,hydrogen_bonds=2,none=0,0.2,0.14285714285714285,0.16666666666666666,0.09090909090909091,1,7,5,0.0,0.0,0.0,0.0,0,2,0
