{
    "confidence_score": 0.9636580348014832,
    "ptm": 0.9769827723503113,
    "iptm": 0.9523807168006897,
    "ligand_iptm": 0.9523807168006897,
    "protein_iptm": 0.0,
    "complex_plddt": 0.9664773344993591,
    "complex_iplddt": 0.9408097267150879,
    "complex_pde": 0.3274833559989929,
    "complex_ipde": 0.47989127039909363,
    "chains_ptm": {
        "0": 0.9806379675865173,
        "1": 0.8627306222915649
    },
    "pair_chains_iptm": {
        "0": {
            "0": 0.9806379675865173,
            "1": 0.6351962685585022
        },
        "1": {
            "0": 0.9523807168006897,
            "1": 0.8627306222915649
        }
    }
}