{
    "confidence_score": 0.9590994715690613,
    "ptm": 0.9587218165397644,
    "iptm": 0.9170284867286682,
    "ligand_iptm": 0.9170284867286682,
    "protein_iptm": 0.0,
    "complex_plddt": 0.9696172475814819,
    "complex_iplddt": 0.9395764470100403,
    "complex_pde": 0.39940452575683594,
    "complex_ipde": 0.8657468557357788,
    "chains_ptm": {
        "0": 0.9640503525733948,
        "1": 0.741229772567749
    },
    "pair_chains_iptm": {
        "0": {
            "0": 0.9640503525733948,
            "1": 0.42323070764541626
        },
        "1": {
            "0": 0.9170284867286682,
            "1": 0.741229772567749
        }
    }
}