{
    "confidence_score": 0.9515116810798645,
    "ptm": 0.9622060060501099,
    "iptm": 0.9377986192703247,
    "ligand_iptm": 0.9377986192703247,
    "protein_iptm": 0.0,
    "complex_plddt": 0.9549399614334106,
    "complex_iplddt": 0.9057283997535706,
    "complex_pde": 0.36800381541252136,
    "complex_ipde": 0.5542833209037781,
    "chains_ptm": {
        "0": 0.9663583636283875,
        "1": 0.8027944564819336
    },
    "pair_chains_iptm": {
        "0": {
            "0": 0.9663583636283875,
            "1": 0.5395774245262146
        },
        "1": {
            "0": 0.9377986192703247,
            "1": 0.8027944564819336
        }
    }
}