{
    "confidence_score": 0.8772174715995789,
    "ptm": 0.9668703079223633,
    "iptm": 0.9526435136795044,
    "ligand_iptm": 0.9526435136795044,
    "protein_iptm": 0.0,
    "complex_plddt": 0.858361005783081,
    "complex_iplddt": 0.8271045684814453,
    "complex_pde": 0.401241272687912,
    "complex_ipde": 0.5631647706031799,
    "chains_ptm": {
        "0": 0.9786291122436523,
        "1": 0.9320991039276123,
        "2": 0.94651859998703,
        "3": 0.9785038828849792
    },
    "pair_chains_iptm": {
        "0": {
            "0": 0.9786291122436523,
            "1": 0.7217115163803101,
            "2": 0.7975205779075623,
            "3": 0.5102832317352295
        },
        "1": {
            "0": 0.9615097641944885,
            "1": 0.9320991039276123,
            "2": 0.8880296945571899,
            "3": 0.47478002309799194
        },
        "2": {
            "0": 0.966519832611084,
            "1": 0.8559486269950867,
            "2": 0.94651859998703,
            "3": 0.530636727809906
        },
        "3": {
            "0": 0.9145559668540955,
            "1": 0.6064271330833435,
            "2": 0.7162665724754333,
            "3": 0.9785038828849792
        }
    }
}