{
    "confidence_score": 0.976353645324707,
    "ptm": 0.9788174629211426,
    "iptm": 0.9836512207984924,
    "ligand_iptm": 0.9836512207984924,
    "protein_iptm": 0.0,
    "complex_plddt": 0.9745292067527771,
    "complex_iplddt": 0.9820300340652466,
    "complex_pde": 0.2724571228027344,
    "complex_ipde": 0.29045042395591736,
    "chains_ptm": {
        "0": 0.9782964587211609,
        "1": 0.931726336479187
    },
    "pair_chains_iptm": {
        "0": {
            "0": 0.9782964587211609,
            "1": 0.7968268394470215
        },
        "1": {
            "0": 0.9836512207984924,
            "1": 0.931726336479187
        }
    }
}