{
    "confidence_score": 0.9524779319763184,
    "ptm": 0.9600258469581604,
    "iptm": 0.9108683466911316,
    "ligand_iptm": 0.9108683466911316,
    "protein_iptm": 0.0,
    "complex_plddt": 0.9628803730010986,
    "complex_iplddt": 0.9265332221984863,
    "complex_pde": 0.3778374195098877,
    "complex_ipde": 0.710316002368927,
    "chains_ptm": {
        "0": 0.967400074005127,
        "1": 0.6666161417961121
    },
    "pair_chains_iptm": {
        "0": {
            "0": 0.967400074005127,
            "1": 0.3199946880340576
        },
        "1": {
            "0": 0.9108683466911316,
            "1": 0.6666161417961121
        }
    }
}