{
    "confidence_score": 0.8499879837036133,
    "ptm": 0.9223235249519348,
    "iptm": 0.6293871402740479,
    "ligand_iptm": 0.6293871402740479,
    "protein_iptm": 0.0,
    "complex_plddt": 0.9051382541656494,
    "complex_iplddt": 0.7641184329986572,
    "complex_pde": 0.7218711972236633,
    "complex_ipde": 2.4219205379486084,
    "chains_ptm": {
        "0": 0.9702232480049133,
        "1": 0.573254406452179
    },
    "pair_chains_iptm": {
        "0": {
            "0": 0.9702232480049133,
            "1": 0.14750321209430695
        },
        "1": {
            "0": 0.6293871402740479,
            "1": 0.573254406452179
        }
    }
}