{
    "confidence_score": 0.8940669894218445,
    "ptm": 0.9419620037078857,
    "iptm": 0.8335177898406982,
    "ligand_iptm": 0.8335177898406982,
    "protein_iptm": 0.0,
    "complex_plddt": 0.9092043042182922,
    "complex_iplddt": 0.8563024401664734,
    "complex_pde": 0.5026062726974487,
    "complex_ipde": 1.219296932220459,
    "chains_ptm": {
        "0": 0.9503615498542786,
        "1": 0.7288493514060974
    },
    "pair_chains_iptm": {
        "0": {
            "0": 0.9503615498542786,
            "1": 0.21192288398742676
        },
        "1": {
            "0": 0.8335177898406982,
            "1": 0.7288493514060974
        }
    }
}