{
    "confidence_score": 0.9255925416946411,
    "ptm": 0.9430373907089233,
    "iptm": 0.873784601688385,
    "ligand_iptm": 0.873784601688385,
    "protein_iptm": 0.0,
    "complex_plddt": 0.9385444521903992,
    "complex_iplddt": 0.8939205408096313,
    "complex_pde": 0.42334479093551636,
    "complex_ipde": 0.7999633550643921,
    "chains_ptm": {
        "0": 0.9535757303237915,
        "1": 0.7701123356819153
    },
    "pair_chains_iptm": {
        "0": {
            "0": 0.9535757303237915,
            "1": 0.40427181124687195
        },
        "1": {
            "0": 0.873784601688385,
            "1": 0.7701123356819153
        }
    }
}