{
    "confidence_score": 0.9350751042366028,
    "ptm": 0.9589871764183044,
    "iptm": 0.9365627765655518,
    "ligand_iptm": 0.9365627765655518,
    "protein_iptm": 0.0,
    "complex_plddt": 0.9347031712532043,
    "complex_iplddt": 0.8856167197227478,
    "complex_pde": 0.3408527374267578,
    "complex_ipde": 0.5555968284606934,
    "chains_ptm": {
        "0": 0.964734673500061,
        "1": 0.8077220320701599
    },
    "pair_chains_iptm": {
        "0": {
            "0": 0.964734673500061,
            "1": 0.4633132219314575
        },
        "1": {
            "0": 0.9365627765655518,
            "1": 0.8077220320701599
        }
    }
}