{
    "confidence_score": 0.941057026386261,
    "ptm": 0.9697539806365967,
    "iptm": 0.9359721541404724,
    "ligand_iptm": 0.9359721541404724,
    "protein_iptm": 0.0,
    "complex_plddt": 0.9423282742500305,
    "complex_iplddt": 0.8760076761245728,
    "complex_pde": 0.3644227087497711,
    "complex_ipde": 0.6388482451438904,
    "chains_ptm": {
        "0": 0.976669192314148,
        "1": 0.9091964364051819
    },
    "pair_chains_iptm": {
        "0": {
            "0": 0.976669192314148,
            "1": 0.5897890329360962
        },
        "1": {
            "0": 0.9359721541404724,
            "1": 0.9091964364051819
        }
    }
}