{
    "confidence_score": 0.9299217462539673,
    "ptm": 0.9622945785522461,
    "iptm": 0.925937294960022,
    "ligand_iptm": 0.925937294960022,
    "protein_iptm": 0.0,
    "complex_plddt": 0.9309178590774536,
    "complex_iplddt": 0.8374102115631104,
    "complex_pde": 0.4044952392578125,
    "complex_ipde": 0.6110715866088867,
    "chains_ptm": {
        "0": 0.9700482487678528,
        "1": 0.798510730266571
    },
    "pair_chains_iptm": {
        "0": {
            "0": 0.9700482487678528,
            "1": 0.4918734133243561
        },
        "1": {
            "0": 0.925937294960022,
            "1": 0.798510730266571
        }
    }
}