{
    "confidence_score": 0.950009822845459,
    "ptm": 0.9616079330444336,
    "iptm": 0.9720286726951599,
    "ligand_iptm": 0.9720286726951599,
    "protein_iptm": 0.0,
    "complex_plddt": 0.9445051550865173,
    "complex_iplddt": 0.9344646334648132,
    "complex_pde": 0.38411733508110046,
    "complex_ipde": 0.5158959627151489,
    "chains_ptm": {
        "0": 0.9609980583190918,
        "1": 0.834628164768219
    },
    "pair_chains_iptm": {
        "0": {
            "0": 0.9609980583190918,
            "1": 0.5810461640357971
        },
        "1": {
            "0": 0.9720286726951599,
            "1": 0.834628164768219
        }
    }
}