{
    "confidence_score": 0.8852835893630981,
    "ptm": 0.9347089529037476,
    "iptm": 0.7997984886169434,
    "ligand_iptm": 0.7997984886169434,
    "protein_iptm": 0.0,
    "complex_plddt": 0.9066548347473145,
    "complex_iplddt": 0.7537904977798462,
    "complex_pde": 0.4843728244304657,
    "complex_ipde": 1.1703613996505737,
    "chains_ptm": {
        "0": 0.9569646716117859,
        "1": 0.638812780380249
    },
    "pair_chains_iptm": {
        "0": {
            "0": 0.9569646716117859,
            "1": 0.2855623662471771
        },
        "1": {
            "0": 0.7997984886169434,
            "1": 0.638812780380249
        }
    }
}