{
    "confidence_score": 0.9599341750144958,
    "ptm": 0.9551365971565247,
    "iptm": 0.9581390023231506,
    "ligand_iptm": 0.9581390023231506,
    "protein_iptm": 0.0,
    "complex_plddt": 0.960382878780365,
    "complex_iplddt": 0.9384380578994751,
    "complex_pde": 0.4612860381603241,
    "complex_ipde": 0.8863458037376404,
    "chains_ptm": {
        "0": 0.9556757211685181,
        "1": 0.7944135665893555
    },
    "pair_chains_iptm": {
        "0": {
            "0": 0.9556757211685181,
            "1": 0.4405879080295563
        },
        "1": {
            "0": 0.9581390023231506,
            "1": 0.7944135665893555
        }
    }
}