{
    "confidence_score": 0.964223325252533,
    "ptm": 0.9683969616889954,
    "iptm": 0.9597396850585938,
    "ligand_iptm": 0.9597396850585938,
    "protein_iptm": 0.0,
    "complex_plddt": 0.965344250202179,
    "complex_iplddt": 0.9387286305427551,
    "complex_pde": 0.33712267875671387,
    "complex_ipde": 0.6957932114601135,
    "chains_ptm": {
        "0": 0.9688342809677124,
        "1": 0.8512784838676453
    },
    "pair_chains_iptm": {
        "0": {
            "0": 0.9688342809677124,
            "1": 0.6309009790420532
        },
        "1": {
            "0": 0.9597396850585938,
            "1": 0.8512784838676453
        }
    }
}