{
    "affinity_pred_value": 1.104163646697998,
    "affinity_probability_binary": 0.6947811841964722,
    "affinity_pred_value1": 1.4075307846069336,
    "affinity_probability_binary1": 0.8478343486785889,
    "affinity_pred_value2": 0.8007964491844177,
    "affinity_probability_binary2": 0.5417279601097107
}