{
    "confidence_score": 0.958220899105072,
    "ptm": 0.9736265540122986,
    "iptm": 0.9551087617874146,
    "ligand_iptm": 0.9551087617874146,
    "protein_iptm": 0.0,
    "complex_plddt": 0.9589988589286804,
    "complex_iplddt": 0.9302248358726501,
    "complex_pde": 0.3323167860507965,
    "complex_ipde": 0.48421958088874817,
    "chains_ptm": {
        "0": 0.9758591055870056,
        "1": 0.8077789545059204
    },
    "pair_chains_iptm": {
        "0": {
            "0": 0.9758591055870056,
            "1": 0.4970572590827942
        },
        "1": {
            "0": 0.9551087617874146,
            "1": 0.8077789545059204
        }
    }
}