{
    "confidence_score": 0.9393451809883118,
    "ptm": 0.966728925704956,
    "iptm": 0.9234561324119568,
    "ligand_iptm": 0.9234561324119568,
    "protein_iptm": 0.0,
    "complex_plddt": 0.9433174133300781,
    "complex_iplddt": 0.868043839931488,
    "complex_pde": 0.34653833508491516,
    "complex_ipde": 0.5787875056266785,
    "chains_ptm": {
        "0": 0.9738264679908752,
        "1": 0.8172236084938049
    },
    "pair_chains_iptm": {
        "0": {
            "0": 0.9738264679908752,
            "1": 0.515676736831665
        },
        "1": {
            "0": 0.9234561324119568,
            "1": 0.8172236084938049
        }
    }
}