{
    "confidence_score": 0.9496216773986816,
    "ptm": 0.9457844495773315,
    "iptm": 0.8237953782081604,
    "ligand_iptm": 0.8237953782081604,
    "protein_iptm": 0.0,
    "complex_plddt": 0.9810782074928284,
    "complex_iplddt": 0.9649295806884766,
    "complex_pde": 0.41296130418777466,
    "complex_ipde": 0.960058331489563,
    "chains_ptm": {
        "0": 0.9627560377120972,
        "1": 0.7524570822715759
    },
    "pair_chains_iptm": {
        "0": {
            "0": 0.9627560377120972,
            "1": 0.3686736226081848
        },
        "1": {
            "0": 0.8237953782081604,
            "1": 0.7524570822715759
        }
    }
}