{
    "confidence_score": 0.9162876009941101,
    "ptm": 0.9602504372596741,
    "iptm": 0.8731555938720703,
    "ligand_iptm": 0.8731555938720703,
    "protein_iptm": 0.0,
    "complex_plddt": 0.9270705580711365,
    "complex_iplddt": 0.8221932053565979,
    "complex_pde": 0.42580634355545044,
    "complex_ipde": 0.9401779770851135,
    "chains_ptm": {
        "0": 0.9746651649475098,
        "1": 0.7743640542030334
    },
    "pair_chains_iptm": {
        "0": {
            "0": 0.9746651649475098,
            "1": 0.4307255744934082
        },
        "1": {
            "0": 0.8731555938720703,
            "1": 0.7743640542030334
        }
    }
}