{
    "confidence_score": 0.966113269329071,
    "ptm": 0.9741261601448059,
    "iptm": 0.9624441862106323,
    "ligand_iptm": 0.9624441862106323,
    "protein_iptm": 0.0,
    "complex_plddt": 0.9670305848121643,
    "complex_iplddt": 0.9580944776535034,
    "complex_pde": 0.3424653708934784,
    "complex_ipde": 0.4689369797706604,
    "chains_ptm": {
        "0": 0.9768795371055603,
        "1": 0.836745023727417
    },
    "pair_chains_iptm": {
        "0": {
            "0": 0.9768795371055603,
            "1": 0.6172240972518921
        },
        "1": {
            "0": 0.9624441862106323,
            "1": 0.836745023727417
        }
    }
}