{
    "affinity_pred_value": 0.15214797854423523,
    "affinity_probability_binary": 0.5755293369293213,
    "affinity_pred_value1": 0.6242431402206421,
    "affinity_probability_binary1": 0.5898723006248474,
    "affinity_pred_value2": -0.31994718313217163,
    "affinity_probability_binary2": 0.5611863732337952
}