{
    "confidence_score": 0.9504836201667786,
    "ptm": 0.9546678066253662,
    "iptm": 0.9025153517723083,
    "ligand_iptm": 0.9025153517723083,
    "protein_iptm": 0.0,
    "complex_plddt": 0.9624757170677185,
    "complex_iplddt": 0.9351740479469299,
    "complex_pde": 0.38904625177383423,
    "complex_ipde": 0.6315940022468567,
    "chains_ptm": {
        "0": 0.9714133143424988,
        "1": 0.7952723503112793
    },
    "pair_chains_iptm": {
        "0": {
            "0": 0.9714133143424988,
            "1": 0.5713158249855042
        },
        "1": {
            "0": 0.9025153517723083,
            "1": 0.7952723503112793
        }
    }
}