{
    "confidence_score": 0.9393701553344727,
    "ptm": 0.9580044746398926,
    "iptm": 0.9741754531860352,
    "ligand_iptm": 0.9741754531860352,
    "protein_iptm": 0.0,
    "complex_plddt": 0.930668830871582,
    "complex_iplddt": 0.9290568828582764,
    "complex_pde": 0.4025885760784149,
    "complex_ipde": 0.6124463677406311,
    "chains_ptm": {
        "0": 0.9577277302742004,
        "1": 0.8684796094894409
    },
    "pair_chains_iptm": {
        "0": {
            "0": 0.9577277302742004,
            "1": 0.5662108659744263
        },
        "1": {
            "0": 0.9741754531860352,
            "1": 0.8684796094894409
        }
    }
}