{
    "confidence_score": 0.9280396699905396,
    "ptm": 0.9556688666343689,
    "iptm": 0.9216693639755249,
    "ligand_iptm": 0.9216693639755249,
    "protein_iptm": 0.0,
    "complex_plddt": 0.9296322464942932,
    "complex_iplddt": 0.8709844946861267,
    "complex_pde": 0.3591095507144928,
    "complex_ipde": 0.6293149590492249,
    "chains_ptm": {
        "0": 0.9632259011268616,
        "1": 0.7877612709999084
    },
    "pair_chains_iptm": {
        "0": {
            "0": 0.9632259011268616,
            "1": 0.41194388270378113
        },
        "1": {
            "0": 0.9216693639755249,
            "1": 0.7877612709999084
        }
    }
}