{
    "confidence_score": 0.9691911935806274,
    "ptm": 0.9753615856170654,
    "iptm": 0.9315351843833923,
    "ligand_iptm": 0.9315351843833923,
    "protein_iptm": 0.0,
    "complex_plddt": 0.9786051511764526,
    "complex_iplddt": 0.9642345309257507,
    "complex_pde": 0.30910900235176086,
    "complex_ipde": 0.6267074346542358,
    "chains_ptm": {
        "0": 0.9800606966018677,
        "1": 0.9406775832176208
    },
    "pair_chains_iptm": {
        "0": {
            "0": 0.9800606966018677,
            "1": 0.46101003885269165
        },
        "1": {
            "0": 0.9315351843833923,
            "1": 0.9406775832176208
        }
    }
}