{
    "confidence_score": 0.9239515662193298,
    "ptm": 0.9561572670936584,
    "iptm": 0.926665723323822,
    "ligand_iptm": 0.926665723323822,
    "protein_iptm": 0.0,
    "complex_plddt": 0.9232730269432068,
    "complex_iplddt": 0.8874756693840027,
    "complex_pde": 0.4117366373538971,
    "complex_ipde": 0.7182779908180237,
    "chains_ptm": {
        "0": 0.960123598575592,
        "1": 0.819998025894165
    },
    "pair_chains_iptm": {
        "0": {
            "0": 0.960123598575592,
            "1": 0.4390491545200348
        },
        "1": {
            "0": 0.926665723323822,
            "1": 0.819998025894165
        }
    }
}