{
    "confidence_score": 0.9417122006416321,
    "ptm": 0.9549826383590698,
    "iptm": 0.9630833864212036,
    "ligand_iptm": 0.9630833864212036,
    "protein_iptm": 0.0,
    "complex_plddt": 0.9363694190979004,
    "complex_iplddt": 0.9373313784599304,
    "complex_pde": 0.4194682538509369,
    "complex_ipde": 0.7041643857955933,
    "chains_ptm": {
        "0": 0.9545857906341553,
        "1": 0.8287175297737122
    },
    "pair_chains_iptm": {
        "0": {
            "0": 0.9545857906341553,
            "1": 0.5672805905342102
        },
        "1": {
            "0": 0.9630833864212036,
            "1": 0.8287175297737122
        }
    }
}