{
    "confidence_score": 0.924207866191864,
    "ptm": 0.9643887877464294,
    "iptm": 0.9261586666107178,
    "ligand_iptm": 0.9261586666107178,
    "protein_iptm": 0.0,
    "complex_plddt": 0.9237201809883118,
    "complex_iplddt": 0.8425558805465698,
    "complex_pde": 0.3510420620441437,
    "complex_ipde": 0.5836399793624878,
    "chains_ptm": {
        "0": 0.9694572687149048,
        "1": 0.820094645023346
    },
    "pair_chains_iptm": {
        "0": {
            "0": 0.9694572687149048,
            "1": 0.56410813331604
        },
        "1": {
            "0": 0.9261586666107178,
            "1": 0.820094645023346
        }
    }
}