{
    "confidence_score": 0.94930499792099,
    "ptm": 0.9654895663261414,
    "iptm": 0.9236853122711182,
    "ligand_iptm": 0.9236853122711182,
    "protein_iptm": 0.0,
    "complex_plddt": 0.9557098746299744,
    "complex_iplddt": 0.8957237601280212,
    "complex_pde": 0.38802915811538696,
    "complex_ipde": 0.6269804835319519,
    "chains_ptm": {
        "0": 0.9721860289573669,
        "1": 0.8086598515510559
    },
    "pair_chains_iptm": {
        "0": {
            "0": 0.9721860289573669,
            "1": 0.5597689747810364
        },
        "1": {
            "0": 0.9236853122711182,
            "1": 0.8086598515510559
        }
    }
}