{
    "confidence_score": 0.952769935131073,
    "ptm": 0.9669018387794495,
    "iptm": 0.9088436961174011,
    "ligand_iptm": 0.9088436961174011,
    "protein_iptm": 0.0,
    "complex_plddt": 0.9637515544891357,
    "complex_iplddt": 0.9143204092979431,
    "complex_pde": 0.38245564699172974,
    "complex_ipde": 0.8218713998794556,
    "chains_ptm": {
        "0": 0.979795515537262,
        "1": 0.8108415603637695
    },
    "pair_chains_iptm": {
        "0": {
            "0": 0.979795515537262,
            "1": 0.41978487372398376
        },
        "1": {
            "0": 0.9088436961174011,
            "1": 0.8108415603637695
        }
    }
}