{
    "confidence_score": 0.9137716293334961,
    "ptm": 0.9636582136154175,
    "iptm": 0.9144183993339539,
    "ligand_iptm": 0.9144183993339539,
    "protein_iptm": 0.0,
    "complex_plddt": 0.9136099815368652,
    "complex_iplddt": 0.8323734402656555,
    "complex_pde": 0.3889487385749817,
    "complex_ipde": 0.7584323883056641,
    "chains_ptm": {
        "0": 0.9690152406692505,
        "1": 0.7785135507583618
    },
    "pair_chains_iptm": {
        "0": {
            "0": 0.9690152406692505,
            "1": 0.46801483631134033
        },
        "1": {
            "0": 0.9144183993339539,
            "1": 0.7785135507583618
        }
    }
}