{
    "confidence_score": 0.9184678196907043,
    "ptm": 0.951715350151062,
    "iptm": 0.8900030851364136,
    "ligand_iptm": 0.8900030851364136,
    "protein_iptm": 0.0,
    "complex_plddt": 0.9255839586257935,
    "complex_iplddt": 0.8370204567909241,
    "complex_pde": 0.4941639006137848,
    "complex_ipde": 0.9126858711242676,
    "chains_ptm": {
        "0": 0.9686688184738159,
        "1": 0.7231525778770447
    },
    "pair_chains_iptm": {
        "0": {
            "0": 0.9686688184738159,
            "1": 0.42328643798828125
        },
        "1": {
            "0": 0.8900030851364136,
            "1": 0.7231525778770447
        }
    }
}