{
    "confidence_score": 0.9632401466369629,
    "ptm": 0.9719681739807129,
    "iptm": 0.9428244233131409,
    "ligand_iptm": 0.9428244233131409,
    "protein_iptm": 0.0,
    "complex_plddt": 0.9683440923690796,
    "complex_iplddt": 0.9288644194602966,
    "complex_pde": 0.332271546125412,
    "complex_ipde": 0.5210625529289246,
    "chains_ptm": {
        "0": 0.9760758280754089,
        "1": 0.8172221183776855
    },
    "pair_chains_iptm": {
        "0": {
            "0": 0.9760758280754089,
            "1": 0.6293063759803772
        },
        "1": {
            "0": 0.9428244233131409,
            "1": 0.8172221183776855
        }
    }
}