{
    "confidence_score": 0.9711236357688904,
    "ptm": 0.9605185389518738,
    "iptm": 0.9338319897651672,
    "ligand_iptm": 0.9338319897651672,
    "protein_iptm": 0.0,
    "complex_plddt": 0.9804465174674988,
    "complex_iplddt": 0.972298800945282,
    "complex_pde": 0.3635251820087433,
    "complex_ipde": 0.5740013718605042,
    "chains_ptm": {
        "0": 0.9672202467918396,
        "1": 0.8193293213844299
    },
    "pair_chains_iptm": {
        "0": {
            "0": 0.9672202467918396,
            "1": 0.5564817786216736
        },
        "1": {
            "0": 0.9338319897651672,
            "1": 0.8193293213844299
        }
    }
}