{
    "confidence_score": 0.935947060585022,
    "ptm": 0.9620776176452637,
    "iptm": 0.9035159349441528,
    "ligand_iptm": 0.9035159349441528,
    "protein_iptm": 0.0,
    "complex_plddt": 0.9440547823905945,
    "complex_iplddt": 0.8720232844352722,
    "complex_pde": 0.39335519075393677,
    "complex_ipde": 0.7406291961669922,
    "chains_ptm": {
        "0": 0.9725159406661987,
        "1": 0.7901859283447266
    },
    "pair_chains_iptm": {
        "0": {
            "0": 0.9725159406661987,
            "1": 0.474025696516037
        },
        "1": {
            "0": 0.9035159349441528,
            "1": 0.7901859283447266
        }
    }
}