{
    "affinity_pred_value": -0.21797791123390198,
    "affinity_probability_binary": 0.7148702144622803,
    "affinity_pred_value1": 0.06452541053295135,
    "affinity_probability_binary1": 0.7505379319190979,
    "affinity_pred_value2": -0.5004812479019165,
    "affinity_probability_binary2": 0.6792025566101074
}