{
    "confidence_score": 0.941241443157196,
    "ptm": 0.9537906050682068,
    "iptm": 0.91481614112854,
    "ligand_iptm": 0.91481614112854,
    "protein_iptm": 0.0,
    "complex_plddt": 0.9478477835655212,
    "complex_iplddt": 0.9318106174468994,
    "complex_pde": 0.41853103041648865,
    "complex_ipde": 0.9223331212997437,
    "chains_ptm": {
        "0": 0.9611608386039734,
        "1": 0.9394350647926331,
        "2": 0.9632797241210938
    },
    "pair_chains_iptm": {
        "0": {
            "0": 0.9611608386039734,
            "1": 0.7870089411735535,
            "2": 0.42994529008865356
        },
        "1": {
            "0": 0.9866055846214294,
            "1": 0.9394350647926331,
            "2": 0.430219441652298
        },
        "2": {
            "0": 0.7913917303085327,
            "1": 0.6036749482154846,
            "2": 0.9632797241210938
        }
    }
}