{
    "confidence_score": 0.9795755743980408,
    "ptm": 0.9839913249015808,
    "iptm": 0.9605012536048889,
    "ligand_iptm": 0.9605012536048889,
    "protein_iptm": 0.0,
    "complex_plddt": 0.9843441247940063,
    "complex_iplddt": 0.9681139588356018,
    "complex_pde": 0.3090881109237671,
    "complex_ipde": 0.5098134875297546,
    "chains_ptm": {
        "0": 0.9872778654098511,
        "1": 0.9356762766838074
    },
    "pair_chains_iptm": {
        "0": {
            "0": 0.9872778654098511,
            "1": 0.728244423866272
        },
        "1": {
            "0": 0.9605012536048889,
            "1": 0.9356762766838074
        }
    }
}