{
    "confidence_score": 0.9468864798545837,
    "ptm": 0.960284411907196,
    "iptm": 0.9277766346931458,
    "ligand_iptm": 0.9277766346931458,
    "protein_iptm": 0.0,
    "complex_plddt": 0.9516639113426208,
    "complex_iplddt": 0.914662778377533,
    "complex_pde": 0.3759128153324127,
    "complex_ipde": 0.6458632946014404,
    "chains_ptm": {
        "0": 0.9647655487060547,
        "1": 0.7773332595825195
    },
    "pair_chains_iptm": {
        "0": {
            "0": 0.9647655487060547,
            "1": 0.5205985307693481
        },
        "1": {
            "0": 0.9277766346931458,
            "1": 0.7773332595825195
        }
    }
}