{
    "confidence_score": 0.9685913324356079,
    "ptm": 0.9713560938835144,
    "iptm": 0.9563903212547302,
    "ligand_iptm": 0.9563903212547302,
    "protein_iptm": 0.0,
    "complex_plddt": 0.9716415405273438,
    "complex_iplddt": 0.9542759656906128,
    "complex_pde": 0.36067116260528564,
    "complex_ipde": 0.5533058047294617,
    "chains_ptm": {
        "0": 0.9761807322502136,
        "1": 0.9357167482376099
    },
    "pair_chains_iptm": {
        "0": {
            "0": 0.9761807322502136,
            "1": 0.8047723770141602
        },
        "1": {
            "0": 0.9563903212547302,
            "1": 0.9357167482376099
        }
    }
}