{
    "confidence_score": 0.9420294761657715,
    "ptm": 0.9611453413963318,
    "iptm": 0.9216465950012207,
    "ligand_iptm": 0.9216465950012207,
    "protein_iptm": 0.0,
    "complex_plddt": 0.9471251964569092,
    "complex_iplddt": 0.9094033241271973,
    "complex_pde": 0.4066181480884552,
    "complex_ipde": 0.8807986378669739,
    "chains_ptm": {
        "0": 0.9666256308555603,
        "1": 0.7974370718002319
    },
    "pair_chains_iptm": {
        "0": {
            "0": 0.9666256308555603,
            "1": 0.3617521822452545
        },
        "1": {
            "0": 0.9216465950012207,
            "1": 0.7974370718002319
        }
    }
}