{
    "confidence_score": 0.9563099145889282,
    "ptm": 0.9655495882034302,
    "iptm": 0.9349697232246399,
    "ligand_iptm": 0.9349697232246399,
    "protein_iptm": 0.0,
    "complex_plddt": 0.9616449475288391,
    "complex_iplddt": 0.9111941456794739,
    "complex_pde": 0.3611249327659607,
    "complex_ipde": 0.5681797862052917,
    "chains_ptm": {
        "0": 0.9700071215629578,
        "1": 0.7837555408477783
    },
    "pair_chains_iptm": {
        "0": {
            "0": 0.9700071215629578,
            "1": 0.5129364132881165
        },
        "1": {
            "0": 0.9349697232246399,
            "1": 0.7837555408477783
        }
    }
}