{
    "confidence_score": 0.9377050399780273,
    "ptm": 0.956791341304779,
    "iptm": 0.9161593317985535,
    "ligand_iptm": 0.9161593317985535,
    "protein_iptm": 0.0,
    "complex_plddt": 0.9430915117263794,
    "complex_iplddt": 0.8715003728866577,
    "complex_pde": 0.3840279281139374,
    "complex_ipde": 0.6786852478981018,
    "chains_ptm": {
        "0": 0.962449848651886,
        "1": 0.7949395179748535
    },
    "pair_chains_iptm": {
        "0": {
            "0": 0.962449848651886,
            "1": 0.45023801922798157
        },
        "1": {
            "0": 0.9161593317985535,
            "1": 0.7949395179748535
        }
    }
}