{
    "confidence_score": 0.9664424061775208,
    "ptm": 0.9649887084960938,
    "iptm": 0.9454901814460754,
    "ligand_iptm": 0.9454901814460754,
    "protein_iptm": 0.0,
    "complex_plddt": 0.9716804027557373,
    "complex_iplddt": 0.9412968158721924,
    "complex_pde": 0.33073318004608154,
    "complex_ipde": 0.5040044784545898,
    "chains_ptm": {
        "0": 0.9694417119026184,
        "1": 0.8200870156288147
    },
    "pair_chains_iptm": {
        "0": {
            "0": 0.9694417119026184,
            "1": 0.5354219079017639
        },
        "1": {
            "0": 0.9454901814460754,
            "1": 0.8200870156288147
        }
    }
}