{
    "confidence_score": 0.9318962097167969,
    "ptm": 0.9471848011016846,
    "iptm": 0.9094573855400085,
    "ligand_iptm": 0.9094573855400085,
    "protein_iptm": 0.0,
    "complex_plddt": 0.9375059008598328,
    "complex_iplddt": 0.9197089672088623,
    "complex_pde": 0.373721182346344,
    "complex_ipde": 0.8043942451477051,
    "chains_ptm": {
        "0": 0.9504324793815613,
        "1": 0.8010303378105164
    },
    "pair_chains_iptm": {
        "0": {
            "0": 0.9504324793815613,
            "1": 0.3808934688568115
        },
        "1": {
            "0": 0.9094573855400085,
            "1": 0.8010303378105164
        }
    }
}