pdbid,method,pose_index,ref_ligand_id,pred_ligand_id,pairing_method,ligand_heavy_atoms,ligand_rmsd,headgroup_atoms,headgroup_rmsd,protein_pairs,protein_rmsd,headgroup_contacts_ref,headgroup_contacts_pred,headgroup_types_ref,headgroup_types_pred,head_env_precision,head_env_recall,head_env_f1,head_env_jaccard,head_env_shared,head_env_ref_size,head_env_pred_size,headgroup_typed_precision,headgroup_typed_recall,headgroup_typed_f1,headgroup_typed_jaccard,headgroup_typed_shared,headgroup_typed_ref_size,headgroup_typed_pred_size
1B56,boltz,1,A:PLM:136,B:PLM:1,RDKit,18,2.1094379371118603,3,1.7625559259698524,133,0.45209804159288164,3,2,hydrogen_bonds=3,hydrogen_bonds=2,0.8333333333333334,1.0,0.9090909090909091,0.8333333333333334,5,5,6,1.0,0.6666666666666666,0.8,0.6666666666666666,2,3,2
1B56,vina_pose,1,A:PLM:136,L:UNL:1,RDKit,18,4.014948318471858,3,3.1891972344149546,NA,NA,3,3,hydrogen_bonds=3,hydrogen_bonds=3,0.2857142857142857,0.4,0.3333333333333333,0.2,2,5,7,0.6666666666666666,0.6666666666666666,0.6666666666666666,0.5,2,3,3
1B56,vina_pose,2,A:PLM:136,L:UNL:1,RDKit,18,2.3904329570649385,3,1.8687198827004563,NA,NA,3,2,hydrogen_bonds=3,hydrogen_bonds=2,0.75,0.6,0.6666666666666665,0.5,3,5,4,1.0,0.6666666666666666,0.8,0.6666666666666666,2,3,2
1B56,vina_pose,3,A:PLM:136,L:UNL:1,RDKit,18,2.2317233251458393,3,0.9571309558606202,NA,NA,3,2,hydrogen_bonds=3,hydrogen_bonds=2,0.8,0.8,0.8000000000000002,0.6666666666666666,4,5,5,1.0,0.6666666666666666,0.8,0.6666666666666666,2,3,2
1B56,vina_pose,4,A:PLM:136,L:UNL:1,RDKit,18,6.314541814996029,3,7.847758575967195,NA,NA,3,3,hydrogen_bonds=3,hydrogen_bonds=3,0.1111111111111111,0.2,0.14285714285714285,0.07692307692307693,1,5,9,0.0,0.0,0.0,0.0,0,3,3
1B56,vina_pose,5,A:PLM:136,L:UNL:1,RDKit,18,4.281905008287782,3,7.767013003722858,NA,NA,3,3,hydrogen_bonds=3,hydrogen_bonds=3,0.1111111111111111,0.2,0.14285714285714285,0.07692307692307693,1,5,9,0.0,0.0,0.0,0.0,0,3,3
1B56,vina_pose,6,A:PLM:136,L:UNL:1,RDKit,18,1.4805458452881497,3,1.9355144019097335,NA,NA,3,2,hydrogen_bonds=3,hydrogen_bonds=2,0.75,0.6,0.6666666666666665,0.5,3,5,4,1.0,0.6666666666666666,0.8,0.6666666666666666,2,3,2
1B56,vina_pose,7,A:PLM:136,L:UNL:1,RDKit,18,4.516513060118638,3,1.736292218109227,NA,NA,3,2,hydrogen_bonds=3,hydrogen_bonds=2,0.75,0.6,0.6666666666666665,0.5,3,5,4,1.0,0.6666666666666666,0.8,0.6666666666666666,2,3,2
1B56,vina_pose,8,A:PLM:136,L:UNL:1,RDKit,18,5.048850353188229,3,7.575375656251862,NA,NA,3,3,hydrogen_bonds=3,hydrogen_bonds=3,0.14285714285714285,0.2,0.16666666666666666,0.09090909090909091,1,5,7,0.0,0.0,0.0,0.0,0,3,3
1B56,vina_pose,9,A:PLM:136,L:UNL:1,RDKit,18,4.4891420796307075,3,7.7900001069747535,NA,NA,3,3,hydrogen_bonds=3,hydrogen_bonds=3,0.1111111111111111,0.2,0.14285714285714285,0.07692307692307693,1,5,9,0.0,0.0,0.0,0.0,0,3,3
1B56,vina_pose,10,A:PLM:136,L:UNL:1,RDKit,18,5.741386151831669,3,8.29096076057132,NA,NA,3,1,hydrogen_bonds=3,hydrogen_bonds=1,0.0,0.0,0.0,0.0,0,5,8,0.0,0.0,0.0,0.0,0,3,1
1B56,vina_pose,11,A:PLM:136,L:UNL:1,RDKit,18,5.184701582540697,3,7.822890770041471,NA,NA,3,3,hydrogen_bonds=3,hydrogen_bonds=3,0.1111111111111111,0.2,0.14285714285714285,0.07692307692307693,1,5,9,0.0,0.0,0.0,0.0,0,3,3
1B56,vina_pose,12,A:PLM:136,L:UNL:1,RDKit,18,5.679695492620084,3,7.533952703152133,NA,NA,3,1,hydrogen_bonds=3,hydrogen_bonds=1,0.14285714285714285,0.2,0.16666666666666666,0.09090909090909091,1,5,7,0.0,0.0,0.0,0.0,0,3,1
1B56,vina_pose,13,A:PLM:136,L:UNL:1,RDKit,18,3.9844865694618963,3,3.2882730016428594,NA,NA,3,3,hydrogen_bonds=3,hydrogen_bonds=3,0.2857142857142857,0.4,0.3333333333333333,0.2,2,5,7,0.6666666666666666,0.6666666666666666,0.6666666666666666,0.5,2,3,3
1B56,vina_pose,14,A:PLM:136,L:UNL:1,RDKit,18,5.392727602985339,3,7.671540718786547,NA,NA,3,3,hydrogen_bonds=3,hydrogen_bonds=3,0.125,0.2,0.15384615384615385,0.08333333333333333,1,5,8,0.0,0.0,0.0,0.0,0,3,3
1B56,vina_pose,15,A:PLM:136,L:UNL:1,RDKit,18,6.122689518867052,3,7.695774706508327,NA,NA,3,3,hydrogen_bonds=3,hydrogen_bonds=3,0.14285714285714285,0.2,0.16666666666666666,0.09090909090909091,1,5,7,0.0,0.0,0.0,0.0,0,3,3
1B56,vina_pose,16,A:PLM:136,L:UNL:1,RDKit,18,5.8780369030258175,3,5.956966481915664,NA,NA,3,2,hydrogen_bonds=3,hydrogen_bonds=2,0.16666666666666666,0.2,0.1818181818181818,0.1,1,5,6,0.5,0.3333333333333333,0.4,0.25,1,3,2
1B56,vina_pose,17,A:PLM:136,L:UNL:1,RDKit,18,4.65171955660843,3,1.7957454348171566,NA,NA,3,2,hydrogen_bonds=3,hydrogen_bonds=2,0.6,0.6,0.6,0.42857142857142855,3,5,5,1.0,0.6666666666666666,0.8,0.6666666666666666,2,3,2
1B56,vina_pose,18,A:PLM:136,L:UNL:1,RDKit,18,5.477767453787881,3,7.514050305926888,NA,NA,3,2,hydrogen_bonds=3,hydrogen_bonds=2,0.0,0.0,0.0,0.0,0,5,6,0.0,0.0,0.0,0.0,0,3,2
1B56,vina_pose,19,A:PLM:136,L:UNL:1,RDKit,18,3.672478984131684,3,0.893741013940838,NA,NA,3,2,hydrogen_bonds=3,hydrogen_bonds=2,1.0,0.8,0.888888888888889,0.8,4,5,4,1.0,0.6666666666666666,0.8,0.6666666666666666,2,3,2
1B56,vina_pose,20,A:PLM:136,L:UNL:1,RDKit,18,6.392052365589979,3,7.926607176676117,NA,NA,3,1,hydrogen_bonds=3,hydrogen_bonds=1,0.0,0.0,0.0,0.0,0,5,7,0.0,0.0,0.0,0.0,0,3,1
1DSY,boltz,1,A:PSF:401,B:PSF:1,RDKit_partial_pred,25,12.786540322399166,7,12.981365629905198,137,0.4062292839289706,5,4,attractive_charge=1;hydrogen_bonds=2;ionic=1;salt_bridge=1,attractive_charge=1;hydrogen_bonds=1;ionic=1;salt_bridge=1,0.2,0.1,0.13333333333333333,0.07142857142857142,1,10,5,0.0,0.0,0.0,0.0,0,5,4
1DSY,vina_pose,1,A:PSF:401,L:UNK:1,RDKit,25,6.006945609875289,7,3.1879999551891034,NA,NA,5,4,attractive_charge=1;hydrogen_bonds=2;ionic=1;salt_bridge=1,attractive_charge=1;hydrogen_bonds=1;ionic=1;salt_bridge=1,0.8,0.8,0.8000000000000002,0.6666666666666666,8,10,10,0.75,0.6,0.6666666666666665,0.5,3,5,4
1DSY,vina_pose,2,A:PSF:401,L:UNK:1,RDKit,25,5.551471941746621,7,4.820700126982151,NA,NA,5,0,attractive_charge=1;hydrogen_bonds=2;ionic=1;salt_bridge=1,none=0,0.75,0.3,0.4285714285714285,0.2727272727272727,3,10,4,0.0,0.0,0.0,0.0,0,5,0
1DSY,vina_pose,3,A:PSF:401,L:UNK:1,RDKit,25,6.907426623569736,7,5.956315579761896,NA,NA,5,7,attractive_charge=1;hydrogen_bonds=2;ionic=1;salt_bridge=1,attractive_charge=1;hydrogen_bonds=4;ionic=1;salt_bridge=1,0.5714285714285714,0.4,0.47058823529411764,0.3076923076923077,4,10,7,0.14285714285714285,0.2,0.16666666666666666,0.09090909090909091,1,5,7
1DSY,vina_pose,4,A:PSF:401,L:UNK:1,RDKit,25,7.4477846934507985,7,6.971216536588145,NA,NA,5,4,attractive_charge=1;hydrogen_bonds=2;ionic=1;salt_bridge=1,attractive_charge=1;hydrogen_bonds=1;ionic=1;salt_bridge=1,1.0,0.3,0.4615384615384615,0.3,3,10,3,0.0,0.0,0.0,0.0,0,5,4
1DSY,vina_pose,5,A:PSF:401,L:UNK:1,RDKit,25,5.715098599324426,7,4.952938766890969,NA,NA,5,2,attractive_charge=1;hydrogen_bonds=2;ionic=1;salt_bridge=1,hydrogen_bonds=2,1.0,0.3,0.4615384615384615,0.3,3,10,3,0.0,0.0,0.0,0.0,0,5,2
1DSY,vina_pose,6,A:PSF:401,L:UNK:1,RDKit,25,6.339995779178406,7,7.686456112632699,NA,NA,5,0,attractive_charge=1;hydrogen_bonds=2;ionic=1;salt_bridge=1,none=0,1.0,0.1,0.18181818181818182,0.1,1,10,1,0.0,0.0,0.0,0.0,0,5,0
1DSY,vina_pose,7,A:PSF:401,L:UNK:1,RDKit,25,5.468078145015852,7,4.830999881716294,NA,NA,5,4,attractive_charge=1;hydrogen_bonds=2;ionic=1;salt_bridge=1,hydrogen_bonds=4,0.5555555555555556,0.5,0.5263157894736842,0.35714285714285715,5,10,9,0.0,0.0,0.0,0.0,0,5,4
1DSY,vina_pose,8,A:PSF:401,L:UNK:1,RDKit,25,6.8898157420935435,7,6.250963320046873,NA,NA,5,4,attractive_charge=1;hydrogen_bonds=2;ionic=1;salt_bridge=1,attractive_charge=1;hydrogen_bonds=1;ionic=1;salt_bridge=1,1.0,0.3,0.4615384615384615,0.3,3,10,3,0.75,0.6,0.6666666666666665,0.5,3,5,4
1DSY,vina_pose,9,A:PSF:401,L:UNK:1,RDKit,25,6.1933924920030705,7,4.1409365917800365,NA,NA,5,3,attractive_charge=1;hydrogen_bonds=2;ionic=1;salt_bridge=1,attractive_charge=1;ionic=1;salt_bridge=1,1.0,0.5,0.6666666666666666,0.5,5,10,5,0.0,0.0,0.0,0.0,0,5,3
1DSY,vina_pose,10,A:PSF:401,L:UNK:1,RDKit,25,3.902038333999296,7,4.556156039595534,NA,NA,5,8,attractive_charge=1;hydrogen_bonds=2;ionic=1;salt_bridge=1,attractive_charge=2;hydrogen_bonds=2;ionic=2;salt_bridge=2,1.0,0.3,0.4615384615384615,0.3,3,10,3,0.375,0.6,0.4615384615384615,0.3,3,5,8
1DSY,vina_pose,11,A:PSF:401,L:UNK:1,RDKit,25,6.823828051760976,7,5.541658738268584,NA,NA,5,5,attractive_charge=1;hydrogen_bonds=2;ionic=1;salt_bridge=1,hydrogen_bonds=5,0.6666666666666666,0.8,0.7272727272727272,0.5714285714285714,8,10,12,0.4,0.4,0.4000000000000001,0.25,2,5,5
1DSY,vina_pose,12,A:PSF:401,L:UNK:1,RDKit,25,6.565539862037242,7,5.748919227621335,NA,NA,5,5,attractive_charge=1;hydrogen_bonds=2;ionic=1;salt_bridge=1,attractive_charge=1;hydrogen_bonds=2;ionic=1;salt_bridge=1,0.5,0.3,0.37499999999999994,0.23076923076923078,3,10,6,0.0,0.0,0.0,0.0,0,5,5
1DSY,vina_pose,13,A:PSF:401,L:UNK:1,RDKit,25,7.749089156797719,7,9.705075152428533,NA,NA,5,0,attractive_charge=1;hydrogen_bonds=2;ionic=1;salt_bridge=1,none=0,1.0,0.1,0.18181818181818182,0.1,1,10,1,0.0,0.0,0.0,0.0,0,5,0
1DSY,vina_pose,14,A:PSF:401,L:UNK:1,RDKit,25,5.641988302008433,7,4.437582739671292,NA,NA,5,0,attractive_charge=1;hydrogen_bonds=2;ionic=1;salt_bridge=1,none=0,0.8,0.4,0.5333333333333333,0.36363636363636365,4,10,5,0.0,0.0,0.0,0.0,0,5,0
1DSY,vina_pose,15,A:PSF:401,L:UNK:1,RDKit,25,5.389022330627328,7,3.2367490965914727,NA,NA,5,2,attractive_charge=1;hydrogen_bonds=2;ionic=1;salt_bridge=1,hydrogen_bonds=2,0.8181818181818182,0.9,0.8571428571428572,0.75,9,10,11,1.0,0.4,0.5714285714285715,0.4,2,5,2
1DSY,vina_pose,16,A:PSF:401,L:UNK:1,RDKit,25,6.228624843414475,7,4.960666962645821,NA,NA,5,0,attractive_charge=1;hydrogen_bonds=2;ionic=1;salt_bridge=1,none=0,0.75,0.3,0.4285714285714285,0.2727272727272727,3,10,4,0.0,0.0,0.0,0.0,0,5,0
1DSY,vina_pose,17,A:PSF:401,L:UNK:1,RDKit,25,5.441992822486998,7,4.295591145082861,NA,NA,5,6,attractive_charge=1;hydrogen_bonds=2;ionic=1;salt_bridge=1,attractive_charge=1;hydrogen_bonds=3;ionic=1;salt_bridge=1,0.5714285714285714,0.4,0.47058823529411764,0.3076923076923077,4,10,7,0.5,0.6,0.5454545454545454,0.375,3,5,6
1DSY,vina_pose,18,A:PSF:401,L:UNK:1,RDKit,25,4.328285009100025,7,3.036811085897273,NA,NA,5,5,attractive_charge=1;hydrogen_bonds=2;ionic=1;salt_bridge=1,attractive_charge=1;hydrogen_bonds=2;ionic=1;salt_bridge=1,0.625,0.5,0.5555555555555556,0.38461538461538464,5,10,8,0.6,0.6,0.6,0.42857142857142855,3,5,5
1DSY,vina_pose,19,A:PSF:401,L:UNK:1,RDKit,25,6.535951190148225,7,3.4134860898668222,NA,NA,5,1,attractive_charge=1;hydrogen_bonds=2;ionic=1;salt_bridge=1,hydrogen_bonds=1,0.8,0.8,0.8000000000000002,0.6666666666666666,8,10,10,1.0,0.2,0.33333333333333337,0.2,1,5,1
1DSY,vina_pose,20,A:PSF:401,L:UNK:1,RDKit,25,5.279386691652734,7,3.2096629551581097,NA,NA,5,7,attractive_charge=1;hydrogen_bonds=2;ionic=1;salt_bridge=1,attractive_charge=1;hydrogen_bonds=4;ionic=1;salt_bridge=1,0.7272727272727273,0.8,0.761904761904762,0.6153846153846154,8,10,11,0.5714285714285714,0.8,0.6666666666666666,0.5,4,5,7
1FE3,boltz,1,A:OLA:133,B:OLA:1,RDKit,20,1.238485574910022,3,2.0298832607636896,131,0.5400196709207858,2,2,hydrogen_bonds=2,hydrogen_bonds=2,1.0,1.0,1.0,1.0,7,7,7,1.0,1.0,1.0,1.0,2,2,2
1FE3,vina_pose,1,A:OLA:133,L:UNL:1,RDKit,20,5.356866924798488,3,5.857046041592412,NA,NA,2,2,hydrogen_bonds=2,hydrogen_bonds=2,0.2857142857142857,0.2857142857142857,0.2857142857142857,0.16666666666666666,2,7,7,0.0,0.0,0.0,0.0,0,2,2
1FE3,vina_pose,2,A:OLA:133,L:UNL:1,RDKit,20,3.745766376858012,3,4.026966476145534,NA,NA,2,2,hydrogen_bonds=2,hydrogen_bonds=2,0.6,0.42857142857142855,0.5,0.3333333333333333,3,7,5,0.0,0.0,0.0,0.0,0,2,2
1FE3,vina_pose,3,A:OLA:133,L:UNL:1,RDKit,20,5.256111480933409,3,4.839970695503571,NA,NA,2,1,hydrogen_bonds=2,hydrogen_bonds=1,0.4,0.2857142857142857,0.3333333333333333,0.2,2,7,5,1.0,0.5,0.6666666666666666,0.5,1,2,1
1FE3,vina_pose,4,A:OLA:133,L:UNL:1,RDKit,20,2.613198212918415,3,3.4562340294989644,NA,NA,2,1,hydrogen_bonds=2,hydrogen_bonds=1,0.8,0.5714285714285714,0.6666666666666666,0.5,4,7,5,0.0,0.0,0.0,0.0,0,2,1
1FE3,vina_pose,5,A:OLA:133,L:UNL:1,RDKit,20,4.899986408144415,3,3.69841389427053,NA,NA,2,1,hydrogen_bonds=2,hydrogen_bonds=1,0.5,0.42857142857142855,0.4615384615384615,0.3,3,7,6,1.0,0.5,0.6666666666666666,0.5,1,2,1
1FE3,vina_pose,6,A:OLA:133,L:UNL:1,RDKit,20,3.743681590359949,3,7.1633361175735235,NA,NA,2,2,hydrogen_bonds=2,hydrogen_bonds=2,0.0,0.0,0.0,0.0,0,7,7,0.0,0.0,0.0,0.0,0,2,2
1FE3,vina_pose,7,A:OLA:133,L:UNL:1,RDKit,20,5.17885909733022,3,6.080627325092915,NA,NA,2,2,hydrogen_bonds=2,hydrogen_bonds=2,0.25,0.2857142857142857,0.26666666666666666,0.15384615384615385,2,7,8,0.0,0.0,0.0,0.0,0,2,2
1FE3,vina_pose,8,A:OLA:133,L:UNL:1,RDKit,20,4.571974896037818,3,3.8827662389933617,NA,NA,2,2,hydrogen_bonds=2,hydrogen_bonds=2,0.6666666666666666,0.5714285714285714,0.6153846153846153,0.4444444444444444,4,7,6,0.0,0.0,0.0,0.0,0,2,2
1FE3,vina_pose,9,A:OLA:133,L:UNL:1,RDKit,20,5.2176715256903625,3,4.601037165683406,NA,NA,2,0,hydrogen_bonds=2,none=0,0.5,0.42857142857142855,0.4615384615384615,0.3,3,7,6,0.0,0.0,0.0,0.0,0,2,0
1FE3,vina_pose,10,A:OLA:133,L:UNL:1,RDKit,20,5.243486306838229,3,3.9004092947621127,NA,NA,2,2,hydrogen_bonds=2,hydrogen_bonds=2,0.8,0.5714285714285714,0.6666666666666666,0.5,4,7,5,0.0,0.0,0.0,0.0,0,2,2
1FE3,vina_pose,11,A:OLA:133,L:UNL:1,RDKit,20,3.833954648923222,3,7.355998957766821,NA,NA,2,2,hydrogen_bonds=2,hydrogen_bonds=2,0.0,0.0,0.0,0.0,0,7,7,0.0,0.0,0.0,0.0,0,2,2
1FE3,vina_pose,12,A:OLA:133,L:UNL:1,RDKit,20,4.855981600047511,3,5.118703709599398,NA,NA,2,1,hydrogen_bonds=2,hydrogen_bonds=1,0.3333333333333333,0.2857142857142857,0.30769230769230765,0.18181818181818182,2,7,6,0.0,0.0,0.0,0.0,0,2,1
1FE3,vina_pose,13,A:OLA:133,L:UNL:1,RDKit,20,5.716683343513089,3,6.794380030584095,NA,NA,2,0,hydrogen_bonds=2,none=0,0.0,0.0,0.0,0.0,0,7,6,0.0,0.0,0.0,0.0,0,2,0
1FE3,vina_pose,14,A:OLA:133,L:UNL:1,RDKit,20,3.0665801554826526,3,4.102139035511434,NA,NA,2,2,hydrogen_bonds=2,hydrogen_bonds=2,0.5,0.42857142857142855,0.4615384615384615,0.3,3,7,6,0.0,0.0,0.0,0.0,0,2,2
1FE3,vina_pose,15,A:OLA:133,L:UNL:1,RDKit,20,5.431918477849239,3,5.942807585645021,NA,NA,2,1,hydrogen_bonds=2,hydrogen_bonds=1,0.0,0.0,0.0,0.0,0,7,5,0.0,0.0,0.0,0.0,0,2,1
1FE3,vina_pose,16,A:OLA:133,L:UNL:1,RDKit,20,6.156281300428043,3,5.689828409832173,NA,NA,2,2,hydrogen_bonds=2,hydrogen_bonds=2,0.16666666666666666,0.14285714285714285,0.15384615384615383,0.08333333333333333,1,7,6,0.0,0.0,0.0,0.0,0,2,2
1FE3,vina_pose,17,A:OLA:133,L:UNL:1,RDKit,20,4.334379615354425,3,8.514911704376813,NA,NA,2,2,hydrogen_bonds=2,hydrogen_bonds=2,0.0,0.0,0.0,0.0,0,7,9,0.0,0.0,0.0,0.0,0,2,2
1FE3,vina_pose,18,A:OLA:133,L:UNL:1,RDKit,20,4.982704060046111,3,7.189273862266391,NA,NA,2,1,hydrogen_bonds=2,hydrogen_bonds=1,0.0,0.0,0.0,0.0,0,7,9,0.0,0.0,0.0,0.0,0,2,1
1FE3,vina_pose,19,A:OLA:133,L:UNL:1,RDKit,20,4.765494974291756,3,7.581579320959455,NA,NA,2,1,hydrogen_bonds=2,hydrogen_bonds=1,0.0,0.0,0.0,0.0,0,7,5,0.0,0.0,0.0,0.0,0,2,1
1FE3,vina_pose,20,A:OLA:133,L:UNL:1,RDKit,20,2.4908698380284733,3,3.2275790204630646,NA,NA,2,1,hydrogen_bonds=2,hydrogen_bonds=1,0.5714285714285714,0.5714285714285714,0.5714285714285714,0.4,4,7,7,1.0,0.5,0.6666666666666666,0.5,1,2,1
1FK1,boltz,1,A:DAO:201,B:DAO:1,RDKit,14,1.4651152343867884,3,1.5666897469569365,93,0.22551653061846882,1,1,hydrogen_bonds=1,hydrogen_bonds=1,0.875,1.0,0.9333333333333333,0.875,7,7,8,0.0,0.0,0.0,0.0,0,1,1
1FK1,vina_pose,1,A:DAO:201,L:UNL:1,RDKit,14,3.4860754130847886,3,2.868465501506569,NA,NA,1,2,hydrogen_bonds=1,hydrogen_bonds=2,0.6666666666666666,0.5714285714285714,0.6153846153846153,0.4444444444444444,4,7,6,0.0,0.0,0.0,0.0,0,1,2
1FK1,vina_pose,2,A:DAO:201,L:UNL:1,RDKit,14,3.527735969631029,3,2.411610319544461,NA,NA,1,1,hydrogen_bonds=1,hydrogen_bonds=1,0.625,0.7142857142857143,0.6666666666666666,0.5,5,7,8,0.0,0.0,0.0,0.0,0,1,1
1FK1,vina_pose,3,A:DAO:201,L:UNL:1,RDKit,14,3.509712238916461,3,1.6178245681572956,NA,NA,1,1,hydrogen_bonds=1,hydrogen_bonds=1,0.8333333333333334,0.7142857142857143,0.7692307692307692,0.625,5,7,6,1.0,1.0,1.0,1.0,1,1,1
1FK1,vina_pose,4,A:DAO:201,L:UNL:1,RDKit,14,2.3015166583302036,3,2.787951458209654,NA,NA,1,2,hydrogen_bonds=1,hydrogen_bonds=2,0.7142857142857143,0.7142857142857143,0.7142857142857143,0.5555555555555556,5,7,7,0.0,0.0,0.0,0.0,0,1,2
1FK1,vina_pose,5,A:DAO:201,L:UNL:1,RDKit,14,2.8784066400900143,3,2.426523438996624,NA,NA,1,2,hydrogen_bonds=1,hydrogen_bonds=2,0.5714285714285714,0.5714285714285714,0.5714285714285714,0.4,4,7,7,0.0,0.0,0.0,0.0,0,1,2
1FK1,vina_pose,6,A:DAO:201,L:UNL:1,RDKit,14,8.005517280511699,3,12.680031716574423,NA,NA,1,0,hydrogen_bonds=1,none=0,0.0,0.0,0.0,0.0,0,7,8,0.0,0.0,0.0,0.0,0,1,0
1FK1,vina_pose,7,A:DAO:201,L:UNL:1,RDKit,14,1.6075962535057469,3,2.098314958881687,NA,NA,1,2,hydrogen_bonds=1,hydrogen_bonds=2,0.8333333333333334,0.7142857142857143,0.7692307692307692,0.625,5,7,6,0.5,1.0,0.6666666666666666,0.5,1,1,2
1FK1,vina_pose,8,A:DAO:201,L:UNL:1,RDKit,14,2.8218071717049886,3,3.9570318000575453,NA,NA,1,1,hydrogen_bonds=1,hydrogen_bonds=1,0.6,0.42857142857142855,0.5,0.3333333333333333,3,7,5,1.0,1.0,1.0,1.0,1,1,1
1FK1,vina_pose,9,A:DAO:201,L:UNL:1,RDKit,14,2.622774825583447,3,3.1495370030106513,NA,NA,1,2,hydrogen_bonds=1,hydrogen_bonds=2,0.6,0.42857142857142855,0.5,0.3333333333333333,3,7,5,0.5,1.0,0.6666666666666666,0.5,1,1,2
1FK1,vina_pose,10,A:DAO:201,L:UNL:1,RDKit,14,2.4965714347022856,3,2.8192393182086075,NA,NA,1,1,hydrogen_bonds=1,hydrogen_bonds=1,0.5714285714285714,0.5714285714285714,0.5714285714285714,0.4,4,7,7,0.0,0.0,0.0,0.0,0,1,1
1FK1,vina_pose,11,A:DAO:201,L:UNL:1,RDKit,14,2.0809484616395473,3,2.8625561420986436,NA,NA,1,2,hydrogen_bonds=1,hydrogen_bonds=2,0.6666666666666666,0.5714285714285714,0.6153846153846153,0.4444444444444444,4,7,6,0.0,0.0,0.0,0.0,0,1,2
1FK1,vina_pose,12,A:DAO:201,L:UNL:1,RDKit,14,1.9087316282210616,3,2.094146524641161,NA,NA,1,2,hydrogen_bonds=1,hydrogen_bonds=2,0.8333333333333334,0.7142857142857143,0.7692307692307692,0.625,5,7,6,0.5,1.0,0.6666666666666666,0.5,1,1,2
1FK1,vina_pose,13,A:DAO:201,L:UNL:1,RDKit,14,8.560369976984472,3,13.414670315243182,NA,NA,1,0,hydrogen_bonds=1,none=0,0.0,0.0,0.0,0.0,0,7,7,0.0,0.0,0.0,0.0,0,1,0
1FK1,vina_pose,14,A:DAO:201,L:UNL:1,RDKit,14,4.023456128042868,3,4.4983719647593965,NA,NA,1,2,hydrogen_bonds=1,hydrogen_bonds=2,0.5,0.42857142857142855,0.4615384615384615,0.3,3,7,6,0.5,1.0,0.6666666666666666,0.5,1,1,2
1FK1,vina_pose,15,A:DAO:201,L:UNL:1,RDKit,14,4.732985587494279,3,5.656352387655255,NA,NA,1,0,hydrogen_bonds=1,none=0,0.16666666666666666,0.14285714285714285,0.15384615384615383,0.08333333333333333,1,7,6,0.0,0.0,0.0,0.0,0,1,0
1FK1,vina_pose,16,A:DAO:201,L:UNL:1,RDKit,14,3.521813585153454,3,4.415757503909529,NA,NA,1,2,hydrogen_bonds=1,hydrogen_bonds=2,0.6,0.42857142857142855,0.5,0.3333333333333333,3,7,5,0.5,1.0,0.6666666666666666,0.5,1,1,2
1FK1,vina_pose,17,A:DAO:201,L:UNL:1,RDKit,14,8.21795488114722,3,12.125443593260135,NA,NA,1,2,hydrogen_bonds=1,hydrogen_bonds=2,0.0,0.0,0.0,0.0,0,7,8,0.0,0.0,0.0,0.0,0,1,2
1FK1,vina_pose,18,A:DAO:201,L:UNL:1,RDKit,14,8.316622236735983,3,12.254068548853477,NA,NA,1,1,hydrogen_bonds=1,hydrogen_bonds=1,0.0,0.0,0.0,0.0,0,7,7,0.0,0.0,0.0,0.0,0,1,1
1FK1,vina_pose,19,A:DAO:201,L:UNL:1,RDKit,14,7.569936138624759,3,7.376451947469955,NA,NA,1,0,hydrogen_bonds=1,none=0,0.2,0.14285714285714285,0.16666666666666666,0.09090909090909091,1,7,5,0.0,0.0,0.0,0.0,0,1,0
1FK1,vina_pose,20,A:DAO:201,L:UNL:1,RDKit,14,8.010963469788495,3,11.986907079531955,NA,NA,1,1,hydrogen_bonds=1,hydrogen_bonds=1,0.0,0.0,0.0,0.0,0,7,9,0.0,0.0,0.0,0.0,0,1,1
1FK4,boltz,1,A:STE:201,B:STE:1,RDKit,20,1.0070854175218789,3,0.8046343420074128,93,0.20996879546749259,2,2,hydrogen_bonds=2,hydrogen_bonds=2,0.875,1.0,0.9333333333333333,0.875,7,7,8,1.0,1.0,1.0,1.0,2,2,2
1FK4,vina_pose,1,A:STE:201,L:UNL:1,RDKit,20,2.0541329436041864,3,1.5056015409131316,NA,NA,2,1,hydrogen_bonds=2,hydrogen_bonds=1,0.8571428571428571,0.8571428571428571,0.8571428571428571,0.75,6,7,7,1.0,0.5,0.6666666666666666,0.5,1,2,1
1FK4,vina_pose,2,A:STE:201,L:UNL:1,RDKit,20,2.301363465426527,3,3.15339880129361,NA,NA,2,1,hydrogen_bonds=2,hydrogen_bonds=1,0.5,0.5714285714285714,0.5333333333333333,0.36363636363636365,4,7,8,0.0,0.0,0.0,0.0,0,2,1
1FK4,vina_pose,3,A:STE:201,L:UNL:1,RDKit,20,2.060162396511498,3,1.9639626608806289,NA,NA,2,3,hydrogen_bonds=2,hydrogen_bonds=3,0.8333333333333334,0.7142857142857143,0.7692307692307692,0.625,5,7,6,0.6666666666666666,1.0,0.8,0.6666666666666666,2,2,3
1FK4,vina_pose,4,A:STE:201,L:UNL:1,RDKit,20,3.3003363161956676,3,4.382816712267728,NA,NA,2,2,hydrogen_bonds=2,hydrogen_bonds=2,0.3333333333333333,0.2857142857142857,0.30769230769230765,0.18181818181818182,2,7,6,0.0,0.0,0.0,0.0,0,2,2
1FK4,vina_pose,5,A:STE:201,L:UNL:1,RDKit,20,1.8100302207421834,3,2.1841326272306176,NA,NA,2,2,hydrogen_bonds=2,hydrogen_bonds=2,0.7142857142857143,0.7142857142857143,0.7142857142857143,0.5555555555555556,5,7,7,1.0,1.0,1.0,1.0,2,2,2
1FK4,vina_pose,6,A:STE:201,L:UNL:1,RDKit,20,2.0432361219398985,3,2.368519861291715,NA,NA,2,2,hydrogen_bonds=2,hydrogen_bonds=2,0.7142857142857143,0.7142857142857143,0.7142857142857143,0.5555555555555556,5,7,7,1.0,1.0,1.0,1.0,2,2,2
1FK4,vina_pose,7,A:STE:201,L:UNL:1,RDKit,20,3.8815801099552214,3,4.921739225111381,NA,NA,2,1,hydrogen_bonds=2,hydrogen_bonds=1,0.2857142857142857,0.2857142857142857,0.2857142857142857,0.16666666666666666,2,7,7,0.0,0.0,0.0,0.0,0,2,1
1FK4,vina_pose,8,A:STE:201,L:UNL:1,RDKit,20,9.480835466877378,3,13.606667911971199,NA,NA,2,1,hydrogen_bonds=2,hydrogen_bonds=1,0.0,0.0,0.0,0.0,0,7,8,0.0,0.0,0.0,0.0,0,2,1
1FK4,vina_pose,9,A:STE:201,L:UNL:1,RDKit,20,1.5804006770436412,3,2.046790577139406,NA,NA,2,2,hydrogen_bonds=2,hydrogen_bonds=2,0.7142857142857143,0.7142857142857143,0.7142857142857143,0.5555555555555556,5,7,7,1.0,1.0,1.0,1.0,2,2,2
1FK4,vina_pose,10,A:STE:201,L:UNL:1,RDKit,20,1.7516008535051588,3,1.9302434216094788,NA,NA,2,2,hydrogen_bonds=2,hydrogen_bonds=2,0.8571428571428571,0.8571428571428571,0.8571428571428571,0.75,6,7,7,1.0,1.0,1.0,1.0,2,2,2
1FK4,vina_pose,11,A:STE:201,L:UNL:1,RDKit,20,1.8416088754130178,3,1.7608964573004657,NA,NA,2,2,hydrogen_bonds=2,hydrogen_bonds=2,0.8571428571428571,0.8571428571428571,0.8571428571428571,0.75,6,7,7,1.0,1.0,1.0,1.0,2,2,2
1FK4,vina_pose,12,A:STE:201,L:UNL:1,RDKit,20,1.9056433428110306,3,2.3926309786509057,NA,NA,2,1,hydrogen_bonds=2,hydrogen_bonds=1,0.7142857142857143,0.7142857142857143,0.7142857142857143,0.5555555555555556,5,7,7,1.0,0.5,0.6666666666666666,0.5,1,2,1
1FK4,vina_pose,13,A:STE:201,L:UNL:1,RDKit,20,2.2991059240496066,3,2.527910138170787,NA,NA,2,1,hydrogen_bonds=2,hydrogen_bonds=1,0.8333333333333334,0.7142857142857143,0.7692307692307692,0.625,5,7,6,1.0,0.5,0.6666666666666666,0.5,1,2,1
1FK4,vina_pose,14,A:STE:201,L:UNL:1,RDKit,20,9.500311444894846,3,13.486630997646024,NA,NA,2,1,hydrogen_bonds=2,hydrogen_bonds=1,0.0,0.0,0.0,0.0,0,7,9,0.0,0.0,0.0,0.0,0,2,1
1FK4,vina_pose,15,A:STE:201,L:UNL:1,RDKit,20,2.6883860306883003,3,4.217305419340646,NA,NA,2,2,hydrogen_bonds=2,hydrogen_bonds=2,0.3333333333333333,0.2857142857142857,0.30769230769230765,0.18181818181818182,2,7,6,0.0,0.0,0.0,0.0,0,2,2
1FK4,vina_pose,16,A:STE:201,L:UNL:1,RDKit,20,9.56305504010094,3,14.056423169972271,NA,NA,2,0,hydrogen_bonds=2,none=0,0.0,0.0,0.0,0.0,0,7,6,0.0,0.0,0.0,0.0,0,2,0
1FK4,vina_pose,17,A:STE:201,L:UNL:1,RDKit,20,9.12388610735579,3,12.601249792513967,NA,NA,2,1,hydrogen_bonds=2,hydrogen_bonds=1,0.0,0.0,0.0,0.0,0,7,5,0.0,0.0,0.0,0.0,0,2,1
1FK4,vina_pose,18,A:STE:201,L:UNL:1,RDKit,20,9.497174419268081,3,14.60615444484504,NA,NA,2,0,hydrogen_bonds=2,none=0,0.0,0.0,0.0,0.0,0,7,10,0.0,0.0,0.0,0.0,0,2,0
1FK4,vina_pose,19,A:STE:201,L:UNL:1,RDKit,20,9.726395324065335,3,13.33330155412879,NA,NA,2,0,hydrogen_bonds=2,none=0,0.0,0.0,0.0,0.0,0,7,8,0.0,0.0,0.0,0.0,0,2,0
1FK4,vina_pose,20,A:STE:201,L:UNL:1,RDKit,20,9.506811405513417,3,13.582195944200873,NA,NA,2,1,hydrogen_bonds=2,hydrogen_bonds=1,0.0,0.0,0.0,0.0,0,7,8,0.0,0.0,0.0,0.0,0,2,1
1H6H,boltz,1,A:PIB:150,B:PIB:1,RDKit,35,1.7821268368592433,13,1.079378458726019,143,1.0005036960499838,13,13,attractive_charge=3;hydrogen_bonds=4;ionic=3;salt_bridge=3,attractive_charge=3;hydrogen_bonds=4;ionic=3;salt_bridge=3,0.8888888888888888,0.8888888888888888,0.8888888888888888,0.8,8,9,9,1.0,1.0,1.0,1.0,13,13,13
1H6H,vina_pose,1,A:PIB:150,L:UNL:1,RDKit,35,10.076699368911855,13,7.234989713458214,NA,NA,13,8,attractive_charge=3;hydrogen_bonds=4;ionic=3;salt_bridge=3,attractive_charge=2;hydrogen_bonds=2;ionic=2;salt_bridge=2,1.0,0.7777777777777778,0.8750000000000001,0.7777777777777778,7,9,7,1.0,0.6153846153846154,0.761904761904762,0.6153846153846154,8,13,8
1H6H,vina_pose,2,A:PIB:150,L:UNL:1,RDKit,35,9.986378780261498,13,7.228052205975528,NA,NA,13,9,attractive_charge=3;hydrogen_bonds=4;ionic=3;salt_bridge=3,attractive_charge=2;hydrogen_bonds=3;ionic=2;salt_bridge=2,1.0,0.7777777777777778,0.8750000000000001,0.7777777777777778,7,9,7,0.8888888888888888,0.6153846153846154,0.7272727272727274,0.5714285714285714,8,13,9
1H6H,vina_pose,3,A:PIB:150,L:UNL:1,RDKit,35,10.431170319219767,13,6.996929694790863,NA,NA,13,12,attractive_charge=3;hydrogen_bonds=4;ionic=3;salt_bridge=3,attractive_charge=3;hydrogen_bonds=3;ionic=3;salt_bridge=3,0.5714285714285714,0.4444444444444444,0.5,0.3333333333333333,4,9,7,0.6666666666666666,0.6153846153846154,0.64,0.47058823529411764,8,13,12
1H6H,vina_pose,4,A:PIB:150,L:UNL:1,RDKit,35,10.208305374966574,13,6.569076553765436,NA,NA,13,12,attractive_charge=3;hydrogen_bonds=4;ionic=3;salt_bridge=3,attractive_charge=3;hydrogen_bonds=3;ionic=3;salt_bridge=3,0.6,0.6666666666666666,0.631578947368421,0.46153846153846156,6,9,10,0.6666666666666666,0.6153846153846154,0.64,0.47058823529411764,8,13,12
1H6H,vina_pose,5,A:PIB:150,L:UNL:1,RDKit,35,10.444174006866904,13,6.85937742745708,NA,NA,13,12,attractive_charge=3;hydrogen_bonds=4;ionic=3;salt_bridge=3,attractive_charge=3;hydrogen_bonds=3;ionic=3;salt_bridge=3,0.6666666666666666,0.4444444444444444,0.5333333333333333,0.36363636363636365,4,9,6,0.6666666666666666,0.6153846153846154,0.64,0.47058823529411764,8,13,12
1H6H,vina_pose,6,A:PIB:150,L:UNL:1,RDKit,35,5.424065884028854,13,4.2349420484637275,NA,NA,13,14,attractive_charge=3;hydrogen_bonds=4;ionic=3;salt_bridge=3,attractive_charge=3;hydrogen_bonds=5;ionic=3;salt_bridge=3,0.6,0.6666666666666666,0.631578947368421,0.46153846153846156,6,9,10,0.6428571428571429,0.6923076923076923,0.6666666666666666,0.5,9,13,14
1H6H,vina_pose,7,A:PIB:150,L:UNL:1,RDKit,35,10.246846377579509,13,7.275534133180665,NA,NA,13,14,attractive_charge=3;hydrogen_bonds=4;ionic=3;salt_bridge=3,attractive_charge=4;hydrogen_bonds=2;ionic=4;salt_bridge=4,0.5714285714285714,0.4444444444444444,0.5,0.3333333333333333,4,9,7,0.7142857142857143,0.7692307692307693,0.7407407407407408,0.5882352941176471,10,13,14
1H6H,vina_pose,8,A:PIB:150,L:UNL:1,RDKit,35,10.591219657271369,13,6.857106498987861,NA,NA,13,12,attractive_charge=3;hydrogen_bonds=4;ionic=3;salt_bridge=3,attractive_charge=3;hydrogen_bonds=3;ionic=3;salt_bridge=3,0.625,0.5555555555555556,0.5882352941176471,0.4166666666666667,5,9,8,0.6666666666666666,0.6153846153846154,0.64,0.47058823529411764,8,13,12
1H6H,vina_pose,9,A:PIB:150,L:UNL:1,RDKit,35,10.55563345463319,13,7.042551466183698,NA,NA,13,12,attractive_charge=3;hydrogen_bonds=4;ionic=3;salt_bridge=3,attractive_charge=3;hydrogen_bonds=3;ionic=3;salt_bridge=3,0.625,0.5555555555555556,0.5882352941176471,0.4166666666666667,5,9,8,0.6666666666666666,0.6153846153846154,0.64,0.47058823529411764,8,13,12
1H6H,vina_pose,10,A:PIB:150,L:UNL:1,RDKit,35,10.172561663612564,13,7.308708046412328,NA,NA,13,16,attractive_charge=3;hydrogen_bonds=4;ionic=3;salt_bridge=3,attractive_charge=4;hydrogen_bonds=4;ionic=4;salt_bridge=4,0.625,0.5555555555555556,0.5882352941176471,0.4166666666666667,5,9,8,0.75,0.9230769230769231,0.8275862068965517,0.7058823529411765,12,13,16
1H6H,vina_pose,11,A:PIB:150,L:UNL:1,RDKit,35,10.51773222297876,13,7.9828938554694755,NA,NA,13,7,attractive_charge=3;hydrogen_bonds=4;ionic=3;salt_bridge=3,attractive_charge=2;hydrogen_bonds=1;ionic=2;salt_bridge=2,0.8333333333333334,0.5555555555555556,0.6666666666666667,0.5,5,9,6,0.5714285714285714,0.3076923076923077,0.4,0.25,4,13,7
1H6H,vina_pose,12,A:PIB:150,L:UNL:1,RDKit,35,10.180673596855677,13,7.241926422416367,NA,NA,13,17,attractive_charge=3;hydrogen_bonds=4;ionic=3;salt_bridge=3,attractive_charge=4;hydrogen_bonds=5;ionic=4;salt_bridge=4,0.7,0.7777777777777778,0.7368421052631577,0.5833333333333334,7,9,10,0.7058823529411765,0.9230769230769231,0.8000000000000002,0.6666666666666666,12,13,17
1H6H,vina_pose,13,A:PIB:150,L:UNL:1,RDKit,35,10.163741081483165,13,7.089927476031375,NA,NA,13,11,attractive_charge=3;hydrogen_bonds=4;ionic=3;salt_bridge=3,attractive_charge=3;hydrogen_bonds=2;ionic=3;salt_bridge=3,0.5714285714285714,0.4444444444444444,0.5,0.3333333333333333,4,9,7,1.0,0.8461538461538461,0.9166666666666666,0.8461538461538461,11,13,11
1H6H,vina_pose,14,A:PIB:150,L:UNL:1,RDKit,35,10.220915678856064,13,7.186766379951417,NA,NA,13,17,attractive_charge=3;hydrogen_bonds=4;ionic=3;salt_bridge=3,attractive_charge=4;hydrogen_bonds=5;ionic=4;salt_bridge=4,0.625,0.5555555555555556,0.5882352941176471,0.4166666666666667,5,9,8,0.7058823529411765,0.9230769230769231,0.8000000000000002,0.6666666666666666,12,13,17
1H6H,vina_pose,15,A:PIB:150,L:UNL:1,RDKit,35,10.174843235015606,13,6.9970379447306135,NA,NA,13,17,attractive_charge=3;hydrogen_bonds=4;ionic=3;salt_bridge=3,attractive_charge=4;hydrogen_bonds=5;ionic=4;salt_bridge=4,0.6666666666666666,0.6666666666666666,0.6666666666666666,0.5,6,9,9,0.7058823529411765,0.9230769230769231,0.8000000000000002,0.6666666666666666,12,13,17
1H6H,vina_pose,16,A:PIB:150,L:UNL:1,RDKit,35,6.5981580070284975,13,4.813516490051738,NA,NA,13,14,attractive_charge=3;hydrogen_bonds=4;ionic=3;salt_bridge=3,attractive_charge=3;hydrogen_bonds=5;ionic=3;salt_bridge=3,0.5454545454545454,0.6666666666666666,0.6,0.42857142857142855,6,9,11,0.5714285714285714,0.6153846153846154,0.5925925925925927,0.42105263157894735,8,13,14
1H6H,vina_pose,17,A:PIB:150,L:UNL:1,RDKit,35,6.826372812220892,13,5.305848021831123,NA,NA,13,14,attractive_charge=3;hydrogen_bonds=4;ionic=3;salt_bridge=3,attractive_charge=3;hydrogen_bonds=5;ionic=3;salt_bridge=3,0.5,0.6666666666666666,0.5714285714285715,0.4,6,9,12,0.35714285714285715,0.38461538461538464,0.3703703703703704,0.22727272727272727,5,13,14
1H6H,vina_pose,18,A:PIB:150,L:UNL:1,RDKit,35,10.040566112383448,13,7.558137723417974,NA,NA,13,17,attractive_charge=3;hydrogen_bonds=4;ionic=3;salt_bridge=3,attractive_charge=4;hydrogen_bonds=5;ionic=4;salt_bridge=4,0.6666666666666666,0.6666666666666666,0.6666666666666666,0.5,6,9,9,0.7058823529411765,0.9230769230769231,0.8000000000000002,0.6666666666666666,12,13,17
1H6H,vina_pose,19,A:PIB:150,L:UNL:1,RDKit,35,10.139173547610842,13,6.725201432499424,NA,NA,13,12,attractive_charge=3;hydrogen_bonds=4;ionic=3;salt_bridge=3,attractive_charge=3;hydrogen_bonds=3;ionic=3;salt_bridge=3,0.8333333333333334,0.5555555555555556,0.6666666666666667,0.5,5,9,6,0.6666666666666666,0.6153846153846154,0.64,0.47058823529411764,8,13,12
1H6H,vina_pose,20,A:PIB:150,L:UNL:1,RDKit,35,10.164849707272044,13,6.974508849539708,NA,NA,13,12,attractive_charge=3;hydrogen_bonds=4;ionic=3;salt_bridge=3,attractive_charge=3;hydrogen_bonds=3;ionic=3;salt_bridge=3,0.6666666666666666,0.4444444444444444,0.5333333333333333,0.36363636363636365,4,9,6,0.6666666666666666,0.6153846153846154,0.64,0.47058823529411764,8,13,12
1HMR,boltz,1,A:ELA:133,B:ELA:1,RDKit,20,1.0142907684879041,3,1.7786562168313336,131,0.2135275514477469,2,2,hydrogen_bonds=2,hydrogen_bonds=2,1.0,1.0,1.0,1.0,8,8,8,1.0,1.0,1.0,1.0,2,2,2
1HMR,vina_pose,1,A:ELA:133,L:UNL:1,RDKit,20,4.139154092323696,3,7.825086069814185,NA,NA,2,3,hydrogen_bonds=2,hydrogen_bonds=3,0.0,0.0,0.0,0.0,0,8,7,0.0,0.0,0.0,0.0,0,2,3
1HMR,vina_pose,2,A:ELA:133,L:UNL:1,RDKit,20,5.23154592830838,3,7.353109455643011,NA,NA,2,2,hydrogen_bonds=2,hydrogen_bonds=2,0.0,0.0,0.0,0.0,0,8,6,0.0,0.0,0.0,0.0,0,2,2
1HMR,vina_pose,3,A:ELA:133,L:UNL:1,RDKit,20,4.125940862397328,3,7.998056117999339,NA,NA,2,3,hydrogen_bonds=2,hydrogen_bonds=3,0.0,0.0,0.0,0.0,0,8,8,0.0,0.0,0.0,0.0,0,2,3
1HMR,vina_pose,4,A:ELA:133,L:UNL:1,RDKit,20,1.9990354924312872,3,1.7774156332533289,NA,NA,2,2,hydrogen_bonds=2,hydrogen_bonds=2,0.7777777777777778,0.875,0.823529411764706,0.7,7,8,9,1.0,1.0,1.0,1.0,2,2,2
1HMR,vina_pose,5,A:ELA:133,L:UNL:1,RDKit,20,6.14135823739342,3,7.289053848065604,NA,NA,2,2,hydrogen_bonds=2,hydrogen_bonds=2,0.2,0.125,0.15384615384615385,0.08333333333333333,1,8,5,0.0,0.0,0.0,0.0,0,2,2
1HMR,vina_pose,6,A:ELA:133,L:UNL:1,RDKit,20,4.897875064760227,3,7.654354751817207,NA,NA,2,1,hydrogen_bonds=2,hydrogen_bonds=1,0.0,0.0,0.0,0.0,0,8,6,0.0,0.0,0.0,0.0,0,2,1
1HMR,vina_pose,7,A:ELA:133,L:UNL:1,RDKit,20,5.10240777966638,3,1.8407600785182907,NA,NA,2,2,hydrogen_bonds=2,hydrogen_bonds=2,0.6666666666666666,0.5,0.5714285714285715,0.4,4,8,6,1.0,1.0,1.0,1.0,2,2,2
1HMR,vina_pose,8,A:ELA:133,L:UNL:1,RDKit,20,5.385242663984604,3,7.954154470044777,NA,NA,2,3,hydrogen_bonds=2,hydrogen_bonds=3,0.0,0.0,0.0,0.0,0,8,8,0.0,0.0,0.0,0.0,0,2,3
1HMR,vina_pose,9,A:ELA:133,L:UNL:1,RDKit,20,5.213999141733723,3,2.0643620483497243,NA,NA,2,2,hydrogen_bonds=2,hydrogen_bonds=2,0.8333333333333334,0.625,0.7142857142857143,0.5555555555555556,5,8,6,1.0,1.0,1.0,1.0,2,2,2
1HMR,vina_pose,10,A:ELA:133,L:UNL:1,RDKit,20,2.984357284240612,3,2.1052820080296457,NA,NA,2,4,hydrogen_bonds=2,hydrogen_bonds=4,0.875,0.875,0.875,0.7777777777777778,7,8,8,0.25,0.5,0.3333333333333333,0.2,1,2,4
1HMR,vina_pose,11,A:ELA:133,L:UNL:1,RDKit,20,5.064830579594939,3,1.2628539107909524,NA,NA,2,2,hydrogen_bonds=2,hydrogen_bonds=2,0.75,0.75,0.75,0.6,6,8,8,1.0,1.0,1.0,1.0,2,2,2
1HMR,vina_pose,12,A:ELA:133,L:UNL:1,RDKit,20,4.346007679468594,3,7.848239165570835,NA,NA,2,2,hydrogen_bonds=2,hydrogen_bonds=2,0.0,0.0,0.0,0.0,0,8,6,0.0,0.0,0.0,0.0,0,2,2
1HMR,vina_pose,13,A:ELA:133,L:UNL:1,RDKit,20,4.833392643888969,3,6.0611135940518395,NA,NA,2,0,hydrogen_bonds=2,none=0,0.0,0.0,0.0,0.0,0,8,6,0.0,0.0,0.0,0.0,0,2,0
1HMR,vina_pose,14,A:ELA:133,L:UNL:1,RDKit,20,4.830150794747509,3,8.106178055450464,NA,NA,2,3,hydrogen_bonds=2,hydrogen_bonds=3,0.0,0.0,0.0,0.0,0,8,9,0.0,0.0,0.0,0.0,0,2,3
1HMR,vina_pose,15,A:ELA:133,L:UNL:1,RDKit,20,5.738090392282087,3,7.126245832601249,NA,NA,2,2,hydrogen_bonds=2,hydrogen_bonds=2,0.2857142857142857,0.25,0.26666666666666666,0.15384615384615385,2,8,7,0.0,0.0,0.0,0.0,0,2,2
1HMR,vina_pose,16,A:ELA:133,L:UNL:1,RDKit,20,3.802634606427496,3,5.866470943704854,NA,NA,2,1,hydrogen_bonds=2,hydrogen_bonds=1,0.0,0.0,0.0,0.0,0,8,7,0.0,0.0,0.0,0.0,0,2,1
1HMR,vina_pose,17,A:ELA:133,L:UNL:1,RDKit,20,3.9549650820203213,3,5.943321041303424,NA,NA,2,1,hydrogen_bonds=2,hydrogen_bonds=1,0.0,0.0,0.0,0.0,0,8,6,0.0,0.0,0.0,0.0,0,2,1
1HMR,vina_pose,18,A:ELA:133,L:UNL:1,RDKit,20,1.8765747120751683,3,0.6121742671276977,NA,NA,2,2,hydrogen_bonds=2,hydrogen_bonds=2,1.0,0.75,0.8571428571428571,0.75,6,8,6,1.0,1.0,1.0,1.0,2,2,2
1HMR,vina_pose,19,A:ELA:133,L:UNL:1,RDKit,20,5.300366076979966,3,7.568152350474984,NA,NA,2,1,hydrogen_bonds=2,hydrogen_bonds=1,0.0,0.0,0.0,0.0,0,8,6,0.0,0.0,0.0,0.0,0,2,1
1HMR,vina_pose,20,A:ELA:133,L:UNL:1,RDKit,20,4.335910792440269,3,7.479937031820522,NA,NA,2,2,hydrogen_bonds=2,hydrogen_bonds=2,0.0,0.0,0.0,0.0,0,8,9,0.0,0.0,0.0,0.0,0,2,2
1HMS,boltz,1,A:OLA:133,B:OLA:1,RDKit,20,0.9672120603751231,3,1.7960820805375957,131,0.2240117798648392,2,2,hydrogen_bonds=2,hydrogen_bonds=2,1.0,1.0,1.0,1.0,8,8,8,1.0,1.0,1.0,1.0,2,2,2
1HMS,vina_pose,1,A:OLA:133,L:UNL:1,RDKit,20,5.325948769937616,3,6.645893544136863,NA,NA,2,2,hydrogen_bonds=2,hydrogen_bonds=2,0.2857142857142857,0.25,0.26666666666666666,0.15384615384615385,2,8,7,0.0,0.0,0.0,0.0,0,2,2
1HMS,vina_pose,2,A:OLA:133,L:UNL:1,RDKit,20,4.986178812477547,3,7.346508785357391,NA,NA,2,1,hydrogen_bonds=2,hydrogen_bonds=1,0.0,0.0,0.0,0.0,0,8,5,0.0,0.0,0.0,0.0,0,2,1
1HMS,vina_pose,3,A:OLA:133,L:UNL:1,RDKit,20,4.999954494792927,3,3.2795085505809145,NA,NA,2,1,hydrogen_bonds=2,hydrogen_bonds=1,0.8,0.5,0.6153846153846154,0.4444444444444444,4,8,5,1.0,0.5,0.6666666666666666,0.5,1,2,1
1HMS,vina_pose,4,A:OLA:133,L:UNL:1,RDKit,20,3.7536013373825408,3,8.003323934466229,NA,NA,2,3,hydrogen_bonds=2,hydrogen_bonds=3,0.0,0.0,0.0,0.0,0,8,9,0.0,0.0,0.0,0.0,0,2,3
1HMS,vina_pose,5,A:OLA:133,L:UNL:1,RDKit,20,4.211304388191382,3,7.89244429818798,NA,NA,2,3,hydrogen_bonds=2,hydrogen_bonds=3,0.0,0.0,0.0,0.0,0,8,9,0.0,0.0,0.0,0.0,0,2,3
1HMS,vina_pose,6,A:OLA:133,L:UNL:1,RDKit,20,2.8641591959945236,3,0.5156313282439952,NA,NA,2,2,hydrogen_bonds=2,hydrogen_bonds=2,1.0,0.875,0.9333333333333333,0.875,7,8,7,1.0,1.0,1.0,1.0,2,2,2
1HMS,vina_pose,7,A:OLA:133,L:UNL:1,RDKit,20,3.338548509457366,3,0.6829470452873063,NA,NA,2,2,hydrogen_bonds=2,hydrogen_bonds=2,1.0,0.875,0.9333333333333333,0.875,7,8,7,1.0,1.0,1.0,1.0,2,2,2
1HMS,vina_pose,8,A:OLA:133,L:UNL:1,RDKit,20,5.157882012027805,3,6.45351049171431,NA,NA,2,2,hydrogen_bonds=2,hydrogen_bonds=2,0.2857142857142857,0.25,0.26666666666666666,0.15384615384615385,2,8,7,0.0,0.0,0.0,0.0,0,2,2
1HMS,vina_pose,9,A:OLA:133,L:UNL:1,RDKit,20,4.4316102209016535,3,1.4467523400130822,NA,NA,2,2,hydrogen_bonds=2,hydrogen_bonds=2,0.75,0.75,0.75,0.6,6,8,8,1.0,1.0,1.0,1.0,2,2,2
1HMS,vina_pose,10,A:OLA:133,L:UNL:1,RDKit,20,3.5795385456787567,3,1.7842798734129857,NA,NA,2,2,hydrogen_bonds=2,hydrogen_bonds=2,1.0,0.875,0.9333333333333333,0.875,7,8,7,1.0,1.0,1.0,1.0,2,2,2
1HMS,vina_pose,11,A:OLA:133,L:UNL:1,RDKit,20,1.560367008110592,3,0.6729522023640818,NA,NA,2,2,hydrogen_bonds=2,hydrogen_bonds=2,1.0,0.75,0.8571428571428571,0.75,6,8,6,1.0,1.0,1.0,1.0,2,2,2
1HMS,vina_pose,12,A:OLA:133,L:UNL:1,RDKit,20,4.670471116493495,3,7.14788612108503,NA,NA,2,2,hydrogen_bonds=2,hydrogen_bonds=2,0.0,0.0,0.0,0.0,0,8,7,0.0,0.0,0.0,0.0,0,2,2
1HMS,vina_pose,13,A:OLA:133,L:UNL:1,RDKit,20,5.506703305971731,3,7.459681919045432,NA,NA,2,2,hydrogen_bonds=2,hydrogen_bonds=2,0.16666666666666666,0.125,0.14285714285714288,0.07692307692307693,1,8,6,0.0,0.0,0.0,0.0,0,2,2
1HMS,vina_pose,14,A:OLA:133,L:UNL:1,RDKit,20,5.40186993549456,3,6.8364530764619955,NA,NA,2,3,hydrogen_bonds=2,hydrogen_bonds=3,0.25,0.25,0.25,0.14285714285714285,2,8,8,0.0,0.0,0.0,0.0,0,2,3
1HMS,vina_pose,15,A:OLA:133,L:UNL:1,RDKit,20,5.527473645346488,3,7.231110518677842,NA,NA,2,2,hydrogen_bonds=2,hydrogen_bonds=2,0.3333333333333333,0.25,0.28571428571428575,0.16666666666666666,2,8,6,0.0,0.0,0.0,0.0,0,2,2
1HMS,vina_pose,16,A:OLA:133,L:UNL:1,RDKit,20,2.7110471224233637,3,2.5421879683978257,NA,NA,2,4,hydrogen_bonds=2,hydrogen_bonds=4,0.8333333333333334,0.625,0.7142857142857143,0.5555555555555556,5,8,6,0.25,0.5,0.3333333333333333,0.2,1,2,4
1HMS,vina_pose,17,A:OLA:133,L:UNL:1,RDKit,20,5.222683304585871,3,7.653790847242518,NA,NA,2,2,hydrogen_bonds=2,hydrogen_bonds=2,0.0,0.0,0.0,0.0,0,8,6,0.0,0.0,0.0,0.0,0,2,2
1HMS,vina_pose,18,A:OLA:133,L:UNL:1,RDKit,20,5.152751580466499,3,7.675837218180178,NA,NA,2,2,hydrogen_bonds=2,hydrogen_bonds=2,0.0,0.0,0.0,0.0,0,8,8,0.0,0.0,0.0,0.0,0,2,2
1HMS,vina_pose,19,A:OLA:133,L:UNL:1,RDKit,20,4.1359158780129945,3,1.8964374495353102,NA,NA,2,2,hydrogen_bonds=2,hydrogen_bonds=2,1.0,0.875,0.9333333333333333,0.875,7,8,7,1.0,1.0,1.0,1.0,2,2,2
1HMS,vina_pose,20,A:OLA:133,L:UNL:1,RDKit,20,4.644950532567597,3,7.320554578263409,NA,NA,2,1,hydrogen_bonds=2,hydrogen_bonds=1,0.0,0.0,0.0,0.0,0,8,6,0.0,0.0,0.0,0.0,0,2,1
1HMT,boltz,1,A:STE:133,B:STE:1,RDKit,20,0.5179990747388447,3,0.08193724149307197,131,0.18200541766197104,2,2,hydrogen_bonds=2,hydrogen_bonds=2,1.0,1.0,1.0,1.0,8,8,8,1.0,1.0,1.0,1.0,2,2,2
1HMT,vina_pose,1,A:STE:133,L:UNL:1,RDKit,20,5.7035402602243455,3,6.504297425548743,NA,NA,2,3,hydrogen_bonds=2,hydrogen_bonds=3,0.16666666666666666,0.125,0.14285714285714288,0.07692307692307693,1,8,6,0.0,0.0,0.0,0.0,0,2,3
1HMT,vina_pose,2,A:STE:133,L:UNL:1,RDKit,20,3.4045815087907654,3,0.56144337797027,NA,NA,2,2,hydrogen_bonds=2,hydrogen_bonds=2,1.0,0.875,0.9333333333333333,0.875,7,8,7,1.0,1.0,1.0,1.0,2,2,2
1HMT,vina_pose,3,A:STE:133,L:UNL:1,RDKit,20,2.5120751282555225,3,1.7910195420486075,NA,NA,2,2,hydrogen_bonds=2,hydrogen_bonds=2,1.0,0.75,0.8571428571428571,0.75,6,8,6,1.0,1.0,1.0,1.0,2,2,2
1HMT,vina_pose,4,A:STE:133,L:UNL:1,RDKit,20,6.2007361579089935,3,6.508491018149546,NA,NA,2,3,hydrogen_bonds=2,hydrogen_bonds=3,0.16666666666666666,0.125,0.14285714285714288,0.07692307692307693,1,8,6,0.0,0.0,0.0,0.0,0,2,3
1HMT,vina_pose,5,A:STE:133,L:UNL:1,RDKit,20,5.920127473289743,3,7.3725780203851805,NA,NA,2,2,hydrogen_bonds=2,hydrogen_bonds=2,0.2857142857142857,0.25,0.26666666666666666,0.15384615384615385,2,8,7,0.0,0.0,0.0,0.0,0,2,2
1HMT,vina_pose,6,A:STE:133,L:UNL:1,RDKit,20,1.7302667568903938,3,1.7982235678580127,NA,NA,2,2,hydrogen_bonds=2,hydrogen_bonds=2,0.8333333333333334,0.625,0.7142857142857143,0.5555555555555556,5,8,6,1.0,1.0,1.0,1.0,2,2,2
1HMT,vina_pose,7,A:STE:133,L:UNL:1,RDKit,20,5.096255159428342,3,1.9769246318461442,NA,NA,2,2,hydrogen_bonds=2,hydrogen_bonds=2,0.7142857142857143,0.625,0.6666666666666666,0.5,5,8,7,1.0,1.0,1.0,1.0,2,2,2
1HMT,vina_pose,8,A:STE:133,L:UNL:1,RDKit,20,5.600275935166053,3,7.414183299595446,NA,NA,2,2,hydrogen_bonds=2,hydrogen_bonds=2,0.0,0.0,0.0,0.0,0,8,5,0.0,0.0,0.0,0.0,0,2,2
1HMT,vina_pose,9,A:STE:133,L:UNL:1,RDKit,20,5.423074847353666,3,7.227603406385824,NA,NA,2,2,hydrogen_bonds=2,hydrogen_bonds=2,0.2,0.125,0.15384615384615385,0.08333333333333333,1,8,5,0.0,0.0,0.0,0.0,0,2,2
1HMT,vina_pose,10,A:STE:133,L:UNL:1,RDKit,20,4.528748817278344,3,7.444728425760963,NA,NA,2,2,hydrogen_bonds=2,hydrogen_bonds=2,0.0,0.0,0.0,0.0,0,8,6,0.0,0.0,0.0,0.0,0,2,2
1HMT,vina_pose,11,A:STE:133,L:UNL:1,RDKit,20,3.8435387340314398,3,5.656206561527494,NA,NA,2,1,hydrogen_bonds=2,hydrogen_bonds=1,0.0,0.0,0.0,0.0,0,8,6,0.0,0.0,0.0,0.0,0,2,1
1HMT,vina_pose,12,A:STE:133,L:UNL:1,RDKit,20,4.202757850507212,3,6.973337555766728,NA,NA,2,2,hydrogen_bonds=2,hydrogen_bonds=2,0.0,0.0,0.0,0.0,0,8,8,0.0,0.0,0.0,0.0,0,2,2
1HMT,vina_pose,13,A:STE:133,L:UNL:1,RDKit,20,5.966196761757025,3,7.375386837312331,NA,NA,2,2,hydrogen_bonds=2,hydrogen_bonds=2,0.16666666666666666,0.125,0.14285714285714288,0.07692307692307693,1,8,6,0.0,0.0,0.0,0.0,0,2,2
1HMT,vina_pose,14,A:STE:133,L:UNL:1,RDKit,20,3.8827701515799253,3,7.816743396922617,NA,NA,2,3,hydrogen_bonds=2,hydrogen_bonds=3,0.0,0.0,0.0,0.0,0,8,9,0.0,0.0,0.0,0.0,0,2,3
1HMT,vina_pose,15,A:STE:133,L:UNL:1,RDKit,20,3.5184462906231775,3,2.987497559273757,NA,NA,2,4,hydrogen_bonds=2,hydrogen_bonds=4,0.8333333333333334,0.625,0.7142857142857143,0.5555555555555556,5,8,6,0.25,0.5,0.3333333333333333,0.2,1,2,4
1HMT,vina_pose,16,A:STE:133,L:UNL:1,RDKit,20,5.54010080233203,3,7.101069520384471,NA,NA,2,2,hydrogen_bonds=2,hydrogen_bonds=2,0.2,0.125,0.15384615384615385,0.08333333333333333,1,8,5,0.0,0.0,0.0,0.0,0,2,2
1HMT,vina_pose,17,A:STE:133,L:UNL:1,RDKit,20,5.343272330697735,3,5.8082946435822835,NA,NA,2,1,hydrogen_bonds=2,hydrogen_bonds=1,0.2,0.125,0.15384615384615385,0.08333333333333333,1,8,5,0.0,0.0,0.0,0.0,0,2,1
1HMT,vina_pose,18,A:STE:133,L:UNL:1,RDKit,20,3.5132649914289127,3,4.282976223764654,NA,NA,2,2,hydrogen_bonds=2,hydrogen_bonds=2,0.6,0.375,0.4615384615384615,0.3,3,8,5,0.0,0.0,0.0,0.0,0,2,2
1HMT,vina_pose,19,A:STE:133,L:UNL:1,RDKit,20,6.840200311394397,3,9.580659945953618,NA,NA,2,2,hydrogen_bonds=2,hydrogen_bonds=2,0.0,0.0,0.0,0.0,0,8,6,0.0,0.0,0.0,0.0,0,2,2
1HMT,vina_pose,20,A:STE:133,L:UNL:1,RDKit,20,4.414670956028321,3,7.102741630290847,NA,NA,2,1,hydrogen_bonds=2,hydrogen_bonds=1,0.0,0.0,0.0,0.0,0,8,7,0.0,0.0,0.0,0.0,0,2,1
1ICM,boltz,1,A:MYR:133,B:MYR:1,RDKit,16,2.901668187856819,3,2.9285049204398192,131,0.48870280205770517,2,2,hydrogen_bonds=2,hydrogen_bonds=2,0.42857142857142855,0.42857142857142855,0.42857142857142855,0.2727272727272727,3,7,7,0.5,0.5,0.5,0.3333333333333333,1,2,2
1ICM,vina_pose,1,A:MYR:133,L:UNL:1,RDKit,16,5.24426828189596,3,4.91377000547102,NA,NA,2,3,hydrogen_bonds=2,hydrogen_bonds=3,0.4,0.2857142857142857,0.3333333333333333,0.2,2,7,5,0.3333333333333333,0.5,0.4,0.25,1,2,3
1ICM,vina_pose,2,A:MYR:133,L:UNL:1,RDKit,16,7.274636438510175,3,5.104617027750465,NA,NA,2,3,hydrogen_bonds=2,hydrogen_bonds=3,0.3333333333333333,0.2857142857142857,0.30769230769230765,0.18181818181818182,2,7,6,0.3333333333333333,0.5,0.4,0.25,1,2,3
1ICM,vina_pose,3,A:MYR:133,L:UNL:1,RDKit,16,4.619574987214733,3,2.06337345141397,NA,NA,2,1,hydrogen_bonds=2,hydrogen_bonds=1,0.75,0.8571428571428571,0.7999999999999999,0.6666666666666666,6,7,8,1.0,0.5,0.6666666666666666,0.5,1,2,1
1ICM,vina_pose,4,A:MYR:133,L:UNL:1,RDKit,16,4.558617766110688,3,4.7477296328525975,NA,NA,2,3,hydrogen_bonds=2,hydrogen_bonds=3,0.2,0.14285714285714285,0.16666666666666666,0.09090909090909091,1,7,5,0.3333333333333333,0.5,0.4,0.25,1,2,3
1ICM,vina_pose,5,A:MYR:133,L:UNL:1,RDKit,16,3.7005655311046715,3,1.1353510470334713,NA,NA,2,1,hydrogen_bonds=2,hydrogen_bonds=1,0.75,0.8571428571428571,0.7999999999999999,0.6666666666666666,6,7,8,1.0,0.5,0.6666666666666666,0.5,1,2,1
1ICM,vina_pose,6,A:MYR:133,L:UNL:1,RDKit,16,6.55268428298663,3,4.955490591253302,NA,NA,2,3,hydrogen_bonds=2,hydrogen_bonds=3,0.4,0.2857142857142857,0.3333333333333333,0.2,2,7,5,0.3333333333333333,0.5,0.4,0.25,1,2,3
1ICM,vina_pose,7,A:MYR:133,L:UNL:1,RDKit,16,4.440826239282505,3,3.523283175297344,NA,NA,2,2,hydrogen_bonds=2,hydrogen_bonds=2,0.5714285714285714,0.5714285714285714,0.5714285714285714,0.4,4,7,7,0.5,0.5,0.5,0.3333333333333333,1,2,2
1ICM,vina_pose,8,A:MYR:133,L:UNL:1,RDKit,16,2.677500443510701,3,1.0333227956451942,NA,NA,2,1,hydrogen_bonds=2,hydrogen_bonds=1,0.75,0.8571428571428571,0.7999999999999999,0.6666666666666666,6,7,8,1.0,0.5,0.6666666666666666,0.5,1,2,1
1ICM,vina_pose,9,A:MYR:133,L:UNL:1,RDKit,16,2.9037391088904667,3,2.0246087687913104,NA,NA,2,1,hydrogen_bonds=2,hydrogen_bonds=1,0.8571428571428571,0.8571428571428571,0.8571428571428571,0.75,6,7,7,1.0,0.5,0.6666666666666666,0.5,1,2,1
1ICM,vina_pose,10,A:MYR:133,L:UNL:1,RDKit,16,7.355684230579777,3,5.046203952807827,NA,NA,2,3,hydrogen_bonds=2,hydrogen_bonds=3,0.2,0.14285714285714285,0.16666666666666666,0.09090909090909091,1,7,5,0.3333333333333333,0.5,0.4,0.25,1,2,3
1ICM,vina_pose,11,A:MYR:133,L:UNL:1,RDKit,16,3.8568291299330335,3,4.665599997142205,NA,NA,2,3,hydrogen_bonds=2,hydrogen_bonds=3,0.4,0.2857142857142857,0.3333333333333333,0.2,2,7,5,0.3333333333333333,0.5,0.4,0.25,1,2,3
1ICM,vina_pose,12,A:MYR:133,L:UNL:1,RDKit,16,3.9842065082021034,3,3.762516710926345,NA,NA,2,3,hydrogen_bonds=2,hydrogen_bonds=3,0.6666666666666666,0.5714285714285714,0.6153846153846153,0.4444444444444444,4,7,6,0.3333333333333333,0.5,0.4,0.25,1,2,3
1ICM,vina_pose,13,A:MYR:133,L:UNL:1,RDKit,16,6.202416525032804,3,4.501737960684369,NA,NA,2,3,hydrogen_bonds=2,hydrogen_bonds=3,0.3333333333333333,0.2857142857142857,0.30769230769230765,0.18181818181818182,2,7,6,0.3333333333333333,0.5,0.4,0.25,1,2,3
1ICM,vina_pose,14,A:MYR:133,L:UNL:1,RDKit,16,8.536207742610298,3,9.913586670154585,NA,NA,2,1,hydrogen_bonds=2,hydrogen_bonds=1,0.0,0.0,0.0,0.0,0,7,4,0.0,0.0,0.0,0.0,0,2,1
1ICM,vina_pose,15,A:MYR:133,L:UNL:1,RDKit,16,6.499014588766515,3,3.9274296089596987,NA,NA,2,2,hydrogen_bonds=2,hydrogen_bonds=2,0.3333333333333333,0.2857142857142857,0.30769230769230765,0.18181818181818182,2,7,6,0.5,0.5,0.5,0.3333333333333333,1,2,2
1ICM,vina_pose,16,A:MYR:133,L:UNL:1,RDKit,16,7.559232149332365,3,5.905477485634276,NA,NA,2,2,hydrogen_bonds=2,hydrogen_bonds=2,0.2,0.14285714285714285,0.16666666666666666,0.09090909090909091,1,7,5,0.0,0.0,0.0,0.0,0,2,2
1ICM,vina_pose,17,A:MYR:133,L:UNL:1,RDKit,16,8.01177751812917,3,8.805512572625553,NA,NA,2,2,hydrogen_bonds=2,hydrogen_bonds=2,0.0,0.0,0.0,0.0,0,7,4,0.0,0.0,0.0,0.0,0,2,2
1ICM,vina_pose,18,A:MYR:133,L:UNL:1,RDKit,16,8.818887362502142,3,11.020612929113033,NA,NA,2,1,hydrogen_bonds=2,hydrogen_bonds=1,0.0,0.0,0.0,0.0,0,7,5,0.0,0.0,0.0,0.0,0,2,1
1ICM,vina_pose,19,A:MYR:133,L:UNL:1,RDKit,16,7.195470888864745,3,7.16865203507605,NA,NA,2,0,hydrogen_bonds=2,none=0,0.0,0.0,0.0,0.0,0,7,6,0.0,0.0,0.0,0.0,0,2,0
1ICM,vina_pose,20,A:MYR:133,L:UNL:1,RDKit,16,7.908052675912066,3,9.801517178478033,NA,NA,2,3,hydrogen_bonds=2,hydrogen_bonds=3,0.14285714285714285,0.14285714285714285,0.14285714285714285,0.07692307692307693,1,7,7,0.0,0.0,0.0,0.0,0,2,3
1IKT,boltz,1,A:OXN:123,B:OXN:1,RDKit_partial_pred,25,0.9979750350129867,4,1.0813473710067236,115,0.3858516203724949,2,0,hydrogen_bonds=2,none=0,0.9166666666666666,1.0,0.9565217391304348,0.9166666666666666,11,11,12,0.0,0.0,0.0,0.0,0,2,0
1IKT,vina_pose,1,A:OXN:123,A:OXN:123,RDKit,25,2.543660779270695,4,1.5786261432017403,NA,NA,2,3,hydrogen_bonds=2,hydrogen_bonds=3,0.8461538461538461,1.0,0.9166666666666666,0.8461538461538461,11,11,13,0.6666666666666666,1.0,0.8,0.6666666666666666,2,2,3
1IKT,vina_pose,2,A:OXN:123,A:OXN:123,RDKit,25,2.714914540091455,4,1.4422498049921866,NA,NA,2,2,hydrogen_bonds=2,hydrogen_bonds=2,0.8461538461538461,1.0,0.9166666666666666,0.8461538461538461,11,11,13,0.5,0.5,0.5,0.3333333333333333,1,2,2
1IKT,vina_pose,3,A:OXN:123,A:OXN:123,RDKit,25,1.8081760976188133,4,2.1030589031218327,NA,NA,2,1,hydrogen_bonds=2,hydrogen_bonds=1,0.8461538461538461,1.0,0.9166666666666666,0.8461538461538461,11,11,13,0.0,0.0,0.0,0.0,0,2,1
1IKT,vina_pose,4,A:OXN:123,A:OXN:123,RDKit,25,1.9905859137449957,4,2.128427529891492,NA,NA,2,2,hydrogen_bonds=2,hydrogen_bonds=2,0.8333333333333334,0.9090909090909091,0.8695652173913043,0.7692307692307693,10,11,12,0.0,0.0,0.0,0.0,0,2,2
1IKT,vina_pose,5,A:OXN:123,A:OXN:123,RDKit,25,1.9633168974977016,4,1.8693603183977137,NA,NA,2,2,hydrogen_bonds=2,hydrogen_bonds=2,0.8333333333333334,0.9090909090909091,0.8695652173913043,0.7692307692307693,10,11,12,0.0,0.0,0.0,0.0,0,2,2
1IKT,vina_pose,6,A:OXN:123,A:OXN:123,RDKit,25,1.8136716792187058,4,1.935467062494219,NA,NA,2,2,hydrogen_bonds=2,hydrogen_bonds=2,0.8333333333333334,0.9090909090909091,0.8695652173913043,0.7692307692307693,10,11,12,0.5,0.5,0.5,0.3333333333333333,1,2,2
1IKT,vina_pose,7,A:OXN:123,A:OXN:123,RDKit,25,2.003180271468347,4,2.458325598857889,NA,NA,2,1,hydrogen_bonds=2,hydrogen_bonds=1,0.75,0.8181818181818182,0.7826086956521738,0.6428571428571429,9,11,12,0.0,0.0,0.0,0.0,0,2,1
1IKT,vina_pose,8,A:OXN:123,A:OXN:123,RDKit,25,2.5311076231563128,4,1.3085700210535178,NA,NA,2,2,hydrogen_bonds=2,hydrogen_bonds=2,0.8333333333333334,0.9090909090909091,0.8695652173913043,0.7692307692307693,10,11,12,0.5,0.5,0.5,0.3333333333333333,1,2,2
1IKT,vina_pose,9,A:OXN:123,A:OXN:123,RDKit,25,1.4703998231773558,4,1.4613045541570044,NA,NA,2,2,hydrogen_bonds=2,hydrogen_bonds=2,0.8461538461538461,1.0,0.9166666666666666,0.8461538461538461,11,11,13,0.5,0.5,0.5,0.3333333333333333,1,2,2
1IKT,vina_pose,10,A:OXN:123,A:OXN:123,RDKit,25,3.0340425573811585,4,2.4996610770262437,NA,NA,2,3,hydrogen_bonds=2,hydrogen_bonds=3,0.8333333333333334,0.9090909090909091,0.8695652173913043,0.7692307692307693,10,11,12,0.6666666666666666,1.0,0.8,0.6666666666666666,2,2,3
1IKT,vina_pose,11,A:OXN:123,A:OXN:123,RDKit,25,3.2859729152870383,4,2.752004496725976,NA,NA,2,1,hydrogen_bonds=2,hydrogen_bonds=1,0.8333333333333334,0.9090909090909091,0.8695652173913043,0.7692307692307693,10,11,12,0.0,0.0,0.0,0.0,0,2,1
1IKT,vina_pose,12,A:OXN:123,A:OXN:123,RDKit,25,3.110656991698056,4,2.561802490435202,NA,NA,2,2,hydrogen_bonds=2,hydrogen_bonds=2,0.7692307692307693,0.9090909090909091,0.8333333333333333,0.7142857142857143,10,11,13,0.5,0.5,0.5,0.3333333333333333,1,2,2
1IKT,vina_pose,13,A:OXN:123,A:OXN:123,RDKit,25,3.3285939133514018,4,2.3350395606927092,NA,NA,2,3,hydrogen_bonds=2,hydrogen_bonds=3,0.8181818181818182,0.8181818181818182,0.8181818181818182,0.6923076923076923,9,11,11,0.6666666666666666,1.0,0.8,0.6666666666666666,2,2,3
1IKT,vina_pose,14,A:OXN:123,A:OXN:123,RDKit,25,3.1405215235689763,4,2.312021896522609,NA,NA,2,3,hydrogen_bonds=2,hydrogen_bonds=3,0.8181818181818182,0.8181818181818182,0.8181818181818182,0.6923076923076923,9,11,11,0.6666666666666666,1.0,0.8,0.6666666666666666,2,2,3
1IKT,vina_pose,15,A:OXN:123,A:OXN:123,RDKit,25,2.558557695265049,4,2.324940859462882,NA,NA,2,1,hydrogen_bonds=2,hydrogen_bonds=1,0.8,0.7272727272727273,0.761904761904762,0.6153846153846154,8,11,10,0.0,0.0,0.0,0.0,0,2,1
1IKT,vina_pose,16,A:OXN:123,A:OXN:123,RDKit,25,3.989879366597442,4,4.249311856053871,NA,NA,2,3,hydrogen_bonds=2,hydrogen_bonds=3,0.7272727272727273,0.7272727272727273,0.7272727272727273,0.5714285714285714,8,11,11,0.3333333333333333,0.5,0.4,0.25,1,2,3
1IKT,vina_pose,17,A:OXN:123,A:OXN:123,RDKit,25,2.6906442648555386,4,2.4994043790471356,NA,NA,2,1,hydrogen_bonds=2,hydrogen_bonds=1,0.8461538461538461,1.0,0.9166666666666666,0.8461538461538461,11,11,13,0.0,0.0,0.0,0.0,0,2,1
1IKT,vina_pose,18,A:OXN:123,A:OXN:123,RDKit,25,3.9118502680956486,4,4.2792822120070575,NA,NA,2,3,hydrogen_bonds=2,hydrogen_bonds=3,0.6923076923076923,0.8181818181818182,0.7500000000000001,0.6,9,11,13,0.3333333333333333,0.5,0.4,0.25,1,2,3
1IKT,vina_pose,19,A:OXN:123,A:OXN:123,RDKit,25,2.76579216862005,4,2.7813237405954747,NA,NA,2,2,hydrogen_bonds=2,hydrogen_bonds=2,0.75,0.8181818181818182,0.7826086956521738,0.6428571428571429,9,11,12,1.0,1.0,1.0,1.0,2,2,2
1IKT,vina_pose,20,A:OXN:123,A:OXN:123,RDKit,25,4.51714512053797,4,4.0258986884918,NA,NA,2,2,hydrogen_bonds=2,hydrogen_bonds=2,0.75,0.8181818181818182,0.7826086956521738,0.6428571428571429,9,11,12,0.5,0.5,0.5,0.3333333333333333,1,2,2
1LID,boltz,1,A:OLA:132,C:OLA:1,RDKit,20,4.46803182540988,3,1.7396832355281109,131,0.37998129904842887,2,2,hydrogen_bonds=2,hydrogen_bonds=2,0.8333333333333334,1.0,0.9090909090909091,0.8333333333333334,5,5,6,1.0,1.0,1.0,1.0,2,2,2
1LID,vina_pose,1,A:OLA:132,L:UNL:1,RDKit,20,4.561920620747363,3,8.151840589707335,NA,NA,2,3,hydrogen_bonds=2,hydrogen_bonds=3,0.0,0.0,0.0,0.0,0,5,8,0.0,0.0,0.0,0.0,0,2,3
1LID,vina_pose,2,A:OLA:132,L:UNL:1,RDKit,20,4.81747992730639,3,1.705295673287578,NA,NA,2,2,hydrogen_bonds=2,hydrogen_bonds=2,1.0,0.8,0.888888888888889,0.8,4,5,4,1.0,1.0,1.0,1.0,2,2,2
1LID,vina_pose,3,A:OLA:132,L:UNL:1,RDKit,20,6.252997105388742,3,3.0502964883215316,NA,NA,2,3,hydrogen_bonds=2,hydrogen_bonds=3,0.5,0.4,0.4444444444444445,0.2857142857142857,2,5,4,0.6666666666666666,1.0,0.8,0.6666666666666666,2,2,3
1LID,vina_pose,4,A:OLA:132,L:UNL:1,RDKit,20,7.134707166380412,3,7.073883586828385,NA,NA,2,3,hydrogen_bonds=2,hydrogen_bonds=3,0.0,0.0,0.0,0.0,0,5,6,0.0,0.0,0.0,0.0,0,2,3
1LID,vina_pose,5,A:OLA:132,L:UNL:1,RDKit,20,5.41003060989492,3,8.056554350341097,NA,NA,2,2,hydrogen_bonds=2,hydrogen_bonds=2,0.0,0.0,0.0,0.0,0,5,8,0.0,0.0,0.0,0.0,0,2,2
1LID,vina_pose,6,A:OLA:132,L:UNL:1,RDKit,20,6.092374270348139,3,7.821657049500449,NA,NA,2,2,hydrogen_bonds=2,hydrogen_bonds=2,0.0,0.0,0.0,0.0,0,5,6,0.0,0.0,0.0,0.0,0,2,2
1LID,vina_pose,7,A:OLA:132,L:UNL:1,RDKit,20,4.980366422262524,3,8.241987240142194,NA,NA,2,3,hydrogen_bonds=2,hydrogen_bonds=3,0.0,0.0,0.0,0.0,0,5,8,0.0,0.0,0.0,0.0,0,2,3
1LID,vina_pose,8,A:OLA:132,L:UNL:1,RDKit,20,4.980674959280118,3,7.532406808805096,NA,NA,2,2,hydrogen_bonds=2,hydrogen_bonds=2,0.0,0.0,0.0,0.0,0,5,6,0.0,0.0,0.0,0.0,0,2,2
1LID,vina_pose,9,A:OLA:132,L:UNL:1,RDKit,20,6.7915834714740875,3,8.627078338966603,NA,NA,2,2,hydrogen_bonds=2,hydrogen_bonds=2,0.0,0.0,0.0,0.0,0,5,7,0.0,0.0,0.0,0.0,0,2,2
1LID,vina_pose,10,A:OLA:132,L:UNL:1,RDKit,20,5.509345678027473,3,1.4412600968134288,NA,NA,2,2,hydrogen_bonds=2,hydrogen_bonds=2,0.8,0.8,0.8000000000000002,0.6666666666666666,4,5,5,1.0,1.0,1.0,1.0,2,2,2
1LID,vina_pose,11,A:OLA:132,L:UNL:1,RDKit,20,7.483469499503555,3,6.572490852028627,NA,NA,2,3,hydrogen_bonds=2,hydrogen_bonds=3,0.0,0.0,0.0,0.0,0,5,5,0.0,0.0,0.0,0.0,0,2,3
1LID,vina_pose,12,A:OLA:132,L:UNL:1,RDKit,20,7.6790365997304635,3,7.685705974946825,NA,NA,2,3,hydrogen_bonds=2,hydrogen_bonds=3,0.0,0.0,0.0,0.0,0,5,8,0.0,0.0,0.0,0.0,0,2,3
1LID,vina_pose,13,A:OLA:132,L:UNL:1,RDKit,20,4.943776294493917,3,7.371064486671288,NA,NA,2,2,hydrogen_bonds=2,hydrogen_bonds=2,0.0,0.0,0.0,0.0,0,5,8,0.0,0.0,0.0,0.0,0,2,2
1LID,vina_pose,14,A:OLA:132,L:UNL:1,RDKit,20,4.726795225097022,3,3.254839268945036,NA,NA,2,3,hydrogen_bonds=2,hydrogen_bonds=3,0.5,0.4,0.4444444444444445,0.2857142857142857,2,5,4,0.6666666666666666,1.0,0.8,0.6666666666666666,2,2,3
1LID,vina_pose,15,A:OLA:132,L:UNL:1,RDKit,20,6.618075483099298,3,6.786529230762953,NA,NA,2,3,hydrogen_bonds=2,hydrogen_bonds=3,0.0,0.0,0.0,0.0,0,5,6,0.0,0.0,0.0,0.0,0,2,3
1LID,vina_pose,16,A:OLA:132,L:UNL:1,RDKit,20,3.2264709358678574,3,2.350374721897195,NA,NA,2,3,hydrogen_bonds=2,hydrogen_bonds=3,0.5,0.6,0.5454545454545454,0.375,3,5,6,0.6666666666666666,1.0,0.8,0.6666666666666666,2,2,3
1LID,vina_pose,17,A:OLA:132,L:UNL:1,RDKit,20,4.661373885454804,3,8.015434007796047,NA,NA,2,3,hydrogen_bonds=2,hydrogen_bonds=3,0.0,0.0,0.0,0.0,0,5,7,0.0,0.0,0.0,0.0,0,2,3
1LID,vina_pose,18,A:OLA:132,L:UNL:1,RDKit,20,7.961342383668724,3,10.802948316701942,NA,NA,2,2,hydrogen_bonds=2,hydrogen_bonds=2,0.0,0.0,0.0,0.0,0,5,6,0.0,0.0,0.0,0.0,0,2,2
1LID,vina_pose,19,A:OLA:132,L:UNL:1,RDKit,20,4.104396502532377,3,2.216797915913854,NA,NA,2,2,hydrogen_bonds=2,hydrogen_bonds=2,0.4,0.4,0.4000000000000001,0.25,2,5,5,1.0,1.0,1.0,1.0,2,2,2
1LID,vina_pose,20,A:OLA:132,L:UNL:1,RDKit,20,6.5960738701139485,3,5.985349975843798,NA,NA,2,2,hydrogen_bonds=2,hydrogen_bonds=2,0.0,0.0,0.0,0.0,0,5,4,0.0,0.0,0.0,0.0,0,2,2
1LN1,boltz,1,A:DLP:2313,B:DLP:1,RDKit,54,0.9822414255417531,7,0.5048950344620965,203,0.4110377020234384,6,6,attractive_charge=1;hydrogen_bonds=3;ionic=1;salt_bridge=1,attractive_charge=1;hydrogen_bonds=3;ionic=1;salt_bridge=1,1.0,0.7777777777777778,0.8750000000000001,0.7777777777777778,7,9,7,1.0,1.0,1.0,1.0,6,6,6
1LN1,vina_pose,1,A:DLP:2313,L:UNL:1,RDKit,54,7.288026457700888,7,0.6150735147699251,NA,NA,6,6,attractive_charge=1;hydrogen_bonds=3;ionic=1;salt_bridge=1,attractive_charge=1;hydrogen_bonds=3;ionic=1;salt_bridge=1,0.8571428571428571,0.6666666666666666,0.75,0.6,6,9,7,1.0,1.0,1.0,1.0,6,6,6
1LN1,vina_pose,2,A:DLP:2313,L:UNL:1,RDKit,54,7.505682566981919,7,7.0539933978664076,NA,NA,6,2,attractive_charge=1;hydrogen_bonds=3;ionic=1;salt_bridge=1,hydrogen_bonds=2,0.0,0.0,0.0,0.0,0,9,6,0.0,0.0,0.0,0.0,0,6,2
1LN1,vina_pose,3,A:DLP:2313,L:UNL:1,RDKit,54,7.600009003405972,7,0.5991362830894863,NA,NA,6,6,attractive_charge=1;hydrogen_bonds=3;ionic=1;salt_bridge=1,attractive_charge=1;hydrogen_bonds=3;ionic=1;salt_bridge=1,1.0,1.0,1.0,1.0,9,9,9,1.0,1.0,1.0,1.0,6,6,6
1LN1,vina_pose,4,A:DLP:2313,L:UNL:1,RDKit,54,7.182083974879591,7,7.280811561907093,NA,NA,6,2,attractive_charge=1;hydrogen_bonds=3;ionic=1;salt_bridge=1,hydrogen_bonds=2,0.0,0.0,0.0,0.0,0,9,6,0.0,0.0,0.0,0.0,0,6,2
1LN1,vina_pose,5,A:DLP:2313,L:UNL:1,RDKit,54,5.582697851065943,7,2.4072122584314952,NA,NA,6,1,attractive_charge=1;hydrogen_bonds=3;ionic=1;salt_bridge=1,hydrogen_bonds=1,0.8571428571428571,0.6666666666666666,0.75,0.6,6,9,7,1.0,0.16666666666666666,0.2857142857142857,0.16666666666666666,1,6,1
1LN1,vina_pose,6,A:DLP:2313,L:UNL:1,RDKit,54,7.932556881938205,7,2.8629716579606077,NA,NA,6,6,attractive_charge=1;hydrogen_bonds=3;ionic=1;salt_bridge=1,attractive_charge=1;hydrogen_bonds=3;ionic=1;salt_bridge=1,1.0,0.7777777777777778,0.8750000000000001,0.7777777777777778,7,9,7,1.0,1.0,1.0,1.0,6,6,6
1LN1,vina_pose,7,A:DLP:2313,L:UNL:1,RDKit,54,6.301192877954552,7,4.91839940573005,NA,NA,6,3,attractive_charge=1;hydrogen_bonds=3;ionic=1;salt_bridge=1,hydrogen_bonds=3,0.5555555555555556,0.5555555555555556,0.5555555555555556,0.38461538461538464,5,9,9,0.3333333333333333,0.16666666666666666,0.2222222222222222,0.125,1,6,3
1LN1,vina_pose,8,A:DLP:2313,L:UNL:1,RDKit,54,6.8405948923672915,7,4.9526184416499754,NA,NA,6,2,attractive_charge=1;hydrogen_bonds=3;ionic=1;salt_bridge=1,hydrogen_bonds=2,0.5555555555555556,0.5555555555555556,0.5555555555555556,0.38461538461538464,5,9,9,0.5,0.16666666666666666,0.25,0.14285714285714285,1,6,2
1LN1,vina_pose,9,A:DLP:2313,L:UNL:1,RDKit,54,8.394693452810927,7,8.14651481134286,NA,NA,6,4,attractive_charge=1;hydrogen_bonds=3;ionic=1;salt_bridge=1,hydrogen_bonds=4,0.0,0.0,0.0,0.0,0,9,7,0.0,0.0,0.0,0.0,0,6,4
1LN1,vina_pose,10,A:DLP:2313,L:UNL:1,RDKit,54,6.566247864535614,7,7.996717523012625,NA,NA,6,4,attractive_charge=1;hydrogen_bonds=3;ionic=1;salt_bridge=1,hydrogen_bonds=4,0.0,0.0,0.0,0.0,0,9,7,0.0,0.0,0.0,0.0,0,6,4
1LN1,vina_pose,11,A:DLP:2313,L:UNL:1,RDKit,54,4.086260071308527,7,1.3775378656968298,NA,NA,6,6,attractive_charge=1;hydrogen_bonds=3;ionic=1;salt_bridge=1,attractive_charge=1;hydrogen_bonds=3;ionic=1;salt_bridge=1,0.875,0.7777777777777778,0.823529411764706,0.7,7,9,8,1.0,1.0,1.0,1.0,6,6,6
1LN1,vina_pose,12,A:DLP:2313,L:UNL:1,RDKit,54,7.355164655608406,7,0.7030445017412276,NA,NA,6,5,attractive_charge=1;hydrogen_bonds=3;ionic=1;salt_bridge=1,attractive_charge=1;hydrogen_bonds=2;ionic=1;salt_bridge=1,0.8888888888888888,0.8888888888888888,0.8888888888888888,0.8,8,9,9,1.0,0.8333333333333334,0.9090909090909091,0.8333333333333334,5,6,5
1LN1,vina_pose,13,A:DLP:2313,L:UNL:1,RDKit,54,6.953323579145177,7,0.8325317668756801,NA,NA,6,6,attractive_charge=1;hydrogen_bonds=3;ionic=1;salt_bridge=1,attractive_charge=1;hydrogen_bonds=3;ionic=1;salt_bridge=1,0.875,0.7777777777777778,0.823529411764706,0.7,7,9,8,1.0,1.0,1.0,1.0,6,6,6
1LN1,vina_pose,14,A:DLP:2313,L:UNL:1,RDKit,54,6.181580396929551,7,1.254172009164384,NA,NA,6,6,attractive_charge=1;hydrogen_bonds=3;ionic=1;salt_bridge=1,attractive_charge=1;hydrogen_bonds=3;ionic=1;salt_bridge=1,0.8888888888888888,0.8888888888888888,0.8888888888888888,0.8,8,9,9,1.0,1.0,1.0,1.0,6,6,6
1LN1,vina_pose,15,A:DLP:2313,L:UNL:1,RDKit,54,7.299585570427954,7,3.0463497594896842,NA,NA,6,5,attractive_charge=1;hydrogen_bonds=3;ionic=1;salt_bridge=1,attractive_charge=1;hydrogen_bonds=2;ionic=1;salt_bridge=1,0.875,0.7777777777777778,0.823529411764706,0.7,7,9,8,1.0,0.8333333333333334,0.9090909090909091,0.8333333333333334,5,6,5
1LN1,vina_pose,16,A:DLP:2313,L:UNL:1,RDKit,54,6.37926567380894,7,7.445127160000118,NA,NA,6,3,attractive_charge=1;hydrogen_bonds=3;ionic=1;salt_bridge=1,hydrogen_bonds=3,0.0,0.0,0.0,0.0,0,9,7,0.0,0.0,0.0,0.0,0,6,3
1LN1,vina_pose,17,A:DLP:2313,L:UNL:1,RDKit,54,7.811448013913558,7,1.4350145842962216,NA,NA,6,6,attractive_charge=1;hydrogen_bonds=3;ionic=1;salt_bridge=1,attractive_charge=1;hydrogen_bonds=3;ionic=1;salt_bridge=1,0.8888888888888888,0.8888888888888888,0.8888888888888888,0.8,8,9,9,1.0,1.0,1.0,1.0,6,6,6
1LN1,vina_pose,18,A:DLP:2313,L:UNL:1,RDKit,54,6.3305866821915275,7,3.9915117436880987,NA,NA,6,3,attractive_charge=1;hydrogen_bonds=3;ionic=1;salt_bridge=1,hydrogen_bonds=3,0.6666666666666666,0.6666666666666666,0.6666666666666666,0.5,6,9,9,0.3333333333333333,0.16666666666666666,0.2222222222222222,0.125,1,6,3
1LN1,vina_pose,19,A:DLP:2313,L:UNL:1,RDKit,54,7.529116891552865,7,3.277987840995491,NA,NA,6,3,attractive_charge=1;hydrogen_bonds=3;ionic=1;salt_bridge=1,hydrogen_bonds=3,0.7777777777777778,0.7777777777777778,0.7777777777777778,0.6363636363636364,7,9,9,0.6666666666666666,0.3333333333333333,0.4444444444444444,0.2857142857142857,2,6,3
1LN1,vina_pose,20,A:DLP:2313,L:UNL:1,RDKit,54,6.848783081957239,7,2.551687592835098,NA,NA,6,5,attractive_charge=1;hydrogen_bonds=3;ionic=1;salt_bridge=1,attractive_charge=1;hydrogen_bonds=2;ionic=1;salt_bridge=1,0.875,0.7777777777777778,0.823529411764706,0.7,7,9,8,1.0,0.8333333333333334,0.9090909090909091,0.8333333333333334,5,6,5
1LRI,boltz,1,A:CLR:99,B:CLR:1,RDKit,28,0.7549396794796053,1,0.3259521693563084,98,0.3332765040326037,1,1,hydrogen_bonds=1,hydrogen_bonds=1,1.0,0.75,0.8571428571428571,0.75,3,4,3,1.0,1.0,1.0,1.0,1,1,1
1LRI,vina_pose,1,A:CLR:99,A:CLR:99,RDKit,28,1.2026813792522106,1,0.5347008509437776,NA,NA,1,1,hydrogen_bonds=1,hydrogen_bonds=1,1.0,0.75,0.8571428571428571,0.75,3,4,3,1.0,1.0,1.0,1.0,1,1,1
1LRI,vina_pose,2,A:CLR:99,A:CLR:99,RDKit,28,2.0059624426764753,1,0.9890915023393944,NA,NA,1,1,hydrogen_bonds=1,hydrogen_bonds=1,0.75,0.75,0.75,0.6,3,4,4,1.0,1.0,1.0,1.0,1,1,1
1LRI,vina_pose,3,A:CLR:99,A:CLR:99,RDKit,28,9.17672335702829,1,15.239916732055987,NA,NA,1,0,hydrogen_bonds=1,none=0,0.0,0.0,0.0,0.0,0,4,5,0.0,0.0,0.0,0.0,0,1,0
1LRI,vina_pose,4,A:CLR:99,A:CLR:99,RDKit,28,9.683100447982262,1,17.499862713747216,NA,NA,1,1,hydrogen_bonds=1,hydrogen_bonds=1,0.0,0.0,0.0,0.0,0,4,6,0.0,0.0,0.0,0.0,0,1,1
1LRI,vina_pose,5,A:CLR:99,A:CLR:99,RDKit,28,8.961042515482543,1,15.550873673205631,NA,NA,1,2,hydrogen_bonds=1,hydrogen_bonds=2,0.0,0.0,0.0,0.0,0,4,4,0.0,0.0,0.0,0.0,0,1,2
1LRI,vina_pose,6,A:CLR:99,A:CLR:99,RDKit,28,9.506007010607256,1,18.205748817337888,NA,NA,1,1,hydrogen_bonds=1,hydrogen_bonds=1,0.0,0.0,0.0,0.0,0,4,3,0.0,0.0,0.0,0.0,0,1,1
1LRI,vina_pose,7,A:CLR:99,A:CLR:99,RDKit,28,9.45385173581949,1,15.477237027325002,NA,NA,1,0,hydrogen_bonds=1,none=0,0.0,0.0,0.0,0.0,0,4,4,0.0,0.0,0.0,0.0,0,1,0
1LRI,vina_pose,8,A:CLR:99,A:CLR:99,RDKit,28,3.71903721219811,1,3.971271458865536,NA,NA,1,0,hydrogen_bonds=1,none=0,0.4,0.5,0.4444444444444445,0.2857142857142857,2,4,5,0.0,0.0,0.0,0.0,0,1,0
1LRI,vina_pose,9,A:CLR:99,A:CLR:99,RDKit,28,9.858783451463834,1,18.1736145276607,NA,NA,1,1,hydrogen_bonds=1,hydrogen_bonds=1,0.0,0.0,0.0,0.0,0,4,2,0.0,0.0,0.0,0.0,0,1,1
1LRI,vina_pose,10,A:CLR:99,A:CLR:99,RDKit,28,2.2262335104065665,1,0.5549315273076484,NA,NA,1,1,hydrogen_bonds=1,hydrogen_bonds=1,1.0,0.75,0.8571428571428571,0.75,3,4,3,1.0,1.0,1.0,1.0,1,1,1
1LRI,vina_pose,11,A:CLR:99,A:CLR:99,RDKit,28,3.0371712461715803,1,0.8008582895868658,NA,NA,1,1,hydrogen_bonds=1,hydrogen_bonds=1,1.0,0.75,0.8571428571428571,0.75,3,4,3,1.0,1.0,1.0,1.0,1,1,1
1LRI,vina_pose,12,A:CLR:99,A:CLR:99,RDKit,28,3.239011687889643,1,0.9524599729122472,NA,NA,1,1,hydrogen_bonds=1,hydrogen_bonds=1,0.75,0.75,0.75,0.6,3,4,4,1.0,1.0,1.0,1.0,1,1,1
1LRI,vina_pose,13,A:CLR:99,A:CLR:99,RDKit,28,2.925660163596781,1,1.8917901574963332,NA,NA,1,1,hydrogen_bonds=1,hydrogen_bonds=1,0.75,0.75,0.75,0.6,3,4,4,1.0,1.0,1.0,1.0,1,1,1
1LRI,vina_pose,14,A:CLR:99,A:CLR:99,RDKit,28,9.150184502433348,1,16.052829719398385,NA,NA,1,0,hydrogen_bonds=1,none=0,0.0,0.0,0.0,0.0,0,4,3,0.0,0.0,0.0,0.0,0,1,0
1LV2,boltz,1,A:PLM:328,B:PLM:1,RDKit,18,1.2978632351507087,3,1.786075340327871,225,1.8524815454549266,2,2,hydrogen_bonds=2,hydrogen_bonds=2,0.9,0.9,0.9,0.8181818181818182,9,10,10,1.0,1.0,1.0,1.0,2,2,2
1LV2,vina_pose,1,A:PLM:328,L:UNL:1,RDKit,18,8.70976636693928,3,13.846013469587556,NA,NA,2,3,hydrogen_bonds=2,hydrogen_bonds=3,0.0,0.0,0.0,0.0,0,10,6,0.0,0.0,0.0,0.0,0,2,3
1LV2,vina_pose,2,A:PLM:328,L:UNL:1,RDKit,18,8.549114281608361,3,12.641356216798895,NA,NA,2,0,hydrogen_bonds=2,none=0,0.0,0.0,0.0,0.0,0,10,6,0.0,0.0,0.0,0.0,0,2,0
1LV2,vina_pose,3,A:PLM:328,L:UNL:1,RDKit,18,2.5890454053784198,3,1.9517440064379998,NA,NA,2,2,hydrogen_bonds=2,hydrogen_bonds=2,1.0,0.9,0.9473684210526316,0.9,9,10,9,0.5,0.5,0.5,0.3333333333333333,1,2,2
1LV2,vina_pose,4,A:PLM:328,L:UNL:1,RDKit,18,3.138731413945591,3,4.761897345946607,NA,NA,2,0,hydrogen_bonds=2,none=0,0.5,0.4,0.4444444444444445,0.2857142857142857,4,10,8,0.0,0.0,0.0,0.0,0,2,0
1LV2,vina_pose,5,A:PLM:328,L:UNL:1,RDKit,18,2.9971740115574796,3,1.9933682549895253,NA,NA,2,2,hydrogen_bonds=2,hydrogen_bonds=2,1.0,0.7,0.8235294117647058,0.7,7,10,7,0.5,0.5,0.5,0.3333333333333333,1,2,2
1LV2,vina_pose,6,A:PLM:328,L:UNL:1,RDKit,18,8.762300519206637,3,13.756719667129953,NA,NA,2,3,hydrogen_bonds=2,hydrogen_bonds=3,0.0,0.0,0.0,0.0,0,10,6,0.0,0.0,0.0,0.0,0,2,3
1LV2,vina_pose,7,A:PLM:328,L:UNL:1,RDKit,18,3.7816833479873018,3,5.361388812611897,NA,NA,2,0,hydrogen_bonds=2,none=0,0.42857142857142855,0.3,0.3529411764705882,0.21428571428571427,3,10,7,0.0,0.0,0.0,0.0,0,2,0
1LV2,vina_pose,8,A:PLM:328,L:UNL:1,RDKit,18,8.307579594696774,3,11.743714858027957,NA,NA,2,2,hydrogen_bonds=2,hydrogen_bonds=2,0.0,0.0,0.0,0.0,0,10,6,0.0,0.0,0.0,0.0,0,2,2
1LV2,vina_pose,9,A:PLM:328,L:UNL:1,RDKit,18,2.0703874570288106,3,1.5212295465620347,NA,NA,2,3,hydrogen_bonds=2,hydrogen_bonds=3,0.9,0.9,0.9,0.8181818181818182,9,10,10,0.6666666666666666,1.0,0.8,0.6666666666666666,2,2,3
1LV2,vina_pose,10,A:PLM:328,L:UNL:1,RDKit,18,8.31735872538071,3,12.072427828182144,NA,NA,2,1,hydrogen_bonds=2,hydrogen_bonds=1,0.16666666666666666,0.1,0.125,0.06666666666666667,1,10,6,0.0,0.0,0.0,0.0,0,2,1
1LV2,vina_pose,11,A:PLM:328,L:UNL:1,RDKit,18,8.545977994875068,3,12.555839969246714,NA,NA,2,0,hydrogen_bonds=2,none=0,0.14285714285714285,0.1,0.11764705882352941,0.0625,1,10,7,0.0,0.0,0.0,0.0,0,2,0
1LV2,vina_pose,12,A:PLM:328,L:UNL:1,RDKit,18,2.259613056845499,3,2.972970624364344,NA,NA,2,0,hydrogen_bonds=2,none=0,0.75,0.6,0.6666666666666665,0.5,6,10,8,0.0,0.0,0.0,0.0,0,2,0
1LV2,vina_pose,13,A:PLM:328,L:UNL:1,RDKit,18,8.606416792138294,3,13.608411038765691,NA,NA,2,3,hydrogen_bonds=2,hydrogen_bonds=3,0.0,0.0,0.0,0.0,0,10,7,0.0,0.0,0.0,0.0,0,2,3
1LV2,vina_pose,14,A:PLM:328,L:UNL:1,RDKit,18,1.7155775995273421,3,1.8783970116387327,NA,NA,2,2,hydrogen_bonds=2,hydrogen_bonds=2,0.8888888888888888,0.8,0.8421052631578948,0.7272727272727273,8,10,9,0.5,0.5,0.5,0.3333333333333333,1,2,2
1LV2,vina_pose,15,A:PLM:328,L:UNL:1,RDKit,18,2.340539004873307,3,3.2538598617641767,NA,NA,2,0,hydrogen_bonds=2,none=0,0.8571428571428571,0.6,0.7058823529411764,0.5454545454545454,6,10,7,0.0,0.0,0.0,0.0,0,2,0
1LV2,vina_pose,16,A:PLM:328,L:UNL:1,RDKit,18,8.923727864519401,3,13.899360201102784,NA,NA,2,2,hydrogen_bonds=2,hydrogen_bonds=2,0.0,0.0,0.0,0.0,0,10,6,0.0,0.0,0.0,0.0,0,2,2
1LV2,vina_pose,17,A:PLM:328,L:UNL:1,RDKit,18,7.909579557585712,3,10.532319038717604,NA,NA,2,0,hydrogen_bonds=2,none=0,0.16666666666666666,0.1,0.125,0.06666666666666667,1,10,6,0.0,0.0,0.0,0.0,0,2,0
1LV2,vina_pose,18,A:PLM:328,L:UNL:1,RDKit,18,2.607332875223686,3,3.6317035029491738,NA,NA,2,1,hydrogen_bonds=2,hydrogen_bonds=1,0.8333333333333334,0.5,0.625,0.45454545454545453,5,10,6,0.0,0.0,0.0,0.0,0,2,1
1LV2,vina_pose,19,A:PLM:328,L:UNL:1,RDKit,18,1.7018759420775118,3,1.9095428772352787,NA,NA,2,2,hydrogen_bonds=2,hydrogen_bonds=2,0.8888888888888888,0.8,0.8421052631578948,0.7272727272727273,8,10,9,1.0,1.0,1.0,1.0,2,2,2
1MZM,boltz,1,A:PLM:201,B:PLM:1,RDKit,18,1.843265283452893,3,2.222597512449321,93,0.17396225111638447,1,1,hydrogen_bonds=1,hydrogen_bonds=1,0.5555555555555556,0.8333333333333334,0.6666666666666667,0.5,5,6,9,1.0,1.0,1.0,1.0,1,1,1
1MZM,vina_pose,1,A:PLM:201,L:UNL:1,RDKit,18,3.3361015838516925,3,4.5605280761479055,NA,NA,1,1,hydrogen_bonds=1,hydrogen_bonds=1,0.3333333333333333,0.3333333333333333,0.3333333333333333,0.2,2,6,6,0.0,0.0,0.0,0.0,0,1,1
1MZM,vina_pose,2,A:PLM:201,L:UNL:1,RDKit,18,2.6433034256399703,3,3.280725377107933,NA,NA,1,1,hydrogen_bonds=1,hydrogen_bonds=1,0.42857142857142855,0.5,0.4615384615384615,0.3,3,6,7,1.0,1.0,1.0,1.0,1,1,1
1MZM,vina_pose,3,A:PLM:201,L:UNL:1,RDKit,18,9.206625600318741,3,13.63314695879128,NA,NA,1,1,hydrogen_bonds=1,hydrogen_bonds=1,0.0,0.0,0.0,0.0,0,6,9,0.0,0.0,0.0,0.0,0,1,1
1MZM,vina_pose,4,A:PLM:201,L:UNL:1,RDKit,18,4.4360305141220815,3,5.1104791360497694,NA,NA,1,1,hydrogen_bonds=1,hydrogen_bonds=1,0.2857142857142857,0.3333333333333333,0.30769230769230765,0.18181818181818182,2,6,7,0.0,0.0,0.0,0.0,0,1,1
1MZM,vina_pose,5,A:PLM:201,L:UNL:1,RDKit,18,2.2476493523481613,3,2.9444779390128435,NA,NA,1,1,hydrogen_bonds=1,hydrogen_bonds=1,0.375,0.5,0.42857142857142855,0.2727272727272727,3,6,8,1.0,1.0,1.0,1.0,1,1,1
1MZM,vina_pose,6,A:PLM:201,L:UNL:1,RDKit,18,3.1340192600273244,3,4.3842255872616755,NA,NA,1,2,hydrogen_bonds=1,hydrogen_bonds=2,0.3333333333333333,0.3333333333333333,0.3333333333333333,0.2,2,6,6,0.0,0.0,0.0,0.0,0,1,2
1MZM,vina_pose,7,A:PLM:201,L:UNL:1,RDKit,18,3.467426815698093,3,4.581995016729429,NA,NA,1,2,hydrogen_bonds=1,hydrogen_bonds=2,0.25,0.3333333333333333,0.28571428571428575,0.16666666666666666,2,6,8,0.0,0.0,0.0,0.0,0,1,2
1MZM,vina_pose,8,A:PLM:201,L:UNL:1,RDKit,18,9.282377703656175,3,13.133018541066631,NA,NA,1,1,hydrogen_bonds=1,hydrogen_bonds=1,0.0,0.0,0.0,0.0,0,6,7,0.0,0.0,0.0,0.0,0,1,1
1MZM,vina_pose,9,A:PLM:201,L:UNL:1,RDKit,18,3.4348809214359157,3,4.347236670192532,NA,NA,1,2,hydrogen_bonds=1,hydrogen_bonds=2,0.3333333333333333,0.3333333333333333,0.3333333333333333,0.2,2,6,6,0.0,0.0,0.0,0.0,0,1,2
1MZM,vina_pose,10,A:PLM:201,L:UNL:1,RDKit,18,3.5404018839674114,3,4.106137804149618,NA,NA,1,1,hydrogen_bonds=1,hydrogen_bonds=1,0.5,0.5,0.5,0.3333333333333333,3,6,6,0.0,0.0,0.0,0.0,0,1,1
1MZM,vina_pose,11,A:PLM:201,L:UNL:1,RDKit,18,2.115298087740828,3,1.89247324948069,NA,NA,1,1,hydrogen_bonds=1,hydrogen_bonds=1,1.0,1.0,1.0,1.0,6,6,6,1.0,1.0,1.0,1.0,1,1,1
1MZM,vina_pose,12,A:PLM:201,L:UNL:1,RDKit,18,4.1000755074347905,3,5.224054077055477,NA,NA,1,2,hydrogen_bonds=1,hydrogen_bonds=2,0.3333333333333333,0.3333333333333333,0.3333333333333333,0.2,2,6,6,0.0,0.0,0.0,0.0,0,1,2
1MZM,vina_pose,13,A:PLM:201,L:UNL:1,RDKit,18,2.329269472984561,3,2.9928507591703712,NA,NA,1,1,hydrogen_bonds=1,hydrogen_bonds=1,0.375,0.5,0.42857142857142855,0.2727272727272727,3,6,8,1.0,1.0,1.0,1.0,1,1,1
1MZM,vina_pose,14,A:PLM:201,L:UNL:1,RDKit,18,2.59655775338556,3,2.7277476667267693,NA,NA,1,1,hydrogen_bonds=1,hydrogen_bonds=1,0.6666666666666666,0.6666666666666666,0.6666666666666666,0.5,4,6,6,0.0,0.0,0.0,0.0,0,1,1
1MZM,vina_pose,15,A:PLM:201,L:UNL:1,RDKit,18,1.938739252423824,3,1.638932579455298,NA,NA,1,1,hydrogen_bonds=1,hydrogen_bonds=1,0.625,0.8333333333333334,0.7142857142857143,0.5555555555555556,5,6,8,1.0,1.0,1.0,1.0,1,1,1
1MZM,vina_pose,16,A:PLM:201,L:UNL:1,RDKit,18,9.63383736570682,3,13.689974019941257,NA,NA,1,3,hydrogen_bonds=1,hydrogen_bonds=3,0.0,0.0,0.0,0.0,0,6,7,0.0,0.0,0.0,0.0,0,1,3
1MZM,vina_pose,17,A:PLM:201,L:UNL:1,RDKit,18,2.673541253344211,3,2.035269351543753,NA,NA,1,1,hydrogen_bonds=1,hydrogen_bonds=1,0.8333333333333334,0.8333333333333334,0.8333333333333334,0.7142857142857143,5,6,6,0.0,0.0,0.0,0.0,0,1,1
1MZM,vina_pose,18,A:PLM:201,L:UNL:1,RDKit,18,9.552257039860033,3,13.517539544359886,NA,NA,1,0,hydrogen_bonds=1,none=0,0.0,0.0,0.0,0.0,0,6,8,0.0,0.0,0.0,0.0,0,1,0
1MZM,vina_pose,19,A:PLM:201,L:UNL:1,RDKit,18,2.516225104750721,3,2.9730858828272453,NA,NA,1,1,hydrogen_bonds=1,hydrogen_bonds=1,0.5714285714285714,0.6666666666666666,0.6153846153846153,0.4444444444444444,4,6,7,0.0,0.0,0.0,0.0,0,1,1
1MZM,vina_pose,20,A:PLM:201,L:UNL:1,RDKit,18,9.331072077264816,3,13.08954023893378,NA,NA,1,0,hydrogen_bonds=1,none=0,0.0,0.0,0.0,0.0,0,6,6,0.0,0.0,0.0,0.0,0,1,0
1N83,boltz,1,A:CLR:1000,B:CLR:1,RDKit,28,0.7383018893602158,1,0.45217614411637647,251,0.8702411796824652,0,1,none=0,hydrogen_bonds=1,0.5,0.6666666666666666,0.5714285714285715,0.4,2,3,4,NA,NA,NA,NA,0,0,1
1N83,vina_pose,1,A:CLR:1000,A:CLR:1000,RDKit,28,0.6363763767277532,1,0.37509598771514463,NA,NA,0,0,none=0,none=0,1.0,0.6666666666666666,0.8,0.6666666666666666,2,3,2,NA,NA,NA,NA,0,0,0
1N83,vina_pose,2,A:CLR:1000,A:CLR:1000,RDKit,28,4.528170444167112,1,3.6087605905629165,NA,NA,0,2,none=0,hydrogen_bonds=2,0.2,0.3333333333333333,0.25,0.14285714285714285,1,3,5,NA,NA,NA,NA,0,0,2
1N83,vina_pose,3,A:CLR:1000,A:CLR:1000,RDKit,28,9.503642777152049,1,10.799669670874197,NA,NA,0,0,none=0,none=0,0.0,0.0,0.0,0.0,0,3,4,NA,NA,NA,NA,0,0,0
1N83,vina_pose,4,A:CLR:1000,A:CLR:1000,RDKit,28,3.4876344367329715,1,3.415352397630441,NA,NA,0,1,none=0,hydrogen_bonds=1,0.2,0.3333333333333333,0.25,0.14285714285714285,1,3,5,NA,NA,NA,NA,0,0,1
1N83,vina_pose,5,A:CLR:1000,A:CLR:1000,RDKit,28,4.033648592067201,1,3.395615702637742,NA,NA,0,3,none=0,hydrogen_bonds=3,0.2,0.3333333333333333,0.25,0.14285714285714285,1,3,5,NA,NA,NA,NA,0,0,3
1N83,vina_pose,6,A:CLR:1000,A:CLR:1000,RDKit,28,3.7337571129589335,1,1.921726827621449,NA,NA,0,1,none=0,hydrogen_bonds=1,0.4,0.6666666666666666,0.5,0.3333333333333333,2,3,5,NA,NA,NA,NA,0,0,1
1N83,vina_pose,7,A:CLR:1000,A:CLR:1000,RDKit,28,3.01108690627535,1,3.9827520635861853,NA,NA,0,0,none=0,none=0,0.5,0.3333333333333333,0.4,0.25,1,3,2,NA,NA,NA,NA,0,0,0
1N83,vina_pose,8,A:CLR:1000,A:CLR:1000,RDKit,28,9.435102917903363,1,11.724232213667555,NA,NA,0,0,none=0,none=0,0.0,0.0,0.0,0.0,0,3,4,NA,NA,NA,NA,0,0,0
1N83,vina_pose,9,A:CLR:1000,A:CLR:1000,RDKit,28,9.130274223310993,1,11.418459134226474,NA,NA,0,0,none=0,none=0,0.0,0.0,0.0,0.0,0,3,5,NA,NA,NA,NA,0,0,0
1N83,vina_pose,10,A:CLR:1000,A:CLR:1000,RDKit,28,9.405107821968716,1,12.40894052689431,NA,NA,0,0,none=0,none=0,0.0,0.0,0.0,0.0,0,3,5,NA,NA,NA,NA,0,0,0
1N83,vina_pose,11,A:CLR:1000,A:CLR:1000,RDKit,28,9.50471443547885,1,12.04112312037378,NA,NA,0,0,none=0,none=0,0.0,0.0,0.0,0.0,0,3,3,NA,NA,NA,NA,0,0,0
1N83,vina_pose,12,A:CLR:1000,A:CLR:1000,RDKit,28,9.535990914125586,1,12.64316993479088,NA,NA,0,0,none=0,none=0,0.0,0.0,0.0,0.0,0,3,4,NA,NA,NA,NA,0,0,0
1N83,vina_pose,13,A:CLR:1000,A:CLR:1000,RDKit,28,9.269431932817827,1,13.335442249884327,NA,NA,0,0,none=0,none=0,0.0,0.0,0.0,0.0,0,3,5,NA,NA,NA,NA,0,0,0
1N83,vina_pose,14,A:CLR:1000,A:CLR:1000,RDKit,28,8.811143068783494,1,13.24738845961724,NA,NA,0,0,none=0,none=0,0.0,0.0,0.0,0.0,0,3,5,NA,NA,NA,NA,0,0,0
1N83,vina_pose,15,A:CLR:1000,A:CLR:1000,RDKit,28,9.102339697258378,1,13.666230972729824,NA,NA,0,0,none=0,none=0,0.0,0.0,0.0,0.0,0,3,5,NA,NA,NA,NA,0,0,0
1N83,vina_pose,16,A:CLR:1000,A:CLR:1000,RDKit,28,3.232995277492022,1,3.8544462637323154,NA,NA,0,1,none=0,hydrogen_bonds=1,0.0,0.0,0.0,0.0,0,3,2,NA,NA,NA,NA,0,0,1
1N83,vina_pose,17,A:CLR:1000,A:CLR:1000,RDKit,28,9.563690545868935,1,12.034678475140083,NA,NA,0,0,none=0,none=0,0.0,0.0,0.0,0.0,0,3,4,NA,NA,NA,NA,0,0,0
1N83,vina_pose,18,A:CLR:1000,A:CLR:1000,RDKit,28,9.110500023520741,1,13.331956833113434,NA,NA,0,0,none=0,none=0,0.0,0.0,0.0,0.0,0,3,5,NA,NA,NA,NA,0,0,0
1O8V,boltz,1,A:PLM:1136,B:PLM:1,RDKit,18,0.6400628507798836,3,0.31843997371817395,133,0.6656643611389435,3,3,hydrogen_bonds=3,hydrogen_bonds=3,0.625,1.0,0.7692307692307693,0.625,5,5,8,1.0,1.0,1.0,1.0,3,3,3
1O8V,vina_pose,1,A:PLM:1136,L:UNL:1,RDKit,18,6.685009332661981,3,7.945849063085287,NA,NA,3,3,hydrogen_bonds=3,hydrogen_bonds=3,0.0,0.0,0.0,0.0,0,5,9,0.0,0.0,0.0,0.0,0,3,3
1O8V,vina_pose,2,A:PLM:1136,L:UNL:1,RDKit,18,6.787775040467974,3,8.211813705469295,NA,NA,3,3,hydrogen_bonds=3,hydrogen_bonds=3,0.0,0.0,0.0,0.0,0,5,8,0.0,0.0,0.0,0.0,0,3,3
1O8V,vina_pose,3,A:PLM:1136,L:UNL:1,RDKit,18,6.755359781519988,3,8.157275300817874,NA,NA,3,3,hydrogen_bonds=3,hydrogen_bonds=3,0.0,0.0,0.0,0.0,0,5,8,0.0,0.0,0.0,0.0,0,3,3
1O8V,vina_pose,4,A:PLM:1136,L:UNL:1,RDKit,18,6.508829298217409,3,7.377061881264112,NA,NA,3,2,hydrogen_bonds=3,hydrogen_bonds=2,0.125,0.2,0.15384615384615385,0.08333333333333333,1,5,8,0.0,0.0,0.0,0.0,0,3,2
1O8V,vina_pose,5,A:PLM:1136,L:UNL:1,RDKit,18,6.234750182111015,3,8.325570571037959,NA,NA,3,3,hydrogen_bonds=3,hydrogen_bonds=3,0.0,0.0,0.0,0.0,0,5,8,0.0,0.0,0.0,0.0,0,3,3
1O8V,vina_pose,6,A:PLM:1136,L:UNL:1,RDKit,18,1.4633381169246034,3,0.6329086295298345,NA,NA,3,3,hydrogen_bonds=3,hydrogen_bonds=3,0.7142857142857143,1.0,0.8333333333333333,0.7142857142857143,5,5,7,1.0,1.0,1.0,1.0,3,3,3
1O8V,vina_pose,7,A:PLM:1136,L:UNL:1,RDKit,18,5.487814308892831,3,3.2134672344162256,NA,NA,3,3,hydrogen_bonds=3,hydrogen_bonds=3,0.4,0.4,0.4000000000000001,0.25,2,5,5,0.6666666666666666,0.6666666666666666,0.6666666666666666,0.5,2,3,3
1O8V,vina_pose,8,A:PLM:1136,L:UNL:1,RDKit,18,5.7940636191038,3,3.593047267524694,NA,NA,3,3,hydrogen_bonds=3,hydrogen_bonds=3,0.4,0.4,0.4000000000000001,0.25,2,5,5,0.6666666666666666,0.6666666666666666,0.6666666666666666,0.5,2,3,3
1O8V,vina_pose,9,A:PLM:1136,L:UNL:1,RDKit,18,1.5523725390511134,3,2.096739691362124,NA,NA,3,3,hydrogen_bonds=3,hydrogen_bonds=3,0.8333333333333334,1.0,0.9090909090909091,0.8333333333333334,5,5,6,1.0,1.0,1.0,1.0,3,3,3
1O8V,vina_pose,10,A:PLM:1136,L:UNL:1,RDKit,18,5.162840120622671,3,2.768112052163592,NA,NA,3,2,hydrogen_bonds=3,hydrogen_bonds=2,0.6,0.6,0.6,0.42857142857142855,3,5,5,1.0,0.6666666666666666,0.8,0.6666666666666666,2,3,2
1O8V,vina_pose,11,A:PLM:1136,L:UNL:1,RDKit,18,1.8856267599336243,3,2.5666531384924873,NA,NA,3,1,hydrogen_bonds=3,hydrogen_bonds=1,0.8333333333333334,1.0,0.9090909090909091,0.8333333333333334,5,5,6,1.0,0.3333333333333333,0.5,0.3333333333333333,1,3,1
1O8V,vina_pose,12,A:PLM:1136,L:UNL:1,RDKit,18,5.697123962530958,3,3.5239663259836442,NA,NA,3,3,hydrogen_bonds=3,hydrogen_bonds=3,0.4,0.4,0.4000000000000001,0.25,2,5,5,0.6666666666666666,0.6666666666666666,0.6666666666666666,0.5,2,3,3
1O8V,vina_pose,13,A:PLM:1136,L:UNL:1,RDKit,18,1.9615236566392855,3,2.6525069902515495,NA,NA,3,2,hydrogen_bonds=3,hydrogen_bonds=2,0.7142857142857143,1.0,0.8333333333333333,0.7142857142857143,5,5,7,1.0,0.6666666666666666,0.8,0.6666666666666666,2,3,2
1O8V,vina_pose,14,A:PLM:1136,L:UNL:1,RDKit,18,6.482513739969155,3,8.093027904725565,NA,NA,3,2,hydrogen_bonds=3,hydrogen_bonds=2,0.0,0.0,0.0,0.0,0,5,7,0.0,0.0,0.0,0.0,0,3,2
1O8V,vina_pose,15,A:PLM:1136,L:UNL:1,RDKit,18,3.2106177235333804,3,6.485135130948828,NA,NA,3,1,hydrogen_bonds=3,hydrogen_bonds=1,0.125,0.2,0.15384615384615385,0.08333333333333333,1,5,8,0.0,0.0,0.0,0.0,0,3,1
1O8V,vina_pose,16,A:PLM:1136,L:UNL:1,RDKit,18,2.7161390080610954,3,3.487473584129348,NA,NA,3,3,hydrogen_bonds=3,hydrogen_bonds=3,0.4,0.4,0.4000000000000001,0.25,2,5,5,0.6666666666666666,0.6666666666666666,0.6666666666666666,0.5,2,3,3
1O8V,vina_pose,17,A:PLM:1136,L:UNL:1,RDKit,18,6.239583243739565,3,7.807336763156393,NA,NA,3,1,hydrogen_bonds=3,hydrogen_bonds=1,0.1111111111111111,0.2,0.14285714285714285,0.07692307692307693,1,5,9,0.0,0.0,0.0,0.0,0,3,1
1O8V,vina_pose,18,A:PLM:1136,L:UNL:1,RDKit,18,2.4221717069146393,3,1.5176939744230389,NA,NA,3,3,hydrogen_bonds=3,hydrogen_bonds=3,0.75,0.6,0.6666666666666665,0.5,3,5,4,1.0,1.0,1.0,1.0,3,3,3
1O8V,vina_pose,19,A:PLM:1136,L:UNL:1,RDKit,18,5.317502217520302,3,7.8479805682735995,NA,NA,3,2,hydrogen_bonds=3,hydrogen_bonds=2,0.1,0.2,0.13333333333333333,0.07142857142857142,1,5,10,0.0,0.0,0.0,0.0,0,3,2
1O8V,vina_pose,20,A:PLM:1136,L:UNL:1,RDKit,18,6.857355041608001,3,8.06421029405029,NA,NA,3,2,hydrogen_bonds=3,hydrogen_bonds=2,0.0,0.0,0.0,0.0,0,5,7,0.0,0.0,0.0,0.0,0,3,2
1P6E,boltz,1,A:PC5:601,B:PC5:1,RDKit,28,1.0441803820808644,7,1.6225148400844676,245,0.17282773447189195,1,2,hydrogen_bonds=1,hydrogen_bonds=2,0.9285714285714286,1.0,0.962962962962963,0.9285714285714286,13,13,14,0.5,1.0,0.6666666666666666,0.5,1,1,2
1P6E,vina_pose,1,A:PC5:601,L:UNL:1,RDKit,28,6.019449936307659,7,8.066701193353895,NA,NA,1,1,hydrogen_bonds=1,hydrogen_bonds=1,0.2727272727272727,0.23076923076923078,0.24999999999999994,0.14285714285714285,3,13,11,0.0,0.0,0.0,0.0,0,1,1
1P6E,vina_pose,2,A:PC5:601,L:UNL:1,RDKit,28,7.221346718484817,7,10.311813724351031,NA,NA,1,0,hydrogen_bonds=1,none=0,0.1111111111111111,0.07692307692307693,0.09090909090909093,0.047619047619047616,1,13,9,0.0,0.0,0.0,0.0,0,1,0
1P6E,vina_pose,3,A:PC5:601,L:UNL:1,RDKit,28,6.559615360565849,7,4.964780055551302,NA,NA,1,1,hydrogen_bonds=1,hydrogen_bonds=1,0.6666666666666666,0.46153846153846156,0.5454545454545455,0.375,6,13,9,0.0,0.0,0.0,0.0,0,1,1
1P6E,vina_pose,4,A:PC5:601,L:UNL:1,RDKit,28,7.198323902131662,7,5.962515265029876,NA,NA,1,1,hydrogen_bonds=1,hydrogen_bonds=1,0.6666666666666666,0.3076923076923077,0.42105263157894735,0.26666666666666666,4,13,6,0.0,0.0,0.0,0.0,0,1,1
1P6E,vina_pose,5,A:PC5:601,L:UNL:1,RDKit,28,7.0391219343852,7,7.720637704971564,NA,NA,1,1,hydrogen_bonds=1,hydrogen_bonds=1,0.3333333333333333,0.15384615384615385,0.21052631578947367,0.11764705882352941,2,13,6,0.0,0.0,0.0,0.0,0,1,1
1P6E,vina_pose,6,A:PC5:601,L:UNL:1,RDKit,28,6.924969148977179,7,6.51286258107754,NA,NA,1,0,hydrogen_bonds=1,none=0,0.4,0.15384615384615385,0.2222222222222222,0.125,2,13,5,0.0,0.0,0.0,0.0,0,1,0
1P6E,vina_pose,7,A:PC5:601,L:UNL:1,RDKit,28,7.131950697389881,7,4.92561304378885,NA,NA,1,2,hydrogen_bonds=1,hydrogen_bonds=2,0.45454545454545453,0.38461538461538464,0.41666666666666663,0.2631578947368421,5,13,11,0.0,0.0,0.0,0.0,0,1,2
1P6E,vina_pose,8,A:PC5:601,L:UNL:1,RDKit,28,7.810117623039636,7,10.435993285602615,NA,NA,1,1,hydrogen_bonds=1,hydrogen_bonds=1,0.0,0.0,0.0,0.0,0,13,2,0.0,0.0,0.0,0.0,0,1,1
1P6E,vina_pose,9,A:PC5:601,L:UNL:1,RDKit,28,6.61050756372005,7,7.844212598197111,NA,NA,1,2,hydrogen_bonds=1,hydrogen_bonds=2,0.16666666666666666,0.15384615384615385,0.16,0.08695652173913043,2,13,12,0.0,0.0,0.0,0.0,0,1,2
1P6E,vina_pose,10,A:PC5:601,L:UNL:1,RDKit,28,5.907115476270969,7,4.268784353553463,NA,NA,1,1,hydrogen_bonds=1,hydrogen_bonds=1,0.75,0.6923076923076923,0.7199999999999999,0.5625,9,13,12,0.0,0.0,0.0,0.0,0,1,1
1P6E,vina_pose,11,A:PC5:601,L:UNL:1,RDKit,28,6.9479549380683645,7,6.557096537340288,NA,NA,1,0,hydrogen_bonds=1,none=0,0.3333333333333333,0.23076923076923078,0.27272727272727276,0.15789473684210525,3,13,9,0.0,0.0,0.0,0.0,0,1,0
1P6E,vina_pose,12,A:PC5:601,L:UNL:1,RDKit,28,6.8958099726262345,7,7.178998845839957,NA,NA,1,0,hydrogen_bonds=1,none=0,0.3333333333333333,0.07692307692307693,0.125,0.06666666666666667,1,13,3,0.0,0.0,0.0,0.0,0,1,0
1P6E,vina_pose,13,A:PC5:601,L:UNL:1,RDKit,28,8.676711947177095,7,3.5391759533218217,NA,NA,1,0,hydrogen_bonds=1,none=0,0.9,0.6923076923076923,0.7826086956521738,0.6428571428571429,9,13,10,0.0,0.0,0.0,0.0,0,1,0
1P6E,vina_pose,14,A:PC5:601,L:UNL:1,RDKit,28,5.343604354740347,7,4.324916332799317,NA,NA,1,1,hydrogen_bonds=1,hydrogen_bonds=1,0.7142857142857143,0.38461538461538464,0.5,0.3333333333333333,5,13,7,0.0,0.0,0.0,0.0,0,1,1
1P6E,vina_pose,15,A:PC5:601,L:UNL:1,RDKit,28,7.737125488282361,7,4.653766769280251,NA,NA,1,1,hydrogen_bonds=1,hydrogen_bonds=1,0.75,0.46153846153846156,0.5714285714285714,0.4,6,13,8,0.0,0.0,0.0,0.0,0,1,1
1P6E,vina_pose,16,A:PC5:601,L:UNL:1,RDKit,28,4.328217952328318,7,2.980655033473587,NA,NA,1,0,hydrogen_bonds=1,none=0,0.8571428571428571,0.9230769230769231,0.888888888888889,0.8,12,13,14,0.0,0.0,0.0,0.0,0,1,0
1P6E,vina_pose,17,A:PC5:601,L:UNL:1,RDKit,28,6.921176822415597,7,6.80846855026885,NA,NA,1,0,hydrogen_bonds=1,none=0,0.3333333333333333,0.15384615384615385,0.21052631578947367,0.11764705882352941,2,13,6,0.0,0.0,0.0,0.0,0,1,0
1P6E,vina_pose,18,A:PC5:601,L:UNL:1,RDKit,28,5.346271728303486,7,6.27781834261371,NA,NA,1,0,hydrogen_bonds=1,none=0,0.2857142857142857,0.15384615384615385,0.2,0.1111111111111111,2,13,7,0.0,0.0,0.0,0.0,0,1,0
1P6E,vina_pose,19,A:PC5:601,L:UNL:1,RDKit,28,5.199451846108396,7,5.763067474382519,NA,NA,1,0,hydrogen_bonds=1,none=0,0.42857142857142855,0.23076923076923078,0.3,0.17647058823529413,3,13,7,0.0,0.0,0.0,0.0,0,1,0
1P6E,vina_pose,20,A:PC5:601,L:UNL:1,RDKit,28,6.023641307975007,7,8.155551614872971,NA,NA,1,0,hydrogen_bonds=1,none=0,0.75,0.23076923076923078,0.3529411764705882,0.21428571428571427,3,13,4,0.0,0.0,0.0,0.0,0,1,0
1PUB,boltz,1,A:3PH:2341,B:3PH:1,RDKit,48,1.580748597328787,6,1.8761775609823772,162,0.896767085783801,0,1,none=0,hydrogen_bonds=1,0.5,0.8,0.6153846153846154,0.4444444444444444,4,5,8,NA,NA,NA,NA,0,0,1
1PUB,vina_pose,1,A:3PH:2341,L:UNL:1,RDKit,48,12.449240652043803,6,20.115450980941656,NA,NA,0,3,none=0,hydrogen_bonds=3,0.0,0.0,0.0,0.0,0,5,9,NA,NA,NA,NA,0,0,3
1PUB,vina_pose,2,A:3PH:2341,L:UNL:1,RDKit,48,12.73992560156194,6,19.73996507933419,NA,NA,0,3,none=0,hydrogen_bonds=3,0.0,0.0,0.0,0.0,0,5,9,NA,NA,NA,NA,0,0,3
1PUB,vina_pose,3,A:3PH:2341,L:UNL:1,RDKit,48,12.352169609526094,6,19.60921870787649,NA,NA,0,4,none=0,hydrogen_bonds=4,0.0,0.0,0.0,0.0,0,5,10,NA,NA,NA,NA,0,0,4
1PUB,vina_pose,4,A:3PH:2341,L:UNL:1,RDKit,48,10.960028293188845,6,20.030765853223553,NA,NA,0,4,none=0,hydrogen_bonds=4,0.0,0.0,0.0,0.0,0,5,11,NA,NA,NA,NA,0,0,4
1PUB,vina_pose,5,A:3PH:2341,L:UNL:1,RDKit,48,12.96424421726928,6,20.16790171700236,NA,NA,0,2,none=0,hydrogen_bonds=2,0.0,0.0,0.0,0.0,0,5,9,NA,NA,NA,NA,0,0,2
1PUB,vina_pose,6,A:3PH:2341,L:UNL:1,RDKit,48,12.942709493024765,6,20.038065995333316,NA,NA,0,3,none=0,hydrogen_bonds=3,0.0,0.0,0.0,0.0,0,5,9,NA,NA,NA,NA,0,0,3
1PUB,vina_pose,7,A:3PH:2341,L:UNL:1,RDKit,48,12.400949160581755,6,15.975235887668973,NA,NA,0,0,none=0,none=0,0.0,0.0,0.0,0.0,0,5,5,NA,NA,NA,NA,0,0,0
1PUB,vina_pose,8,A:3PH:2341,L:UNL:1,RDKit,48,13.367891603265887,6,19.944395871188142,NA,NA,0,4,none=0,hydrogen_bonds=4,0.0,0.0,0.0,0.0,0,5,9,NA,NA,NA,NA,0,0,4
1PUB,vina_pose,9,A:3PH:2341,L:UNL:1,RDKit,48,12.418436858994506,6,19.62500558810961,NA,NA,0,4,none=0,hydrogen_bonds=4,0.0,0.0,0.0,0.0,0,5,10,NA,NA,NA,NA,0,0,4
1PUB,vina_pose,10,A:3PH:2341,L:UNL:1,RDKit,48,13.015083615591308,6,20.297087167867215,NA,NA,0,4,none=0,hydrogen_bonds=4,0.0,0.0,0.0,0.0,0,5,9,NA,NA,NA,NA,0,0,4
1PUB,vina_pose,11,A:3PH:2341,L:UNL:1,RDKit,48,13.055313526332233,6,19.991470068506718,NA,NA,0,3,none=0,hydrogen_bonds=3,0.0,0.0,0.0,0.0,0,5,10,NA,NA,NA,NA,0,0,3
1PUB,vina_pose,12,A:3PH:2341,L:UNL:1,RDKit,48,13.25537640292924,6,20.308179612330267,NA,NA,0,4,none=0,hydrogen_bonds=4,0.0,0.0,0.0,0.0,0,5,10,NA,NA,NA,NA,0,0,4
1PUB,vina_pose,13,A:3PH:2341,L:UNL:1,RDKit,48,11.352603425719877,6,14.595742803982262,NA,NA,0,0,none=0,none=0,0.0,0.0,0.0,0.0,0,5,4,NA,NA,NA,NA,0,0,0
1PUB,vina_pose,14,A:3PH:2341,L:UNL:1,RDKit,48,11.465519103490257,6,19.969984113664186,NA,NA,0,3,none=0,hydrogen_bonds=3,0.0,0.0,0.0,0.0,0,5,9,NA,NA,NA,NA,0,0,3
1PUB,vina_pose,15,A:3PH:2341,L:UNL:1,RDKit,48,11.864994855315643,6,19.959128930558737,NA,NA,0,3,none=0,hydrogen_bonds=3,0.0,0.0,0.0,0.0,0,5,9,NA,NA,NA,NA,0,0,3
1PUB,vina_pose,16,A:3PH:2341,L:UNL:1,RDKit,48,13.73842220971899,6,20.698953004922735,NA,NA,0,4,none=0,hydrogen_bonds=4,0.0,0.0,0.0,0.0,0,5,10,NA,NA,NA,NA,0,0,4
1PUB,vina_pose,17,A:3PH:2341,L:UNL:1,RDKit,48,11.155446437913934,6,14.18916311250714,NA,NA,0,1,none=0,hydrogen_bonds=1,0.0,0.0,0.0,0.0,0,5,5,NA,NA,NA,NA,0,0,1
1PUB,vina_pose,18,A:3PH:2341,L:UNL:1,RDKit,48,13.21916154048105,6,20.15492317441738,NA,NA,0,4,none=0,hydrogen_bonds=4,0.0,0.0,0.0,0.0,0,5,10,NA,NA,NA,NA,0,0,4
1PUB,vina_pose,19,A:3PH:2341,L:UNL:1,RDKit,48,12.878194859270199,6,19.483938872825487,NA,NA,0,2,none=0,hydrogen_bonds=2,0.0,0.0,0.0,0.0,0,5,9,NA,NA,NA,NA,0,0,2
1PUB,vina_pose,20,A:3PH:2341,L:UNL:1,RDKit,48,12.557510130893784,6,17.594123824921393,NA,NA,0,0,none=0,none=0,0.0,0.0,0.0,0.0,0,5,3,NA,NA,NA,NA,0,0,0
1PZ4,boltz,1,A:PLM:200,B:PLM:1,RDKit,18,0.6400627455596614,3,0.6651831184567137,113,1.2203051654970571,3,2,hydrogen_bonds=3,hydrogen_bonds=2,0.7142857142857143,0.8333333333333334,0.7692307692307692,0.625,5,6,7,1.0,0.6666666666666666,0.8,0.6666666666666666,2,3,2
1PZ4,vina_pose,1,A:PLM:200,L:UNL:1,RDKit,18,2.954342980164023,3,0.628365339591547,NA,NA,3,3,hydrogen_bonds=3,hydrogen_bonds=3,1.0,1.0,1.0,1.0,6,6,6,1.0,1.0,1.0,1.0,3,3,3
1PZ4,vina_pose,2,A:PLM:200,L:UNL:1,RDKit,18,2.8867962634496167,3,0.7257221690610441,NA,NA,3,3,hydrogen_bonds=3,hydrogen_bonds=3,1.0,1.0,1.0,1.0,6,6,6,1.0,1.0,1.0,1.0,3,3,3
1PZ4,vina_pose,3,A:PLM:200,L:UNL:1,RDKit,18,2.9051510765841044,3,1.9699073582277935,NA,NA,3,3,hydrogen_bonds=3,hydrogen_bonds=3,0.8,0.6666666666666666,0.7272727272727272,0.5714285714285714,4,6,5,1.0,1.0,1.0,1.0,3,3,3
1PZ4,vina_pose,4,A:PLM:200,L:UNL:1,RDKit,18,2.5583764600056633,3,1.9262109611012665,NA,NA,3,3,hydrogen_bonds=3,hydrogen_bonds=3,0.8,0.6666666666666666,0.7272727272727272,0.5714285714285714,4,6,5,1.0,1.0,1.0,1.0,3,3,3
1PZ4,vina_pose,5,A:PLM:200,L:UNL:1,RDKit,18,2.9484156856785915,3,0.6284865418872003,NA,NA,3,3,hydrogen_bonds=3,hydrogen_bonds=3,1.0,1.0,1.0,1.0,6,6,6,1.0,1.0,1.0,1.0,3,3,3
1PZ4,vina_pose,6,A:PLM:200,L:UNL:1,RDKit,18,2.360992811415476,3,0.6452635120630941,NA,NA,3,3,hydrogen_bonds=3,hydrogen_bonds=3,0.8571428571428571,1.0,0.923076923076923,0.8571428571428571,6,6,7,1.0,1.0,1.0,1.0,3,3,3
1PZ4,vina_pose,7,A:PLM:200,L:UNL:1,RDKit,18,2.925643376535607,3,0.6010094286559352,NA,NA,3,3,hydrogen_bonds=3,hydrogen_bonds=3,1.0,1.0,1.0,1.0,6,6,6,1.0,1.0,1.0,1.0,3,3,3
1PZ4,vina_pose,8,A:PLM:200,L:UNL:1,RDKit,18,2.727670455005719,3,2.196034684000535,NA,NA,3,3,hydrogen_bonds=3,hydrogen_bonds=3,0.8,0.6666666666666666,0.7272727272727272,0.5714285714285714,4,6,5,1.0,1.0,1.0,1.0,3,3,3
1PZ4,vina_pose,9,A:PLM:200,L:UNL:1,RDKit,18,4.480046037709881,3,3.4635605956876248,NA,NA,3,2,hydrogen_bonds=3,hydrogen_bonds=2,0.7142857142857143,0.8333333333333334,0.7692307692307692,0.625,5,6,7,0.0,0.0,0.0,0.0,0,3,2
1PZ4,vina_pose,10,A:PLM:200,L:UNL:1,RDKit,18,3.6519663500944564,3,1.857852075202256,NA,NA,3,3,hydrogen_bonds=3,hydrogen_bonds=3,0.75,1.0,0.8571428571428571,0.75,6,6,8,0.6666666666666666,0.6666666666666666,0.6666666666666666,0.5,2,3,3
1PZ4,vina_pose,11,A:PLM:200,L:UNL:1,RDKit,18,2.1060564385177862,3,2.2516515420168077,NA,NA,3,3,hydrogen_bonds=3,hydrogen_bonds=3,0.6666666666666666,0.6666666666666666,0.6666666666666666,0.5,4,6,6,1.0,1.0,1.0,1.0,3,3,3
1PZ4,vina_pose,12,A:PLM:200,L:UNL:1,RDKit,18,1.4566097052173357,3,2.0713032129555544,NA,NA,3,3,hydrogen_bonds=3,hydrogen_bonds=3,0.6666666666666666,0.6666666666666666,0.6666666666666666,0.5,4,6,6,1.0,1.0,1.0,1.0,3,3,3
1PZ4,vina_pose,13,A:PLM:200,L:UNL:1,RDKit,18,9.487538628233468,3,9.682220854053407,NA,NA,3,2,hydrogen_bonds=3,hydrogen_bonds=2,0.0,0.0,0.0,0.0,0,6,5,0.0,0.0,0.0,0.0,0,3,2
1PZ4,vina_pose,14,A:PLM:200,L:UNL:1,RDKit,18,8.944767449309246,3,13.552076052521745,NA,NA,3,0,hydrogen_bonds=3,none=0,0.0,0.0,0.0,0.0,0,6,7,0.0,0.0,0.0,0.0,0,3,0
1PZ4,vina_pose,15,A:PLM:200,L:UNL:1,RDKit,18,2.802283206006606,3,4.800772264264713,NA,NA,3,1,hydrogen_bonds=3,hydrogen_bonds=1,0.2,0.16666666666666666,0.1818181818181818,0.1,1,6,5,0.0,0.0,0.0,0.0,0,3,1
1PZ4,vina_pose,16,A:PLM:200,L:UNL:1,RDKit,18,9.567688415239655,3,11.255735782257863,NA,NA,3,0,hydrogen_bonds=3,none=0,0.0,0.0,0.0,0.0,0,6,5,0.0,0.0,0.0,0.0,0,3,0
1PZ4,vina_pose,17,A:PLM:200,L:UNL:1,RDKit,18,9.189273837832163,3,13.655992201228,NA,NA,3,0,hydrogen_bonds=3,none=0,0.0,0.0,0.0,0.0,0,6,7,0.0,0.0,0.0,0.0,0,3,0
1PZ4,vina_pose,18,A:PLM:200,L:UNL:1,RDKit,18,2.391703855692283,3,3.922719252423417,NA,NA,3,1,hydrogen_bonds=3,hydrogen_bonds=1,0.25,0.16666666666666666,0.2,0.1111111111111111,1,6,4,0.0,0.0,0.0,0.0,0,3,1
1PZ4,vina_pose,19,A:PLM:200,L:UNL:1,RDKit,18,9.284888146277739,3,14.601574492727373,NA,NA,3,1,hydrogen_bonds=3,hydrogen_bonds=1,0.0,0.0,0.0,0.0,0,6,7,0.0,0.0,0.0,0.0,0,3,1
1S8G,boltz,1,A:DAO:135,B:DAO:1,RDKit,14,1.5460842988494707,3,2.1078660549074955,121,0.6399149581090356,1,2,hydrogen_bonds=1,hydrogen_bonds=2,1.0,0.6363636363636364,0.7777777777777778,0.6363636363636364,7,11,7,0.5,1.0,0.6666666666666666,0.5,1,1,2
1S8G,vina_pose,1,A:DAO:135,L:UNL:1,RDKit,14,2.7534138291011967,3,2.1449447545333187,NA,NA,1,3,hydrogen_bonds=1,hydrogen_bonds=3,1.0,0.5454545454545454,0.7058823529411764,0.5454545454545454,6,11,6,0.3333333333333333,1.0,0.5,0.3333333333333333,1,1,3
1S8G,vina_pose,2,A:DAO:135,L:UNL:1,RDKit,14,2.512079417534406,3,2.0074315264370357,NA,NA,1,3,hydrogen_bonds=1,hydrogen_bonds=3,1.0,0.7272727272727273,0.8421052631578948,0.7272727272727273,8,11,8,0.3333333333333333,1.0,0.5,0.3333333333333333,1,1,3
1S8G,vina_pose,3,A:DAO:135,L:UNL:1,RDKit,14,3.175979398997598,3,2.741435816015638,NA,NA,1,3,hydrogen_bonds=1,hydrogen_bonds=3,0.875,0.6363636363636364,0.7368421052631579,0.5833333333333334,7,11,8,0.3333333333333333,1.0,0.5,0.3333333333333333,1,1,3
1S8G,vina_pose,4,A:DAO:135,L:UNL:1,RDKit,14,4.638154551419902,3,0.607096367968052,NA,NA,1,2,hydrogen_bonds=1,hydrogen_bonds=2,1.0,0.9090909090909091,0.9523809523809523,0.9090909090909091,10,11,10,0.5,1.0,0.6666666666666666,0.5,1,1,2
1S8G,vina_pose,5,A:DAO:135,L:UNL:1,RDKit,14,5.56555426581345,3,3.0883882527946507,NA,NA,1,2,hydrogen_bonds=1,hydrogen_bonds=2,0.875,0.6363636363636364,0.7368421052631579,0.5833333333333334,7,11,8,0.5,1.0,0.6666666666666666,0.5,1,1,2
1S8G,vina_pose,6,A:DAO:135,L:UNL:1,RDKit,14,5.17906228412607,3,1.7290815481058122,NA,NA,1,2,hydrogen_bonds=1,hydrogen_bonds=2,1.0,0.9090909090909091,0.9523809523809523,0.9090909090909091,10,11,10,0.5,1.0,0.6666666666666666,0.5,1,1,2
1S8G,vina_pose,7,A:DAO:135,L:UNL:1,RDKit,14,2.6749656339581533,3,1.3621653105747968,NA,NA,1,1,hydrogen_bonds=1,hydrogen_bonds=1,1.0,0.8181818181818182,0.9,0.8181818181818182,9,11,9,0.0,0.0,0.0,0.0,0,1,1
1S8G,vina_pose,8,A:DAO:135,L:UNL:1,RDKit,14,2.819477674524637,3,1.9250722064379782,NA,NA,1,1,hydrogen_bonds=1,hydrogen_bonds=1,1.0,0.8181818181818182,0.9,0.8181818181818182,9,11,9,0.0,0.0,0.0,0.0,0,1,1
1S8G,vina_pose,9,A:DAO:135,L:UNL:1,RDKit,14,1.4017008290950377,3,0.9021535346048365,NA,NA,1,3,hydrogen_bonds=1,hydrogen_bonds=3,1.0,0.7272727272727273,0.8421052631578948,0.7272727272727273,8,11,8,0.3333333333333333,1.0,0.5,0.3333333333333333,1,1,3
1S8G,vina_pose,10,A:DAO:135,L:UNL:1,RDKit,14,2.7778874938649745,3,0.8116384663136649,NA,NA,1,2,hydrogen_bonds=1,hydrogen_bonds=2,1.0,0.7272727272727273,0.8421052631578948,0.7272727272727273,8,11,8,0.5,1.0,0.6666666666666666,0.5,1,1,2
1S8G,vina_pose,11,A:DAO:135,L:UNL:1,RDKit,14,5.100497475737048,3,4.757456743541308,NA,NA,1,0,hydrogen_bonds=1,none=0,0.5714285714285714,0.36363636363636365,0.4444444444444444,0.2857142857142857,4,11,7,0.0,0.0,0.0,0.0,0,1,0
1S8G,vina_pose,12,A:DAO:135,L:UNL:1,RDKit,14,3.3771952966076118,3,1.0431583452828879,NA,NA,1,2,hydrogen_bonds=1,hydrogen_bonds=2,1.0,0.7272727272727273,0.8421052631578948,0.7272727272727273,8,11,8,0.5,1.0,0.6666666666666666,0.5,1,1,2
1S8G,vina_pose,13,A:DAO:135,L:UNL:1,RDKit,14,3.315907912731336,3,2.167088446126122,NA,NA,1,3,hydrogen_bonds=1,hydrogen_bonds=3,1.0,0.5454545454545454,0.7058823529411764,0.5454545454545454,6,11,6,0.3333333333333333,1.0,0.5,0.3333333333333333,1,1,3
1S8G,vina_pose,14,A:DAO:135,L:UNL:1,RDKit,14,3.2178373616008455,3,0.7846925087786506,NA,NA,1,2,hydrogen_bonds=1,hydrogen_bonds=2,1.0,0.9090909090909091,0.9523809523809523,0.9090909090909091,10,11,10,0.5,1.0,0.6666666666666666,0.5,1,1,2
1S8G,vina_pose,15,A:DAO:135,L:UNL:1,RDKit,14,3.5971039740324433,3,1.3566532349867428,NA,NA,1,2,hydrogen_bonds=1,hydrogen_bonds=2,1.0,0.8181818181818182,0.9,0.8181818181818182,9,11,9,0.5,1.0,0.6666666666666666,0.5,1,1,2
1S8G,vina_pose,16,A:DAO:135,L:UNL:1,RDKit,14,7.135226485543398,3,7.383169260780449,NA,NA,1,2,hydrogen_bonds=1,hydrogen_bonds=2,0.3333333333333333,0.18181818181818182,0.23529411764705885,0.13333333333333333,2,11,6,0.0,0.0,0.0,0.0,0,1,2
1S8G,vina_pose,17,A:DAO:135,L:UNL:1,RDKit,14,4.343960199436191,3,1.5386499493603698,NA,NA,1,2,hydrogen_bonds=1,hydrogen_bonds=2,1.0,0.7272727272727273,0.8421052631578948,0.7272727272727273,8,11,8,0.5,1.0,0.6666666666666666,0.5,1,1,2
1S8G,vina_pose,18,A:DAO:135,L:UNL:1,RDKit,14,7.105210246210674,3,7.3389776990168505,NA,NA,1,2,hydrogen_bonds=1,hydrogen_bonds=2,0.3333333333333333,0.18181818181818182,0.23529411764705885,0.13333333333333333,2,11,6,0.0,0.0,0.0,0.0,0,1,2
1S8G,vina_pose,19,A:DAO:135,L:UNL:1,RDKit,14,4.4901315682282625,3,2.589983655032078,NA,NA,1,2,hydrogen_bonds=1,hydrogen_bonds=2,0.875,0.6363636363636364,0.7368421052631579,0.5833333333333334,7,11,8,0.5,1.0,0.6666666666666666,0.5,1,1,2
1T27,boltz,1,A:PCW:501,B:PCW:1,RDKit,54,1.6508307779578661,7,1.3400282134534,269,0.7526815350673857,5,5,attractive_charge=1;hydrogen_bonds=2;ionic=1;salt_bridge=1,attractive_charge=1;hydrogen_bonds=2;ionic=1;salt_bridge=1,0.8888888888888888,0.8,0.8421052631578948,0.7272727272727273,8,10,9,0.8,0.8,0.8000000000000002,0.6666666666666666,4,5,5
1T27,vina_pose,1,A:PCW:501,L:UNL:1,RDKit,54,6.341779733259835,7,2.2480962422204516,NA,NA,5,5,attractive_charge=1;hydrogen_bonds=2;ionic=1;salt_bridge=1,attractive_charge=1;hydrogen_bonds=2;ionic=1;salt_bridge=1,0.7777777777777778,0.7,0.7368421052631577,0.5833333333333334,7,10,9,0.8,0.8,0.8000000000000002,0.6666666666666666,4,5,5
1T27,vina_pose,2,A:PCW:501,L:UNL:1,RDKit,54,5.584389833707422,7,3.653021274037619,NA,NA,5,6,attractive_charge=1;hydrogen_bonds=2;ionic=1;salt_bridge=1,attractive_charge=1;hydrogen_bonds=3;ionic=1;salt_bridge=1,0.4444444444444444,0.4,0.4210526315789474,0.26666666666666666,4,10,9,0.6666666666666666,0.8,0.7272727272727272,0.5714285714285714,4,5,6
1T27,vina_pose,3,A:PCW:501,L:UNL:1,RDKit,54,3.828683854218778,7,2.3559241135001416,NA,NA,5,7,attractive_charge=1;hydrogen_bonds=2;ionic=1;salt_bridge=1,attractive_charge=1;hydrogen_bonds=4;ionic=1;salt_bridge=1,0.8888888888888888,0.8,0.8421052631578948,0.7272727272727273,8,10,9,0.7142857142857143,1.0,0.8333333333333333,0.7142857142857143,5,5,7
1T27,vina_pose,4,A:PCW:501,L:UNL:1,RDKit,54,4.360461216261248,7,2.520675476363996,NA,NA,5,6,attractive_charge=1;hydrogen_bonds=2;ionic=1;salt_bridge=1,attractive_charge=1;hydrogen_bonds=3;ionic=1;salt_bridge=1,0.7777777777777778,0.7,0.7368421052631577,0.5833333333333334,7,10,9,0.8333333333333334,1.0,0.9090909090909091,0.8333333333333334,5,5,6
1T27,vina_pose,5,A:PCW:501,L:UNL:1,RDKit,54,6.505420369598354,7,1.7939299635954897,NA,NA,5,6,attractive_charge=1;hydrogen_bonds=2;ionic=1;salt_bridge=1,attractive_charge=1;hydrogen_bonds=3;ionic=1;salt_bridge=1,0.9090909090909091,1.0,0.9523809523809523,0.9090909090909091,10,10,11,0.8333333333333334,1.0,0.9090909090909091,0.8333333333333334,5,5,6
1T27,vina_pose,6,A:PCW:501,L:UNL:1,RDKit,54,5.667720807180621,7,2.731655725013677,NA,NA,5,5,attractive_charge=1;hydrogen_bonds=2;ionic=1;salt_bridge=1,attractive_charge=1;hydrogen_bonds=2;ionic=1;salt_bridge=1,0.6363636363636364,0.7,0.6666666666666666,0.5,7,10,11,0.8,0.8,0.8000000000000002,0.6666666666666666,4,5,5
1T27,vina_pose,7,A:PCW:501,L:UNL:1,RDKit,54,5.237461404436596,7,1.690591612424479,NA,NA,5,6,attractive_charge=1;hydrogen_bonds=2;ionic=1;salt_bridge=1,attractive_charge=1;hydrogen_bonds=3;ionic=1;salt_bridge=1,0.9,0.9,0.9,0.8181818181818182,9,10,10,0.8333333333333334,1.0,0.9090909090909091,0.8333333333333334,5,5,6
1T27,vina_pose,8,A:PCW:501,L:UNL:1,RDKit,54,8.396850303448224,7,6.987256021807538,NA,NA,5,1,attractive_charge=1;hydrogen_bonds=2;ionic=1;salt_bridge=1,hydrogen_bonds=1,0.125,0.1,0.11111111111111112,0.058823529411764705,1,10,8,0.0,0.0,0.0,0.0,0,5,1
1T27,vina_pose,9,A:PCW:501,L:UNL:1,RDKit,54,7.1911895013582035,7,1.6992549207562373,NA,NA,5,7,attractive_charge=1;hydrogen_bonds=2;ionic=1;salt_bridge=1,attractive_charge=1;hydrogen_bonds=4;ionic=1;salt_bridge=1,0.8888888888888888,0.8,0.8421052631578948,0.7272727272727273,8,10,9,0.7142857142857143,1.0,0.8333333333333333,0.7142857142857143,5,5,7
1T27,vina_pose,10,A:PCW:501,L:UNL:1,RDKit,54,6.649882311684866,7,7.6316523206221305,NA,NA,5,2,attractive_charge=1;hydrogen_bonds=2;ionic=1;salt_bridge=1,hydrogen_bonds=2,0.09090909090909091,0.1,0.09523809523809525,0.05,1,10,11,0.0,0.0,0.0,0.0,0,5,2
1T27,vina_pose,11,A:PCW:501,L:UNL:1,RDKit,54,3.841307033058178,7,2.2894977927172464,NA,NA,5,1,attractive_charge=1;hydrogen_bonds=2;ionic=1;salt_bridge=1,hydrogen_bonds=1,0.875,0.7,0.7777777777777777,0.6363636363636364,7,10,8,1.0,0.2,0.33333333333333337,0.2,1,5,1
1T27,vina_pose,12,A:PCW:501,L:UNL:1,RDKit,54,4.329784792787264,7,2.1060305926417255,NA,NA,5,7,attractive_charge=1;hydrogen_bonds=2;ionic=1;salt_bridge=1,attractive_charge=1;hydrogen_bonds=4;ionic=1;salt_bridge=1,0.7272727272727273,0.8,0.761904761904762,0.6153846153846154,8,10,11,0.7142857142857143,1.0,0.8333333333333333,0.7142857142857143,5,5,7
1T27,vina_pose,13,A:PCW:501,L:UNL:1,RDKit,54,3.0553049402273706,7,1.7345964536868101,NA,NA,5,6,attractive_charge=1;hydrogen_bonds=2;ionic=1;salt_bridge=1,attractive_charge=1;hydrogen_bonds=3;ionic=1;salt_bridge=1,0.7777777777777778,0.7,0.7368421052631577,0.5833333333333334,7,10,9,0.8333333333333334,1.0,0.9090909090909091,0.8333333333333334,5,5,6
1T27,vina_pose,14,A:PCW:501,L:UNL:1,RDKit,54,6.330225564994008,7,1.6684635789509206,NA,NA,5,7,attractive_charge=1;hydrogen_bonds=2;ionic=1;salt_bridge=1,attractive_charge=1;hydrogen_bonds=4;ionic=1;salt_bridge=1,0.9,0.9,0.9,0.8181818181818182,9,10,10,0.7142857142857143,1.0,0.8333333333333333,0.7142857142857143,5,5,7
1T27,vina_pose,15,A:PCW:501,L:UNL:1,RDKit,54,4.358958769655381,7,2.354887652764534,NA,NA,5,6,attractive_charge=1;hydrogen_bonds=2;ionic=1;salt_bridge=1,attractive_charge=1;hydrogen_bonds=3;ionic=1;salt_bridge=1,0.8888888888888888,0.8,0.8421052631578948,0.7272727272727273,8,10,9,0.8333333333333334,1.0,0.9090909090909091,0.8333333333333334,5,5,6
1T27,vina_pose,16,A:PCW:501,L:UNL:1,RDKit,54,6.430641379796851,7,1.8154143564801637,NA,NA,5,6,attractive_charge=1;hydrogen_bonds=2;ionic=1;salt_bridge=1,attractive_charge=1;hydrogen_bonds=3;ionic=1;salt_bridge=1,0.7777777777777778,0.7,0.7368421052631577,0.5833333333333334,7,10,9,0.8333333333333334,1.0,0.9090909090909091,0.8333333333333334,5,5,6
1T27,vina_pose,17,A:PCW:501,L:UNL:1,RDKit,54,6.736917703827778,7,3.542078042215171,NA,NA,5,6,attractive_charge=1;hydrogen_bonds=2;ionic=1;salt_bridge=1,attractive_charge=1;hydrogen_bonds=3;ionic=1;salt_bridge=1,0.4444444444444444,0.4,0.4210526315789474,0.26666666666666666,4,10,9,0.6666666666666666,0.8,0.7272727272727272,0.5714285714285714,4,5,6
1T27,vina_pose,18,A:PCW:501,L:UNL:1,RDKit,54,4.498660714281776,7,3.469621284397313,NA,NA,5,5,attractive_charge=1;hydrogen_bonds=2;ionic=1;salt_bridge=1,attractive_charge=1;hydrogen_bonds=2;ionic=1;salt_bridge=1,0.4444444444444444,0.4,0.4210526315789474,0.26666666666666666,4,10,9,0.8,0.8,0.8000000000000002,0.6666666666666666,4,5,5
1T27,vina_pose,19,A:PCW:501,L:UNL:1,RDKit,54,6.8946809194828935,7,7.43142350332117,NA,NA,5,1,attractive_charge=1;hydrogen_bonds=2;ionic=1;salt_bridge=1,hydrogen_bonds=1,0.0,0.0,0.0,0.0,0,10,9,0.0,0.0,0.0,0.0,0,5,1
1T27,vina_pose,20,A:PCW:501,L:UNL:1,RDKit,54,12.146077388438044,7,15.71234171871635,NA,NA,5,0,attractive_charge=1;hydrogen_bonds=2;ionic=1;salt_bridge=1,none=0,0.0,0.0,0.0,0.0,0,10,10,0.0,0.0,0.0,0.0,0,5,0
1TC8,boltz,1,A:TDA:122,B:TDA:1,RDKit,15,0.42040246102039147,3,0.4355628707348152,118,0.28697392103907987,2,2,hydrogen_bonds=2,hydrogen_bonds=2,0.8888888888888888,1.0,0.9411764705882353,0.8888888888888888,8,8,9,1.0,1.0,1.0,1.0,2,2,2
1TC8,vina_pose,1,A:TDA:122,A:TDA:122,RDKit,15,8.220347892070425,3,5.278114593930929,NA,NA,2,2,hydrogen_bonds=2,hydrogen_bonds=2,0.5,0.375,0.42857142857142855,0.2727272727272727,3,8,6,0.5,0.5,0.5,0.3333333333333333,1,2,2
1TC8,vina_pose,2,A:TDA:122,A:TDA:122,RDKit,15,5.930510354654705,3,2.5771682133690845,NA,NA,2,1,hydrogen_bonds=2,hydrogen_bonds=1,0.7142857142857143,0.625,0.6666666666666666,0.5,5,8,7,1.0,0.5,0.6666666666666666,0.5,1,2,1
1TC8,vina_pose,3,A:TDA:122,A:TDA:122,RDKit,15,4.905921231872087,3,6.603797897169982,NA,NA,2,1,hydrogen_bonds=2,hydrogen_bonds=1,0.0,0.0,0.0,0.0,0,8,4,0.0,0.0,0.0,0.0,0,2,1
1TC8,vina_pose,4,A:TDA:122,A:TDA:122,RDKit,15,5.660227321701252,3,6.572777266878896,NA,NA,2,2,hydrogen_bonds=2,hydrogen_bonds=2,0.2,0.125,0.15384615384615385,0.08333333333333333,1,8,5,0.0,0.0,0.0,0.0,0,2,2
1TC8,vina_pose,5,A:TDA:122,A:TDA:122,RDKit,15,6.746838879554384,3,5.656577675591487,NA,NA,2,0,hydrogen_bonds=2,none=0,0.42857142857142855,0.375,0.39999999999999997,0.25,3,8,7,0.0,0.0,0.0,0.0,0,2,0
1TC8,vina_pose,6,A:TDA:122,A:TDA:122,RDKit,15,5.24207471649664,3,5.629447160541908,NA,NA,2,0,hydrogen_bonds=2,none=0,0.375,0.375,0.375,0.23076923076923078,3,8,8,0.0,0.0,0.0,0.0,0,2,0
1TC8,vina_pose,7,A:TDA:122,A:TDA:122,RDKit,15,4.3067190915281826,3,5.240038072380772,NA,NA,2,0,hydrogen_bonds=2,none=0,0.3333333333333333,0.25,0.28571428571428575,0.16666666666666666,2,8,6,0.0,0.0,0.0,0.0,0,2,0
1TC8,vina_pose,8,A:TDA:122,A:TDA:122,RDKit,15,8.264039682060261,3,4.31398991653898,NA,NA,2,0,hydrogen_bonds=2,none=0,0.75,0.375,0.5,0.3333333333333333,3,8,4,0.0,0.0,0.0,0.0,0,2,0
1TC8,vina_pose,9,A:TDA:122,A:TDA:122,RDKit,15,6.2228240748607595,3,6.623225749839222,NA,NA,2,1,hydrogen_bonds=2,hydrogen_bonds=1,0.3333333333333333,0.125,0.18181818181818182,0.1,1,8,3,0.0,0.0,0.0,0.0,0,2,1
1TC8,vina_pose,10,A:TDA:122,A:TDA:122,RDKit,15,7.729331536426679,3,3.2119416246252057,NA,NA,2,2,hydrogen_bonds=2,hydrogen_bonds=2,0.7142857142857143,0.625,0.6666666666666666,0.5,5,8,7,1.0,1.0,1.0,1.0,2,2,2
1TC8,vina_pose,11,A:TDA:122,A:TDA:122,RDKit,15,6.189390686219983,3,9.858490520020462,NA,NA,2,0,hydrogen_bonds=2,none=0,0.0,0.0,0.0,0.0,0,8,1,0.0,0.0,0.0,0.0,0,2,0
1TC8,vina_pose,12,A:TDA:122,A:TDA:122,RDKit,15,6.408607191374217,3,7.361895068526853,NA,NA,2,1,hydrogen_bonds=2,hydrogen_bonds=1,0.0,0.0,0.0,0.0,0,8,4,0.0,0.0,0.0,0.0,0,2,1
1TC8,vina_pose,13,A:TDA:122,A:TDA:122,RDKit,15,8.966176446326866,3,4.6585579313774765,NA,NA,2,0,hydrogen_bonds=2,none=0,0.75,0.75,0.75,0.6,6,8,8,0.0,0.0,0.0,0.0,0,2,0
1TC8,vina_pose,14,A:TDA:122,A:TDA:122,RDKit,15,4.264445098720349,3,5.031226358122507,NA,NA,2,0,hydrogen_bonds=2,none=0,0.2,0.125,0.15384615384615385,0.08333333333333333,1,8,5,0.0,0.0,0.0,0.0,0,2,0
1TC8,vina_pose,15,A:TDA:122,A:TDA:122,RDKit,15,6.297483253914483,3,10.353337191456676,NA,NA,2,0,hydrogen_bonds=2,none=0,0.0,0.0,0.0,0.0,0,8,1,0.0,0.0,0.0,0.0,0,2,0
1TC8,vina_pose,16,A:TDA:122,A:TDA:122,RDKit,15,5.47362401582961,3,6.432262095613538,NA,NA,2,1,hydrogen_bonds=2,hydrogen_bonds=1,0.3333333333333333,0.125,0.18181818181818182,0.1,1,8,3,0.0,0.0,0.0,0.0,0,2,1
1TC8,vina_pose,17,A:TDA:122,A:TDA:122,RDKit,15,7.69742885211246,3,5.797768335029149,NA,NA,2,2,hydrogen_bonds=2,hydrogen_bonds=2,0.3333333333333333,0.125,0.18181818181818182,0.1,1,8,3,0.0,0.0,0.0,0.0,0,2,2
1TC8,vina_pose,18,A:TDA:122,A:TDA:122,RDKit,15,3.7062269133626087,3,3.8944546045199537,NA,NA,2,4,hydrogen_bonds=2,hydrogen_bonds=4,0.5555555555555556,0.625,0.5882352941176471,0.4166666666666667,5,8,9,0.0,0.0,0.0,0.0,0,2,4
1TC8,vina_pose,19,A:TDA:122,A:TDA:122,RDKit,15,5.938276691656147,3,5.534373044889547,NA,NA,2,2,hydrogen_bonds=2,hydrogen_bonds=2,0.3333333333333333,0.25,0.28571428571428575,0.16666666666666666,2,8,6,0.5,0.5,0.5,0.3333333333333333,1,2,2
1TC8,vina_pose,20,A:TDA:122,A:TDA:122,RDKit,15,6.18627262574161,3,6.93147081553884,NA,NA,2,2,hydrogen_bonds=2,hydrogen_bonds=2,0.0,0.0,0.0,0.0,0,8,6,0.0,0.0,0.0,0.0,0,2,2
2A1L,boltz,1,A:PCW:501,B:PCW:1,RDKit,54,0.963686697544616,7,1.1101989279759665,269,0.5504683361570716,5,4,attractive_charge=1;hydrogen_bonds=2;ionic=1;salt_bridge=1,attractive_charge=1;hydrogen_bonds=1;ionic=1;salt_bridge=1,1.0,0.9,0.9473684210526316,0.9,9,10,9,1.0,0.8,0.888888888888889,0.8,4,5,4
2A1L,vina_pose,1,A:PCW:501,L:UNL:1,RDKit,54,2.2579663703495734,7,2.081427085988292,NA,NA,5,5,attractive_charge=1;hydrogen_bonds=2;ionic=1;salt_bridge=1,attractive_charge=1;hydrogen_bonds=2;ionic=1;salt_bridge=1,0.7692307692307693,1.0,0.8695652173913044,0.7692307692307693,10,10,13,0.8,0.8,0.8000000000000002,0.6666666666666666,4,5,5
2A1L,vina_pose,2,A:PCW:501,L:UNL:1,RDKit,54,7.279426647395716,7,1.609788850395339,NA,NA,5,6,attractive_charge=1;hydrogen_bonds=2;ionic=1;salt_bridge=1,attractive_charge=1;hydrogen_bonds=3;ionic=1;salt_bridge=1,0.8888888888888888,0.8,0.8421052631578948,0.7272727272727273,8,10,9,0.8333333333333334,1.0,0.9090909090909091,0.8333333333333334,5,5,6
2A1L,vina_pose,3,A:PCW:501,L:UNL:1,RDKit,54,2.118489940884693,7,1.844748105142968,NA,NA,5,6,attractive_charge=1;hydrogen_bonds=2;ionic=1;salt_bridge=1,attractive_charge=1;hydrogen_bonds=3;ionic=1;salt_bridge=1,0.9,0.9,0.9,0.8181818181818182,9,10,10,0.8333333333333334,1.0,0.9090909090909091,0.8333333333333334,5,5,6
2A1L,vina_pose,4,A:PCW:501,L:UNL:1,RDKit,54,2.4526070784945313,7,1.607384032697671,NA,NA,5,6,attractive_charge=1;hydrogen_bonds=2;ionic=1;salt_bridge=1,attractive_charge=1;hydrogen_bonds=3;ionic=1;salt_bridge=1,0.8888888888888888,0.8,0.8421052631578948,0.7272727272727273,8,10,9,0.8333333333333334,1.0,0.9090909090909091,0.8333333333333334,5,5,6
2A1L,vina_pose,5,A:PCW:501,L:UNL:1,RDKit,54,10.224759938321109,7,4.2785827927347295,NA,NA,5,2,attractive_charge=1;hydrogen_bonds=2;ionic=1;salt_bridge=1,hydrogen_bonds=2,0.625,0.5,0.5555555555555556,0.38461538461538464,5,10,8,0.0,0.0,0.0,0.0,0,5,2
2A1L,vina_pose,6,A:PCW:501,L:UNL:1,RDKit,54,11.63527690864041,7,8.34678091926976,NA,NA,5,1,attractive_charge=1;hydrogen_bonds=2;ionic=1;salt_bridge=1,hydrogen_bonds=1,0.2857142857142857,0.2,0.23529411764705882,0.13333333333333333,2,10,7,0.0,0.0,0.0,0.0,0,5,1
2A1L,vina_pose,7,A:PCW:501,L:UNL:1,RDKit,54,7.445782672836423,7,2.3001422937350133,NA,NA,5,5,attractive_charge=1;hydrogen_bonds=2;ionic=1;salt_bridge=1,attractive_charge=1;hydrogen_bonds=2;ionic=1;salt_bridge=1,0.7,0.7,0.7,0.5384615384615384,7,10,10,0.8,0.8,0.8000000000000002,0.6666666666666666,4,5,5
2A1L,vina_pose,8,A:PCW:501,L:UNL:1,RDKit,54,7.509173330740948,7,1.2338664549178053,NA,NA,5,1,attractive_charge=1;hydrogen_bonds=2;ionic=1;salt_bridge=1,hydrogen_bonds=1,0.9,0.9,0.9,0.8181818181818182,9,10,10,1.0,0.2,0.33333333333333337,0.2,1,5,1
2A1L,vina_pose,9,A:PCW:501,L:UNL:1,RDKit,54,7.36024217345135,7,1.9604357751712838,NA,NA,5,4,attractive_charge=1;hydrogen_bonds=2;ionic=1;salt_bridge=1,attractive_charge=1;hydrogen_bonds=1;ionic=1;salt_bridge=1,0.8181818181818182,0.9,0.8571428571428572,0.75,9,10,11,1.0,0.8,0.888888888888889,0.8,4,5,4
2A1L,vina_pose,10,A:PCW:501,L:UNL:1,RDKit,54,4.565300156453956,7,2.4646602489708695,NA,NA,5,5,attractive_charge=1;hydrogen_bonds=2;ionic=1;salt_bridge=1,attractive_charge=1;hydrogen_bonds=2;ionic=1;salt_bridge=1,0.6923076923076923,0.9,0.7826086956521738,0.6428571428571429,9,10,13,0.8,0.8,0.8000000000000002,0.6666666666666666,4,5,5
2A1L,vina_pose,11,A:PCW:501,L:UNL:1,RDKit,54,10.282648230374782,7,5.3297375571946715,NA,NA,5,2,attractive_charge=1;hydrogen_bonds=2;ionic=1;salt_bridge=1,hydrogen_bonds=2,0.5,0.3,0.37499999999999994,0.23076923076923078,3,10,6,0.0,0.0,0.0,0.0,0,5,2
2A1L,vina_pose,12,A:PCW:501,L:UNL:1,RDKit,54,2.947996516782705,7,2.04086662264553,NA,NA,5,6,attractive_charge=1;hydrogen_bonds=2;ionic=1;salt_bridge=1,attractive_charge=1;hydrogen_bonds=3;ionic=1;salt_bridge=1,0.7272727272727273,0.8,0.761904761904762,0.6153846153846154,8,10,11,0.8333333333333334,1.0,0.9090909090909091,0.8333333333333334,5,5,6
2A1L,vina_pose,13,A:PCW:501,L:UNL:1,RDKit,54,4.354254203266808,7,1.898776560991691,NA,NA,5,6,attractive_charge=1;hydrogen_bonds=2;ionic=1;salt_bridge=1,attractive_charge=1;hydrogen_bonds=3;ionic=1;salt_bridge=1,0.9,0.9,0.9,0.8181818181818182,9,10,10,0.8333333333333334,1.0,0.9090909090909091,0.8333333333333334,5,5,6
2A1L,vina_pose,14,A:PCW:501,L:UNL:1,RDKit,54,1.9182075593482422,7,1.5559167715530295,NA,NA,5,7,attractive_charge=1;hydrogen_bonds=2;ionic=1;salt_bridge=1,attractive_charge=1;hydrogen_bonds=4;ionic=1;salt_bridge=1,0.8888888888888888,0.8,0.8421052631578948,0.7272727272727273,8,10,9,0.7142857142857143,1.0,0.8333333333333333,0.7142857142857143,5,5,7
2A1L,vina_pose,15,A:PCW:501,L:UNL:1,RDKit,54,7.899318252346329,7,1.3195111648961964,NA,NA,5,5,attractive_charge=1;hydrogen_bonds=2;ionic=1;salt_bridge=1,attractive_charge=1;hydrogen_bonds=2;ionic=1;salt_bridge=1,0.8888888888888888,0.8,0.8421052631578948,0.7272727272727273,8,10,9,1.0,1.0,1.0,1.0,5,5,5
2A1L,vina_pose,16,A:PCW:501,L:UNL:1,RDKit,54,2.942992515186616,7,1.8362465987520777,NA,NA,5,6,attractive_charge=1;hydrogen_bonds=2;ionic=1;salt_bridge=1,attractive_charge=1;hydrogen_bonds=3;ionic=1;salt_bridge=1,0.875,0.7,0.7777777777777777,0.6363636363636364,7,10,8,0.8333333333333334,1.0,0.9090909090909091,0.8333333333333334,5,5,6
2A1L,vina_pose,17,A:PCW:501,L:UNL:1,RDKit,54,5.6446554006947665,7,4.624285489209581,NA,NA,5,2,attractive_charge=1;hydrogen_bonds=2;ionic=1;salt_bridge=1,hydrogen_bonds=2,0.75,0.6,0.6666666666666665,0.5,6,10,8,0.0,0.0,0.0,0.0,0,5,2
2A1L,vina_pose,18,A:PCW:501,L:UNL:1,RDKit,54,7.146141166676886,7,2.2310024332444955,NA,NA,5,6,attractive_charge=1;hydrogen_bonds=2;ionic=1;salt_bridge=1,attractive_charge=1;hydrogen_bonds=3;ionic=1;salt_bridge=1,0.8,0.8,0.8000000000000002,0.6666666666666666,8,10,10,0.8333333333333334,1.0,0.9090909090909091,0.8333333333333334,5,5,6
2A1L,vina_pose,19,A:PCW:501,L:UNL:1,RDKit,54,7.5613058849107,7,11.013559817658543,NA,NA,5,2,attractive_charge=1;hydrogen_bonds=2;ionic=1;salt_bridge=1,hydrogen_bonds=2,0.0,0.0,0.0,0.0,0,10,8,0.0,0.0,0.0,0.0,0,5,2
2A1L,vina_pose,20,A:PCW:501,L:UNL:1,RDKit,54,2.1454306957742473,7,2.36246206318747,NA,NA,5,5,attractive_charge=1;hydrogen_bonds=2;ionic=1;salt_bridge=1,attractive_charge=1;hydrogen_bonds=2;ionic=1;salt_bridge=1,0.7272727272727273,0.8,0.761904761904762,0.6153846153846154,8,10,11,0.8,0.8,0.8000000000000002,0.6666666666666666,4,5,5
2BV7,boltz,1,A:GM3:1212,B:GM3:1,RDKit_partial_pred,44,1.1475705056826861,3,0.7635907877753793,202,0.5222432120606991,1,0,hydrogen_bonds=1,none=0,1.0,0.8,0.888888888888889,0.8,4,5,4,0.0,0.0,0.0,0.0,0,1,0
2BV7,vina_pose,1,A:GM3:1212,A:GM3:1212,RDKit,44,4.657301152247648,3,0.4452976532612767,NA,NA,1,1,hydrogen_bonds=1,hydrogen_bonds=1,1.0,1.0,1.0,1.0,5,5,5,1.0,1.0,1.0,1.0,1,1,1
2BV7,vina_pose,2,A:GM3:1212,A:GM3:1212,RDKit,44,5.069420726276326,3,1.7062623870124234,NA,NA,1,0,hydrogen_bonds=1,none=0,0.8,0.8,0.8000000000000002,0.6666666666666666,4,5,5,0.0,0.0,0.0,0.0,0,1,0
2BV7,vina_pose,3,A:GM3:1212,A:GM3:1212,RDKit,44,4.9472504921236995,3,1.7002615485075623,NA,NA,1,0,hydrogen_bonds=1,none=0,1.0,0.6,0.7499999999999999,0.6,3,5,3,0.0,0.0,0.0,0.0,0,1,0
2BV7,vina_pose,4,A:GM3:1212,A:GM3:1212,RDKit,44,4.873796648684399,3,1.4144037613072162,NA,NA,1,1,hydrogen_bonds=1,hydrogen_bonds=1,0.8,0.8,0.8000000000000002,0.6666666666666666,4,5,5,1.0,1.0,1.0,1.0,1,1,1
2BV7,vina_pose,5,A:GM3:1212,A:GM3:1212,RDKit,44,10.672634513302958,3,12.950896198075768,NA,NA,1,0,hydrogen_bonds=1,none=0,0.0,0.0,0.0,0.0,0,5,7,0.0,0.0,0.0,0.0,0,1,0
2BV7,vina_pose,6,A:GM3:1212,A:GM3:1212,RDKit,44,7.155379338460871,3,1.6163981563958796,NA,NA,1,0,hydrogen_bonds=1,none=0,1.0,0.8,0.888888888888889,0.8,4,5,4,0.0,0.0,0.0,0.0,0,1,0
2BV7,vina_pose,7,A:GM3:1212,A:GM3:1212,RDKit,44,6.517350791610736,3,1.3264387157598598,NA,NA,1,1,hydrogen_bonds=1,hydrogen_bonds=1,1.0,0.8,0.888888888888889,0.8,4,5,4,1.0,1.0,1.0,1.0,1,1,1
2BV7,vina_pose,8,A:GM3:1212,A:GM3:1212,RDKit,44,6.54894585549322,3,2.438458939576387,NA,NA,1,0,hydrogen_bonds=1,none=0,1.0,0.6,0.7499999999999999,0.6,3,5,3,0.0,0.0,0.0,0.0,0,1,0
2BV7,vina_pose,9,A:GM3:1212,A:GM3:1212,RDKit,44,4.684755511715148,3,2.376528560737278,NA,NA,1,0,hydrogen_bonds=1,none=0,1.0,0.6,0.7499999999999999,0.6,3,5,3,0.0,0.0,0.0,0.0,0,1,0
2BV7,vina_pose,10,A:GM3:1212,A:GM3:1212,RDKit,44,7.548148928710933,3,1.6958848231331438,NA,NA,1,0,hydrogen_bonds=1,none=0,1.0,0.8,0.888888888888889,0.8,4,5,4,0.0,0.0,0.0,0.0,0,1,0
2BV7,vina_pose,11,A:GM3:1212,A:GM3:1212,RDKit,44,5.6341713131891575,3,2.3228171114690306,NA,NA,1,0,hydrogen_bonds=1,none=0,1.0,0.4,0.5714285714285715,0.4,2,5,2,0.0,0.0,0.0,0.0,0,1,0
2BV7,vina_pose,12,A:GM3:1212,A:GM3:1212,RDKit,44,4.021923578678153,3,0.41304237070789707,NA,NA,1,1,hydrogen_bonds=1,hydrogen_bonds=1,1.0,0.8,0.888888888888889,0.8,4,5,4,1.0,1.0,1.0,1.0,1,1,1
2BV7,vina_pose,13,A:GM3:1212,A:GM3:1212,RDKit,44,7.127506925796195,3,6.533494445292402,NA,NA,1,0,hydrogen_bonds=1,none=0,0.16666666666666666,0.2,0.1818181818181818,0.1,1,5,6,0.0,0.0,0.0,0.0,0,1,0
2BV7,vina_pose,14,A:GM3:1212,A:GM3:1212,RDKit,44,7.169949754166533,3,6.224618756732549,NA,NA,1,0,hydrogen_bonds=1,none=0,0.25,0.2,0.22222222222222224,0.125,1,5,4,0.0,0.0,0.0,0.0,0,1,0
2BV7,vina_pose,15,A:GM3:1212,A:GM3:1212,RDKit,44,8.051582628165834,3,6.394804401491364,NA,NA,1,0,hydrogen_bonds=1,none=0,0.2,0.2,0.20000000000000004,0.1111111111111111,1,5,5,0.0,0.0,0.0,0.0,0,1,0
2BV7,vina_pose,16,A:GM3:1212,A:GM3:1212,RDKit,44,7.240272883795069,3,2.327430772332444,NA,NA,1,0,hydrogen_bonds=1,none=0,1.0,0.4,0.5714285714285715,0.4,2,5,2,0.0,0.0,0.0,0.0,0,1,0
2BV7,vina_pose,17,A:GM3:1212,A:GM3:1212,RDKit,44,4.251731021809609,3,1.645679596195242,NA,NA,1,1,hydrogen_bonds=1,hydrogen_bonds=1,0.8,0.8,0.8000000000000002,0.6666666666666666,4,5,5,0.0,0.0,0.0,0.0,0,1,1
2BV7,vina_pose,18,A:GM3:1212,A:GM3:1212,RDKit,44,6.047875568029127,3,6.009018167166191,NA,NA,1,0,hydrogen_bonds=1,none=0,0.3333333333333333,0.4,0.3636363636363636,0.2222222222222222,2,5,6,0.0,0.0,0.0,0.0,0,1,0
2BV7,vina_pose,19,A:GM3:1212,A:GM3:1212,RDKit,44,7.025169391357957,3,2.4686798766412243,NA,NA,1,0,hydrogen_bonds=1,none=0,1.0,0.4,0.5714285714285715,0.4,2,5,2,0.0,0.0,0.0,0.0,0,1,0
2BV7,vina_pose,20,A:GM3:1212,A:GM3:1212,RDKit,44,8.37958512072373,3,5.906853646400933,NA,NA,1,0,hydrogen_bonds=1,none=0,0.2,0.2,0.20000000000000004,0.1111111111111111,1,5,5,0.0,0.0,0.0,0.0,0,1,0
2DT8,boltz,1,A:PLM:701,B:PLM:1,RDKit,18,0.6960656585964005,3,0.290692818145396,280,0.393709522269524,3,3,hydrogen_bonds=3,hydrogen_bonds=3,1.0,0.9090909090909091,0.9523809523809523,0.9090909090909091,10,11,10,1.0,1.0,1.0,1.0,3,3,3
2DT8,vina_pose,1,A:PLM:701,L:UNL:1,RDKit,18,5.83254119383462,3,9.840962300506998,NA,NA,3,0,hydrogen_bonds=3,none=0,0.125,0.09090909090909091,0.10526315789473685,0.05555555555555555,1,11,8,0.0,0.0,0.0,0.0,0,3,0
2DT8,vina_pose,2,A:PLM:701,L:UNL:1,RDKit,18,6.979371835790254,3,5.714704162655024,NA,NA,3,6,hydrogen_bonds=3,hydrogen_bonds=6,0.625,0.45454545454545453,0.5263157894736842,0.35714285714285715,5,11,8,0.16666666666666666,0.3333333333333333,0.2222222222222222,0.125,1,3,6
2DT8,vina_pose,3,A:PLM:701,L:UNL:1,RDKit,18,6.013610271708669,3,2.9554678704620243,NA,NA,3,1,hydrogen_bonds=3,hydrogen_bonds=1,0.8181818181818182,0.8181818181818182,0.8181818181818182,0.6923076923076923,9,11,11,1.0,0.3333333333333333,0.5,0.3333333333333333,1,3,1
2DT8,vina_pose,4,A:PLM:701,L:UNL:1,RDKit,18,7.090470553261375,3,9.101705407962474,NA,NA,3,6,hydrogen_bonds=3,hydrogen_bonds=6,0.2222222222222222,0.18181818181818182,0.19999999999999998,0.1111111111111111,2,11,9,0.0,0.0,0.0,0.0,0,3,6
2DT8,vina_pose,5,A:PLM:701,L:UNL:1,RDKit,18,7.753991380787919,3,8.20981964885141,NA,NA,3,1,hydrogen_bonds=3,hydrogen_bonds=1,0.1111111111111111,0.09090909090909091,0.09999999999999999,0.05263157894736842,1,11,9,0.0,0.0,0.0,0.0,0,3,1
2DT8,vina_pose,6,A:PLM:701,L:UNL:1,RDKit,18,5.419521012045253,3,7.64227110659303,NA,NA,3,3,hydrogen_bonds=3,hydrogen_bonds=3,0.0,0.0,0.0,0.0,0,11,11,0.0,0.0,0.0,0.0,0,3,3
2DT8,vina_pose,7,A:PLM:701,L:UNL:1,RDKit,18,9.042534277881764,3,10.071653538520874,NA,NA,3,4,hydrogen_bonds=3,hydrogen_bonds=4,0.2222222222222222,0.18181818181818182,0.19999999999999998,0.1111111111111111,2,11,9,0.0,0.0,0.0,0.0,0,3,4
2DT8,vina_pose,8,A:PLM:701,L:UNL:1,RDKit,18,8.459556857319551,3,12.61061153684996,NA,NA,3,2,hydrogen_bonds=3,hydrogen_bonds=2,0.25,0.18181818181818182,0.2105263157894737,0.11764705882352941,2,11,8,0.0,0.0,0.0,0.0,0,3,2
2DT8,vina_pose,9,A:PLM:701,L:UNL:1,RDKit,18,8.252049718436961,3,12.643233816288195,NA,NA,3,0,hydrogen_bonds=3,none=0,0.125,0.09090909090909091,0.10526315789473685,0.05555555555555555,1,11,8,0.0,0.0,0.0,0.0,0,3,0
2DT8,vina_pose,10,A:PLM:701,L:UNL:1,RDKit,18,6.062190821440344,3,7.412969872684856,NA,NA,3,1,hydrogen_bonds=3,hydrogen_bonds=1,0.75,0.2727272727272727,0.39999999999999997,0.25,3,11,4,0.0,0.0,0.0,0.0,0,3,1
2DT8,vina_pose,11,A:PLM:701,L:UNL:1,RDKit,18,8.251130326607784,3,12.286350108962385,NA,NA,3,3,hydrogen_bonds=3,hydrogen_bonds=3,0.08333333333333333,0.09090909090909091,0.08695652173913043,0.045454545454545456,1,11,12,0.0,0.0,0.0,0.0,0,3,3
2DT8,vina_pose,12,A:PLM:701,L:UNL:1,RDKit,18,7.498495304615009,3,10.71908640385613,NA,NA,3,0,hydrogen_bonds=3,none=0,0.2857142857142857,0.18181818181818182,0.2222222222222222,0.125,2,11,7,0.0,0.0,0.0,0.0,0,3,0
2DT8,vina_pose,13,A:PLM:701,L:UNL:1,RDKit,18,8.299791563647847,3,5.065504482938167,NA,NA,3,4,hydrogen_bonds=3,hydrogen_bonds=4,0.625,0.45454545454545453,0.5263157894736842,0.35714285714285715,5,11,8,0.25,0.3333333333333333,0.28571428571428575,0.16666666666666666,1,3,4
2DT8,vina_pose,14,A:PLM:701,L:UNL:1,RDKit,18,9.766980606444688,3,7.266848514544207,NA,NA,3,4,hydrogen_bonds=3,hydrogen_bonds=4,0.3,0.2727272727272727,0.28571428571428564,0.16666666666666666,3,11,10,0.0,0.0,0.0,0.0,0,3,4
2DT8,vina_pose,15,A:PLM:701,L:UNL:1,RDKit,18,8.21709498207514,3,12.213609799454595,NA,NA,3,0,hydrogen_bonds=3,none=0,0.0,0.0,0.0,0.0,0,11,7,0.0,0.0,0.0,0.0,0,3,0
2DT8,vina_pose,16,A:PLM:701,L:UNL:1,RDKit,18,9.415919117820275,3,10.213266454306707,NA,NA,3,3,hydrogen_bonds=3,hydrogen_bonds=3,0.2,0.18181818181818182,0.1904761904761905,0.10526315789473684,2,11,10,0.0,0.0,0.0,0.0,0,3,3
2DT8,vina_pose,17,A:PLM:701,L:UNL:1,RDKit,18,9.615104384942128,3,11.177242951640624,NA,NA,3,4,hydrogen_bonds=3,hydrogen_bonds=4,0.07692307692307693,0.09090909090909091,0.08333333333333334,0.043478260869565216,1,11,13,0.0,0.0,0.0,0.0,0,3,4
2DT8,vina_pose,18,A:PLM:701,L:UNL:1,RDKit,18,7.441418640883531,3,10.51559869907558,NA,NA,3,1,hydrogen_bonds=3,hydrogen_bonds=1,0.2857142857142857,0.18181818181818182,0.2222222222222222,0.125,2,11,7,0.0,0.0,0.0,0.0,0,3,1
2DT8,vina_pose,19,A:PLM:701,L:UNL:1,RDKit,18,5.463607116385861,3,6.5414137360869224,NA,NA,3,1,hydrogen_bonds=3,hydrogen_bonds=1,0.5,0.36363636363636365,0.4210526315789474,0.26666666666666666,4,11,8,0.0,0.0,0.0,0.0,0,3,1
2DT8,vina_pose,20,A:PLM:701,L:UNL:1,RDKit,18,8.726350258460483,3,14.703258142330222,NA,NA,3,0,hydrogen_bonds=3,none=0,0.0,0.0,0.0,0.0,0,11,8,0.0,0.0,0.0,0.0,0,3,0
2E3N,boltz,1,A:6CM:600,B:6CM:1,RDKit,28,3.3715976764603615,4,0.3616719518728141,231,1.0865145096417368,4,5,hydrogen_bonds=4,hydrogen_bonds=5,1.0,0.9230769230769231,0.9600000000000001,0.9230769230769231,12,13,12,0.8,1.0,0.888888888888889,0.8,4,4,5
2E3N,vina_pose,1,A:6CM:600,A:6CM:600,RDKit,28,3.331244415701564,4,1.6694767892965745,NA,NA,4,5,hydrogen_bonds=4,hydrogen_bonds=5,1.0,0.8461538461538461,0.9166666666666666,0.8461538461538461,11,13,11,0.6,0.75,0.6666666666666665,0.5,3,4,5
2E3N,vina_pose,2,A:6CM:600,A:6CM:600,RDKit,28,6.499910114763126,4,7.767582088397908,NA,NA,4,2,hydrogen_bonds=4,hydrogen_bonds=2,0.16666666666666666,0.07692307692307693,0.10526315789473684,0.05555555555555555,1,13,6,0.0,0.0,0.0,0.0,0,4,2
2E3N,vina_pose,3,A:6CM:600,A:6CM:600,RDKit,28,2.241799651746656,4,1.8286138876208935,NA,NA,4,5,hydrogen_bonds=4,hydrogen_bonds=5,1.0,0.8461538461538461,0.9166666666666666,0.8461538461538461,11,13,11,0.6,0.75,0.6666666666666665,0.5,3,4,5
2E3N,vina_pose,4,A:6CM:600,A:6CM:600,RDKit,28,3.671436858662131,4,1.743812274873646,NA,NA,4,5,hydrogen_bonds=4,hydrogen_bonds=5,1.0,0.8461538461538461,0.9166666666666666,0.8461538461538461,11,13,11,0.6,0.75,0.6666666666666665,0.5,3,4,5
2E3N,vina_pose,5,A:6CM:600,A:6CM:600,RDKit,28,3.290182425467795,4,1.7916712868157485,NA,NA,4,5,hydrogen_bonds=4,hydrogen_bonds=5,1.0,0.8461538461538461,0.9166666666666666,0.8461538461538461,11,13,11,0.6,0.75,0.6666666666666665,0.5,3,4,5
2E3N,vina_pose,6,A:6CM:600,A:6CM:600,RDKit,28,7.24710022304488,4,9.86535964879132,NA,NA,4,3,hydrogen_bonds=4,hydrogen_bonds=3,0.2857142857142857,0.15384615384615385,0.2,0.1111111111111111,2,13,7,0.0,0.0,0.0,0.0,0,4,3
2E3N,vina_pose,7,A:6CM:600,A:6CM:600,RDKit,28,8.3202879564695,4,10.804150741728847,NA,NA,4,1,hydrogen_bonds=4,hydrogen_bonds=1,0.0,0.0,0.0,0.0,0,13,7,0.0,0.0,0.0,0.0,0,4,1
2E3N,vina_pose,8,A:6CM:600,A:6CM:600,RDKit,28,2.5446661021494688,4,1.2331576338814112,NA,NA,4,5,hydrogen_bonds=4,hydrogen_bonds=5,1.0,0.8461538461538461,0.9166666666666666,0.8461538461538461,11,13,11,0.6,0.75,0.6666666666666665,0.5,3,4,5
2E3N,vina_pose,9,A:6CM:600,A:6CM:600,RDKit,28,2.8999871305133156,4,1.6828126752553296,NA,NA,4,5,hydrogen_bonds=4,hydrogen_bonds=5,1.0,0.8461538461538461,0.9166666666666666,0.8461538461538461,11,13,11,0.6,0.75,0.6666666666666665,0.5,3,4,5
2E3N,vina_pose,10,A:6CM:600,A:6CM:600,RDKit,28,8.551888458947866,4,12.673894192394064,NA,NA,4,4,hydrogen_bonds=4,hydrogen_bonds=4,0.125,0.07692307692307693,0.09523809523809525,0.05,1,13,8,0.0,0.0,0.0,0.0,0,4,4
2E3N,vina_pose,11,A:6CM:600,A:6CM:600,RDKit,28,8.480101782997654,4,11.524301041711812,NA,NA,4,3,hydrogen_bonds=4,hydrogen_bonds=3,0.0,0.0,0.0,0.0,0,13,8,0.0,0.0,0.0,0.0,0,4,3
2E3N,vina_pose,12,A:6CM:600,A:6CM:600,RDKit,28,10.306202092498893,4,9.512803766503334,NA,NA,4,3,hydrogen_bonds=4,hydrogen_bonds=3,0.14285714285714285,0.07692307692307693,0.1,0.05263157894736842,1,13,7,0.0,0.0,0.0,0.0,0,4,3
2E3N,vina_pose,13,A:6CM:600,A:6CM:600,RDKit,28,3.382220202766224,4,1.6436410800415033,NA,NA,4,5,hydrogen_bonds=4,hydrogen_bonds=5,1.0,0.8461538461538461,0.9166666666666666,0.8461538461538461,11,13,11,0.6,0.75,0.6666666666666665,0.5,3,4,5
2E3N,vina_pose,14,A:6CM:600,A:6CM:600,RDKit,28,7.5894717748621074,4,9.2058597643023,NA,NA,4,2,hydrogen_bonds=4,hydrogen_bonds=2,0.25,0.15384615384615385,0.1904761904761905,0.10526315789473684,2,13,8,0.0,0.0,0.0,0.0,0,4,2
2E3N,vina_pose,15,A:6CM:600,A:6CM:600,RDKit,28,11.433731949180647,4,14.614725561911863,NA,NA,4,3,hydrogen_bonds=4,hydrogen_bonds=3,0.0,0.0,0.0,0.0,0,13,10,0.0,0.0,0.0,0.0,0,4,3
2E3N,vina_pose,16,A:6CM:600,A:6CM:600,RDKit,28,7.998044461884774,4,9.688648293234717,NA,NA,4,2,hydrogen_bonds=4,hydrogen_bonds=2,0.125,0.07692307692307693,0.09523809523809525,0.05,1,13,8,0.0,0.0,0.0,0.0,0,4,2
2E3N,vina_pose,17,A:6CM:600,A:6CM:600,RDKit,28,7.65812796734853,4,9.729460108351336,NA,NA,4,2,hydrogen_bonds=4,hydrogen_bonds=2,0.125,0.07692307692307693,0.09523809523809525,0.05,1,13,8,0.0,0.0,0.0,0.0,0,4,2
2E3N,vina_pose,18,A:6CM:600,A:6CM:600,RDKit,28,8.4573481469413,4,9.69548866741641,NA,NA,4,2,hydrogen_bonds=4,hydrogen_bonds=2,0.125,0.07692307692307693,0.09523809523809525,0.05,1,13,8,0.0,0.0,0.0,0.0,0,4,2
2E3N,vina_pose,19,A:6CM:600,A:6CM:600,RDKit,28,10.622340823539252,4,13.339545335205393,NA,NA,4,3,hydrogen_bonds=4,hydrogen_bonds=3,0.1111111111111111,0.07692307692307693,0.09090909090909093,0.047619047619047616,1,13,9,0.0,0.0,0.0,0.0,0,4,3
2E3N,vina_pose,20,A:6CM:600,A:6CM:600,RDKit,28,4.96898595935687,4,4.346119533560945,NA,NA,4,2,hydrogen_bonds=4,hydrogen_bonds=2,0.8,0.6153846153846154,0.6956521739130435,0.5333333333333333,8,13,10,1.0,0.5,0.6666666666666666,0.5,2,4,2
2FTB,boltz,1,A:OLA:130,B:OLA:1,RDKit,20,9.180738064691853,3,14.072863701043042,125,0.9689479654808789,0,1,none=0,hydrogen_bonds=1,0.0,0.0,0.0,0.0,0,6,7,NA,NA,NA,NA,0,0,1
2FTB,vina_pose,1,A:OLA:130,L:UNL:1,RDKit,20,8.806408584093745,3,12.379088954092435,NA,NA,0,2,none=0,hydrogen_bonds=2,0.0,0.0,0.0,0.0,0,6,5,NA,NA,NA,NA,0,0,2
2FTB,vina_pose,2,A:OLA:130,L:UNL:1,RDKit,20,9.29763813019199,3,13.287061087137866,NA,NA,0,1,none=0,hydrogen_bonds=1,0.0,0.0,0.0,0.0,0,6,4,NA,NA,NA,NA,0,0,1
2FTB,vina_pose,3,A:OLA:130,L:UNL:1,RDKit,20,8.015384641425511,3,10.51370698976658,NA,NA,0,2,none=0,hydrogen_bonds=2,0.0,0.0,0.0,0.0,0,6,6,NA,NA,NA,NA,0,0,2
2FTB,vina_pose,4,A:OLA:130,L:UNL:1,RDKit,20,8.485445745510368,3,11.508230055051907,NA,NA,0,2,none=0,hydrogen_bonds=2,0.0,0.0,0.0,0.0,0,6,6,NA,NA,NA,NA,0,0,2
2FTB,vina_pose,5,A:OLA:130,L:UNL:1,RDKit,20,8.453853745481998,3,11.736551651429252,NA,NA,0,2,none=0,hydrogen_bonds=2,0.0,0.0,0.0,0.0,0,6,6,NA,NA,NA,NA,0,0,2
2FTB,vina_pose,6,A:OLA:130,L:UNL:1,RDKit,20,7.536680681838656,3,9.689302812896292,NA,NA,0,2,none=0,hydrogen_bonds=2,0.25,0.16666666666666666,0.2,0.1111111111111111,1,6,4,NA,NA,NA,NA,0,0,2
2FTB,vina_pose,7,A:OLA:130,L:UNL:1,RDKit,20,8.52585650536062,3,11.882340734608366,NA,NA,0,2,none=0,hydrogen_bonds=2,0.0,0.0,0.0,0.0,0,6,5,NA,NA,NA,NA,0,0,2
2FTB,vina_pose,8,A:OLA:130,L:UNL:1,RDKit,20,9.256611955785983,3,12.648346953917207,NA,NA,0,2,none=0,hydrogen_bonds=2,0.16666666666666666,0.16666666666666666,0.16666666666666666,0.09090909090909091,1,6,6,NA,NA,NA,NA,0,0,2
2FTB,vina_pose,9,A:OLA:130,L:UNL:1,RDKit,20,7.508161372799602,3,9.915883789825964,NA,NA,0,2,none=0,hydrogen_bonds=2,0.2,0.16666666666666666,0.1818181818181818,0.1,1,6,5,NA,NA,NA,NA,0,0,2
2FTB,vina_pose,10,A:OLA:130,L:UNL:1,RDKit,20,8.633396701183145,3,10.631401757686204,NA,NA,0,2,none=0,hydrogen_bonds=2,0.25,0.16666666666666666,0.2,0.1111111111111111,1,6,4,NA,NA,NA,NA,0,0,2
2FTB,vina_pose,11,A:OLA:130,L:UNL:1,RDKit,20,9.163004108915374,3,12.46755514659283,NA,NA,0,2,none=0,hydrogen_bonds=2,0.16666666666666666,0.16666666666666666,0.16666666666666666,0.09090909090909091,1,6,6,NA,NA,NA,NA,0,0,2
2FTB,vina_pose,12,A:OLA:130,L:UNL:1,RDKit,20,9.06322580541829,3,12.597835025643626,NA,NA,0,2,none=0,hydrogen_bonds=2,0.16666666666666666,0.16666666666666666,0.16666666666666666,0.09090909090909091,1,6,6,NA,NA,NA,NA,0,0,2
2FTB,vina_pose,13,A:OLA:130,L:UNL:1,RDKit,20,9.508729668047147,3,12.131875315328072,NA,NA,0,2,none=0,hydrogen_bonds=2,0.2,0.16666666666666666,0.1818181818181818,0.1,1,6,5,NA,NA,NA,NA,0,0,2
2FTB,vina_pose,14,A:OLA:130,L:UNL:1,RDKit,20,7.011906941053911,3,9.271970196961018,NA,NA,0,2,none=0,hydrogen_bonds=2,0.25,0.16666666666666666,0.2,0.1111111111111111,1,6,4,NA,NA,NA,NA,0,0,2
2FTB,vina_pose,15,A:OLA:130,L:UNL:1,RDKit,20,6.753974777862291,3,8.62768138030143,NA,NA,0,2,none=0,hydrogen_bonds=2,0.3333333333333333,0.16666666666666666,0.2222222222222222,0.125,1,6,3,NA,NA,NA,NA,0,0,2
2FTB,vina_pose,16,A:OLA:130,L:UNL:1,RDKit,20,8.595474294650646,3,15.752010390211574,NA,NA,0,2,none=0,hydrogen_bonds=2,0.0,0.0,0.0,0.0,0,6,6,NA,NA,NA,NA,0,0,2
2FTB,vina_pose,17,A:OLA:130,L:UNL:1,RDKit,20,7.2754368700443,3,9.759567630450304,NA,NA,0,2,none=0,hydrogen_bonds=2,0.2,0.16666666666666666,0.1818181818181818,0.1,1,6,5,NA,NA,NA,NA,0,0,2
2FTB,vina_pose,18,A:OLA:130,L:UNL:1,RDKit,20,8.591320215775921,3,11.499791143030961,NA,NA,0,2,none=0,hydrogen_bonds=2,0.0,0.0,0.0,0.0,0,6,6,NA,NA,NA,NA,0,0,2
2FTB,vina_pose,19,A:OLA:130,L:UNL:1,RDKit,20,8.599988732550758,3,10.87600121061658,NA,NA,0,1,none=0,hydrogen_bonds=1,0.14285714285714285,0.16666666666666666,0.15384615384615383,0.08333333333333333,1,6,7,NA,NA,NA,NA,0,0,1
2FTB,vina_pose,20,A:OLA:130,L:UNL:1,RDKit,20,8.828529687892543,3,16.036620841062497,NA,NA,0,2,none=0,hydrogen_bonds=2,0.0,0.0,0.0,0.0,0,6,6,NA,NA,NA,NA,0,0,2
2HMB,boltz,1,A:PLM:133,B:PLM:1,RDKit,18,1.0834964271499716,3,1.8041538439515807,131,0.4847381747012101,2,2,hydrogen_bonds=2,hydrogen_bonds=2,0.8571428571428571,1.0,0.923076923076923,0.8571428571428571,6,6,7,1.0,1.0,1.0,1.0,2,2,2
2HMB,vina_pose,1,A:PLM:133,L:UNL:1,RDKit,18,5.435617755958277,3,7.4754236892187835,NA,NA,2,2,hydrogen_bonds=2,hydrogen_bonds=2,0.2,0.16666666666666666,0.1818181818181818,0.1,1,6,5,0.0,0.0,0.0,0.0,0,2,2
2HMB,vina_pose,2,A:PLM:133,L:UNL:1,RDKit,18,4.184843691492219,3,1.194994560657076,NA,NA,2,2,hydrogen_bonds=2,hydrogen_bonds=2,1.0,0.8333333333333334,0.9090909090909091,0.8333333333333334,5,6,5,1.0,1.0,1.0,1.0,2,2,2
2HMB,vina_pose,3,A:PLM:133,L:UNL:1,RDKit,18,5.320757141192929,3,8.106136358751106,NA,NA,2,2,hydrogen_bonds=2,hydrogen_bonds=2,0.0,0.0,0.0,0.0,0,6,6,0.0,0.0,0.0,0.0,0,2,2
2HMB,vina_pose,4,A:PLM:133,L:UNL:1,RDKit,18,4.854757197269957,3,6.9577425936865485,NA,NA,2,2,hydrogen_bonds=2,hydrogen_bonds=2,0.2222222222222222,0.3333333333333333,0.26666666666666666,0.15384615384615385,2,6,9,0.0,0.0,0.0,0.0,0,2,2
2HMB,vina_pose,5,A:PLM:133,L:UNL:1,RDKit,18,5.064217917024416,3,5.278417218573514,NA,NA,2,2,hydrogen_bonds=2,hydrogen_bonds=2,0.4,0.3333333333333333,0.3636363636363636,0.2222222222222222,2,6,5,0.5,0.5,0.5,0.3333333333333333,1,2,2
2HMB,vina_pose,6,A:PLM:133,L:UNL:1,RDKit,18,5.766701416080274,3,7.3609948150142515,NA,NA,2,2,hydrogen_bonds=2,hydrogen_bonds=2,0.2,0.16666666666666666,0.1818181818181818,0.1,1,6,5,0.0,0.0,0.0,0.0,0,2,2
2HMB,vina_pose,7,A:PLM:133,L:UNL:1,RDKit,18,5.876472978468178,3,7.392666185709547,NA,NA,2,2,hydrogen_bonds=2,hydrogen_bonds=2,0.2,0.16666666666666666,0.1818181818181818,0.1,1,6,5,0.0,0.0,0.0,0.0,0,2,2
2HMB,vina_pose,8,A:PLM:133,L:UNL:1,RDKit,18,3.2649191244024554,3,1.8562663242828765,NA,NA,2,2,hydrogen_bonds=2,hydrogen_bonds=2,1.0,0.8333333333333334,0.9090909090909091,0.8333333333333334,5,6,5,1.0,1.0,1.0,1.0,2,2,2
2HMB,vina_pose,9,A:PLM:133,L:UNL:1,RDKit,18,4.704167632122725,3,7.8946049299505825,NA,NA,2,3,hydrogen_bonds=2,hydrogen_bonds=3,0.0,0.0,0.0,0.0,0,6,5,0.0,0.0,0.0,0.0,0,2,3
2HMB,vina_pose,10,A:PLM:133,L:UNL:1,RDKit,18,3.9971369058920723,3,8.351068614255306,NA,NA,2,3,hydrogen_bonds=2,hydrogen_bonds=3,0.0,0.0,0.0,0.0,0,6,7,0.0,0.0,0.0,0.0,0,2,3
2HMB,vina_pose,11,A:PLM:133,L:UNL:1,RDKit,18,4.904581231415744,3,8.019432315735742,NA,NA,2,2,hydrogen_bonds=2,hydrogen_bonds=2,0.0,0.0,0.0,0.0,0,6,6,0.0,0.0,0.0,0.0,0,2,2
2HMB,vina_pose,12,A:PLM:133,L:UNL:1,RDKit,18,4.665238090863578,3,0.8013761081206912,NA,NA,2,2,hydrogen_bonds=2,hydrogen_bonds=2,1.0,1.0,1.0,1.0,6,6,6,1.0,1.0,1.0,1.0,2,2,2
2HMB,vina_pose,13,A:PLM:133,L:UNL:1,RDKit,18,5.557016415707663,3,6.907818324188904,NA,NA,2,2,hydrogen_bonds=2,hydrogen_bonds=2,0.2857142857142857,0.3333333333333333,0.30769230769230765,0.18181818181818182,2,6,7,0.0,0.0,0.0,0.0,0,2,2
2HMB,vina_pose,14,A:PLM:133,L:UNL:1,RDKit,18,2.086130455599022,3,1.2616230287477566,NA,NA,2,2,hydrogen_bonds=2,hydrogen_bonds=2,1.0,1.0,1.0,1.0,6,6,6,1.0,1.0,1.0,1.0,2,2,2
2HMB,vina_pose,15,A:PLM:133,L:UNL:1,RDKit,18,4.683785345921253,3,5.412107137397288,NA,NA,2,1,hydrogen_bonds=2,hydrogen_bonds=1,0.3333333333333333,0.3333333333333333,0.3333333333333333,0.2,2,6,6,1.0,0.5,0.6666666666666666,0.5,1,2,1
2HMB,vina_pose,16,A:PLM:133,L:UNL:1,RDKit,18,4.96973259955816,3,6.078070856228425,NA,NA,2,2,hydrogen_bonds=2,hydrogen_bonds=2,0.3333333333333333,0.3333333333333333,0.3333333333333333,0.2,2,6,6,0.0,0.0,0.0,0.0,0,2,2
2HMB,vina_pose,17,A:PLM:133,L:UNL:1,RDKit,18,5.639770099727274,3,8.120026190433954,NA,NA,2,1,hydrogen_bonds=2,hydrogen_bonds=1,0.0,0.0,0.0,0.0,0,6,6,0.0,0.0,0.0,0.0,0,2,1
2HMB,vina_pose,18,A:PLM:133,L:UNL:1,RDKit,18,5.1598431446874224,3,7.591630545102504,NA,NA,2,2,hydrogen_bonds=2,hydrogen_bonds=2,0.0,0.0,0.0,0.0,0,6,5,0.0,0.0,0.0,0.0,0,2,2
2HMB,vina_pose,19,A:PLM:133,L:UNL:1,RDKit,18,4.344838214607203,3,1.3477920215423944,NA,NA,2,2,hydrogen_bonds=2,hydrogen_bonds=2,1.0,1.0,1.0,1.0,6,6,6,1.0,1.0,1.0,1.0,2,2,2
2HMB,vina_pose,20,A:PLM:133,L:UNL:1,RDKit,18,4.8230497900993905,3,5.074769846997989,NA,NA,2,2,hydrogen_bonds=2,hydrogen_bonds=2,0.4,0.3333333333333333,0.3636363636363636,0.2222222222222222,2,6,5,0.5,0.5,0.5,0.3333333333333333,1,2,2
2IFB,boltz,1,A:PLM:133,B:PLM:1,RDKit,18,2.7583336486538914,3,2.6259841940356154,131,0.4601801885143915,1,1,hydrogen_bonds=1,hydrogen_bonds=1,0.42857142857142855,0.5,0.4615384615384615,0.3,3,6,7,1.0,1.0,1.0,1.0,1,1,1
2IFB,vina_pose,1,A:PLM:133,L:UNL:1,RDKit,18,5.227109127742918,3,1.5001825444480639,NA,NA,1,1,hydrogen_bonds=1,hydrogen_bonds=1,0.7142857142857143,0.8333333333333334,0.7692307692307692,0.625,5,6,7,1.0,1.0,1.0,1.0,1,1,1
2IFB,vina_pose,2,A:PLM:133,L:UNL:1,RDKit,18,3.9098727884960933,3,1.5540395747856612,NA,NA,1,1,hydrogen_bonds=1,hydrogen_bonds=1,0.7142857142857143,0.8333333333333334,0.7692307692307692,0.625,5,6,7,1.0,1.0,1.0,1.0,1,1,1
2IFB,vina_pose,3,A:PLM:133,L:UNL:1,RDKit,18,6.2154027937768355,3,5.241298280642561,NA,NA,1,3,hydrogen_bonds=1,hydrogen_bonds=3,0.14285714285714285,0.16666666666666666,0.15384615384615383,0.08333333333333333,1,6,7,0.3333333333333333,1.0,0.5,0.3333333333333333,1,1,3
2IFB,vina_pose,4,A:PLM:133,L:UNL:1,RDKit,18,7.454589153296408,3,4.837858720549826,NA,NA,1,3,hydrogen_bonds=1,hydrogen_bonds=3,0.4,0.3333333333333333,0.3636363636363636,0.2222222222222222,2,6,5,0.3333333333333333,1.0,0.5,0.3333333333333333,1,1,3
2IFB,vina_pose,5,A:PLM:133,L:UNL:1,RDKit,18,8.054311726577815,3,9.534257093939377,NA,NA,1,2,hydrogen_bonds=1,hydrogen_bonds=2,0.0,0.0,0.0,0.0,0,6,5,0.0,0.0,0.0,0.0,0,1,2
2IFB,vina_pose,6,A:PLM:133,L:UNL:1,RDKit,18,4.282809507528647,3,3.5953751774559857,NA,NA,1,3,hydrogen_bonds=1,hydrogen_bonds=3,0.42857142857142855,0.5,0.4615384615384615,0.3,3,6,7,0.3333333333333333,1.0,0.5,0.3333333333333333,1,1,3
2IFB,vina_pose,7,A:PLM:133,L:UNL:1,RDKit,18,8.217340361157685,3,9.575995144109045,NA,NA,1,3,hydrogen_bonds=1,hydrogen_bonds=3,0.0,0.0,0.0,0.0,0,6,7,0.0,0.0,0.0,0.0,0,1,3
2IFB,vina_pose,8,A:PLM:133,L:UNL:1,RDKit,18,8.520696417807903,3,8.152006215241332,NA,NA,1,2,hydrogen_bonds=1,hydrogen_bonds=2,0.0,0.0,0.0,0.0,0,6,5,0.0,0.0,0.0,0.0,0,1,2
2IFB,vina_pose,9,A:PLM:133,L:UNL:1,RDKit,18,8.002459934295205,3,9.563036494754162,NA,NA,1,3,hydrogen_bonds=1,hydrogen_bonds=3,0.0,0.0,0.0,0.0,0,6,8,0.0,0.0,0.0,0.0,0,1,3
2IFB,vina_pose,10,A:PLM:133,L:UNL:1,RDKit,18,6.335934965645472,3,5.377208290553751,NA,NA,1,3,hydrogen_bonds=1,hydrogen_bonds=3,0.14285714285714285,0.16666666666666666,0.15384615384615383,0.08333333333333333,1,6,7,0.3333333333333333,1.0,0.5,0.3333333333333333,1,1,3
2IFB,vina_pose,11,A:PLM:133,L:UNL:1,RDKit,18,4.2664650147659975,3,1.7095452611732747,NA,NA,1,2,hydrogen_bonds=1,hydrogen_bonds=2,0.7142857142857143,0.8333333333333334,0.7692307692307692,0.625,5,6,7,0.5,1.0,0.6666666666666666,0.5,1,1,2
2IFB,vina_pose,12,A:PLM:133,L:UNL:1,RDKit,18,9.277905687408362,3,11.637299400347716,NA,NA,1,2,hydrogen_bonds=1,hydrogen_bonds=2,0.0,0.0,0.0,0.0,0,6,7,0.0,0.0,0.0,0.0,0,1,2
2IFB,vina_pose,13,A:PLM:133,L:UNL:1,RDKit,18,9.286849274347272,3,12.271929554882556,NA,NA,1,1,hydrogen_bonds=1,hydrogen_bonds=1,0.0,0.0,0.0,0.0,0,6,6,0.0,0.0,0.0,0.0,0,1,1
2IFB,vina_pose,14,A:PLM:133,L:UNL:1,RDKit,18,4.125942855208303,3,5.137340427367712,NA,NA,1,3,hydrogen_bonds=1,hydrogen_bonds=3,0.4,0.3333333333333333,0.3636363636363636,0.2222222222222222,2,6,5,0.3333333333333333,1.0,0.5,0.3333333333333333,1,1,3
2IFB,vina_pose,15,A:PLM:133,L:UNL:1,RDKit,18,6.834311210518747,3,5.486598764261881,NA,NA,1,3,hydrogen_bonds=1,hydrogen_bonds=3,0.14285714285714285,0.16666666666666666,0.15384615384615383,0.08333333333333333,1,6,7,0.3333333333333333,1.0,0.5,0.3333333333333333,1,1,3
2IFB,vina_pose,16,A:PLM:133,L:UNL:1,RDKit,18,2.204549790269609,3,2.1646106655316406,NA,NA,1,1,hydrogen_bonds=1,hydrogen_bonds=1,0.7142857142857143,0.8333333333333334,0.7692307692307692,0.625,5,6,7,1.0,1.0,1.0,1.0,1,1,1
2IFB,vina_pose,17,A:PLM:133,L:UNL:1,RDKit,18,7.782925417576321,3,10.575686833487458,NA,NA,1,1,hydrogen_bonds=1,hydrogen_bonds=1,0.0,0.0,0.0,0.0,0,6,6,0.0,0.0,0.0,0.0,0,1,1
2IFB,vina_pose,18,A:PLM:133,L:UNL:1,RDKit,18,8.276667482212337,3,8.93012545637891,NA,NA,1,2,hydrogen_bonds=1,hydrogen_bonds=2,0.0,0.0,0.0,0.0,0,6,3,0.0,0.0,0.0,0.0,0,1,2
2IFB,vina_pose,19,A:PLM:133,L:UNL:1,RDKit,18,7.648880934852859,3,9.130975376887912,NA,NA,1,2,hydrogen_bonds=1,hydrogen_bonds=2,0.0,0.0,0.0,0.0,0,6,7,0.0,0.0,0.0,0.0,0,1,2
2IFB,vina_pose,20,A:PLM:133,L:UNL:1,RDKit,18,7.808127930418262,3,6.776043585062501,NA,NA,1,1,hydrogen_bonds=1,hydrogen_bonds=1,0.0,0.0,0.0,0.0,0,6,5,0.0,0.0,0.0,0.0,0,1,1
2OVD,boltz,1,A:DAO:190,B:DAO:1,RDKit,14,0.8394131492032658,3,1.58032744950814,162,1.2355452101496418,1,1,hydrogen_bonds=1,hydrogen_bonds=1,0.75,0.75,0.75,0.6,3,4,4,1.0,1.0,1.0,1.0,1,1,1
2OVD,vina_pose,1,A:DAO:190,L:UNL:1,RDKit,14,4.233306433172877,3,5.508785256297436,NA,NA,1,3,hydrogen_bonds=1,hydrogen_bonds=3,0.16666666666666666,0.25,0.2,0.1111111111111111,1,4,6,0.0,0.0,0.0,0.0,0,1,3
2OVD,vina_pose,2,A:DAO:190,L:UNL:1,RDKit,14,3.678373708972097,3,4.923377194568785,NA,NA,1,2,hydrogen_bonds=1,hydrogen_bonds=2,0.14285714285714285,0.25,0.18181818181818182,0.1,1,4,7,0.0,0.0,0.0,0.0,0,1,2
2OVD,vina_pose,3,A:DAO:190,L:UNL:1,RDKit,14,4.073061265366454,3,5.984493016677911,NA,NA,1,2,hydrogen_bonds=1,hydrogen_bonds=2,0.1111111111111111,0.25,0.15384615384615383,0.08333333333333333,1,4,9,0.0,0.0,0.0,0.0,0,1,2
2OVD,vina_pose,4,A:DAO:190,L:UNL:1,RDKit,14,3.256734538942783,3,4.9263052077596665,NA,NA,1,2,hydrogen_bonds=1,hydrogen_bonds=2,0.3333333333333333,0.5,0.4,0.25,2,4,6,0.0,0.0,0.0,0.0,0,1,2
2OVD,vina_pose,5,A:DAO:190,L:UNL:1,RDKit,14,3.454624674672655,3,5.384638923208626,NA,NA,1,1,hydrogen_bonds=1,hydrogen_bonds=1,0.125,0.25,0.16666666666666666,0.09090909090909091,1,4,8,0.0,0.0,0.0,0.0,0,1,1
2OVD,vina_pose,6,A:DAO:190,L:UNL:1,RDKit,14,3.4431887732988775,3,4.981963401444588,NA,NA,1,1,hydrogen_bonds=1,hydrogen_bonds=1,0.125,0.25,0.16666666666666666,0.09090909090909091,1,4,8,0.0,0.0,0.0,0.0,0,1,1
2OVD,vina_pose,7,A:DAO:190,L:UNL:1,RDKit,14,3.2874301730770106,3,4.481458282003007,NA,NA,1,2,hydrogen_bonds=1,hydrogen_bonds=2,0.16666666666666666,0.25,0.2,0.1111111111111111,1,4,6,0.0,0.0,0.0,0.0,0,1,2
2OVD,vina_pose,8,A:DAO:190,L:UNL:1,RDKit,14,3.0131865548428487,3,4.275523788574527,NA,NA,1,2,hydrogen_bonds=1,hydrogen_bonds=2,0.16666666666666666,0.25,0.2,0.1111111111111111,1,4,6,0.0,0.0,0.0,0.0,0,1,2
2OVD,vina_pose,9,A:DAO:190,L:UNL:1,RDKit,14,8.502013072544308,3,13.601165293214157,NA,NA,1,0,hydrogen_bonds=1,none=0,0.0,0.0,0.0,0.0,0,4,9,0.0,0.0,0.0,0.0,0,1,0
2OVD,vina_pose,10,A:DAO:190,L:UNL:1,RDKit,14,8.662503865181575,3,13.784241147049046,NA,NA,1,0,hydrogen_bonds=1,none=0,0.0,0.0,0.0,0.0,0,4,7,0.0,0.0,0.0,0.0,0,1,0
2OVD,vina_pose,11,A:DAO:190,L:UNL:1,RDKit,14,8.317513952927452,3,12.701358601871428,NA,NA,1,0,hydrogen_bonds=1,none=0,0.0,0.0,0.0,0.0,0,4,8,0.0,0.0,0.0,0.0,0,1,0
2OVD,vina_pose,12,A:DAO:190,L:UNL:1,RDKit,14,4.808968578158344,3,6.0566312693884,NA,NA,1,2,hydrogen_bonds=1,hydrogen_bonds=2,0.14285714285714285,0.25,0.18181818181818182,0.1,1,4,7,0.0,0.0,0.0,0.0,0,1,2
2OVD,vina_pose,13,A:DAO:190,L:UNL:1,RDKit,14,2.7857684628431403,3,4.239681473884565,NA,NA,1,2,hydrogen_bonds=1,hydrogen_bonds=2,0.4,0.5,0.4444444444444445,0.2857142857142857,2,4,5,0.0,0.0,0.0,0.0,0,1,2
2OVD,vina_pose,14,A:DAO:190,L:UNL:1,RDKit,14,2.7132106179106072,3,4.850530417730966,NA,NA,1,3,hydrogen_bonds=1,hydrogen_bonds=3,0.3333333333333333,0.5,0.4,0.25,2,4,6,0.0,0.0,0.0,0.0,0,1,3
2OVD,vina_pose,15,A:DAO:190,L:UNL:1,RDKit,14,8.400946889658163,3,13.49145784067336,NA,NA,1,0,hydrogen_bonds=1,none=0,0.0,0.0,0.0,0.0,0,4,9,0.0,0.0,0.0,0.0,0,1,0
2WC5,boltz,1,A:BOM:1143,B:BOM:1,RDKit,17,1.2036879817091428,1,1.5233966813249626,141,0.8227049077592055,2,2,hydrogen_bonds=2,hydrogen_bonds=2,0.875,1.0,0.9333333333333333,0.875,7,7,8,0.5,0.5,0.5,0.3333333333333333,1,2,2
2WC5,vina_pose,1,A:BOM:1143,A:BOM:1143,RDKit,17,7.541769385932471,1,9.85639163182957,NA,NA,2,1,hydrogen_bonds=2,hydrogen_bonds=1,0.16666666666666666,0.14285714285714285,0.15384615384615383,0.08333333333333333,1,7,6,0.0,0.0,0.0,0.0,0,2,1
2WC5,vina_pose,2,A:BOM:1143,A:BOM:1143,RDKit,17,7.147103263478396,1,15.557940994874611,NA,NA,2,3,hydrogen_bonds=2,hydrogen_bonds=3,0.0,0.0,0.0,0.0,0,7,6,0.0,0.0,0.0,0.0,0,2,3
2WC5,vina_pose,3,A:BOM:1143,A:BOM:1143,RDKit,17,7.400618543306324,1,10.74625330056946,NA,NA,2,0,hydrogen_bonds=2,none=0,0.0,0.0,0.0,0.0,0,7,3,0.0,0.0,0.0,0.0,0,2,0
2WC5,vina_pose,4,A:BOM:1143,A:BOM:1143,RDKit,17,6.636169545399976,1,5.928976387202094,NA,NA,2,0,hydrogen_bonds=2,none=0,0.6,0.42857142857142855,0.5,0.3333333333333333,3,7,5,0.0,0.0,0.0,0.0,0,2,0
2WC5,vina_pose,5,A:BOM:1143,A:BOM:1143,RDKit,17,7.291753037023483,1,8.368313270904718,NA,NA,2,1,hydrogen_bonds=2,hydrogen_bonds=1,0.0,0.0,0.0,0.0,0,7,5,0.0,0.0,0.0,0.0,0,2,1
2WC5,vina_pose,6,A:BOM:1143,A:BOM:1143,RDKit,17,6.1167337448905155,1,4.343758050352253,NA,NA,2,1,hydrogen_bonds=2,hydrogen_bonds=1,0.75,0.42857142857142855,0.5454545454545454,0.375,3,7,4,0.0,0.0,0.0,0.0,0,2,1
2WC5,vina_pose,7,A:BOM:1143,A:BOM:1143,RDKit,17,7.699925446545112,1,15.955468592304019,NA,NA,2,1,hydrogen_bonds=2,hydrogen_bonds=1,0.0,0.0,0.0,0.0,0,7,8,0.0,0.0,0.0,0.0,0,2,1
2WC5,vina_pose,8,A:BOM:1143,A:BOM:1143,RDKit,17,7.342236516132092,1,8.432439445379968,NA,NA,2,3,hydrogen_bonds=2,hydrogen_bonds=3,0.0,0.0,0.0,0.0,0,7,5,0.0,0.0,0.0,0.0,0,2,3
2WC5,vina_pose,9,A:BOM:1143,A:BOM:1143,RDKit,17,4.37595711211374,1,5.628604622817276,NA,NA,2,0,hydrogen_bonds=2,none=0,0.3333333333333333,0.2857142857142857,0.30769230769230765,0.18181818181818182,2,7,6,0.0,0.0,0.0,0.0,0,2,0
2WC5,vina_pose,10,A:BOM:1143,A:BOM:1143,RDKit,17,6.567085668427859,1,7.861402292212247,NA,NA,2,4,hydrogen_bonds=2,hydrogen_bonds=4,0.2222222222222222,0.2857142857142857,0.25,0.14285714285714285,2,7,9,0.0,0.0,0.0,0.0,0,2,4
2WC5,vina_pose,11,A:BOM:1143,A:BOM:1143,RDKit,17,6.334243954142296,1,12.694422318483026,NA,NA,2,2,hydrogen_bonds=2,hydrogen_bonds=2,0.0,0.0,0.0,0.0,0,7,6,0.0,0.0,0.0,0.0,0,2,2
2WC5,vina_pose,12,A:BOM:1143,A:BOM:1143,RDKit,17,8.943565939035858,1,16.080212125466502,NA,NA,2,0,hydrogen_bonds=2,none=0,0.0,0.0,0.0,0.0,0,7,6,0.0,0.0,0.0,0.0,0,2,0
2WC5,vina_pose,13,A:BOM:1143,A:BOM:1143,RDKit,17,5.66299725254683,1,7.909488036529291,NA,NA,2,0,hydrogen_bonds=2,none=0,0.14285714285714285,0.14285714285714285,0.14285714285714285,0.07692307692307693,1,7,7,0.0,0.0,0.0,0.0,0,2,0
2WC5,vina_pose,14,A:BOM:1143,A:BOM:1143,RDKit,17,7.377231829798236,1,10.503575058045714,NA,NA,2,0,hydrogen_bonds=2,none=0,0.0,0.0,0.0,0.0,0,7,5,0.0,0.0,0.0,0.0,0,2,0
2WC5,vina_pose,15,A:BOM:1143,A:BOM:1143,RDKit,17,6.928148262915653,1,8.843849557743505,NA,NA,2,0,hydrogen_bonds=2,none=0,0.0,0.0,0.0,0.0,0,7,4,0.0,0.0,0.0,0.0,0,2,0
2WC5,vina_pose,16,A:BOM:1143,A:BOM:1143,RDKit,17,5.546900310878458,1,5.576428426869657,NA,NA,2,0,hydrogen_bonds=2,none=0,0.3333333333333333,0.2857142857142857,0.30769230769230765,0.18181818181818182,2,7,6,0.0,0.0,0.0,0.0,0,2,0
2WC5,vina_pose,17,A:BOM:1143,A:BOM:1143,RDKit,17,7.77620568294907,1,13.623387574314988,NA,NA,2,0,hydrogen_bonds=2,none=0,0.0,0.0,0.0,0.0,0,7,4,0.0,0.0,0.0,0.0,0,2,0
2WC5,vina_pose,18,A:BOM:1143,A:BOM:1143,RDKit,17,8.968985371168541,1,8.699300029312703,NA,NA,2,2,hydrogen_bonds=2,hydrogen_bonds=2,0.3333333333333333,0.2857142857142857,0.30769230769230765,0.18181818181818182,2,7,6,0.0,0.0,0.0,0.0,0,2,2
2WC5,vina_pose,19,A:BOM:1143,A:BOM:1143,RDKit,17,6.8743632346823915,1,11.372871097484575,NA,NA,2,0,hydrogen_bonds=2,none=0,0.0,0.0,0.0,0.0,0,7,4,0.0,0.0,0.0,0.0,0,2,0
2WC5,vina_pose,20,A:BOM:1143,A:BOM:1143,RDKit,17,8.012514212155882,1,8.916882695202398,NA,NA,2,2,hydrogen_bonds=2,hydrogen_bonds=2,0.125,0.14285714285714285,0.13333333333333333,0.07142857142857142,1,7,8,0.0,0.0,0.0,0.0,0,2,2
2WEW,boltz,1,A:MYR:1188,B:MYR:1,RDKit,16,1.751893773217527,3,2.138243592778874,170,2.92149802509615,2,0,hydrogen_bonds=2,none=0,0.5,0.6666666666666666,0.5714285714285715,0.4,4,6,8,0.0,0.0,0.0,0.0,0,2,0
2WEW,vina_pose,1,A:MYR:1188,L:UNL:1,RDKit,16,2.366769752743177,3,3.062922950385791,NA,NA,2,3,hydrogen_bonds=2,hydrogen_bonds=3,0.5,0.6666666666666666,0.5714285714285715,0.4,4,6,8,0.3333333333333333,0.5,0.4,0.25,1,2,3
2WEW,vina_pose,2,A:MYR:1188,L:UNL:1,RDKit,16,2.7372210360144464,3,3.85883738968099,NA,NA,2,3,hydrogen_bonds=2,hydrogen_bonds=3,0.5,0.6666666666666666,0.5714285714285715,0.4,4,6,8,0.3333333333333333,0.5,0.4,0.25,1,2,3
2WEW,vina_pose,3,A:MYR:1188,L:UNL:1,RDKit,16,3.015510798355728,3,3.5556786975203485,NA,NA,2,3,hydrogen_bonds=2,hydrogen_bonds=3,0.5,0.6666666666666666,0.5714285714285715,0.4,4,6,8,0.3333333333333333,0.5,0.4,0.25,1,2,3
2WEW,vina_pose,4,A:MYR:1188,L:UNL:1,RDKit,16,9.318801830841775,3,11.10163737172735,NA,NA,2,0,hydrogen_bonds=2,none=0,0.0,0.0,0.0,0.0,0,6,5,0.0,0.0,0.0,0.0,0,2,0
2WEW,vina_pose,5,A:MYR:1188,L:UNL:1,RDKit,16,2.3701988313219635,3,3.2319953589075587,NA,NA,2,1,hydrogen_bonds=2,hydrogen_bonds=1,0.5714285714285714,0.6666666666666666,0.6153846153846153,0.4444444444444444,4,6,7,0.0,0.0,0.0,0.0,0,2,1
2WEW,vina_pose,6,A:MYR:1188,L:UNL:1,RDKit,16,8.6574545551796,3,12.842906693320378,NA,NA,2,0,hydrogen_bonds=2,none=0,0.0,0.0,0.0,0.0,0,6,7,0.0,0.0,0.0,0.0,0,2,0
2WEW,vina_pose,7,A:MYR:1188,L:UNL:1,RDKit,16,8.49626584521106,3,13.39605403343338,NA,NA,2,0,hydrogen_bonds=2,none=0,0.0,0.0,0.0,0.0,0,6,8,0.0,0.0,0.0,0.0,0,2,0
2WEW,vina_pose,8,A:MYR:1188,L:UNL:1,RDKit,16,1.7827843742303777,3,2.2785981801683826,NA,NA,2,2,hydrogen_bonds=2,hydrogen_bonds=2,0.75,1.0,0.8571428571428571,0.75,6,6,8,0.5,0.5,0.5,0.3333333333333333,1,2,2
2WEW,vina_pose,9,A:MYR:1188,L:UNL:1,RDKit,16,3.72335388124739,3,4.710701150925766,NA,NA,2,1,hydrogen_bonds=2,hydrogen_bonds=1,0.2857142857142857,0.3333333333333333,0.30769230769230765,0.18181818181818182,2,6,7,0.0,0.0,0.0,0.0,0,2,1
2WEW,vina_pose,10,A:MYR:1188,L:UNL:1,RDKit,16,8.064573400062772,3,13.681703341811403,NA,NA,2,0,hydrogen_bonds=2,none=0,0.0,0.0,0.0,0.0,0,6,8,0.0,0.0,0.0,0.0,0,2,0
2WEW,vina_pose,11,A:MYR:1188,L:UNL:1,RDKit,16,1.7956108118130725,3,1.1037871171562026,NA,NA,2,2,hydrogen_bonds=2,hydrogen_bonds=2,1.0,1.0,1.0,1.0,6,6,6,1.0,1.0,1.0,1.0,2,2,2
2WEW,vina_pose,12,A:MYR:1188,L:UNL:1,RDKit,16,4.13933379301549,3,5.2510710970874,NA,NA,2,1,hydrogen_bonds=2,hydrogen_bonds=1,0.16666666666666666,0.16666666666666666,0.16666666666666666,0.09090909090909091,1,6,6,0.0,0.0,0.0,0.0,0,2,1
2WEW,vina_pose,13,A:MYR:1188,L:UNL:1,RDKit,16,8.98698927964755,3,11.940770647938377,NA,NA,2,0,hydrogen_bonds=2,none=0,0.0,0.0,0.0,0.0,0,6,7,0.0,0.0,0.0,0.0,0,2,0
2WEW,vina_pose,14,A:MYR:1188,L:UNL:1,RDKit,16,2.8193595460671563,3,2.3153040837004544,NA,NA,2,2,hydrogen_bonds=2,hydrogen_bonds=2,0.75,0.5,0.6,0.42857142857142855,3,6,4,0.5,0.5,0.5,0.3333333333333333,1,2,2
2WEW,vina_pose,15,A:MYR:1188,L:UNL:1,RDKit,16,3.4541035016339627,3,3.1358997645545585,NA,NA,2,2,hydrogen_bonds=2,hydrogen_bonds=2,0.6,0.5,0.5454545454545454,0.375,3,6,5,0.5,0.5,0.5,0.3333333333333333,1,2,2
2WEW,vina_pose,16,A:MYR:1188,L:UNL:1,RDKit,16,7.995669222304034,3,13.734954071031083,NA,NA,2,0,hydrogen_bonds=2,none=0,0.0,0.0,0.0,0.0,0,6,8,0.0,0.0,0.0,0.0,0,2,0
2WEW,vina_pose,17,A:MYR:1188,L:UNL:1,RDKit,16,9.629988606561277,3,9.832934116190007,NA,NA,2,0,hydrogen_bonds=2,none=0,0.16666666666666666,0.16666666666666666,0.16666666666666666,0.09090909090909091,1,6,6,0.0,0.0,0.0,0.0,0,2,0
2WEX,boltz,1,A:GYM:1186,B:GYM:1,RDKit,21,0.7975241341960768,3,1.1242022690057867,159,1.0861740238879631,1,0,hydrogen_bonds=1,none=0,0.8571428571428571,0.75,0.7999999999999999,0.6666666666666666,6,8,7,0.0,0.0,0.0,0.0,0,1,0
2WEX,vina_pose,1,A:GYM:1186,A:GYM:1186,RDKit,21,3.0914344874954396,3,3.0338048168375416,NA,NA,1,2,hydrogen_bonds=1,hydrogen_bonds=2,0.625,0.625,0.625,0.45454545454545453,5,8,8,0.0,0.0,0.0,0.0,0,1,2
2WEX,vina_pose,2,A:GYM:1186,A:GYM:1186,RDKit,21,2.3766346955707087,3,2.3713169336889575,NA,NA,1,1,hydrogen_bonds=1,hydrogen_bonds=1,0.75,0.75,0.75,0.6,6,8,8,0.0,0.0,0.0,0.0,0,1,1
2WEX,vina_pose,3,A:GYM:1186,A:GYM:1186,RDKit,21,2.880344895023114,3,2.7866603668190355,NA,NA,1,2,hydrogen_bonds=1,hydrogen_bonds=2,0.5714285714285714,0.5,0.5333333333333333,0.36363636363636365,4,8,7,0.0,0.0,0.0,0.0,0,1,2
2WEX,vina_pose,4,A:GYM:1186,A:GYM:1186,RDKit,21,3.2917073656314555,3,3.0770200411003716,NA,NA,1,1,hydrogen_bonds=1,hydrogen_bonds=1,0.75,0.75,0.75,0.6,6,8,8,0.0,0.0,0.0,0.0,0,1,1
2WEX,vina_pose,5,A:GYM:1186,A:GYM:1186,RDKit,21,2.252494511382775,3,2.8322772933924862,NA,NA,1,2,hydrogen_bonds=1,hydrogen_bonds=2,0.625,0.625,0.625,0.45454545454545453,5,8,8,0.5,1.0,0.6666666666666666,0.5,1,1,2
2WEX,vina_pose,6,A:GYM:1186,A:GYM:1186,RDKit,21,2.4057767679364717,3,2.609041714244268,NA,NA,1,2,hydrogen_bonds=1,hydrogen_bonds=2,0.75,0.75,0.75,0.6,6,8,8,0.0,0.0,0.0,0.0,0,1,2
2WEX,vina_pose,7,A:GYM:1186,A:GYM:1186,RDKit,21,2.490120708491286,3,2.111297626263684,NA,NA,1,2,hydrogen_bonds=1,hydrogen_bonds=2,0.75,0.75,0.75,0.6,6,8,8,0.0,0.0,0.0,0.0,0,1,2
2WEX,vina_pose,8,A:GYM:1186,A:GYM:1186,RDKit,21,10.135604553585676,3,10.062199461350385,NA,NA,1,0,hydrogen_bonds=1,none=0,0.0,0.0,0.0,0.0,0,8,7,0.0,0.0,0.0,0.0,0,1,0
2WEX,vina_pose,9,A:GYM:1186,A:GYM:1186,RDKit,21,3.0929212035596017,3,2.40695360708649,NA,NA,1,1,hydrogen_bonds=1,hydrogen_bonds=1,0.75,0.75,0.75,0.6,6,8,8,0.0,0.0,0.0,0.0,0,1,1
2WEX,vina_pose,10,A:GYM:1186,A:GYM:1186,RDKit,21,10.17089352725989,3,8.56276917825069,NA,NA,1,0,hydrogen_bonds=1,none=0,0.14285714285714285,0.125,0.13333333333333333,0.07142857142857142,1,8,7,0.0,0.0,0.0,0.0,0,1,0
2WEX,vina_pose,11,A:GYM:1186,A:GYM:1186,RDKit,21,10.104677071251992,3,8.987051129263705,NA,NA,1,0,hydrogen_bonds=1,none=0,0.0,0.0,0.0,0.0,0,8,5,0.0,0.0,0.0,0.0,0,1,0
2WEX,vina_pose,12,A:GYM:1186,A:GYM:1186,RDKit,21,1.8409719353283651,3,2.2250041198463726,NA,NA,1,1,hydrogen_bonds=1,hydrogen_bonds=1,1.0,0.75,0.8571428571428571,0.75,6,8,6,0.0,0.0,0.0,0.0,0,1,1
2WEX,vina_pose,13,A:GYM:1186,A:GYM:1186,RDKit,21,10.137894664973356,3,9.062523508015488,NA,NA,1,0,hydrogen_bonds=1,none=0,0.0,0.0,0.0,0.0,0,8,5,0.0,0.0,0.0,0.0,0,1,0
2WEX,vina_pose,14,A:GYM:1186,A:GYM:1186,RDKit,21,10.259176895415564,3,9.417248076446397,NA,NA,1,0,hydrogen_bonds=1,none=0,0.2,0.125,0.15384615384615385,0.08333333333333333,1,8,5,0.0,0.0,0.0,0.0,0,1,0
2WEX,vina_pose,15,A:GYM:1186,A:GYM:1186,RDKit,21,2.028631488044518,3,2.3879916247759323,NA,NA,1,1,hydrogen_bonds=1,hydrogen_bonds=1,1.0,0.625,0.7692307692307693,0.625,5,8,5,0.0,0.0,0.0,0.0,0,1,1
2WEX,vina_pose,16,A:GYM:1186,A:GYM:1186,RDKit,21,1.5697514210248462,3,1.3716074511317002,NA,NA,1,0,hydrogen_bonds=1,none=0,0.8571428571428571,0.75,0.7999999999999999,0.6666666666666666,6,8,7,0.0,0.0,0.0,0.0,0,1,0
2WEX,vina_pose,17,A:GYM:1186,A:GYM:1186,RDKit,21,10.268304784279493,3,9.699297087933743,NA,NA,1,0,hydrogen_bonds=1,none=0,0.0,0.0,0.0,0.0,0,8,7,0.0,0.0,0.0,0.0,0,1,0
2WEX,vina_pose,18,A:GYM:1186,A:GYM:1186,RDKit,21,3.045377136704403,3,2.43334207760986,NA,NA,1,1,hydrogen_bonds=1,hydrogen_bonds=1,0.875,0.875,0.875,0.7777777777777778,7,8,8,0.0,0.0,0.0,0.0,0,1,1
2WEX,vina_pose,19,A:GYM:1186,A:GYM:1186,RDKit,21,2.054010258702995,3,1.2115403418788817,NA,NA,1,0,hydrogen_bonds=1,none=0,1.0,0.625,0.7692307692307693,0.625,5,8,5,0.0,0.0,0.0,0.0,0,1,0
2WR6,boltz,1,A:ODT:1176,B:ODT:1,RDKit,20,4.1006829436898595,3,4.479348996568482,174,0.763450993450318,3,4,hydrogen_bonds=3,hydrogen_bonds=4,0.6,0.375,0.4615384615384615,0.3,3,8,5,0.5,0.6666666666666666,0.5714285714285715,0.4,2,3,4
2WR6,vina_pose,1,A:ODT:1176,L:UNL:1,RDKit,20,2.930225068147496,3,1.8598691710261062,NA,NA,3,4,hydrogen_bonds=3,hydrogen_bonds=4,0.7777777777777778,0.875,0.823529411764706,0.7,7,8,9,0.75,1.0,0.8571428571428571,0.75,3,3,4
2WR6,vina_pose,2,A:ODT:1176,L:UNL:1,RDKit,20,3.179009845848232,3,1.8737170722034495,NA,NA,3,4,hydrogen_bonds=3,hydrogen_bonds=4,0.7777777777777778,0.875,0.823529411764706,0.7,7,8,9,0.75,1.0,0.8571428571428571,0.75,3,3,4
2WR6,vina_pose,3,A:ODT:1176,L:UNL:1,RDKit,20,1.372195813286136,3,1.8360761603666307,NA,NA,3,4,hydrogen_bonds=3,hydrogen_bonds=4,0.7777777777777778,0.875,0.823529411764706,0.7,7,8,9,0.75,1.0,0.8571428571428571,0.75,3,3,4
2WR6,vina_pose,4,A:ODT:1176,L:UNL:1,RDKit,20,1.5549226186534173,3,1.9561504713765419,NA,NA,3,5,hydrogen_bonds=3,hydrogen_bonds=5,0.7,0.875,0.7777777777777777,0.6363636363636364,7,8,10,0.6,1.0,0.7499999999999999,0.6,3,3,5
2WR6,vina_pose,5,A:ODT:1176,L:UNL:1,RDKit,20,3.7394472786763555,3,1.859336978602857,NA,NA,3,4,hydrogen_bonds=3,hydrogen_bonds=4,0.7777777777777778,0.875,0.823529411764706,0.7,7,8,9,0.75,1.0,0.8571428571428571,0.75,3,3,4
2WR6,vina_pose,6,A:ODT:1176,L:UNL:1,RDKit,20,7.094698425585122,3,10.792499849432476,NA,NA,3,2,hydrogen_bonds=3,hydrogen_bonds=2,0.0,0.0,0.0,0.0,0,8,8,0.0,0.0,0.0,0.0,0,3,2
2WR6,vina_pose,7,A:ODT:1176,L:UNL:1,RDKit,20,1.8099729141619771,3,1.5457555865444361,NA,NA,3,4,hydrogen_bonds=3,hydrogen_bonds=4,0.7777777777777778,0.875,0.823529411764706,0.7,7,8,9,0.75,1.0,0.8571428571428571,0.75,3,3,4
2WR6,vina_pose,8,A:ODT:1176,L:UNL:1,RDKit,20,5.802501891425801,3,7.591087756924783,NA,NA,3,3,hydrogen_bonds=3,hydrogen_bonds=3,0.16666666666666666,0.125,0.14285714285714288,0.07692307692307693,1,8,6,0.0,0.0,0.0,0.0,0,3,3
2WR6,vina_pose,9,A:ODT:1176,L:UNL:1,RDKit,20,2.5762610892531836,3,2.161994218308643,NA,NA,3,3,hydrogen_bonds=3,hydrogen_bonds=3,0.7,0.875,0.7777777777777777,0.6363636363636364,7,8,10,0.3333333333333333,0.3333333333333333,0.3333333333333333,0.2,1,3,3
2WR6,vina_pose,10,A:ODT:1176,L:UNL:1,RDKit,20,7.081952495604584,3,10.368114968498372,NA,NA,3,2,hydrogen_bonds=3,hydrogen_bonds=2,0.0,0.0,0.0,0.0,0,8,8,0.0,0.0,0.0,0.0,0,3,2
2WR6,vina_pose,11,A:ODT:1176,L:UNL:1,RDKit,20,7.108948378628164,3,10.41416661732149,NA,NA,3,4,hydrogen_bonds=3,hydrogen_bonds=4,0.0,0.0,0.0,0.0,0,8,8,0.0,0.0,0.0,0.0,0,3,4
2WR6,vina_pose,12,A:ODT:1176,L:UNL:1,RDKit,20,5.883726302267977,3,10.631007979804489,NA,NA,3,5,hydrogen_bonds=3,hydrogen_bonds=5,0.0,0.0,0.0,0.0,0,8,9,0.0,0.0,0.0,0.0,0,3,5
2WR6,vina_pose,13,A:ODT:1176,L:UNL:1,RDKit,20,3.0199886175282185,3,2.7242739705592514,NA,NA,3,2,hydrogen_bonds=3,hydrogen_bonds=2,0.6363636363636364,0.875,0.7368421052631579,0.5833333333333334,7,8,11,0.0,0.0,0.0,0.0,0,3,2
2WR6,vina_pose,14,A:ODT:1176,L:UNL:1,RDKit,20,6.1346077299204715,3,7.792350030639024,NA,NA,3,0,hydrogen_bonds=3,none=0,0.16666666666666666,0.125,0.14285714285714288,0.07692307692307693,1,8,6,0.0,0.0,0.0,0.0,0,3,0
2WR6,vina_pose,15,A:ODT:1176,L:UNL:1,RDKit,20,3.0817519449170465,3,2.0399271228812728,NA,NA,3,5,hydrogen_bonds=3,hydrogen_bonds=5,0.7777777777777778,0.875,0.823529411764706,0.7,7,8,9,0.6,1.0,0.7499999999999999,0.6,3,3,5
2WR6,vina_pose,16,A:ODT:1176,L:UNL:1,RDKit,20,5.988745761843626,3,10.752883272251525,NA,NA,3,3,hydrogen_bonds=3,hydrogen_bonds=3,0.0,0.0,0.0,0.0,0,8,8,0.0,0.0,0.0,0.0,0,3,3
2WR6,vina_pose,17,A:ODT:1176,L:UNL:1,RDKit,20,4.258264617188557,3,4.113662074923835,NA,NA,3,5,hydrogen_bonds=3,hydrogen_bonds=5,0.2857142857142857,0.25,0.26666666666666666,0.15384615384615385,2,8,7,0.0,0.0,0.0,0.0,0,3,5
2WR6,vina_pose,18,A:ODT:1176,L:UNL:1,RDKit,20,3.6107134544297472,3,1.634357875945984,NA,NA,3,3,hydrogen_bonds=3,hydrogen_bonds=3,0.7777777777777778,0.875,0.823529411764706,0.7,7,8,9,0.6666666666666666,0.6666666666666666,0.6666666666666666,0.5,2,3,3
2WUT,boltz,1,A:PLM:1134,B:PLM:1,RDKit,18,0.8265878740214099,3,0.646121362225274,133,0.19960862944671828,3,3,hydrogen_bonds=3,hydrogen_bonds=3,1.0,1.0,1.0,1.0,7,7,7,1.0,1.0,1.0,1.0,3,3,3
2WUT,vina_pose,1,A:PLM:1134,L:UNL:1,RDKit,18,3.4300578550352308,3,7.471252639283454,NA,NA,3,3,hydrogen_bonds=3,hydrogen_bonds=3,0.1,0.14285714285714285,0.11764705882352941,0.0625,1,7,10,0.0,0.0,0.0,0.0,0,3,3
2WUT,vina_pose,2,A:PLM:1134,L:UNL:1,RDKit,18,3.638545603824571,3,7.068498567588452,NA,NA,3,3,hydrogen_bonds=3,hydrogen_bonds=3,0.125,0.14285714285714285,0.13333333333333333,0.07142857142857142,1,7,8,0.0,0.0,0.0,0.0,0,3,3
2WUT,vina_pose,3,A:PLM:1134,L:UNL:1,RDKit,18,3.330149829795784,3,7.432465898565114,NA,NA,3,3,hydrogen_bonds=3,hydrogen_bonds=3,0.1,0.14285714285714285,0.11764705882352941,0.0625,1,7,10,0.0,0.0,0.0,0.0,0,3,3
2WUT,vina_pose,4,A:PLM:1134,L:UNL:1,RDKit,18,3.771134157429743,3,7.382076153314414,NA,NA,3,3,hydrogen_bonds=3,hydrogen_bonds=3,0.1,0.14285714285714285,0.11764705882352941,0.0625,1,7,10,0.0,0.0,0.0,0.0,0,3,3
2WUT,vina_pose,5,A:PLM:1134,L:UNL:1,RDKit,18,4.610735696899863,3,7.409413831966286,NA,NA,3,3,hydrogen_bonds=3,hydrogen_bonds=3,0.1,0.14285714285714285,0.11764705882352941,0.0625,1,7,10,0.0,0.0,0.0,0.0,0,3,3
2WUT,vina_pose,6,A:PLM:1134,L:UNL:1,RDKit,18,4.550467045626562,3,6.87189619634445,NA,NA,3,2,hydrogen_bonds=3,hydrogen_bonds=2,0.125,0.14285714285714285,0.13333333333333333,0.07142857142857142,1,7,8,0.0,0.0,0.0,0.0,0,3,2
2WUT,vina_pose,7,A:PLM:1134,L:UNL:1,RDKit,18,2.2764685980214567,3,3.075764349447683,NA,NA,3,2,hydrogen_bonds=3,hydrogen_bonds=2,0.6,0.42857142857142855,0.5,0.3333333333333333,3,7,5,1.0,0.6666666666666666,0.8,0.6666666666666666,2,3,2
2WUT,vina_pose,8,A:PLM:1134,L:UNL:1,RDKit,18,4.512001939272634,3,7.448040301537938,NA,NA,3,3,hydrogen_bonds=3,hydrogen_bonds=3,0.1,0.14285714285714285,0.11764705882352941,0.0625,1,7,10,0.0,0.0,0.0,0.0,0,3,3
2WUT,vina_pose,9,A:PLM:1134,L:UNL:1,RDKit,18,4.32817135494631,3,3.054043330843009,NA,NA,3,2,hydrogen_bonds=3,hydrogen_bonds=2,0.6,0.42857142857142855,0.5,0.3333333333333333,3,7,5,1.0,0.6666666666666666,0.8,0.6666666666666666,2,3,2
2WUT,vina_pose,10,A:PLM:1134,L:UNL:1,RDKit,18,4.208882241429691,3,7.418287178767526,NA,NA,3,3,hydrogen_bonds=3,hydrogen_bonds=3,0.1,0.14285714285714285,0.11764705882352941,0.0625,1,7,10,0.0,0.0,0.0,0.0,0,3,3
2WUT,vina_pose,11,A:PLM:1134,L:UNL:1,RDKit,18,4.5825748281458045,3,6.769128599753442,NA,NA,3,3,hydrogen_bonds=3,hydrogen_bonds=3,0.125,0.14285714285714285,0.13333333333333333,0.07142857142857142,1,7,8,0.0,0.0,0.0,0.0,0,3,3
2WUT,vina_pose,12,A:PLM:1134,L:UNL:1,RDKit,18,4.798311329114766,3,5.862855419219091,NA,NA,3,2,hydrogen_bonds=3,hydrogen_bonds=2,0.25,0.14285714285714285,0.18181818181818182,0.1,1,7,4,0.0,0.0,0.0,0.0,0,3,2
2WUT,vina_pose,13,A:PLM:1134,L:UNL:1,RDKit,18,2.296039428136102,3,3.0970718967007107,NA,NA,3,1,hydrogen_bonds=3,hydrogen_bonds=1,0.6,0.42857142857142855,0.5,0.3333333333333333,3,7,5,1.0,0.3333333333333333,0.5,0.3333333333333333,1,3,1
2WUT,vina_pose,14,A:PLM:1134,L:UNL:1,RDKit,18,4.569551369907359,3,5.072191439604779,NA,NA,3,3,hydrogen_bonds=3,hydrogen_bonds=3,0.5,0.2857142857142857,0.36363636363636365,0.2222222222222222,2,7,4,0.3333333333333333,0.3333333333333333,0.3333333333333333,0.2,1,3,3
2WUT,vina_pose,15,A:PLM:1134,L:UNL:1,RDKit,18,4.28127006726846,3,2.606253057552164,NA,NA,3,2,hydrogen_bonds=3,hydrogen_bonds=2,0.6,0.42857142857142855,0.5,0.3333333333333333,3,7,5,1.0,0.6666666666666666,0.8,0.6666666666666666,2,3,2
2WUT,vina_pose,16,A:PLM:1134,L:UNL:1,RDKit,18,2.720229871822519,3,5.515626165722256,NA,NA,3,2,hydrogen_bonds=3,hydrogen_bonds=2,0.25,0.14285714285714285,0.18181818181818182,0.1,1,7,4,0.0,0.0,0.0,0.0,0,3,2
2WUT,vina_pose,17,A:PLM:1134,L:UNL:1,RDKit,18,5.704951679608397,3,5.8942867535719135,NA,NA,3,1,hydrogen_bonds=3,hydrogen_bonds=1,0.2,0.14285714285714285,0.16666666666666666,0.09090909090909091,1,7,5,1.0,0.3333333333333333,0.5,0.3333333333333333,1,3,1
2WUT,vina_pose,18,A:PLM:1134,L:UNL:1,RDKit,18,5.173025533154333,3,2.6150842561314676,NA,NA,3,2,hydrogen_bonds=3,hydrogen_bonds=2,0.6666666666666666,0.5714285714285714,0.6153846153846153,0.4444444444444444,4,7,6,1.0,0.6666666666666666,0.8,0.6666666666666666,2,3,2
2WUT,vina_pose,19,A:PLM:1134,L:UNL:1,RDKit,18,6.733913555858716,3,8.98848893492857,NA,NA,3,2,hydrogen_bonds=3,hydrogen_bonds=2,0.0,0.0,0.0,0.0,0,7,7,0.0,0.0,0.0,0.0,0,3,2
2WUT,vina_pose,20,A:PLM:1134,L:UNL:1,RDKit,18,4.237188120282915,3,4.512369702643316,NA,NA,3,3,hydrogen_bonds=3,hydrogen_bonds=3,0.4,0.2857142857142857,0.3333333333333333,0.2,2,7,5,0.3333333333333333,0.3333333333333333,0.3333333333333333,0.2,1,3,3
2Z9Y,boltz,1,A:DDR:1,B:DDR:1,RDKit,28,2.1279379944520507,6,1.9808879084682915,230,0.7277410047003763,1,3,hydrogen_bonds=1,hydrogen_bonds=3,0.8333333333333334,0.9090909090909091,0.8695652173913043,0.7692307692307693,10,11,12,0.3333333333333333,1.0,0.5,0.3333333333333333,1,1,3
2Z9Y,vina_pose,1,A:DDR:1,A:DDR:1,RDKit,28,1.6056738572058418,6,0.8489447371099409,NA,NA,1,4,hydrogen_bonds=1,hydrogen_bonds=4,0.9166666666666666,1.0,0.9565217391304348,0.9166666666666666,11,11,12,0.25,1.0,0.4,0.25,1,1,4
2Z9Y,vina_pose,2,A:DDR:1,A:DDR:1,RDKit,28,1.2383613885176767,6,0.8219994931060888,NA,NA,1,4,hydrogen_bonds=1,hydrogen_bonds=4,0.9166666666666666,1.0,0.9565217391304348,0.9166666666666666,11,11,12,0.25,1.0,0.4,0.25,1,1,4
2Z9Y,vina_pose,3,A:DDR:1,A:DDR:1,RDKit,28,4.376957900675505,6,3.825018387755367,NA,NA,1,4,hydrogen_bonds=1,hydrogen_bonds=4,0.9090909090909091,0.9090909090909091,0.9090909090909091,0.8333333333333334,10,11,11,0.25,1.0,0.4,0.25,1,1,4
2Z9Y,vina_pose,4,A:DDR:1,A:DDR:1,RDKit,28,3.2784031881825815,6,2.863329152111809,NA,NA,1,1,hydrogen_bonds=1,hydrogen_bonds=1,0.7692307692307693,0.9090909090909091,0.8333333333333333,0.7142857142857143,10,11,13,0.0,0.0,0.0,0.0,0,1,1
2Z9Y,vina_pose,5,A:DDR:1,A:DDR:1,RDKit,28,4.820874505730262,6,4.026773687871387,NA,NA,1,2,hydrogen_bonds=1,hydrogen_bonds=2,0.7272727272727273,0.7272727272727273,0.7272727272727273,0.5714285714285714,8,11,11,0.5,1.0,0.6666666666666666,0.5,1,1,2
2Z9Y,vina_pose,6,A:DDR:1,A:DDR:1,RDKit,28,4.6316321907077205,6,4.6827135473640356,NA,NA,1,2,hydrogen_bonds=1,hydrogen_bonds=2,0.6923076923076923,0.8181818181818182,0.7500000000000001,0.6,9,11,13,0.5,1.0,0.6666666666666666,0.5,1,1,2
2Z9Y,vina_pose,7,A:DDR:1,A:DDR:1,RDKit,28,4.7164076636779395,6,5.0009231314494995,NA,NA,1,3,hydrogen_bonds=1,hydrogen_bonds=3,0.625,0.45454545454545453,0.5263157894736842,0.35714285714285715,5,11,8,0.0,0.0,0.0,0.0,0,1,3
2Z9Y,vina_pose,8,A:DDR:1,A:DDR:1,RDKit,28,4.565521535690872,6,4.215896622704752,NA,NA,1,2,hydrogen_bonds=1,hydrogen_bonds=2,0.7,0.6363636363636364,0.6666666666666666,0.5,7,11,10,0.5,1.0,0.6666666666666666,0.5,1,1,2
2Z9Y,vina_pose,9,A:DDR:1,A:DDR:1,RDKit,28,5.251362112415624,6,5.30814864147567,NA,NA,1,1,hydrogen_bonds=1,hydrogen_bonds=1,0.7,0.6363636363636364,0.6666666666666666,0.5,7,11,10,1.0,1.0,1.0,1.0,1,1,1
2Z9Y,vina_pose,10,A:DDR:1,A:DDR:1,RDKit,28,5.849019878211587,6,6.131475189544519,NA,NA,1,3,hydrogen_bonds=1,hydrogen_bonds=3,0.42857142857142855,0.2727272727272727,0.33333333333333326,0.2,3,11,7,0.3333333333333333,1.0,0.5,0.3333333333333333,1,1,3
2Z9Y,vina_pose,11,A:DDR:1,A:DDR:1,RDKit,28,7.22630020431321,6,6.741616472825095,NA,NA,1,3,hydrogen_bonds=1,hydrogen_bonds=3,0.2857142857142857,0.18181818181818182,0.2222222222222222,0.125,2,11,7,0.0,0.0,0.0,0.0,0,1,3
2Z9Y,vina_pose,12,A:DDR:1,A:DDR:1,RDKit,28,7.058246817932704,6,7.410643629267299,NA,NA,1,1,hydrogen_bonds=1,hydrogen_bonds=1,0.16666666666666666,0.09090909090909091,0.11764705882352942,0.0625,1,11,6,0.0,0.0,0.0,0.0,0,1,1
2Z9Y,vina_pose,13,A:DDR:1,A:DDR:1,RDKit,28,6.659264939594631,6,5.949885853246823,NA,NA,1,2,hydrogen_bonds=1,hydrogen_bonds=2,0.5,0.2727272727272727,0.3529411764705882,0.21428571428571427,3,11,6,0.5,1.0,0.6666666666666666,0.5,1,1,2
2Z9Y,vina_pose,14,A:DDR:1,A:DDR:1,RDKit,28,6.334256868128144,6,5.118893500227044,NA,NA,1,2,hydrogen_bonds=1,hydrogen_bonds=2,0.6,0.5454545454545454,0.5714285714285713,0.4,6,11,10,0.0,0.0,0.0,0.0,0,1,2
2Z9Y,vina_pose,15,A:DDR:1,A:DDR:1,RDKit,28,6.716916264711275,6,6.554210046476489,NA,NA,1,1,hydrogen_bonds=1,hydrogen_bonds=1,0.4,0.36363636363636365,0.380952380952381,0.23529411764705882,4,11,10,0.0,0.0,0.0,0.0,0,1,1
2Z9Y,vina_pose,16,A:DDR:1,A:DDR:1,RDKit,28,6.0456264593269635,6,5.719996692889486,NA,NA,1,2,hydrogen_bonds=1,hydrogen_bonds=2,0.5,0.45454545454545453,0.47619047619047616,0.3125,5,11,10,0.5,1.0,0.6666666666666666,0.5,1,1,2
2Z9Y,vina_pose,17,A:DDR:1,A:DDR:1,RDKit,28,2.1341465674663893,6,3.3325517000240716,NA,NA,1,2,hydrogen_bonds=1,hydrogen_bonds=2,0.7272727272727273,0.7272727272727273,0.7272727272727273,0.5714285714285714,8,11,11,0.0,0.0,0.0,0.0,0,1,2
2Z9Y,vina_pose,18,A:DDR:1,A:DDR:1,RDKit,28,4.7862494748721875,6,5.1278837090298115,NA,NA,1,3,hydrogen_bonds=1,hydrogen_bonds=3,0.6666666666666666,0.5454545454545454,0.6,0.42857142857142855,6,11,9,0.0,0.0,0.0,0.0,0,1,3
2Z9Y,vina_pose,19,A:DDR:1,A:DDR:1,RDKit,28,3.4334621271497126,6,3.89248016479639,NA,NA,1,1,hydrogen_bonds=1,hydrogen_bonds=1,0.7272727272727273,0.7272727272727273,0.7272727272727273,0.5714285714285714,8,11,11,1.0,1.0,1.0,1.0,1,1,1
2Z9Y,vina_pose,20,A:DDR:1,A:DDR:1,RDKit,28,6.460269344230162,6,6.177452009796056,NA,NA,1,2,hydrogen_bonds=1,hydrogen_bonds=2,0.4444444444444444,0.36363636363636365,0.39999999999999997,0.25,4,11,9,0.0,0.0,0.0,0.0,0,1,2
2Z9Z,boltz,1,A:DDR:1,B:DDR:1,RDKit,28,4.660571910319736,6,4.002906290678117,235,0.709427832972282,3,3,hydrogen_bonds=3,hydrogen_bonds=3,0.9090909090909091,0.7692307692307693,0.8333333333333333,0.7142857142857143,10,13,11,0.6666666666666666,0.6666666666666666,0.6666666666666666,0.5,2,3,3
2Z9Z,vina_pose,1,A:DDR:1,A:DDR:1,RDKit,28,4.8083229144890005,6,4.506293524986287,NA,NA,3,3,hydrogen_bonds=3,hydrogen_bonds=3,0.9090909090909091,0.7692307692307693,0.8333333333333333,0.7142857142857143,10,13,11,0.6666666666666666,0.6666666666666666,0.6666666666666666,0.5,2,3,3
2Z9Z,vina_pose,2,A:DDR:1,A:DDR:1,RDKit,28,2.915067127381951,6,3.4607102835497026,NA,NA,3,2,hydrogen_bonds=3,hydrogen_bonds=2,1.0,0.7692307692307693,0.8695652173913044,0.7692307692307693,10,13,10,1.0,0.6666666666666666,0.8,0.6666666666666666,2,3,2
2Z9Z,vina_pose,3,A:DDR:1,A:DDR:1,RDKit,28,6.855375927485149,6,4.914697600056386,NA,NA,3,2,hydrogen_bonds=3,hydrogen_bonds=2,0.7777777777777778,0.5384615384615384,0.6363636363636364,0.4666666666666667,7,13,9,0.5,0.3333333333333333,0.4,0.25,1,3,2
2Z9Z,vina_pose,4,A:DDR:1,A:DDR:1,RDKit,28,4.682878990840692,6,4.0373817423341745,NA,NA,3,2,hydrogen_bonds=3,hydrogen_bonds=2,1.0,0.6923076923076923,0.8181818181818181,0.6923076923076923,9,13,9,0.5,0.3333333333333333,0.4,0.25,1,3,2
2Z9Z,vina_pose,5,A:DDR:1,A:DDR:1,RDKit,28,4.403288036878156,6,3.504131727927286,NA,NA,3,3,hydrogen_bonds=3,hydrogen_bonds=3,1.0,0.7692307692307693,0.8695652173913044,0.7692307692307693,10,13,10,0.6666666666666666,0.6666666666666666,0.6666666666666666,0.5,2,3,3
2Z9Z,vina_pose,6,A:DDR:1,A:DDR:1,RDKit,28,7.022455001635824,6,5.663899142816722,NA,NA,3,2,hydrogen_bonds=3,hydrogen_bonds=2,0.6666666666666666,0.46153846153846156,0.5454545454545455,0.375,6,13,9,0.5,0.3333333333333333,0.4,0.25,1,3,2
2Z9Z,vina_pose,7,A:DDR:1,A:DDR:1,RDKit,28,8.447985524879373,6,7.227810675900875,NA,NA,3,2,hydrogen_bonds=3,hydrogen_bonds=2,0.4,0.3076923076923077,0.34782608695652173,0.21052631578947367,4,13,10,0.5,0.3333333333333333,0.4,0.25,1,3,2
2Z9Z,vina_pose,8,A:DDR:1,A:DDR:1,RDKit,28,6.317513895626077,6,4.800497404783522,NA,NA,3,3,hydrogen_bonds=3,hydrogen_bonds=3,0.7777777777777778,0.5384615384615384,0.6363636363636364,0.4666666666666667,7,13,9,0.3333333333333333,0.3333333333333333,0.3333333333333333,0.2,1,3,3
2Z9Z,vina_pose,9,A:DDR:1,A:DDR:1,RDKit,28,4.418137050839414,6,3.190019853647727,NA,NA,3,2,hydrogen_bonds=3,hydrogen_bonds=2,1.0,0.8461538461538461,0.9166666666666666,0.8461538461538461,11,13,11,1.0,0.6666666666666666,0.8,0.6666666666666666,2,3,2
2Z9Z,vina_pose,10,A:DDR:1,A:DDR:1,RDKit,28,1.563757836568236,6,1.5771863132384405,NA,NA,3,2,hydrogen_bonds=3,hydrogen_bonds=2,0.9166666666666666,0.8461538461538461,0.8799999999999999,0.7857142857142857,11,13,12,1.0,0.6666666666666666,0.8,0.6666666666666666,2,3,2
2Z9Z,vina_pose,11,A:DDR:1,A:DDR:1,RDKit,28,2.5244910944018573,6,2.5574482399454337,NA,NA,3,1,hydrogen_bonds=3,hydrogen_bonds=1,0.9090909090909091,0.7692307692307693,0.8333333333333333,0.7142857142857143,10,13,11,1.0,0.3333333333333333,0.5,0.3333333333333333,1,3,1
2Z9Z,vina_pose,12,A:DDR:1,A:DDR:1,RDKit,28,7.48223603896971,6,5.2894088043939265,NA,NA,3,1,hydrogen_bonds=3,hydrogen_bonds=1,0.7,0.5384615384615384,0.608695652173913,0.4375,7,13,10,1.0,0.3333333333333333,0.5,0.3333333333333333,1,3,1
2Z9Z,vina_pose,13,A:DDR:1,A:DDR:1,RDKit,28,8.00191868509404,6,6.680872423069709,NA,NA,3,2,hydrogen_bonds=3,hydrogen_bonds=2,0.5,0.3076923076923077,0.380952380952381,0.23529411764705882,4,13,8,0.0,0.0,0.0,0.0,0,3,2
2Z9Z,vina_pose,14,A:DDR:1,A:DDR:1,RDKit,28,7.355775604924338,6,8.175552458396924,NA,NA,3,1,hydrogen_bonds=3,hydrogen_bonds=1,0.375,0.23076923076923078,0.2857142857142857,0.16666666666666666,3,13,8,0.0,0.0,0.0,0.0,0,3,1
2Z9Z,vina_pose,15,A:DDR:1,A:DDR:1,RDKit,28,5.098674393548637,6,4.288805602962205,NA,NA,3,2,hydrogen_bonds=3,hydrogen_bonds=2,0.7,0.5384615384615384,0.608695652173913,0.4375,7,13,10,0.5,0.3333333333333333,0.4,0.25,1,3,2
2Z9Z,vina_pose,16,A:DDR:1,A:DDR:1,RDKit,28,5.011462917295565,6,5.047609599272379,NA,NA,3,3,hydrogen_bonds=3,hydrogen_bonds=3,0.7272727272727273,0.6153846153846154,0.6666666666666667,0.5,8,13,11,0.6666666666666666,0.6666666666666666,0.6666666666666666,0.5,2,3,3
2Z9Z,vina_pose,17,A:DDR:1,A:DDR:1,RDKit,28,7.408523390084462,6,5.947655490471294,NA,NA,3,2,hydrogen_bonds=3,hydrogen_bonds=2,0.6666666666666666,0.46153846153846156,0.5454545454545455,0.375,6,13,9,0.5,0.3333333333333333,0.4,0.25,1,3,2
2Z9Z,vina_pose,18,A:DDR:1,A:DDR:1,RDKit,28,8.722675560203498,6,9.455949564515807,NA,NA,3,2,hydrogen_bonds=3,hydrogen_bonds=2,0.2,0.15384615384615385,0.17391304347826086,0.09523809523809523,2,13,10,0.0,0.0,0.0,0.0,0,3,2
2Z9Z,vina_pose,19,A:DDR:1,A:DDR:1,RDKit,28,7.173986869735884,6,6.2480648204063955,NA,NA,3,2,hydrogen_bonds=3,hydrogen_bonds=2,0.4166666666666667,0.38461538461538464,0.4,0.25,5,13,12,0.5,0.3333333333333333,0.4,0.25,1,3,2
2Z9Z,vina_pose,20,A:DDR:1,A:DDR:1,RDKit,28,5.094180520807192,6,5.077117144600861,NA,NA,3,2,hydrogen_bonds=3,hydrogen_bonds=2,0.8,0.6153846153846154,0.6956521739130435,0.5333333333333333,8,13,10,0.0,0.0,0.0,0.0,0,3,2
3AKN,boltz,1,A:11D:132,B:11D:1,RDKit,30,1.011380459792264,6,0.7597025048044393,130,0.27084609994916686,0,0,none=0,none=0,1.0,1.0,1.0,1.0,7,7,7,NA,NA,NA,NA,0,0,0
3AKN,vina_pose,1,A:11D:132,L:UNL:1,RDKit,30,1.6043133629894961,6,1.6470467510061755,NA,NA,0,0,none=0,none=0,0.875,1.0,0.9333333333333333,0.875,7,7,8,NA,NA,NA,NA,0,0,0
3AKN,vina_pose,2,A:11D:132,L:UNL:1,RDKit,30,4.774599382845295,6,5.641295211799029,NA,NA,0,0,none=0,none=0,0.42857142857142855,0.42857142857142855,0.42857142857142855,0.2727272727272727,3,7,7,NA,NA,NA,NA,0,0,0
3AKN,vina_pose,3,A:11D:132,L:UNL:1,RDKit,30,1.949517205190386,6,0.4846622535333243,NA,NA,0,0,none=0,none=0,1.0,0.8571428571428571,0.923076923076923,0.8571428571428571,6,7,6,NA,NA,NA,NA,0,0,0
3AKN,vina_pose,4,A:11D:132,L:UNL:1,RDKit,30,4.797592257233483,6,6.187919251789463,NA,NA,0,0,none=0,none=0,0.25,0.2857142857142857,0.26666666666666666,0.15384615384615385,2,7,8,NA,NA,NA,NA,0,0,0
3AKN,vina_pose,5,A:11D:132,L:UNL:1,RDKit,30,4.564735118273568,6,5.144410640037722,NA,NA,0,0,none=0,none=0,0.2857142857142857,0.2857142857142857,0.2857142857142857,0.16666666666666666,2,7,7,NA,NA,NA,NA,0,0,0
3AKN,vina_pose,6,A:11D:132,L:UNL:1,RDKit,30,2.717865970450591,6,2.50387153557579,NA,NA,0,0,none=0,none=0,0.75,0.8571428571428571,0.7999999999999999,0.6666666666666666,6,7,8,NA,NA,NA,NA,0,0,0
3AKN,vina_pose,7,A:11D:132,L:UNL:1,RDKit,30,5.6875280775863715,6,5.832078160198701,NA,NA,0,0,none=0,none=0,0.42857142857142855,0.42857142857142855,0.42857142857142855,0.2727272727272727,3,7,7,NA,NA,NA,NA,0,0,0
3AKN,vina_pose,8,A:11D:132,L:UNL:1,RDKit,30,10.224289300484411,6,14.763266762475032,NA,NA,0,0,none=0,none=0,0.0,0.0,0.0,0.0,0,7,10,NA,NA,NA,NA,0,0,0
3AKN,vina_pose,9,A:11D:132,L:UNL:1,RDKit,30,5.261275612117908,6,3.7477299351296205,NA,NA,0,0,none=0,none=0,0.7777777777777778,1.0,0.8750000000000001,0.7777777777777778,7,7,9,NA,NA,NA,NA,0,0,0
3AKN,vina_pose,10,A:11D:132,L:UNL:1,RDKit,30,4.968262731243857,6,4.601663050825574,NA,NA,0,0,none=0,none=0,0.6666666666666666,0.8571428571428571,0.75,0.6,6,7,9,NA,NA,NA,NA,0,0,0
3AKN,vina_pose,11,A:11D:132,L:UNL:1,RDKit,30,4.053239848154396,6,3.4607879642262587,NA,NA,0,0,none=0,none=0,0.7777777777777778,1.0,0.8750000000000001,0.7777777777777778,7,7,9,NA,NA,NA,NA,0,0,0
3AKN,vina_pose,12,A:11D:132,L:UNL:1,RDKit,30,6.225675368986083,6,5.8477547828204965,NA,NA,0,0,none=0,none=0,0.25,0.2857142857142857,0.26666666666666666,0.15384615384615385,2,7,8,NA,NA,NA,NA,0,0,0
3AKN,vina_pose,13,A:11D:132,L:UNL:1,RDKit,30,5.099228886148702,6,4.707438687864133,NA,NA,0,0,none=0,none=0,0.7142857142857143,0.7142857142857143,0.7142857142857143,0.5555555555555556,5,7,7,NA,NA,NA,NA,0,0,0
3AKN,vina_pose,14,A:11D:132,L:UNL:1,RDKit,30,4.219907601674078,6,4.851685119625962,NA,NA,0,0,none=0,none=0,0.375,0.42857142857142855,0.39999999999999997,0.25,3,7,8,NA,NA,NA,NA,0,0,0
3AKN,vina_pose,15,A:11D:132,L:UNL:1,RDKit,30,4.930214789100639,6,0.24856286931076388,NA,NA,0,0,none=0,none=0,1.0,1.0,1.0,1.0,7,7,7,NA,NA,NA,NA,0,0,0
3AKN,vina_pose,16,A:11D:132,L:UNL:1,RDKit,30,4.44145472039661,6,0.3129350305308331,NA,NA,0,0,none=0,none=0,1.0,1.0,1.0,1.0,7,7,7,NA,NA,NA,NA,0,0,0
3AKN,vina_pose,17,A:11D:132,L:UNL:1,RDKit,30,9.827869838712083,6,12.599667469157005,NA,NA,0,0,none=0,none=0,0.0,0.0,0.0,0.0,0,7,8,NA,NA,NA,NA,0,0,0
3AKN,vina_pose,18,A:11D:132,L:UNL:1,RDKit,30,10.042784778137984,6,14.706702360941875,NA,NA,0,0,none=0,none=0,0.0,0.0,0.0,0.0,0,7,10,NA,NA,NA,NA,0,0,0
3AKN,vina_pose,19,A:11D:132,L:UNL:1,RDKit,30,4.007381551587021,6,3.299677181180001,NA,NA,0,0,none=0,none=0,0.7777777777777778,1.0,0.8750000000000001,0.7777777777777778,7,7,9,NA,NA,NA,NA,0,0,0
3AKN,vina_pose,20,A:11D:132,L:UNL:1,RDKit,30,9.634791052915125,6,11.887125879146172,NA,NA,0,0,none=0,none=0,0.0,0.0,0.0,0.0,0,7,10,NA,NA,NA,NA,0,0,0
3BFH,boltz,1,A:PLM:121,B:PLM:1,RDKit,18,10.028873703754456,3,16.490010595857107,116,0.3729839099090399,0,0,none=0,none=0,0.0,0.0,0.0,0.0,0,4,7,NA,NA,NA,NA,0,0,0
3BFH,vina_pose,1,A:PLM:121,L:UNL:1,RDKit,18,8.425557828548936,3,9.60515125683436,NA,NA,0,1,none=0,hydrogen_bonds=1,0.0,0.0,0.0,0.0,0,4,4,NA,NA,NA,NA,0,0,1
3BFH,vina_pose,2,A:PLM:121,L:UNL:1,RDKit,18,9.17135289305176,3,14.654684416026615,NA,NA,0,1,none=0,hydrogen_bonds=1,0.0,0.0,0.0,0.0,0,4,7,NA,NA,NA,NA,0,0,1
3BFH,vina_pose,3,A:PLM:121,L:UNL:1,RDKit,18,9.588438947213692,3,15.610466339393366,NA,NA,0,2,none=0,hydrogen_bonds=2,0.0,0.0,0.0,0.0,0,4,6,NA,NA,NA,NA,0,0,2
3BFH,vina_pose,4,A:PLM:121,L:UNL:1,RDKit,18,3.12010467238948,3,5.607379988313021,NA,NA,0,0,none=0,none=0,0.25,0.25,0.25,0.14285714285714285,1,4,4,NA,NA,NA,NA,0,0,0
3BFH,vina_pose,5,A:PLM:121,L:UNL:1,RDKit,18,8.877126950139267,3,14.755654949882773,NA,NA,0,2,none=0,hydrogen_bonds=2,0.0,0.0,0.0,0.0,0,4,5,NA,NA,NA,NA,0,0,2
3BFH,vina_pose,6,A:PLM:121,L:UNL:1,RDKit,18,9.085883553317444,3,12.774928153744478,NA,NA,0,0,none=0,none=0,0.0,0.0,0.0,0.0,0,4,4,NA,NA,NA,NA,0,0,0
3BFH,vina_pose,7,A:PLM:121,L:UNL:1,RDKit,18,8.000506713119279,3,12.531812797835755,NA,NA,0,0,none=0,none=0,0.0,0.0,0.0,0.0,0,4,4,NA,NA,NA,NA,0,0,0
3BFH,vina_pose,8,A:PLM:121,L:UNL:1,RDKit,18,3.4835932837612753,3,6.762911084239784,NA,NA,0,0,none=0,none=0,0.3333333333333333,0.25,0.28571428571428575,0.16666666666666666,1,4,3,NA,NA,NA,NA,0,0,0
3BFH,vina_pose,9,A:PLM:121,L:UNL:1,RDKit,18,8.877626600367666,3,12.960441890614685,NA,NA,0,0,none=0,none=0,0.0,0.0,0.0,0.0,0,4,5,NA,NA,NA,NA,0,0,0
3BFH,vina_pose,10,A:PLM:121,L:UNL:1,RDKit,18,8.657713160336664,3,11.64650883312248,NA,NA,0,0,none=0,none=0,0.0,0.0,0.0,0.0,0,4,2,NA,NA,NA,NA,0,0,0
3BFH,vina_pose,11,A:PLM:121,L:UNL:1,RDKit,18,8.21729475963146,3,9.644262802308944,NA,NA,0,1,none=0,hydrogen_bonds=1,0.0,0.0,0.0,0.0,0,4,5,NA,NA,NA,NA,0,0,1
3BFH,vina_pose,12,A:PLM:121,L:UNL:1,RDKit,18,5.80118142182167,3,5.594913702045219,NA,NA,0,1,none=0,hydrogen_bonds=1,0.5,0.5,0.5,0.3333333333333333,2,4,4,NA,NA,NA,NA,0,0,1
3BFH,vina_pose,13,A:PLM:121,L:UNL:1,RDKit,18,8.416344551591928,3,11.814547402813757,NA,NA,0,1,none=0,hydrogen_bonds=1,0.0,0.0,0.0,0.0,0,4,5,NA,NA,NA,NA,0,0,1
3BFH,vina_pose,14,A:PLM:121,L:UNL:1,RDKit,18,9.508986939264934,3,15.47269655446867,NA,NA,0,2,none=0,hydrogen_bonds=2,0.0,0.0,0.0,0.0,0,4,7,NA,NA,NA,NA,0,0,2
3BFH,vina_pose,15,A:PLM:121,L:UNL:1,RDKit,18,8.513918777181543,3,10.265932787623344,NA,NA,0,1,none=0,hydrogen_bonds=1,0.0,0.0,0.0,0.0,0,4,5,NA,NA,NA,NA,0,0,1
3BFH,vina_pose,16,A:PLM:121,L:UNL:1,RDKit,18,8.293899240472548,3,11.83950149569933,NA,NA,0,1,none=0,hydrogen_bonds=1,0.0,0.0,0.0,0.0,0,4,6,NA,NA,NA,NA,0,0,1
3BFH,vina_pose,17,A:PLM:121,L:UNL:1,RDKit,18,8.556253291534144,3,9.745488528886925,NA,NA,0,1,none=0,hydrogen_bonds=1,0.0,0.0,0.0,0.0,0,4,4,NA,NA,NA,NA,0,0,1
3BFH,vina_pose,18,A:PLM:121,L:UNL:1,RDKit,18,8.567513161809428,3,12.138503271271407,NA,NA,0,0,none=0,none=0,0.0,0.0,0.0,0.0,0,4,5,NA,NA,NA,NA,0,0,0
3BFH,vina_pose,19,A:PLM:121,L:UNL:1,RDKit,18,3.4829649884991825,3,6.563601577386204,NA,NA,0,0,none=0,none=0,0.16666666666666666,0.25,0.2,0.1111111111111111,1,4,6,NA,NA,NA,NA,0,0,0
3BFH,vina_pose,20,A:PLM:121,L:UNL:1,RDKit,18,7.653232708397732,3,9.871936875135834,NA,NA,0,1,none=0,hydrogen_bonds=1,0.0,0.0,0.0,0.0,0,4,5,NA,NA,NA,NA,0,0,1
3BKR,boltz,1,A:PLM:300,B:PLM:1,RDKit,18,2.5396914741491914,3,2.7839305347677916,119,1.0609347656118258,3,3,hydrogen_bonds=3,hydrogen_bonds=3,0.8333333333333334,0.8333333333333334,0.8333333333333334,0.7142857142857143,5,6,6,0.6666666666666666,0.6666666666666666,0.6666666666666666,0.5,2,3,3
3BKR,vina_pose,1,A:PLM:300,L:UNL:1,RDKit,18,2.793691216135225,3,4.500061518098023,NA,NA,3,2,hydrogen_bonds=3,hydrogen_bonds=2,0.5,0.5,0.5,0.3333333333333333,3,6,6,1.0,0.6666666666666666,0.8,0.6666666666666666,2,3,2
3BKR,vina_pose,2,A:PLM:300,L:UNL:1,RDKit,18,4.125440407466282,3,7.4973425069598285,NA,NA,3,1,hydrogen_bonds=3,hydrogen_bonds=1,0.3333333333333333,0.3333333333333333,0.3333333333333333,0.2,2,6,6,0.0,0.0,0.0,0.0,0,3,1
3BKR,vina_pose,3,A:PLM:300,L:UNL:1,RDKit,18,4.0915015173731355,3,5.643243393652272,NA,NA,3,0,hydrogen_bonds=3,none=0,0.5,0.5,0.5,0.3333333333333333,3,6,6,0.0,0.0,0.0,0.0,0,3,0
3BKR,vina_pose,4,A:PLM:300,L:UNL:1,RDKit,18,8.808360763123485,3,15.06669545719963,NA,NA,3,1,hydrogen_bonds=3,hydrogen_bonds=1,0.0,0.0,0.0,0.0,0,6,6,0.0,0.0,0.0,0.0,0,3,1
3BKR,vina_pose,5,A:PLM:300,L:UNL:1,RDKit,18,3.078880568576112,3,4.676502111621464,NA,NA,3,2,hydrogen_bonds=3,hydrogen_bonds=2,0.5,0.5,0.5,0.3333333333333333,3,6,6,1.0,0.6666666666666666,0.8,0.6666666666666666,2,3,2
3BKR,vina_pose,6,A:PLM:300,L:UNL:1,RDKit,18,3.4449726494640793,3,5.065079170161115,NA,NA,3,0,hydrogen_bonds=3,none=0,0.3333333333333333,0.3333333333333333,0.3333333333333333,0.2,2,6,6,0.0,0.0,0.0,0.0,0,3,0
3BKR,vina_pose,7,A:PLM:300,L:UNL:1,RDKit,18,8.918402133292211,3,14.979169402874113,NA,NA,3,0,hydrogen_bonds=3,none=0,0.0,0.0,0.0,0.0,0,6,6,0.0,0.0,0.0,0.0,0,3,0
3BKR,vina_pose,8,A:PLM:300,L:UNL:1,RDKit,18,9.168014261550864,3,15.804114654101953,NA,NA,3,2,hydrogen_bonds=3,hydrogen_bonds=2,0.0,0.0,0.0,0.0,0,6,7,0.0,0.0,0.0,0.0,0,3,2
3BKR,vina_pose,9,A:PLM:300,L:UNL:1,RDKit,18,2.575963908045987,3,3.6734696586923556,NA,NA,3,2,hydrogen_bonds=3,hydrogen_bonds=2,0.6,0.5,0.5454545454545454,0.375,3,6,5,1.0,0.6666666666666666,0.8,0.6666666666666666,2,3,2
3BKR,vina_pose,10,A:PLM:300,L:UNL:1,RDKit,18,8.799200951727885,3,14.708178280580276,NA,NA,3,1,hydrogen_bonds=3,hydrogen_bonds=1,0.0,0.0,0.0,0.0,0,6,6,0.0,0.0,0.0,0.0,0,3,1
3BKR,vina_pose,11,A:PLM:300,L:UNL:1,RDKit,18,8.836160421812181,3,14.587052809483714,NA,NA,3,1,hydrogen_bonds=3,hydrogen_bonds=1,0.0,0.0,0.0,0.0,0,6,6,0.0,0.0,0.0,0.0,0,3,1
3BKR,vina_pose,12,A:PLM:300,L:UNL:1,RDKit,18,2.088496322450411,3,3.195878074436927,NA,NA,3,1,hydrogen_bonds=3,hydrogen_bonds=1,0.7142857142857143,0.8333333333333334,0.7692307692307692,0.625,5,6,7,1.0,0.3333333333333333,0.5,0.3333333333333333,1,3,1
3BKR,vina_pose,13,A:PLM:300,L:UNL:1,RDKit,18,2.8305742448407103,3,4.486845551163982,NA,NA,3,1,hydrogen_bonds=3,hydrogen_bonds=1,0.5,0.5,0.5,0.3333333333333333,3,6,6,1.0,0.3333333333333333,0.5,0.3333333333333333,1,3,1
3BKR,vina_pose,14,A:PLM:300,L:UNL:1,RDKit,18,9.079201261980899,3,14.960507589428019,NA,NA,3,0,hydrogen_bonds=3,none=0,0.0,0.0,0.0,0.0,0,6,7,0.0,0.0,0.0,0.0,0,3,0
3BKR,vina_pose,15,A:PLM:300,L:UNL:1,RDKit,18,1.8189133355446658,3,0.6125101359705538,NA,NA,3,3,hydrogen_bonds=3,hydrogen_bonds=3,1.0,0.8333333333333334,0.9090909090909091,0.8333333333333334,5,6,5,1.0,1.0,1.0,1.0,3,3,3
3BKR,vina_pose,16,A:PLM:300,L:UNL:1,RDKit,18,1.608099136662082,3,1.7297459351014524,NA,NA,3,3,hydrogen_bonds=3,hydrogen_bonds=3,1.0,1.0,1.0,1.0,6,6,6,1.0,1.0,1.0,1.0,3,3,3
3BKR,vina_pose,17,A:PLM:300,L:UNL:1,RDKit,18,1.0689265643625856,3,0.5287535657878193,NA,NA,3,3,hydrogen_bonds=3,hydrogen_bonds=3,1.0,0.8333333333333334,0.9090909090909091,0.8333333333333334,5,6,5,1.0,1.0,1.0,1.0,3,3,3
3BKR,vina_pose,18,A:PLM:300,L:UNL:1,RDKit,18,4.902200225975634,3,6.6812069268957694,NA,NA,3,1,hydrogen_bonds=3,hydrogen_bonds=1,0.3333333333333333,0.3333333333333333,0.3333333333333333,0.2,2,6,6,0.0,0.0,0.0,0.0,0,3,1
3BKS,boltz,1,A:PLM:400,B:PLM:1,RDKit,18,2.1987312001741066,3,2.5746638341653205,119,1.057591151692569,3,2,hydrogen_bonds=3,hydrogen_bonds=2,0.8,0.8,0.8000000000000002,0.6666666666666666,4,5,5,1.0,0.6666666666666666,0.8,0.6666666666666666,2,3,2
3BKS,vina_pose,1,A:PLM:400,L:UNL:1,RDKit,18,4.333306480686031,3,6.297625901877629,NA,NA,3,0,hydrogen_bonds=3,none=0,0.2,0.2,0.20000000000000004,0.1111111111111111,1,5,5,0.0,0.0,0.0,0.0,0,3,0
3BKS,vina_pose,2,A:PLM:400,L:UNL:1,RDKit,18,4.5017607419517285,3,7.258909927346758,NA,NA,3,1,hydrogen_bonds=3,hydrogen_bonds=1,0.16666666666666666,0.2,0.1818181818181818,0.1,1,5,6,0.0,0.0,0.0,0.0,0,3,1
3BKS,vina_pose,3,A:PLM:400,L:UNL:1,RDKit,18,8.790942428305272,3,14.964438880225346,NA,NA,3,1,hydrogen_bonds=3,hydrogen_bonds=1,0.0,0.0,0.0,0.0,0,5,6,0.0,0.0,0.0,0.0,0,3,1
3BKS,vina_pose,4,A:PLM:400,L:UNL:1,RDKit,18,8.75539004778707,3,15.028769987371998,NA,NA,3,1,hydrogen_bonds=3,hydrogen_bonds=1,0.0,0.0,0.0,0.0,0,5,7,0.0,0.0,0.0,0.0,0,3,1
3BKS,vina_pose,5,A:PLM:400,L:UNL:1,RDKit,18,3.4796573346619453,3,4.955201005004743,NA,NA,3,0,hydrogen_bonds=3,none=0,0.42857142857142855,0.6,0.5,0.3333333333333333,3,5,7,0.0,0.0,0.0,0.0,0,3,0
3BKS,vina_pose,6,A:PLM:400,L:UNL:1,RDKit,18,2.8972035367459656,3,4.772426741187338,NA,NA,3,2,hydrogen_bonds=3,hydrogen_bonds=2,0.5,0.6,0.5454545454545454,0.375,3,5,6,1.0,0.6666666666666666,0.8,0.6666666666666666,2,3,2
3BKS,vina_pose,7,A:PLM:400,L:UNL:1,RDKit,18,2.7424641190805836,3,3.8341295839690472,NA,NA,3,1,hydrogen_bonds=3,hydrogen_bonds=1,0.5,0.6,0.5454545454545454,0.375,3,5,6,1.0,0.3333333333333333,0.5,0.3333333333333333,1,3,1
3BKS,vina_pose,8,A:PLM:400,L:UNL:1,RDKit,18,2.418674958640693,3,1.7449822348665904,NA,NA,3,3,hydrogen_bonds=3,hydrogen_bonds=3,0.8333333333333334,1.0,0.9090909090909091,0.8333333333333334,5,5,6,1.0,1.0,1.0,1.0,3,3,3
3BKS,vina_pose,9,A:PLM:400,L:UNL:1,RDKit,18,8.520620051120433,3,13.895091987221003,NA,NA,3,0,hydrogen_bonds=3,none=0,0.0,0.0,0.0,0.0,0,5,6,0.0,0.0,0.0,0.0,0,3,0
3BKS,vina_pose,10,A:PLM:400,L:UNL:1,RDKit,18,8.563203515299893,3,13.678258466144975,NA,NA,3,0,hydrogen_bonds=3,none=0,0.0,0.0,0.0,0.0,0,5,6,0.0,0.0,0.0,0.0,0,3,0
3BKS,vina_pose,11,A:PLM:400,L:UNL:1,RDKit,18,1.8469324417651143,3,1.7502457922627157,NA,NA,3,3,hydrogen_bonds=3,hydrogen_bonds=3,0.8333333333333334,1.0,0.9090909090909091,0.8333333333333334,5,5,6,1.0,1.0,1.0,1.0,3,3,3
3BKS,vina_pose,12,A:PLM:400,L:UNL:1,RDKit,18,9.269213741676738,3,15.814814246985852,NA,NA,3,1,hydrogen_bonds=3,hydrogen_bonds=1,0.0,0.0,0.0,0.0,0,5,8,0.0,0.0,0.0,0.0,0,3,1
3BKS,vina_pose,13,A:PLM:400,L:UNL:1,RDKit,18,2.309146523429525,3,3.423401719537648,NA,NA,3,2,hydrogen_bonds=3,hydrogen_bonds=2,0.6,0.6,0.6,0.42857142857142855,3,5,5,1.0,0.6666666666666666,0.8,0.6666666666666666,2,3,2
3BKS,vina_pose,14,A:PLM:400,L:UNL:1,RDKit,18,1.3938397803669307,3,1.7842587629974918,NA,NA,3,3,hydrogen_bonds=3,hydrogen_bonds=3,0.8333333333333334,1.0,0.9090909090909091,0.8333333333333334,5,5,6,1.0,1.0,1.0,1.0,3,3,3
3BKS,vina_pose,15,A:PLM:400,L:UNL:1,RDKit,18,8.766257484113604,3,13.368651614878743,NA,NA,3,0,hydrogen_bonds=3,none=0,0.0,0.0,0.0,0.0,0,5,5,0.0,0.0,0.0,0.0,0,3,0
3BKS,vina_pose,16,A:PLM:400,L:UNL:1,RDKit,18,2.602667339053875,3,3.427771482075976,NA,NA,3,1,hydrogen_bonds=3,hydrogen_bonds=1,0.5,0.6,0.5454545454545454,0.375,3,5,6,1.0,0.3333333333333333,0.5,0.3333333333333333,1,3,1
3BKS,vina_pose,17,A:PLM:400,L:UNL:1,RDKit,18,5.501286950442697,3,7.08420298975121,NA,NA,3,0,hydrogen_bonds=3,none=0,0.14285714285714285,0.2,0.16666666666666666,0.09090909090909091,1,5,7,0.0,0.0,0.0,0.0,0,3,0
3BKS,vina_pose,18,A:PLM:400,L:UNL:1,RDKit,18,3.563794661437285,3,0.3618217793334176,NA,NA,3,3,hydrogen_bonds=3,hydrogen_bonds=3,0.8333333333333334,1.0,0.9090909090909091,0.8333333333333334,5,5,6,1.0,1.0,1.0,1.0,3,3,3
3FYS,boltz,1,A:PLM:501,B:PLM:1,RDKit,18,0.9988029552610376,3,1.8069106236144425,282,1.882019193389685,2,3,hydrogen_bonds=2,hydrogen_bonds=3,0.9090909090909091,1.0,0.9523809523809523,0.9090909090909091,10,10,11,0.6666666666666666,1.0,0.8,0.6666666666666666,2,2,3
3FYS,vina_pose,1,A:PLM:501,L:UNL:1,RDKit,18,1.1339688414296636,3,1.7846172325366212,NA,NA,2,4,hydrogen_bonds=2,hydrogen_bonds=4,0.9,0.9,0.9,0.8181818181818182,9,10,10,0.5,1.0,0.6666666666666666,0.5,2,2,4
3FYS,vina_pose,2,A:PLM:501,L:UNL:1,RDKit,18,0.8138598364173855,3,0.5708759351499533,NA,NA,2,3,hydrogen_bonds=2,hydrogen_bonds=3,0.9,0.9,0.9,0.8181818181818182,9,10,10,0.6666666666666666,1.0,0.8,0.6666666666666666,2,2,3
3FYS,vina_pose,3,A:PLM:501,L:UNL:1,RDKit,18,1.5361784654713064,3,1.7674688116060215,NA,NA,2,4,hydrogen_bonds=2,hydrogen_bonds=4,1.0,1.0,1.0,1.0,10,10,10,0.5,1.0,0.6666666666666666,0.5,2,2,4
3FYS,vina_pose,4,A:PLM:501,L:UNL:1,RDKit,18,1.4673489322205842,3,1.904206483901715,NA,NA,2,2,hydrogen_bonds=2,hydrogen_bonds=2,0.8,0.8,0.8000000000000002,0.6666666666666666,8,10,10,1.0,1.0,1.0,1.0,2,2,2
3FYS,vina_pose,5,A:PLM:501,L:UNL:1,RDKit,18,11.574687682371582,3,18.01713303127517,NA,NA,2,3,hydrogen_bonds=2,hydrogen_bonds=3,0.0,0.0,0.0,0.0,0,10,9,0.0,0.0,0.0,0.0,0,2,3
3FYS,vina_pose,6,A:PLM:501,L:UNL:1,RDKit,18,11.477063503643546,3,18.32699073316002,NA,NA,2,4,hydrogen_bonds=2,hydrogen_bonds=4,0.0,0.0,0.0,0.0,0,10,9,0.0,0.0,0.0,0.0,0,2,4
3FYS,vina_pose,7,A:PLM:501,L:UNL:1,RDKit,18,11.573121217814242,3,17.950301362372723,NA,NA,2,3,hydrogen_bonds=2,hydrogen_bonds=3,0.0,0.0,0.0,0.0,0,10,9,0.0,0.0,0.0,0.0,0,2,3
3FYS,vina_pose,8,A:PLM:501,L:UNL:1,RDKit,18,2.15953342440239,3,1.9001203470657682,NA,NA,2,3,hydrogen_bonds=2,hydrogen_bonds=3,1.0,0.9,0.9473684210526316,0.9,9,10,9,0.6666666666666666,1.0,0.8,0.6666666666666666,2,2,3
3FYS,vina_pose,9,A:PLM:501,L:UNL:1,RDKit,18,11.5129094232904,3,16.640601291219415,NA,NA,2,0,hydrogen_bonds=2,none=0,0.0,0.0,0.0,0.0,0,10,11,0.0,0.0,0.0,0.0,0,2,0
3FYS,vina_pose,10,A:PLM:501,L:UNL:1,RDKit,18,2.8460677843883713,3,2.213991945182578,NA,NA,2,3,hydrogen_bonds=2,hydrogen_bonds=3,1.0,0.8,0.888888888888889,0.8,8,10,8,0.3333333333333333,0.5,0.4,0.25,1,2,3
3FYS,vina_pose,11,A:PLM:501,L:UNL:1,RDKit,18,10.939866861367394,3,14.096149285058903,NA,NA,2,1,hydrogen_bonds=2,hydrogen_bonds=1,0.0,0.0,0.0,0.0,0,10,7,0.0,0.0,0.0,0.0,0,2,1
3FYS,vina_pose,12,A:PLM:501,L:UNL:1,RDKit,18,1.9240025843133488,3,2.2314502757922554,NA,NA,2,2,hydrogen_bonds=2,hydrogen_bonds=2,0.7777777777777778,0.7,0.7368421052631577,0.5833333333333334,7,10,9,0.5,0.5,0.5,0.3333333333333333,1,2,2
3FYS,vina_pose,13,A:PLM:501,L:UNL:1,RDKit,18,11.284774582989636,3,14.017178995789417,NA,NA,2,1,hydrogen_bonds=2,hydrogen_bonds=1,0.0,0.0,0.0,0.0,0,10,7,0.0,0.0,0.0,0.0,0,2,1
3FYS,vina_pose,14,A:PLM:501,L:UNL:1,RDKit,18,4.106002746657088,3,3.9756741147466634,NA,NA,2,1,hydrogen_bonds=2,hydrogen_bonds=1,1.0,0.4,0.5714285714285715,0.4,4,10,4,0.0,0.0,0.0,0.0,0,2,1
3FYS,vina_pose,15,A:PLM:501,L:UNL:1,RDKit,18,11.540475529389786,3,13.84555425639099,NA,NA,2,1,hydrogen_bonds=2,hydrogen_bonds=1,0.0,0.0,0.0,0.0,0,10,8,0.0,0.0,0.0,0.0,0,2,1
3FYS,vina_pose,16,A:PLM:501,L:UNL:1,RDKit,18,3.6495382889102865,3,4.079364411277815,NA,NA,2,3,hydrogen_bonds=2,hydrogen_bonds=3,0.6666666666666666,0.6,0.631578947368421,0.46153846153846156,6,10,9,0.0,0.0,0.0,0.0,0,2,3
3GPE,boltz,1,A:PT5:600,B:PT5:1,RDKit_partial_pred,24,5.678491019308711,18,5.990538508416193,137,0.39001141558495145,14,16,attractive_charge=3;hydrogen_bonds=5;ionic=3;salt_bridge=3,attractive_charge=3;hydrogen_bonds=7;ionic=3;salt_bridge=3,0.5833333333333334,0.875,0.7000000000000001,0.5384615384615384,7,8,12,0.8125,0.9285714285714286,0.8666666666666666,0.7647058823529411,13,14,16
3GPE,vina_pose,1,A:PT5:600,L:UNL:1,RDKit,24,5.014618234887544,18,5.290235312976793,NA,NA,14,8,attractive_charge=3;hydrogen_bonds=5;ionic=3;salt_bridge=3,attractive_charge=1;hydrogen_bonds=5;ionic=1;salt_bridge=1,0.45454545454545453,0.625,0.5263157894736842,0.35714285714285715,5,8,11,0.625,0.35714285714285715,0.45454545454545453,0.29411764705882354,5,14,8
3GPE,vina_pose,2,A:PT5:600,L:UNL:1,RDKit,24,6.351747886080911,18,7.09664450051337,NA,NA,14,6,attractive_charge=3;hydrogen_bonds=5;ionic=3;salt_bridge=3,attractive_charge=1;hydrogen_bonds=3;ionic=1;salt_bridge=1,0.7142857142857143,0.625,0.6666666666666666,0.5,5,8,7,0.8333333333333334,0.35714285714285715,0.5,0.3333333333333333,5,14,6
3GPE,vina_pose,3,A:PT5:600,L:UNL:1,RDKit,24,3.1605970097963034,18,3.4027953868025103,NA,NA,14,9,attractive_charge=3;hydrogen_bonds=5;ionic=3;salt_bridge=3,attractive_charge=2;hydrogen_bonds=3;ionic=2;salt_bridge=2,1.0,0.875,0.9333333333333333,0.875,7,8,7,1.0,0.6428571428571429,0.782608695652174,0.6428571428571429,9,14,9
3GPE,vina_pose,4,A:PT5:600,L:UNL:1,RDKit,24,7.225098834387435,18,7.338492480672641,NA,NA,14,8,attractive_charge=3;hydrogen_bonds=5;ionic=3;salt_bridge=3,attractive_charge=2;hydrogen_bonds=2;ionic=2;salt_bridge=2,1.0,0.75,0.8571428571428571,0.75,6,8,6,1.0,0.5714285714285714,0.7272727272727273,0.5714285714285714,8,14,8
3GPE,vina_pose,5,A:PT5:600,L:UNL:1,RDKit,24,6.191011750917616,18,6.409009933939355,NA,NA,14,9,attractive_charge=3;hydrogen_bonds=5;ionic=3;salt_bridge=3,attractive_charge=2;hydrogen_bonds=3;ionic=2;salt_bridge=2,1.0,0.75,0.8571428571428571,0.75,6,8,6,0.8888888888888888,0.5714285714285714,0.6956521739130435,0.5333333333333333,8,14,9
3GPE,vina_pose,6,A:PT5:600,L:UNL:1,RDKit,24,4.961946543444418,18,5.418635678019986,NA,NA,14,18,attractive_charge=3;hydrogen_bonds=5;ionic=3;salt_bridge=3,attractive_charge=4;hydrogen_bonds=6;ionic=4;salt_bridge=4,0.7777777777777778,0.875,0.823529411764706,0.7,7,8,9,0.7222222222222222,0.9285714285714286,0.8125000000000001,0.6842105263157895,13,14,18
3GPE,vina_pose,7,A:PT5:600,L:UNL:1,RDKit,24,5.695758418185705,18,6.234229565694367,NA,NA,14,8,attractive_charge=3;hydrogen_bonds=5;ionic=3;salt_bridge=3,attractive_charge=2;hydrogen_bonds=2;ionic=2;salt_bridge=2,0.7142857142857143,0.625,0.6666666666666666,0.5,5,8,7,0.875,0.5,0.6363636363636364,0.4666666666666667,7,14,8
3GPE,vina_pose,8,A:PT5:600,L:UNL:1,RDKit,24,5.502306133946627,18,5.952960276665347,NA,NA,14,9,attractive_charge=3;hydrogen_bonds=5;ionic=3;salt_bridge=3,attractive_charge=2;hydrogen_bonds=3;ionic=2;salt_bridge=2,0.8,0.5,0.6153846153846154,0.4444444444444444,4,8,5,0.4444444444444444,0.2857142857142857,0.34782608695652173,0.21052631578947367,4,14,9
3GPE,vina_pose,9,A:PT5:600,L:UNL:1,RDKit,24,5.562986551754372,18,5.694813624889073,NA,NA,14,4,attractive_charge=3;hydrogen_bonds=5;ionic=3;salt_bridge=3,attractive_charge=1;hydrogen_bonds=1;ionic=1;salt_bridge=1,0.8333333333333334,0.625,0.7142857142857143,0.5555555555555556,5,8,6,0.75,0.21428571428571427,0.3333333333333333,0.2,3,14,4
3GPE,vina_pose,10,A:PT5:600,L:UNL:1,RDKit,24,3.4583578292305157,18,3.6959288713694463,NA,NA,14,9,attractive_charge=3;hydrogen_bonds=5;ionic=3;salt_bridge=3,attractive_charge=2;hydrogen_bonds=3;ionic=2;salt_bridge=2,1.0,0.875,0.9333333333333333,0.875,7,8,7,0.8888888888888888,0.5714285714285714,0.6956521739130435,0.5333333333333333,8,14,9
3GPE,vina_pose,11,A:PT5:600,L:UNL:1,RDKit,24,5.372882885379133,18,5.844056615247856,NA,NA,14,11,attractive_charge=3;hydrogen_bonds=5;ionic=3;salt_bridge=3,attractive_charge=3;hydrogen_bonds=2;ionic=3;salt_bridge=3,0.8333333333333334,0.625,0.7142857142857143,0.5555555555555556,5,8,6,0.6363636363636364,0.5,0.56,0.3888888888888889,7,14,11
3GPE,vina_pose,12,A:PT5:600,L:UNL:1,RDKit,24,3.091175646093247,18,3.2180093570749957,NA,NA,14,14,attractive_charge=3;hydrogen_bonds=5;ionic=3;salt_bridge=3,attractive_charge=3;hydrogen_bonds=5;ionic=3;salt_bridge=3,0.7777777777777778,0.875,0.823529411764706,0.7,7,8,9,0.9285714285714286,0.9285714285714286,0.9285714285714286,0.8666666666666667,13,14,14
3GPE,vina_pose,13,A:PT5:600,L:UNL:1,RDKit,24,5.320177471977165,18,5.833262913860667,NA,NA,14,10,attractive_charge=3;hydrogen_bonds=5;ionic=3;salt_bridge=3,attractive_charge=2;hydrogen_bonds=4;ionic=2;salt_bridge=2,1.0,0.75,0.8571428571428571,0.75,6,8,6,0.9,0.6428571428571429,0.75,0.6,9,14,10
3GPE,vina_pose,14,A:PT5:600,L:UNL:1,RDKit,24,3.9512512153325146,18,4.169278821197846,NA,NA,14,13,attractive_charge=3;hydrogen_bonds=5;ionic=3;salt_bridge=3,attractive_charge=3;hydrogen_bonds=4;ionic=3;salt_bridge=3,0.7777777777777778,0.875,0.823529411764706,0.7,7,8,9,0.9230769230769231,0.8571428571428571,0.888888888888889,0.8,12,14,13
3GPE,vina_pose,15,A:PT5:600,L:UNL:1,RDKit,24,4.002158219844222,18,4.327694363052918,NA,NA,14,5,attractive_charge=3;hydrogen_bonds=5;ionic=3;salt_bridge=3,attractive_charge=1;hydrogen_bonds=2;ionic=1;salt_bridge=1,1.0,0.625,0.7692307692307693,0.625,5,8,5,1.0,0.35714285714285715,0.5263157894736842,0.35714285714285715,5,14,5
3GPE,vina_pose,16,A:PT5:600,L:UNL:1,RDKit,24,4.834782281378691,18,4.592230685262519,NA,NA,14,6,attractive_charge=3;hydrogen_bonds=5;ionic=3;salt_bridge=3,attractive_charge=1;hydrogen_bonds=3;ionic=1;salt_bridge=1,0.6363636363636364,0.875,0.7368421052631579,0.5833333333333334,7,8,11,0.8333333333333334,0.35714285714285715,0.5,0.3333333333333333,5,14,6
3GPE,vina_pose,17,A:PT5:600,L:UNL:1,RDKit,24,5.214648649877254,18,5.547980949058054,NA,NA,14,2,attractive_charge=3;hydrogen_bonds=5;ionic=3;salt_bridge=3,hydrogen_bonds=2,0.6,0.75,0.6666666666666665,0.5,6,8,10,0.5,0.07142857142857142,0.125,0.06666666666666667,1,14,2
3GPE,vina_pose,18,A:PT5:600,L:UNL:1,RDKit,24,6.105989736862213,18,6.565983983125962,NA,NA,14,9,attractive_charge=3;hydrogen_bonds=5;ionic=3;salt_bridge=3,attractive_charge=2;hydrogen_bonds=3;ionic=2;salt_bridge=2,0.75,0.375,0.5,0.3333333333333333,3,8,4,0.4444444444444444,0.2857142857142857,0.34782608695652173,0.21052631578947367,4,14,9
3GPE,vina_pose,19,A:PT5:600,L:UNL:1,RDKit,24,6.157640880104435,18,6.070417444002054,NA,NA,14,9,attractive_charge=3;hydrogen_bonds=5;ionic=3;salt_bridge=3,attractive_charge=2;hydrogen_bonds=3;ionic=2;salt_bridge=2,0.5714285714285714,0.5,0.5333333333333333,0.36363636363636365,4,8,7,0.7777777777777778,0.5,0.6086956521739131,0.4375,7,14,9
3GPE,vina_pose,20,A:PT5:600,L:UNL:1,RDKit,24,5.978799865636359,18,6.75700252001992,NA,NA,14,11,attractive_charge=3;hydrogen_bonds=5;ionic=3;salt_bridge=3,attractive_charge=2;hydrogen_bonds=5;ionic=2;salt_bridge=2,1.0,0.75,0.8571428571428571,0.75,6,8,6,0.9090909090909091,0.7142857142857143,0.8,0.6666666666666666,10,14,11
3KYQ,boltz,1,A:DPV:201,B:DPV:1,RDKit,23,0.9181819810385164,7,0.9866223717732249,193,0.45526754384678836,1,1,hydrogen_bonds=1,hydrogen_bonds=1,1.0,1.0,1.0,1.0,4,4,4,1.0,1.0,1.0,1.0,1,1,1
3KYQ,vina_pose,1,A:DPV:201,L:UNL:1,RDKit,23,7.06566148784879,7,9.148237324362391,NA,NA,1,3,hydrogen_bonds=1,hydrogen_bonds=3,0.0,0.0,0.0,0.0,0,4,7,0.0,0.0,0.0,0.0,0,1,3
3KYQ,vina_pose,2,A:DPV:201,L:UNL:1,RDKit,23,8.459864065101755,7,9.408821597689206,NA,NA,1,2,hydrogen_bonds=1,hydrogen_bonds=2,0.0,0.0,0.0,0.0,0,4,7,0.0,0.0,0.0,0.0,0,1,2
3KYQ,vina_pose,3,A:DPV:201,L:UNL:1,RDKit,23,7.965363293115033,7,9.21447807994106,NA,NA,1,2,hydrogen_bonds=1,hydrogen_bonds=2,0.0,0.0,0.0,0.0,0,4,7,0.0,0.0,0.0,0.0,0,1,2
3KYQ,vina_pose,4,A:DPV:201,L:UNL:1,RDKit,23,8.27963399212056,7,9.212502754409355,NA,NA,1,0,hydrogen_bonds=1,none=0,0.16666666666666666,0.25,0.2,0.1111111111111111,1,4,6,0.0,0.0,0.0,0.0,0,1,0
3KYQ,vina_pose,5,A:DPV:201,L:UNL:1,RDKit,23,7.392465553286112,7,9.254105413274694,NA,NA,1,2,hydrogen_bonds=1,hydrogen_bonds=2,0.125,0.25,0.16666666666666666,0.09090909090909091,1,4,8,0.0,0.0,0.0,0.0,0,1,2
3KYQ,vina_pose,6,A:DPV:201,L:UNL:1,RDKit,23,8.459838612398352,7,9.392189969787207,NA,NA,1,0,hydrogen_bonds=1,none=0,0.0,0.0,0.0,0.0,0,4,7,0.0,0.0,0.0,0.0,0,1,0
3KYQ,vina_pose,7,A:DPV:201,L:UNL:1,RDKit,23,8.383531156510001,7,9.2709041784345,NA,NA,1,2,hydrogen_bonds=1,hydrogen_bonds=2,0.0,0.0,0.0,0.0,0,4,7,0.0,0.0,0.0,0.0,0,1,2
3KYQ,vina_pose,8,A:DPV:201,L:UNL:1,RDKit,23,9.505216403089685,7,10.368444855149962,NA,NA,1,1,hydrogen_bonds=1,hydrogen_bonds=1,0.125,0.25,0.16666666666666666,0.09090909090909091,1,4,8,0.0,0.0,0.0,0.0,0,1,1
3KYQ,vina_pose,9,A:DPV:201,L:UNL:1,RDKit,23,8.60872447755385,7,8.900947533830315,NA,NA,1,0,hydrogen_bonds=1,none=0,0.16666666666666666,0.25,0.2,0.1111111111111111,1,4,6,0.0,0.0,0.0,0.0,0,1,0
3KYQ,vina_pose,10,A:DPV:201,L:UNL:1,RDKit,23,7.293065309504342,7,9.274839174577945,NA,NA,1,3,hydrogen_bonds=1,hydrogen_bonds=3,0.0,0.0,0.0,0.0,0,4,7,0.0,0.0,0.0,0.0,0,1,3
3KYQ,vina_pose,11,A:DPV:201,L:UNL:1,RDKit,23,9.369823602812707,7,10.550572916062086,NA,NA,1,2,hydrogen_bonds=1,hydrogen_bonds=2,0.1111111111111111,0.25,0.15384615384615383,0.08333333333333333,1,4,9,0.0,0.0,0.0,0.0,0,1,2
3KYQ,vina_pose,12,A:DPV:201,L:UNL:1,RDKit,23,6.945000525870953,7,9.1264799426097,NA,NA,1,3,hydrogen_bonds=1,hydrogen_bonds=3,0.0,0.0,0.0,0.0,0,4,7,0.0,0.0,0.0,0.0,0,1,3
3KYQ,vina_pose,13,A:DPV:201,L:UNL:1,RDKit,23,9.679295541200974,7,10.882559126550019,NA,NA,1,1,hydrogen_bonds=1,hydrogen_bonds=1,0.1111111111111111,0.25,0.15384615384615383,0.08333333333333333,1,4,9,0.0,0.0,0.0,0.0,0,1,1
3KYQ,vina_pose,14,A:DPV:201,L:UNL:1,RDKit,23,7.895877724704092,7,6.784279770174576,NA,NA,1,1,hydrogen_bonds=1,hydrogen_bonds=1,0.4,0.5,0.4444444444444445,0.2857142857142857,2,4,5,1.0,1.0,1.0,1.0,1,1,1
3KYQ,vina_pose,15,A:DPV:201,L:UNL:1,RDKit,23,9.40312925018327,7,10.526075065555741,NA,NA,1,1,hydrogen_bonds=1,hydrogen_bonds=1,0.1111111111111111,0.25,0.15384615384615383,0.08333333333333333,1,4,9,0.0,0.0,0.0,0.0,0,1,1
3KYQ,vina_pose,16,A:DPV:201,L:UNL:1,RDKit,23,7.2930701294477815,7,9.194356933933522,NA,NA,1,3,hydrogen_bonds=1,hydrogen_bonds=3,0.0,0.0,0.0,0.0,0,4,7,0.0,0.0,0.0,0.0,0,1,3
3KYQ,vina_pose,17,A:DPV:201,L:UNL:1,RDKit,23,7.584025628855064,7,5.907019746514673,NA,NA,1,1,hydrogen_bonds=1,hydrogen_bonds=1,0.5,0.5,0.5,0.3333333333333333,2,4,4,1.0,1.0,1.0,1.0,1,1,1
3KYQ,vina_pose,18,A:DPV:201,L:UNL:1,RDKit,23,7.474828225451072,7,6.897800156571659,NA,NA,1,1,hydrogen_bonds=1,hydrogen_bonds=1,0.5,0.5,0.5,0.3333333333333333,2,4,4,1.0,1.0,1.0,1.0,1,1,1
3KYQ,vina_pose,19,A:DPV:201,L:UNL:1,RDKit,23,7.811738249471808,7,8.566903874796308,NA,NA,1,0,hydrogen_bonds=1,none=0,0.16666666666666666,0.25,0.2,0.1111111111111111,1,4,6,0.0,0.0,0.0,0.0,0,1,0
3KYQ,vina_pose,20,A:DPV:201,L:UNL:1,RDKit,23,7.864474998370839,7,9.008901605792857,NA,NA,1,0,hydrogen_bonds=1,none=0,0.0,0.0,0.0,0.0,0,4,5,0.0,0.0,0.0,0.0,0,1,0
3LUP,boltz,1,A:ELA:301,B:ELA:1,RDKit,20,0.5674650402413162,3,0.5182979643937752,283,0.5080011927705923,2,2,hydrogen_bonds=2,hydrogen_bonds=2,1.0,0.8,0.888888888888889,0.8,4,5,4,1.0,1.0,1.0,1.0,2,2,2
3LUP,vina_pose,1,A:ELA:301,L:UNL:1,RDKit,20,2.128346564824441,3,2.721350828785832,NA,NA,2,4,hydrogen_bonds=2,hydrogen_bonds=4,0.7142857142857143,1.0,0.8333333333333333,0.7142857142857143,5,5,7,0.5,1.0,0.6666666666666666,0.5,2,2,4
3LUP,vina_pose,2,A:ELA:301,L:UNL:1,RDKit,20,1.8698103379754856,3,2.5517401252217393,NA,NA,2,4,hydrogen_bonds=2,hydrogen_bonds=4,0.7142857142857143,1.0,0.8333333333333333,0.7142857142857143,5,5,7,0.5,1.0,0.6666666666666666,0.5,2,2,4
3LUP,vina_pose,3,A:ELA:301,L:UNL:1,RDKit,20,2.3104613067523982,3,3.2492215990910793,NA,NA,2,4,hydrogen_bonds=2,hydrogen_bonds=4,0.7142857142857143,1.0,0.8333333333333333,0.7142857142857143,5,5,7,0.5,1.0,0.6666666666666666,0.5,2,2,4
3LUP,vina_pose,4,A:ELA:301,L:UNL:1,RDKit,20,3.215152982363359,3,4.891361126176094,NA,NA,2,3,hydrogen_bonds=2,hydrogen_bonds=3,0.5555555555555556,1.0,0.7142857142857143,0.5555555555555556,5,5,9,0.3333333333333333,0.5,0.4,0.25,1,2,3
3LUP,vina_pose,5,A:ELA:301,L:UNL:1,RDKit,20,2.070766560962389,3,2.8182798536222986,NA,NA,2,3,hydrogen_bonds=2,hydrogen_bonds=3,0.7142857142857143,1.0,0.8333333333333333,0.7142857142857143,5,5,7,0.6666666666666666,1.0,0.8,0.6666666666666666,2,2,3
3LUP,vina_pose,6,A:ELA:301,L:UNL:1,RDKit,20,3.093083267550358,3,3.509232109735687,NA,NA,2,5,hydrogen_bonds=2,hydrogen_bonds=5,0.625,1.0,0.7692307692307693,0.625,5,5,8,0.4,1.0,0.5714285714285715,0.4,2,2,5
3LUP,vina_pose,7,A:ELA:301,L:UNL:1,RDKit,20,3.0662442498926925,3,4.814841188104409,NA,NA,2,4,hydrogen_bonds=2,hydrogen_bonds=4,0.5555555555555556,1.0,0.7142857142857143,0.5555555555555556,5,5,9,0.25,0.5,0.3333333333333333,0.2,1,2,4
3LUP,vina_pose,8,A:ELA:301,L:UNL:1,RDKit,20,2.2994605236881096,3,2.8893128364139904,NA,NA,2,4,hydrogen_bonds=2,hydrogen_bonds=4,0.7142857142857143,1.0,0.8333333333333333,0.7142857142857143,5,5,7,0.5,1.0,0.6666666666666666,0.5,2,2,4
3LUP,vina_pose,9,A:ELA:301,L:UNL:1,RDKit,20,11.783172085648243,3,18.64560651556643,NA,NA,2,1,hydrogen_bonds=2,hydrogen_bonds=1,0.0,0.0,0.0,0.0,0,5,13,0.0,0.0,0.0,0.0,0,2,1
3LUP,vina_pose,10,A:ELA:301,L:UNL:1,RDKit,20,11.77459743897854,3,18.548212519449592,NA,NA,2,1,hydrogen_bonds=2,hydrogen_bonds=1,0.0,0.0,0.0,0.0,0,5,13,0.0,0.0,0.0,0.0,0,2,1
3LUP,vina_pose,11,A:ELA:301,L:UNL:1,RDKit,20,11.600435713799719,3,17.69322850697407,NA,NA,2,1,hydrogen_bonds=2,hydrogen_bonds=1,0.0,0.0,0.0,0.0,0,5,12,0.0,0.0,0.0,0.0,0,2,1
3LUP,vina_pose,12,A:ELA:301,L:UNL:1,RDKit,20,11.754960344467353,3,18.06078176602552,NA,NA,2,1,hydrogen_bonds=2,hydrogen_bonds=1,0.0,0.0,0.0,0.0,0,5,10,0.0,0.0,0.0,0.0,0,2,1
3LUP,vina_pose,13,A:ELA:301,L:UNL:1,RDKit,20,1.324607451285096,3,1.9850507969990756,NA,NA,2,3,hydrogen_bonds=2,hydrogen_bonds=3,0.7142857142857143,1.0,0.8333333333333333,0.7142857142857143,5,5,7,0.3333333333333333,0.5,0.4,0.25,1,2,3
3LUP,vina_pose,14,A:ELA:301,L:UNL:1,RDKit,20,12.051697525660025,3,18.630537467645244,NA,NA,2,1,hydrogen_bonds=2,hydrogen_bonds=1,0.0,0.0,0.0,0.0,0,5,13,0.0,0.0,0.0,0.0,0,2,1
3LUP,vina_pose,15,A:ELA:301,L:UNL:1,RDKit,20,12.218819091876268,3,18.403884517496117,NA,NA,2,2,hydrogen_bonds=2,hydrogen_bonds=2,0.0,0.0,0.0,0.0,0,5,13,0.0,0.0,0.0,0.0,0,2,2
3LUP,vina_pose,16,A:ELA:301,L:UNL:1,RDKit,20,2.3945423988729035,3,2.2517335543975867,NA,NA,2,4,hydrogen_bonds=2,hydrogen_bonds=4,0.6,0.6,0.6,0.42857142857142855,3,5,5,0.25,0.5,0.3333333333333333,0.2,1,2,4
3LUP,vina_pose,17,A:ELA:301,L:UNL:1,RDKit,20,2.2943835991394295,3,2.593812380775964,NA,NA,2,1,hydrogen_bonds=2,hydrogen_bonds=1,1.0,0.6,0.7499999999999999,0.6,3,5,3,0.0,0.0,0.0,0.0,0,2,1
3LUP,vina_pose,18,A:ELA:301,L:UNL:1,RDKit,20,12.236087430220493,3,17.929950613428915,NA,NA,2,0,hydrogen_bonds=2,none=0,0.0,0.0,0.0,0.0,0,5,9,0.0,0.0,0.0,0.0,0,2,0
3LUP,vina_pose,19,A:ELA:301,L:UNL:1,RDKit,20,12.267832573441815,3,17.331679462764132,NA,NA,2,0,hydrogen_bonds=2,none=0,0.0,0.0,0.0,0.0,0,5,11,0.0,0.0,0.0,0.0,0,2,0
3PEG,boltz,1,A:PEV:500,B:PEV:1,RDKit,47,5.180375441199974,7,2.932058678010321,244,2.9508654046483005,1,3,hydrogen_bonds=1,attractive_charge=1;ionic=1;salt_bridge=1,0.8,1.0,0.888888888888889,0.8,4,4,5,0.0,0.0,0.0,0.0,0,1,3
3PEG,vina_pose,1,A:PEV:500,L:UNL:1,RDKit,47,10.572564287675025,7,12.408195292973568,NA,NA,1,0,hydrogen_bonds=1,none=0,0.0,0.0,0.0,0.0,0,4,9,0.0,0.0,0.0,0.0,0,1,0
3PEG,vina_pose,2,A:PEV:500,L:UNL:1,RDKit,47,8.573963898697627,7,11.24932033502469,NA,NA,1,0,hydrogen_bonds=1,none=0,0.1111111111111111,0.25,0.15384615384615383,0.08333333333333333,1,4,9,0.0,0.0,0.0,0.0,0,1,0
3PEG,vina_pose,3,A:PEV:500,L:UNL:1,RDKit,47,7.934194515955686,7,9.094125505747416,NA,NA,1,6,hydrogen_bonds=1,attractive_charge=1;hydrogen_bonds=3;ionic=1;salt_bridge=1,0.16666666666666666,0.5,0.25,0.14285714285714285,2,4,12,0.0,0.0,0.0,0.0,0,1,6
3PEG,vina_pose,4,A:PEV:500,L:UNL:1,RDKit,47,11.64384927945021,7,16.176342165555933,NA,NA,1,8,hydrogen_bonds=1,attractive_charge=1;hydrogen_bonds=5;ionic=1;salt_bridge=1,0.0,0.0,0.0,0.0,0,4,11,0.0,0.0,0.0,0.0,0,1,8
3PEG,vina_pose,5,A:PEV:500,L:UNL:1,RDKit,47,8.6958054023618,7,8.056817689740425,NA,NA,1,0,hydrogen_bonds=1,none=0,0.16666666666666666,0.25,0.2,0.1111111111111111,1,4,6,0.0,0.0,0.0,0.0,0,1,0
3PEG,vina_pose,6,A:PEV:500,L:UNL:1,RDKit,47,7.22948650805939,7,7.212884057613252,NA,NA,1,4,hydrogen_bonds=1,hydrogen_bonds=4,0.18181818181818182,0.5,0.26666666666666666,0.15384615384615385,2,4,11,0.0,0.0,0.0,0.0,0,1,4
3PEG,vina_pose,7,A:PEV:500,L:UNL:1,RDKit,47,9.227265234191963,7,11.090323607284223,NA,NA,1,0,hydrogen_bonds=1,none=0,0.08333333333333333,0.25,0.125,0.06666666666666667,1,4,12,0.0,0.0,0.0,0.0,0,1,0
3PEG,vina_pose,8,A:PEV:500,L:UNL:1,RDKit,47,9.868652318045665,7,4.946895996481024,NA,NA,1,6,hydrogen_bonds=1,attractive_charge=1;hydrogen_bonds=3;ionic=1;salt_bridge=1,0.25,0.5,0.3333333333333333,0.2,2,4,8,0.0,0.0,0.0,0.0,0,1,6
3PEG,vina_pose,9,A:PEV:500,L:UNL:1,RDKit,47,7.5462313632192615,7,10.920556834311542,NA,NA,1,2,hydrogen_bonds=1,hydrogen_bonds=2,0.2,0.5,0.28571428571428575,0.16666666666666666,2,4,10,0.0,0.0,0.0,0.0,0,1,2
3PEG,vina_pose,10,A:PEV:500,L:UNL:1,RDKit,47,6.941376879173426,7,4.3629951213096065,NA,NA,1,1,hydrogen_bonds=1,hydrogen_bonds=1,0.42857142857142855,0.75,0.5454545454545454,0.375,3,4,7,0.0,0.0,0.0,0.0,0,1,1
3PEG,vina_pose,11,A:PEV:500,L:UNL:1,RDKit,47,7.399547368273222,7,8.65169804968118,NA,NA,1,0,hydrogen_bonds=1,none=0,0.14285714285714285,0.25,0.18181818181818182,0.1,1,4,7,0.0,0.0,0.0,0.0,0,1,0
3PEG,vina_pose,12,A:PEV:500,L:UNL:1,RDKit,47,8.386905416665025,7,5.065210727530072,NA,NA,1,0,hydrogen_bonds=1,none=0,0.5,0.5,0.5,0.3333333333333333,2,4,4,0.0,0.0,0.0,0.0,0,1,0
3PEG,vina_pose,13,A:PEV:500,L:UNL:1,RDKit,47,12.15540002317506,7,17.100181887086126,NA,NA,1,0,hydrogen_bonds=1,none=0,0.0,0.0,0.0,0.0,0,4,10,0.0,0.0,0.0,0.0,0,1,0
3PEG,vina_pose,14,A:PEV:500,L:UNL:1,RDKit,47,8.555847513884938,7,8.999361898014135,NA,NA,1,0,hydrogen_bonds=1,none=0,0.2,0.25,0.22222222222222224,0.125,1,4,5,0.0,0.0,0.0,0.0,0,1,0
3PEG,vina_pose,15,A:PEV:500,L:UNL:1,RDKit,47,9.491259353024917,7,15.337983444470696,NA,NA,1,0,hydrogen_bonds=1,none=0,0.0,0.0,0.0,0.0,0,4,7,0.0,0.0,0.0,0.0,0,1,0
3PEG,vina_pose,16,A:PEV:500,L:UNL:1,RDKit,47,10.495663427684503,7,14.993745434108753,NA,NA,1,1,hydrogen_bonds=1,hydrogen_bonds=1,0.0,0.0,0.0,0.0,0,4,6,0.0,0.0,0.0,0.0,0,1,1
3PEG,vina_pose,17,A:PEV:500,L:UNL:1,RDKit,47,9.76221786690151,7,15.754162239139943,NA,NA,1,2,hydrogen_bonds=1,hydrogen_bonds=2,0.0,0.0,0.0,0.0,0,4,10,0.0,0.0,0.0,0.0,0,1,2
3PEG,vina_pose,18,A:PEV:500,L:UNL:1,RDKit,47,8.687252883367357,7,11.615396758490121,NA,NA,1,3,hydrogen_bonds=1,hydrogen_bonds=3,0.09090909090909091,0.25,0.13333333333333333,0.07142857142857142,1,4,11,0.0,0.0,0.0,0.0,0,1,3
3PEG,vina_pose,19,A:PEV:500,L:UNL:1,RDKit,47,11.78740584132425,7,9.404289932943216,NA,NA,1,3,hydrogen_bonds=1,hydrogen_bonds=3,0.2222222222222222,0.5,0.30769230769230765,0.18181818181818182,2,4,9,0.0,0.0,0.0,0.0,0,1,3
3PEG,vina_pose,20,A:PEV:500,L:UNL:1,RDKit,47,10.464724686581938,7,10.825806086780394,NA,NA,1,0,hydrogen_bonds=1,none=0,0.2,0.25,0.22222222222222224,0.125,1,4,5,0.0,0.0,0.0,0.0,0,1,0
3PL5,boltz,1,A:PLM:702,B:PLM:1,RDKit,18,1.2293298918266036,3,1.9675639191537015,277,2.099554316541012,3,2,hydrogen_bonds=3,hydrogen_bonds=2,1.0,0.9,0.9473684210526316,0.9,9,10,9,0.5,0.3333333333333333,0.4,0.25,1,3,2
3PL5,vina_pose,1,A:PLM:702,L:UNL:1,RDKit,18,1.5029069979358152,3,2.198175607179736,NA,NA,3,3,hydrogen_bonds=3,hydrogen_bonds=3,0.8,0.8,0.8000000000000002,0.6666666666666666,8,10,10,0.3333333333333333,0.3333333333333333,0.3333333333333333,0.2,1,3,3
3PL5,vina_pose,2,A:PLM:702,L:UNL:1,RDKit,18,1.4763876147167079,3,2.0859499035211755,NA,NA,3,4,hydrogen_bonds=3,hydrogen_bonds=4,0.7272727272727273,0.8,0.761904761904762,0.6153846153846154,8,10,11,0.25,0.3333333333333333,0.28571428571428575,0.16666666666666666,1,3,4
3PL5,vina_pose,3,A:PLM:702,L:UNL:1,RDKit,18,1.3968408006004915,3,1.720498377408903,NA,NA,3,4,hydrogen_bonds=3,hydrogen_bonds=4,1.0,1.0,1.0,1.0,10,10,10,0.5,0.6666666666666666,0.5714285714285715,0.4,2,3,4
3PL5,vina_pose,4,A:PLM:702,L:UNL:1,RDKit,18,1.2911836516244395,3,1.0843017722632997,NA,NA,3,4,hydrogen_bonds=3,hydrogen_bonds=4,0.8181818181818182,0.9,0.8571428571428572,0.75,9,10,11,0.5,0.6666666666666666,0.5714285714285715,0.4,2,3,4
3PL5,vina_pose,5,A:PLM:702,L:UNL:1,RDKit,18,1.8082194587801315,3,2.6174895733635055,NA,NA,3,2,hydrogen_bonds=3,hydrogen_bonds=2,0.6666666666666666,0.6,0.631578947368421,0.46153846153846156,6,10,9,0.5,0.3333333333333333,0.4,0.25,1,3,2
3PL5,vina_pose,6,A:PLM:702,L:UNL:1,RDKit,18,0.8749009785239831,3,1.0091778832297118,NA,NA,3,4,hydrogen_bonds=3,hydrogen_bonds=4,0.8888888888888888,0.8,0.8421052631578948,0.7272727272727273,8,10,9,0.5,0.6666666666666666,0.5714285714285715,0.4,2,3,4
3PL5,vina_pose,7,A:PLM:702,L:UNL:1,RDKit,18,2.2050375658175683,3,3.0654604874308844,NA,NA,3,2,hydrogen_bonds=3,hydrogen_bonds=2,0.6666666666666666,0.6,0.631578947368421,0.46153846153846156,6,10,9,0.5,0.3333333333333333,0.4,0.25,1,3,2
3PL5,vina_pose,8,A:PLM:702,L:UNL:1,RDKit,18,2.195161535438034,3,1.016511354256967,NA,NA,3,4,hydrogen_bonds=3,hydrogen_bonds=4,1.0,0.9,0.9473684210526316,0.9,9,10,9,0.5,0.6666666666666666,0.5714285714285715,0.4,2,3,4
3PL5,vina_pose,9,A:PLM:702,L:UNL:1,RDKit,18,9.552181365182161,3,14.685180750221178,NA,NA,3,0,hydrogen_bonds=3,none=0,0.0,0.0,0.0,0.0,0,10,9,0.0,0.0,0.0,0.0,0,3,0
3PL5,vina_pose,10,A:PLM:702,L:UNL:1,RDKit,18,9.478537278738974,3,14.80520038139752,NA,NA,3,0,hydrogen_bonds=3,none=0,0.0,0.0,0.0,0.0,0,10,9,0.0,0.0,0.0,0.0,0,3,0
3PL5,vina_pose,11,A:PLM:702,L:UNL:1,RDKit,18,3.267801954083373,3,5.32311879133527,NA,NA,3,2,hydrogen_bonds=3,hydrogen_bonds=2,0.6,0.6,0.6,0.42857142857142855,6,10,10,0.0,0.0,0.0,0.0,0,3,2
3PL5,vina_pose,12,A:PLM:702,L:UNL:1,RDKit,18,9.500576140424327,3,14.675661075399637,NA,NA,3,0,hydrogen_bonds=3,none=0,0.0,0.0,0.0,0.0,0,10,9,0.0,0.0,0.0,0.0,0,3,0
3PL5,vina_pose,13,A:PLM:702,L:UNL:1,RDKit,18,9.217024348092682,3,14.800037038241944,NA,NA,3,0,hydrogen_bonds=3,none=0,0.0,0.0,0.0,0.0,0,10,9,0.0,0.0,0.0,0.0,0,3,0
3PL5,vina_pose,14,A:PLM:702,L:UNL:1,RDKit,18,9.914405313594065,3,14.983454641703963,NA,NA,3,0,hydrogen_bonds=3,none=0,0.0,0.0,0.0,0.0,0,10,9,0.0,0.0,0.0,0.0,0,3,0
3PL5,vina_pose,15,A:PLM:702,L:UNL:1,RDKit,18,9.617672752109351,3,14.73729474270408,NA,NA,3,0,hydrogen_bonds=3,none=0,0.0,0.0,0.0,0.0,0,10,9,0.0,0.0,0.0,0.0,0,3,0
3PL5,vina_pose,16,A:PLM:702,L:UNL:1,RDKit,18,9.712072913532815,3,14.710238769872726,NA,NA,3,0,hydrogen_bonds=3,none=0,0.0,0.0,0.0,0.0,0,10,9,0.0,0.0,0.0,0.0,0,3,0
3PL5,vina_pose,17,A:PLM:702,L:UNL:1,RDKit,18,2.6628316277560207,3,2.26800624631709,NA,NA,3,4,hydrogen_bonds=3,hydrogen_bonds=4,0.7,0.7,0.7,0.5384615384615384,7,10,10,0.25,0.3333333333333333,0.28571428571428575,0.16666666666666666,1,3,4
3PL5,vina_pose,18,A:PLM:702,L:UNL:1,RDKit,18,9.055868677272214,3,14.860929872207413,NA,NA,3,0,hydrogen_bonds=3,none=0,0.0,0.0,0.0,0.0,0,10,9,0.0,0.0,0.0,0.0,0,3,0
3PPT,boltz,1,A:PAM:500,B:PAM:1,RDKit,18,0.7431764890790494,3,0.6144483668413234,133,0.7857110999003054,3,3,hydrogen_bonds=3,hydrogen_bonds=3,1.0,0.75,0.8571428571428571,0.75,6,8,6,1.0,1.0,1.0,1.0,3,3,3
3PPT,vina_pose,1,A:PAM:500,L:UNL:1,RDKit,18,2.9749040320655724,3,0.5854496847153777,NA,NA,3,3,hydrogen_bonds=3,hydrogen_bonds=3,0.875,0.875,0.875,0.7777777777777778,7,8,8,1.0,1.0,1.0,1.0,3,3,3
3PPT,vina_pose,2,A:PAM:500,L:UNL:1,RDKit,18,4.841914130222102,3,1.9384173097314896,NA,NA,3,3,hydrogen_bonds=3,hydrogen_bonds=3,0.75,0.75,0.75,0.6,6,8,8,1.0,1.0,1.0,1.0,3,3,3
3PPT,vina_pose,3,A:PAM:500,L:UNL:1,RDKit,18,4.634698426003573,3,7.62224894634123,NA,NA,3,2,hydrogen_bonds=3,hydrogen_bonds=2,0.0,0.0,0.0,0.0,0,8,5,0.0,0.0,0.0,0.0,0,3,2
3PPT,vina_pose,4,A:PAM:500,L:UNL:1,RDKit,18,4.778222344949823,3,4.3707992404135885,NA,NA,3,3,hydrogen_bonds=3,hydrogen_bonds=3,0.625,0.625,0.625,0.45454545454545453,5,8,8,0.3333333333333333,0.3333333333333333,0.3333333333333333,0.2,1,3,3
3PPT,vina_pose,5,A:PAM:500,L:UNL:1,RDKit,18,3.261308045350311,3,0.37583152253813706,NA,NA,3,3,hydrogen_bonds=3,hydrogen_bonds=3,0.875,0.875,0.875,0.7777777777777778,7,8,8,1.0,1.0,1.0,1.0,3,3,3
3PPT,vina_pose,6,A:PAM:500,L:UNL:1,RDKit,18,4.112387337193702,3,3.374738063909554,NA,NA,3,3,hydrogen_bonds=3,hydrogen_bonds=3,1.0,0.625,0.7692307692307693,0.625,5,8,5,0.3333333333333333,0.3333333333333333,0.3333333333333333,0.2,1,3,3
3PPT,vina_pose,7,A:PAM:500,L:UNL:1,RDKit,18,4.35012503651715,3,1.0249744712268047,NA,NA,3,3,hydrogen_bonds=3,hydrogen_bonds=3,0.8571428571428571,0.75,0.7999999999999999,0.6666666666666666,6,8,7,1.0,1.0,1.0,1.0,3,3,3
3PPT,vina_pose,8,A:PAM:500,L:UNL:1,RDKit,18,3.8042746351965704,3,4.489303472329162,NA,NA,3,4,hydrogen_bonds=3,hydrogen_bonds=4,0.8,0.5,0.6153846153846154,0.4444444444444444,4,8,5,0.25,0.3333333333333333,0.28571428571428575,0.16666666666666666,1,3,4
3PPT,vina_pose,9,A:PAM:500,L:UNL:1,RDKit,18,4.963355842796508,3,1.8808724039657765,NA,NA,3,3,hydrogen_bonds=3,hydrogen_bonds=3,0.75,0.75,0.75,0.6,6,8,8,1.0,1.0,1.0,1.0,3,3,3
3PPT,vina_pose,10,A:PAM:500,L:UNL:1,RDKit,18,4.591504316549085,3,7.952431745489343,NA,NA,3,3,hydrogen_bonds=3,hydrogen_bonds=3,0.0,0.0,0.0,0.0,0,8,8,0.0,0.0,0.0,0.0,0,3,3
3PPT,vina_pose,11,A:PAM:500,L:UNL:1,RDKit,18,4.729489642422086,3,1.903094497566179,NA,NA,3,3,hydrogen_bonds=3,hydrogen_bonds=3,0.875,0.875,0.875,0.7777777777777778,7,8,8,1.0,1.0,1.0,1.0,3,3,3
3PPT,vina_pose,12,A:PAM:500,L:UNL:1,RDKit,18,5.7716875974208985,3,7.960905873914938,NA,NA,3,2,hydrogen_bonds=3,hydrogen_bonds=2,0.0,0.0,0.0,0.0,0,8,8,0.0,0.0,0.0,0.0,0,3,2
3PPT,vina_pose,13,A:PAM:500,L:UNL:1,RDKit,18,3.804343314628106,3,0.38049266309177104,NA,NA,3,3,hydrogen_bonds=3,hydrogen_bonds=3,0.875,0.875,0.875,0.7777777777777778,7,8,8,1.0,1.0,1.0,1.0,3,3,3
3PPT,vina_pose,14,A:PAM:500,L:UNL:1,RDKit,18,4.155225070786045,3,6.489490914804746,NA,NA,3,2,hydrogen_bonds=3,hydrogen_bonds=2,0.16666666666666666,0.125,0.14285714285714288,0.07692307692307693,1,8,6,0.0,0.0,0.0,0.0,0,3,2
3PPT,vina_pose,15,A:PAM:500,L:UNL:1,RDKit,18,4.960760296791432,3,7.483030647182106,NA,NA,3,2,hydrogen_bonds=3,hydrogen_bonds=2,0.0,0.0,0.0,0.0,0,8,9,0.0,0.0,0.0,0.0,0,3,2
3PPT,vina_pose,16,A:PAM:500,L:UNL:1,RDKit,18,4.619597505314841,3,7.379365352115316,NA,NA,3,2,hydrogen_bonds=3,hydrogen_bonds=2,0.0,0.0,0.0,0.0,0,8,6,0.0,0.0,0.0,0.0,0,3,2
3PPT,vina_pose,17,A:PAM:500,L:UNL:1,RDKit,18,5.145397981584019,3,6.272167116183476,NA,NA,3,2,hydrogen_bonds=3,hydrogen_bonds=2,0.2,0.125,0.15384615384615385,0.08333333333333333,1,8,5,0.0,0.0,0.0,0.0,0,3,2
3PPT,vina_pose,18,A:PAM:500,L:UNL:1,RDKit,18,4.525668587807405,3,8.104922948430788,NA,NA,3,3,hydrogen_bonds=3,hydrogen_bonds=3,0.0,0.0,0.0,0.0,0,8,8,0.0,0.0,0.0,0.0,0,3,3
3PPT,vina_pose,19,A:PAM:500,L:UNL:1,RDKit,18,2.273545065897456,3,2.098146880781547,NA,NA,3,3,hydrogen_bonds=3,hydrogen_bonds=3,1.0,0.875,0.9333333333333333,0.875,7,8,7,0.6666666666666666,0.6666666666666666,0.6666666666666666,0.5,2,3,3
3S0K,boltz,1,A:03F:210,B:03F:1,RDKit,51,0.4544136392030704,3,0.32817344135787296,203,0.6144681913308258,0,0,none=0,none=0,1.0,1.0,1.0,1.0,4,4,4,NA,NA,NA,NA,0,0,0
3S0K,vina_pose,1,A:03F:210,A:03F:210,RDKit,51,9.073249426576057,3,10.378235286727058,NA,NA,0,0,none=0,none=0,0.16666666666666666,0.25,0.2,0.1111111111111111,1,4,6,NA,NA,NA,NA,0,0,0
3S0K,vina_pose,2,A:03F:210,A:03F:210,RDKit,51,9.980854695414637,3,10.935189618840635,NA,NA,0,0,none=0,none=0,0.0,0.0,0.0,0.0,0,4,8,NA,NA,NA,NA,0,0,0
3S0K,vina_pose,3,A:03F:210,A:03F:210,RDKit,51,10.412283094273517,3,5.628489702694083,NA,NA,0,0,none=0,none=0,0.2857142857142857,0.5,0.36363636363636365,0.2222222222222222,2,4,7,NA,NA,NA,NA,0,0,0
3S0K,vina_pose,4,A:03F:210,A:03F:210,RDKit,51,14.025917623331125,3,7.284207598176575,NA,NA,0,1,none=0,hydrogen_bonds=1,0.2,0.25,0.22222222222222224,0.125,1,4,5,NA,NA,NA,NA,0,0,1
3S0K,vina_pose,5,A:03F:210,A:03F:210,RDKit,51,9.905229251734246,3,11.03122710007066,NA,NA,0,0,none=0,none=0,0.0,0.0,0.0,0.0,0,4,5,NA,NA,NA,NA,0,0,0
3S0K,vina_pose,6,A:03F:210,A:03F:210,RDKit,51,9.594383333441478,3,6.524866895194108,NA,NA,0,3,none=0,hydrogen_bonds=3,0.2,0.5,0.28571428571428575,0.16666666666666666,2,4,10,NA,NA,NA,NA,0,0,3
3S0K,vina_pose,7,A:03F:210,A:03F:210,RDKit,51,11.363730852248874,3,9.122546154080743,NA,NA,0,0,none=0,none=0,0.16666666666666666,0.25,0.2,0.1111111111111111,1,4,6,NA,NA,NA,NA,0,0,0
3S0K,vina_pose,8,A:03F:210,A:03F:210,RDKit,51,9.494968077056063,3,10.778847526521563,NA,NA,0,1,none=0,hydrogen_bonds=1,0.125,0.25,0.16666666666666666,0.09090909090909091,1,4,8,NA,NA,NA,NA,0,0,1
3S0K,vina_pose,9,A:03F:210,A:03F:210,RDKit,51,10.833478824060744,3,12.083687820087597,NA,NA,0,4,none=0,hydrogen_bonds=4,0.0,0.0,0.0,0.0,0,4,8,NA,NA,NA,NA,0,0,4
3S0K,vina_pose,10,A:03F:210,A:03F:210,RDKit,51,8.310088982794396,3,10.218495404575632,NA,NA,0,1,none=0,hydrogen_bonds=1,0.125,0.25,0.16666666666666666,0.09090909090909091,1,4,8,NA,NA,NA,NA,0,0,1
3S0K,vina_pose,11,A:03F:210,A:03F:210,RDKit,51,8.882632909884586,3,3.688290028364544,NA,NA,0,2,none=0,hydrogen_bonds=2,0.6,0.75,0.6666666666666665,0.5,3,4,5,NA,NA,NA,NA,0,0,2
3S0K,vina_pose,12,A:03F:210,A:03F:210,RDKit,51,12.430745995313394,3,17.629268249136153,NA,NA,0,0,none=0,none=0,0.0,0.0,0.0,0.0,0,4,7,NA,NA,NA,NA,0,0,0
3S0K,vina_pose,13,A:03F:210,A:03F:210,RDKit,51,11.132378576239038,3,13.936888485837386,NA,NA,0,3,none=0,hydrogen_bonds=3,0.0,0.0,0.0,0.0,0,4,9,NA,NA,NA,NA,0,0,3
3S0K,vina_pose,14,A:03F:210,A:03F:210,RDKit,51,9.929742465511003,3,4.384079378843408,NA,NA,0,1,none=0,hydrogen_bonds=1,0.42857142857142855,0.75,0.5454545454545454,0.375,3,4,7,NA,NA,NA,NA,0,0,1
3S0K,vina_pose,15,A:03F:210,A:03F:210,RDKit,51,9.74911641949076,3,9.659141542255883,NA,NA,0,0,none=0,none=0,0.0,0.0,0.0,0.0,0,4,6,NA,NA,NA,NA,0,0,0
3S0K,vina_pose,16,A:03F:210,A:03F:210,RDKit,51,13.24201411580343,3,18.706979936198504,NA,NA,0,2,none=0,hydrogen_bonds=2,0.0,0.0,0.0,0.0,0,4,8,NA,NA,NA,NA,0,0,2
3S0K,vina_pose,17,A:03F:210,A:03F:210,RDKit,51,9.857580716800411,3,14.87531821508367,NA,NA,0,0,none=0,none=0,0.0,0.0,0.0,0.0,0,4,5,NA,NA,NA,NA,0,0,0
3S0K,vina_pose,18,A:03F:210,A:03F:210,RDKit,51,12.302508317492038,3,8.191105745461556,NA,NA,0,2,none=0,hydrogen_bonds=2,0.375,0.75,0.5,0.3333333333333333,3,4,8,NA,NA,NA,NA,0,0,2
3S0K,vina_pose,19,A:03F:210,A:03F:210,RDKit,51,11.348232724983752,3,14.729479884458469,NA,NA,0,1,none=0,hydrogen_bonds=1,0.0,0.0,0.0,0.0,0,4,7,NA,NA,NA,NA,0,0,1
3S0K,vina_pose,20,A:03F:210,A:03F:210,RDKit,51,12.969077551214342,3,4.012978652655241,NA,NA,0,0,none=0,none=0,0.5,0.5,0.5,0.3333333333333333,2,4,4,NA,NA,NA,NA,0,0,0
3STM,boltz,1,X:PLM:130,B:PLM:1,RDKit,18,2.3401080676690005,3,1.940262368321307,127,0.768918975745828,2,2,hydrogen_bonds=2,hydrogen_bonds=2,1.0,1.0,1.0,1.0,5,5,5,1.0,1.0,1.0,1.0,2,2,2
3STM,vina_pose,1,X:PLM:130,L:UNL:1,RDKit,18,3.0336086230391976,3,1.828436308251762,NA,NA,2,3,hydrogen_bonds=2,hydrogen_bonds=3,0.8333333333333334,1.0,0.9090909090909091,0.8333333333333334,5,5,6,0.6666666666666666,1.0,0.8,0.6666666666666666,2,2,3
3STM,vina_pose,2,X:PLM:130,L:UNL:1,RDKit,18,2.1563219971877006,3,1.7851103607340357,NA,NA,2,3,hydrogen_bonds=2,hydrogen_bonds=3,0.8333333333333334,1.0,0.9090909090909091,0.8333333333333334,5,5,6,0.6666666666666666,1.0,0.8,0.6666666666666666,2,2,3
3STM,vina_pose,3,X:PLM:130,L:UNL:1,RDKit,18,2.419579750011697,3,1.9567359726510543,NA,NA,2,3,hydrogen_bonds=2,hydrogen_bonds=3,0.6666666666666666,0.8,0.7272727272727272,0.5714285714285714,4,5,6,0.6666666666666666,1.0,0.8,0.6666666666666666,2,2,3
3STM,vina_pose,4,X:PLM:130,L:UNL:1,RDKit,18,6.290838117629654,3,6.705383459082213,NA,NA,2,3,hydrogen_bonds=2,hydrogen_bonds=3,0.25,0.2,0.22222222222222224,0.125,1,5,4,0.0,0.0,0.0,0.0,0,2,3
3STM,vina_pose,5,X:PLM:130,L:UNL:1,RDKit,18,2.154618424583702,3,1.9126254207240896,NA,NA,2,3,hydrogen_bonds=2,hydrogen_bonds=3,0.6666666666666666,0.8,0.7272727272727272,0.5714285714285714,4,5,6,0.6666666666666666,1.0,0.8,0.6666666666666666,2,2,3
3STM,vina_pose,6,X:PLM:130,L:UNL:1,RDKit,18,4.304213478286906,3,1.751155428091217,NA,NA,2,2,hydrogen_bonds=2,hydrogen_bonds=2,1.0,1.0,1.0,1.0,5,5,5,1.0,1.0,1.0,1.0,2,2,2
3STM,vina_pose,7,X:PLM:130,L:UNL:1,RDKit,18,1.646656207794045,3,1.633479517267766,NA,NA,2,2,hydrogen_bonds=2,hydrogen_bonds=2,0.8333333333333334,1.0,0.9090909090909091,0.8333333333333334,5,5,6,0.5,0.5,0.5,0.3333333333333333,1,2,2
3STM,vina_pose,8,X:PLM:130,L:UNL:1,RDKit,18,4.170790372739121,3,1.330393926624742,NA,NA,2,3,hydrogen_bonds=2,hydrogen_bonds=3,0.5714285714285714,0.8,0.6666666666666666,0.5,4,5,7,0.6666666666666666,1.0,0.8,0.6666666666666666,2,2,3
3STM,vina_pose,9,X:PLM:130,L:UNL:1,RDKit,18,2.3231429022865653,3,2.9166044183833595,NA,NA,2,1,hydrogen_bonds=2,hydrogen_bonds=1,0.42857142857142855,0.6,0.5,0.3333333333333333,3,5,7,1.0,0.5,0.6666666666666666,0.5,1,2,1
3STM,vina_pose,10,X:PLM:130,L:UNL:1,RDKit,18,7.352474545650902,3,9.94155403680263,NA,NA,2,2,hydrogen_bonds=2,hydrogen_bonds=2,0.0,0.0,0.0,0.0,0,5,7,0.0,0.0,0.0,0.0,0,2,2
3STM,vina_pose,11,X:PLM:130,L:UNL:1,RDKit,18,7.202880303508219,3,9.803923041313615,NA,NA,2,5,hydrogen_bonds=2,hydrogen_bonds=5,0.125,0.2,0.15384615384615385,0.08333333333333333,1,5,8,0.0,0.0,0.0,0.0,0,2,5
3STM,vina_pose,12,X:PLM:130,L:UNL:1,RDKit,18,2.59970207694822,3,3.2387956609414763,NA,NA,2,1,hydrogen_bonds=2,hydrogen_bonds=1,0.3333333333333333,0.4,0.3636363636363636,0.2222222222222222,2,5,6,1.0,0.5,0.6666666666666666,0.5,1,2,1
3STM,vina_pose,13,X:PLM:130,L:UNL:1,RDKit,18,5.308626344608054,3,9.617111156683176,NA,NA,2,5,hydrogen_bonds=2,hydrogen_bonds=5,0.125,0.2,0.15384615384615385,0.08333333333333333,1,5,8,0.0,0.0,0.0,0.0,0,2,5
3STM,vina_pose,14,X:PLM:130,L:UNL:1,RDKit,18,6.532212824831176,3,6.250229382457363,NA,NA,2,3,hydrogen_bonds=2,hydrogen_bonds=3,0.4,0.4,0.4000000000000001,0.25,2,5,5,0.0,0.0,0.0,0.0,0,2,3
3STM,vina_pose,15,X:PLM:130,L:UNL:1,RDKit,18,3.594066692326241,3,1.608354956676749,NA,NA,2,3,hydrogen_bonds=2,hydrogen_bonds=3,0.8,0.8,0.8000000000000002,0.6666666666666666,4,5,5,0.6666666666666666,1.0,0.8,0.6666666666666666,2,2,3
3STM,vina_pose,16,X:PLM:130,L:UNL:1,RDKit,18,7.163772244968273,3,9.705290292756146,NA,NA,2,5,hydrogen_bonds=2,hydrogen_bonds=5,0.125,0.2,0.15384615384615385,0.08333333333333333,1,5,8,0.0,0.0,0.0,0.0,0,2,5
3STM,vina_pose,17,X:PLM:130,L:UNL:1,RDKit,18,7.238140395770787,3,9.705611847448534,NA,NA,2,5,hydrogen_bonds=2,hydrogen_bonds=5,0.125,0.2,0.15384615384615385,0.08333333333333333,1,5,8,0.0,0.0,0.0,0.0,0,2,5
3STM,vina_pose,18,X:PLM:130,L:UNL:1,RDKit,18,6.806654211545902,3,10.636973802104933,NA,NA,2,2,hydrogen_bonds=2,hydrogen_bonds=2,0.0,0.0,0.0,0.0,0,5,7,0.0,0.0,0.0,0.0,0,2,2
3STM,vina_pose,19,X:PLM:130,L:UNL:1,RDKit,18,3.0495185047989315,3,3.4353247784355605,NA,NA,2,1,hydrogen_bonds=2,hydrogen_bonds=1,0.42857142857142855,0.6,0.5,0.3333333333333333,3,5,7,1.0,0.5,0.6666666666666666,0.5,1,2,1
3STM,vina_pose,20,X:PLM:130,L:UNL:1,RDKit,18,5.3447155625388,3,8.93528926970657,NA,NA,2,3,hydrogen_bonds=2,hydrogen_bonds=3,0.1111111111111111,0.2,0.14285714285714285,0.07692307692307693,1,5,9,0.0,0.0,0.0,0.0,0,2,3
3W9K,boltz,1,A:MYR:201,B:MYR:1,RDKit,16,9.107096789616563,3,15.189516592592788,135,0.9003317871854289,0,2,none=0,hydrogen_bonds=2,0.0,0.0,0.0,0.0,0,4,10,NA,NA,NA,NA,0,0,2
3W9K,vina_pose,1,A:MYR:201,L:UNL:1,RDKit,16,2.2040095706461895,3,3.0969514580201825,NA,NA,0,2,none=0,hydrogen_bonds=2,0.6666666666666666,1.0,0.8,0.6666666666666666,4,4,6,NA,NA,NA,NA,0,0,2
3W9K,vina_pose,2,A:MYR:201,L:UNL:1,RDKit,16,3.1581967956414623,3,4.453684841416898,NA,NA,0,2,none=0,hydrogen_bonds=2,0.5714285714285714,1.0,0.7272727272727273,0.5714285714285714,4,4,7,NA,NA,NA,NA,0,0,2
3W9K,vina_pose,3,A:MYR:201,L:UNL:1,RDKit,16,9.227770823714685,3,13.881683423370044,NA,NA,0,1,none=0,hydrogen_bonds=1,0.0,0.0,0.0,0.0,0,4,9,NA,NA,NA,NA,0,0,1
3W9K,vina_pose,4,A:MYR:201,L:UNL:1,RDKit,16,9.256639144419532,3,13.750832883865614,NA,NA,0,2,none=0,hydrogen_bonds=2,0.0,0.0,0.0,0.0,0,4,9,NA,NA,NA,NA,0,0,2
3W9K,vina_pose,5,A:MYR:201,L:UNL:1,RDKit,16,1.8897835193481813,3,2.6950053803285803,NA,NA,0,1,none=0,hydrogen_bonds=1,0.6666666666666666,1.0,0.8,0.6666666666666666,4,4,6,NA,NA,NA,NA,0,0,1
3W9K,vina_pose,6,A:MYR:201,L:UNL:1,RDKit,16,9.05963851031044,3,13.736277601058205,NA,NA,0,1,none=0,hydrogen_bonds=1,0.0,0.0,0.0,0.0,0,4,9,NA,NA,NA,NA,0,0,1
3W9K,vina_pose,7,A:MYR:201,L:UNL:1,RDKit,16,2.0465619035348035,3,2.9597879428544647,NA,NA,0,1,none=0,hydrogen_bonds=1,0.6666666666666666,1.0,0.8,0.6666666666666666,4,4,6,NA,NA,NA,NA,0,0,1
3W9K,vina_pose,8,A:MYR:201,L:UNL:1,RDKit,16,9.377057100977897,3,13.815194533556161,NA,NA,0,1,none=0,hydrogen_bonds=1,0.0,0.0,0.0,0.0,0,4,9,NA,NA,NA,NA,0,0,1
3W9K,vina_pose,9,A:MYR:201,L:UNL:1,RDKit,16,9.210281523927485,3,13.729152838637447,NA,NA,0,1,none=0,hydrogen_bonds=1,0.0,0.0,0.0,0.0,0,4,9,NA,NA,NA,NA,0,0,1
3W9K,vina_pose,10,A:MYR:201,L:UNL:1,RDKit,16,2.983385880589368,3,5.9513366285790505,NA,NA,0,3,none=0,hydrogen_bonds=3,0.42857142857142855,0.75,0.5454545454545454,0.375,3,4,7,NA,NA,NA,NA,0,0,3
3W9K,vina_pose,11,A:MYR:201,L:UNL:1,RDKit,16,1.5247940434694773,3,1.4630485296120566,NA,NA,0,1,none=0,hydrogen_bonds=1,0.8,1.0,0.888888888888889,0.8,4,4,5,NA,NA,NA,NA,0,0,1
3W9K,vina_pose,12,A:MYR:201,L:UNL:1,RDKit,16,1.714675588850555,3,2.2325323439239715,NA,NA,0,0,none=0,none=0,0.8,1.0,0.888888888888889,0.8,4,4,5,NA,NA,NA,NA,0,0,0
3W9K,vina_pose,13,A:MYR:201,L:UNL:1,RDKit,16,9.421974149561228,3,13.659279898052215,NA,NA,0,1,none=0,hydrogen_bonds=1,0.0,0.0,0.0,0.0,0,4,8,NA,NA,NA,NA,0,0,1
3W9K,vina_pose,14,A:MYR:201,L:UNL:1,RDKit,16,1.8089716001087464,3,2.3430781036918082,NA,NA,0,1,none=0,hydrogen_bonds=1,0.8,1.0,0.888888888888889,0.8,4,4,5,NA,NA,NA,NA,0,0,1
3W9K,vina_pose,15,A:MYR:201,L:UNL:1,RDKit,16,9.032523238968167,3,11.521497385322794,NA,NA,0,2,none=0,hydrogen_bonds=2,0.0,0.0,0.0,0.0,0,4,7,NA,NA,NA,NA,0,0,2
3W9K,vina_pose,16,A:MYR:201,L:UNL:1,RDKit,16,8.882388618074533,3,10.76228264201729,NA,NA,0,2,none=0,hydrogen_bonds=2,0.0,0.0,0.0,0.0,0,4,7,NA,NA,NA,NA,0,0,2
3W9K,vina_pose,17,A:MYR:201,L:UNL:1,RDKit,16,8.687915500855198,3,11.054496219487648,NA,NA,0,2,none=0,hydrogen_bonds=2,0.0,0.0,0.0,0.0,0,4,6,NA,NA,NA,NA,0,0,2
3WEB,boltz,1,A:OLA:201,B:OLA:1,RDKit,20,4.182119493583211,3,3.3496071009256783,132,0.8427920037469099,2,1,hydrogen_bonds=2,hydrogen_bonds=1,0.5,0.8,0.6153846153846154,0.4444444444444444,4,5,8,0.0,0.0,0.0,0.0,0,2,1
3WEB,vina_pose,1,A:OLA:201,L:UNL:1,RDKit,20,3.366659813524378,3,2.155207259948178,NA,NA,2,3,hydrogen_bonds=2,hydrogen_bonds=3,0.625,1.0,0.7692307692307693,0.625,5,5,8,0.6666666666666666,1.0,0.8,0.6666666666666666,2,2,3
3WEB,vina_pose,2,A:OLA:201,L:UNL:1,RDKit,20,3.307608539413333,3,2.6316404262994095,NA,NA,2,3,hydrogen_bonds=2,hydrogen_bonds=3,0.625,1.0,0.7692307692307693,0.625,5,5,8,0.6666666666666666,1.0,0.8,0.6666666666666666,2,2,3
3WEB,vina_pose,3,A:OLA:201,L:UNL:1,RDKit,20,4.567860719198868,3,2.3385200448146692,NA,NA,2,2,hydrogen_bonds=2,hydrogen_bonds=2,0.625,1.0,0.7692307692307693,0.625,5,5,8,0.5,0.5,0.5,0.3333333333333333,1,2,2
3WEB,vina_pose,4,A:OLA:201,L:UNL:1,RDKit,20,2.814619743411177,3,0.6000533309631739,NA,NA,2,2,hydrogen_bonds=2,hydrogen_bonds=2,0.8333333333333334,1.0,0.9090909090909091,0.8333333333333334,5,5,6,1.0,1.0,1.0,1.0,2,2,2
3WEB,vina_pose,5,A:OLA:201,L:UNL:1,RDKit,20,3.312030321419175,3,2.725797620269464,NA,NA,2,3,hydrogen_bonds=2,hydrogen_bonds=3,0.625,1.0,0.7692307692307693,0.625,5,5,8,0.6666666666666666,1.0,0.8,0.6666666666666666,2,2,3
3WEB,vina_pose,6,A:OLA:201,L:UNL:1,RDKit,20,3.181628160234945,3,3.6859750858264544,NA,NA,2,1,hydrogen_bonds=2,hydrogen_bonds=1,0.5,0.8,0.6153846153846154,0.4444444444444444,4,5,8,0.0,0.0,0.0,0.0,0,2,1
3WEB,vina_pose,7,A:OLA:201,L:UNL:1,RDKit,20,4.938704278451992,3,1.7683342444232655,NA,NA,2,3,hydrogen_bonds=2,hydrogen_bonds=3,0.7142857142857143,1.0,0.8333333333333333,0.7142857142857143,5,5,7,0.6666666666666666,1.0,0.8,0.6666666666666666,2,2,3
3WEB,vina_pose,8,A:OLA:201,L:UNL:1,RDKit,20,2.1292133171666947,3,2.8581325488274105,NA,NA,2,2,hydrogen_bonds=2,hydrogen_bonds=2,0.625,1.0,0.7692307692307693,0.625,5,5,8,0.5,0.5,0.5,0.3333333333333333,1,2,2
3WEB,vina_pose,9,A:OLA:201,L:UNL:1,RDKit,20,3.2455547291641844,3,3.9620918717263485,NA,NA,2,1,hydrogen_bonds=2,hydrogen_bonds=1,0.6,0.6,0.6,0.42857142857142855,3,5,5,0.0,0.0,0.0,0.0,0,2,1
3WEB,vina_pose,10,A:OLA:201,L:UNL:1,RDKit,20,5.147416886167275,3,2.538544070919392,NA,NA,2,3,hydrogen_bonds=2,hydrogen_bonds=3,0.625,1.0,0.7692307692307693,0.625,5,5,8,0.6666666666666666,1.0,0.8,0.6666666666666666,2,2,3
3WEB,vina_pose,11,A:OLA:201,L:UNL:1,RDKit,20,4.843386965750311,3,2.247466351249781,NA,NA,2,2,hydrogen_bonds=2,hydrogen_bonds=2,0.625,1.0,0.7692307692307693,0.625,5,5,8,0.5,0.5,0.5,0.3333333333333333,1,2,2
3WEB,vina_pose,12,A:OLA:201,L:UNL:1,RDKit,20,5.323679347969786,3,9.335315581168105,NA,NA,2,1,hydrogen_bonds=2,hydrogen_bonds=1,0.0,0.0,0.0,0.0,0,5,6,0.0,0.0,0.0,0.0,0,2,1
3WEB,vina_pose,13,A:OLA:201,L:UNL:1,RDKit,20,4.0667529738109245,3,2.2462926493817914,NA,NA,2,3,hydrogen_bonds=2,hydrogen_bonds=3,0.625,1.0,0.7692307692307693,0.625,5,5,8,0.6666666666666666,1.0,0.8,0.6666666666666666,2,2,3
3WEB,vina_pose,14,A:OLA:201,L:UNL:1,RDKit,20,3.1576924565258087,3,2.56729773627187,NA,NA,2,3,hydrogen_bonds=2,hydrogen_bonds=3,0.7142857142857143,1.0,0.8333333333333333,0.7142857142857143,5,5,7,0.6666666666666666,1.0,0.8,0.6666666666666666,2,2,3
3WEB,vina_pose,15,A:OLA:201,L:UNL:1,RDKit,20,6.675493202752888,3,9.248378902993394,NA,NA,2,1,hydrogen_bonds=2,hydrogen_bonds=1,0.0,0.0,0.0,0.0,0,5,6,0.0,0.0,0.0,0.0,0,2,1
3WEB,vina_pose,16,A:OLA:201,L:UNL:1,RDKit,20,3.5504656948068094,3,2.809304955559887,NA,NA,2,2,hydrogen_bonds=2,hydrogen_bonds=2,0.5555555555555556,1.0,0.7142857142857143,0.5555555555555556,5,5,9,0.5,0.5,0.5,0.3333333333333333,1,2,2
3WEB,vina_pose,17,A:OLA:201,L:UNL:1,RDKit,20,3.384361815763793,3,1.9187217098891647,NA,NA,2,3,hydrogen_bonds=2,hydrogen_bonds=3,0.7142857142857143,1.0,0.8333333333333333,0.7142857142857143,5,5,7,0.6666666666666666,1.0,0.8,0.6666666666666666,2,2,3
3WEB,vina_pose,18,A:OLA:201,L:UNL:1,RDKit,20,4.064616298004031,3,4.322358191234657,NA,NA,2,2,hydrogen_bonds=2,hydrogen_bonds=2,0.4,0.4,0.4000000000000001,0.25,2,5,5,0.0,0.0,0.0,0.0,0,2,2
3WEB,vina_pose,19,A:OLA:201,L:UNL:1,RDKit,20,4.062380576706225,3,2.79107416597983,NA,NA,2,2,hydrogen_bonds=2,hydrogen_bonds=2,0.625,1.0,0.7692307692307693,0.625,5,5,8,0.5,0.5,0.5,0.3333333333333333,1,2,2
3WEB,vina_pose,20,A:OLA:201,L:UNL:1,RDKit,20,5.770591772080225,3,2.6744043573600953,NA,NA,2,1,hydrogen_bonds=2,hydrogen_bonds=1,0.6,0.6,0.6,0.42857142857142855,3,5,5,1.0,0.5,0.6666666666666666,0.5,1,2,1
4AZP,boltz,1,A:A9M:1136,B:A9M:1,RDKit,25,1.9307299235051993,3,2.7327692895892968,134,0.4636223839632299,1,2,hydrogen_bonds=1,hydrogen_bonds=2,0.8,0.8888888888888888,0.8421052631578948,0.7272727272727273,8,9,10,0.0,0.0,0.0,0.0,0,1,2
4AZP,vina_pose,1,A:A9M:1136,A:A9M:1136,RDKit,25,3.115192161007086,3,5.379453472860108,NA,NA,1,4,hydrogen_bonds=1,hydrogen_bonds=4,0.16666666666666666,0.2222222222222222,0.1904761904761905,0.10526315789473684,2,9,12,0.0,0.0,0.0,0.0,0,1,4
4AZP,vina_pose,2,A:A9M:1136,A:A9M:1136,RDKit,25,4.2375177167771225,3,2.969530658762986,NA,NA,1,2,hydrogen_bonds=1,hydrogen_bonds=2,1.0,0.7777777777777778,0.8750000000000001,0.7777777777777778,7,9,7,0.5,1.0,0.6666666666666666,0.5,1,1,2
4AZP,vina_pose,3,A:A9M:1136,A:A9M:1136,RDKit,25,4.493822782442583,3,5.244426120495295,NA,NA,1,4,hydrogen_bonds=1,hydrogen_bonds=4,0.2,0.2222222222222222,0.2105263157894737,0.11764705882352941,2,9,10,0.0,0.0,0.0,0.0,0,1,4
4AZP,vina_pose,4,A:A9M:1136,A:A9M:1136,RDKit,25,3.4705549873183106,3,4.94983178165346,NA,NA,1,4,hydrogen_bonds=1,hydrogen_bonds=4,0.3333333333333333,0.3333333333333333,0.3333333333333333,0.2,3,9,9,0.0,0.0,0.0,0.0,0,1,4
4AZP,vina_pose,5,A:A9M:1136,A:A9M:1136,RDKit,25,3.2677075205715704,3,5.605854142471659,NA,NA,1,5,hydrogen_bonds=1,hydrogen_bonds=5,0.3,0.3333333333333333,0.3157894736842105,0.1875,3,9,10,0.0,0.0,0.0,0.0,0,1,5
4AZP,vina_pose,6,A:A9M:1136,A:A9M:1136,RDKit,25,4.75563074260397,3,5.432834343139867,NA,NA,1,4,hydrogen_bonds=1,hydrogen_bonds=4,0.3,0.3333333333333333,0.3157894736842105,0.1875,3,9,10,0.0,0.0,0.0,0.0,0,1,4
4AZP,vina_pose,7,A:A9M:1136,A:A9M:1136,RDKit,25,4.304692704479613,3,3.4212527432701214,NA,NA,1,2,hydrogen_bonds=1,hydrogen_bonds=2,0.8333333333333334,0.5555555555555556,0.6666666666666667,0.5,5,9,6,0.5,1.0,0.6666666666666666,0.5,1,1,2
4AZP,vina_pose,8,A:A9M:1136,A:A9M:1136,RDKit,25,3.111788546800698,3,5.624349354962462,NA,NA,1,4,hydrogen_bonds=1,hydrogen_bonds=4,0.1,0.1111111111111111,0.10526315789473685,0.05555555555555555,1,9,10,0.0,0.0,0.0,0.0,0,1,4
4AZP,vina_pose,9,A:A9M:1136,A:A9M:1136,RDKit,25,1.681316745886985,3,2.6686930634051316,NA,NA,1,3,hydrogen_bonds=1,hydrogen_bonds=3,0.8571428571428571,0.6666666666666666,0.75,0.6,6,9,7,0.0,0.0,0.0,0.0,0,1,3
4AZP,vina_pose,10,A:A9M:1136,A:A9M:1136,RDKit,25,2.482446664079613,3,3.833033828879329,NA,NA,1,2,hydrogen_bonds=1,hydrogen_bonds=2,0.5555555555555556,0.5555555555555556,0.5555555555555556,0.38461538461538464,5,9,9,0.0,0.0,0.0,0.0,0,1,2
4AZP,vina_pose,11,A:A9M:1136,A:A9M:1136,RDKit,25,1.5898229586969739,3,2.423114318392758,NA,NA,1,2,hydrogen_bonds=1,hydrogen_bonds=2,1.0,0.8888888888888888,0.9411764705882353,0.8888888888888888,8,9,8,0.5,1.0,0.6666666666666666,0.5,1,1,2
4AZP,vina_pose,12,A:A9M:1136,A:A9M:1136,RDKit,25,3.113397340526904,3,5.247800332837877,NA,NA,1,5,hydrogen_bonds=1,hydrogen_bonds=5,0.18181818181818182,0.2222222222222222,0.19999999999999998,0.1111111111111111,2,9,11,0.0,0.0,0.0,0.0,0,1,5
4AZP,vina_pose,13,A:A9M:1136,A:A9M:1136,RDKit,25,6.9735874526673856,3,8.468071248322529,NA,NA,1,4,hydrogen_bonds=1,hydrogen_bonds=4,0.1111111111111111,0.1111111111111111,0.1111111111111111,0.058823529411764705,1,9,9,0.0,0.0,0.0,0.0,0,1,4
4AZP,vina_pose,14,A:A9M:1136,A:A9M:1136,RDKit,25,4.714665040063823,3,5.5295207447541666,NA,NA,1,5,hydrogen_bonds=1,hydrogen_bonds=5,0.3,0.3333333333333333,0.3157894736842105,0.1875,3,9,10,0.0,0.0,0.0,0.0,0,1,5
4AZP,vina_pose,15,A:A9M:1136,A:A9M:1136,RDKit,25,1.7934522129122932,3,2.4672748124195656,NA,NA,1,3,hydrogen_bonds=1,hydrogen_bonds=3,0.8888888888888888,0.8888888888888888,0.8888888888888888,0.8,8,9,9,0.0,0.0,0.0,0.0,0,1,3
4AZP,vina_pose,16,A:A9M:1136,A:A9M:1136,RDKit,25,4.166679954112147,3,2.616288783754576,NA,NA,1,2,hydrogen_bonds=1,hydrogen_bonds=2,0.8333333333333334,0.5555555555555556,0.6666666666666667,0.5,5,9,6,0.5,1.0,0.6666666666666666,0.5,1,1,2
4AZP,vina_pose,17,A:A9M:1136,A:A9M:1136,RDKit,25,4.5024468858610645,3,5.253906070724905,NA,NA,1,5,hydrogen_bonds=1,hydrogen_bonds=5,0.18181818181818182,0.2222222222222222,0.19999999999999998,0.1111111111111111,2,9,11,0.0,0.0,0.0,0.0,0,1,5
4AZP,vina_pose,18,A:A9M:1136,A:A9M:1136,RDKit,25,3.892995787308278,3,2.5342171703835232,NA,NA,1,3,hydrogen_bonds=1,hydrogen_bonds=3,0.8888888888888888,0.8888888888888888,0.8888888888888888,0.8,8,9,9,0.0,0.0,0.0,0.0,0,1,3
4AZP,vina_pose,19,A:A9M:1136,A:A9M:1136,RDKit,25,2.0698656381514238,3,2.940521609057368,NA,NA,1,2,hydrogen_bonds=1,hydrogen_bonds=2,0.5555555555555556,0.5555555555555556,0.5555555555555556,0.38461538461538464,5,9,9,0.0,0.0,0.0,0.0,0,1,2
4AZP,vina_pose,20,A:A9M:1136,A:A9M:1136,RDKit,25,7.066679455019876,3,8.774744991546289,NA,NA,1,2,hydrogen_bonds=1,hydrogen_bonds=2,0.0,0.0,0.0,0.0,0,9,9,0.0,0.0,0.0,0.0,0,1,2
4DOL,boltz,1,A:PLM:301,B:PLM:1,RDKit,18,7.650647902423832,3,0.4389980132417976,207,1.2084753664767403,2,2,hydrogen_bonds=2,hydrogen_bonds=2,0.5714285714285714,0.8,0.6666666666666666,0.5,4,5,7,1.0,1.0,1.0,1.0,2,2,2
4DOL,vina_pose,1,A:PLM:301,L:UNL:1,RDKit,18,5.814777209833581,3,4.377622756702546,NA,NA,2,1,hydrogen_bonds=2,hydrogen_bonds=1,0.42857142857142855,0.6,0.5,0.3333333333333333,3,5,7,1.0,0.5,0.6666666666666666,0.5,1,2,1
4DOL,vina_pose,2,A:PLM:301,L:UNL:1,RDKit,18,5.339256122761339,3,3.820743077814402,NA,NA,2,1,hydrogen_bonds=2,hydrogen_bonds=1,0.5,0.6,0.5454545454545454,0.375,3,5,6,1.0,0.5,0.6666666666666666,0.5,1,2,1
4DOL,vina_pose,3,A:PLM:301,L:UNL:1,RDKit,18,2.4184638719650127,3,1.1448542847600018,NA,NA,2,2,hydrogen_bonds=2,hydrogen_bonds=2,0.8,0.8,0.8000000000000002,0.6666666666666666,4,5,5,1.0,1.0,1.0,1.0,2,2,2
4DOL,vina_pose,4,A:PLM:301,L:UNL:1,RDKit,18,6.015234063054681,3,4.192955123378578,NA,NA,2,1,hydrogen_bonds=2,hydrogen_bonds=1,0.42857142857142855,0.6,0.5,0.3333333333333333,3,5,7,1.0,0.5,0.6666666666666666,0.5,1,2,1
4DOL,vina_pose,5,A:PLM:301,L:UNL:1,RDKit,18,6.155064396269321,3,4.934739236609502,NA,NA,2,0,hydrogen_bonds=2,none=0,0.42857142857142855,0.6,0.5,0.3333333333333333,3,5,7,0.0,0.0,0.0,0.0,0,2,0
4DOL,vina_pose,6,A:PLM:301,L:UNL:1,RDKit,18,5.8576830364535395,3,3.107564534057714,NA,NA,2,1,hydrogen_bonds=2,hydrogen_bonds=1,0.5,0.6,0.5454545454545454,0.375,3,5,6,1.0,0.5,0.6666666666666666,0.5,1,2,1
4DOL,vina_pose,7,A:PLM:301,L:UNL:1,RDKit,18,1.949946779900529,3,1.513654407936854,NA,NA,2,2,hydrogen_bonds=2,hydrogen_bonds=2,0.8333333333333334,1.0,0.9090909090909091,0.8333333333333334,5,5,6,1.0,1.0,1.0,1.0,2,2,2
4DOL,vina_pose,8,A:PLM:301,L:UNL:1,RDKit,18,1.7871862584023588,3,1.0081292906500978,NA,NA,2,2,hydrogen_bonds=2,hydrogen_bonds=2,0.8333333333333334,1.0,0.9090909090909091,0.8333333333333334,5,5,6,1.0,1.0,1.0,1.0,2,2,2
4DOL,vina_pose,9,A:PLM:301,L:UNL:1,RDKit,18,2.3407613671149345,3,1.4790890214362804,NA,NA,2,2,hydrogen_bonds=2,hydrogen_bonds=2,1.0,1.0,1.0,1.0,5,5,5,1.0,1.0,1.0,1.0,2,2,2
4DOL,vina_pose,10,A:PLM:301,L:UNL:1,RDKit,18,5.4410829293849625,3,2.6195251478082824,NA,NA,2,1,hydrogen_bonds=2,hydrogen_bonds=1,0.6,0.6,0.6,0.42857142857142855,3,5,5,1.0,0.5,0.6666666666666666,0.5,1,2,1
4DOL,vina_pose,11,A:PLM:301,L:UNL:1,RDKit,18,1.8181198774802751,3,0.6839444421881062,NA,NA,2,2,hydrogen_bonds=2,hydrogen_bonds=2,0.8333333333333334,1.0,0.9090909090909091,0.8333333333333334,5,5,6,1.0,1.0,1.0,1.0,2,2,2
4DOL,vina_pose,12,A:PLM:301,L:UNL:1,RDKit,18,5.895255606559115,3,3.8545908991746454,NA,NA,2,1,hydrogen_bonds=2,hydrogen_bonds=1,0.5,0.6,0.5454545454545454,0.375,3,5,6,1.0,0.5,0.6666666666666666,0.5,1,2,1
4DOL,vina_pose,13,A:PLM:301,L:UNL:1,RDKit,18,2.229471848268603,3,1.813551671904241,NA,NA,2,2,hydrogen_bonds=2,hydrogen_bonds=2,0.8333333333333334,1.0,0.9090909090909091,0.8333333333333334,5,5,6,1.0,1.0,1.0,1.0,2,2,2
4DOL,vina_pose,14,A:PLM:301,L:UNL:1,RDKit,18,3.2472510339944116,3,4.720959754117801,NA,NA,2,0,hydrogen_bonds=2,none=0,0.42857142857142855,0.6,0.5,0.3333333333333333,3,5,7,0.0,0.0,0.0,0.0,0,2,0
4DOL,vina_pose,15,A:PLM:301,L:UNL:1,RDKit,18,4.027200778594371,3,7.554387775767582,NA,NA,2,0,hydrogen_bonds=2,none=0,0.0,0.0,0.0,0.0,0,5,7,0.0,0.0,0.0,0.0,0,2,0
4DOL,vina_pose,16,A:PLM:301,L:UNL:1,RDKit,18,5.127181449013787,3,0.7726061955054025,NA,NA,2,2,hydrogen_bonds=2,hydrogen_bonds=2,0.8333333333333334,1.0,0.9090909090909091,0.8333333333333334,5,5,6,1.0,1.0,1.0,1.0,2,2,2
4DOL,vina_pose,17,A:PLM:301,L:UNL:1,RDKit,18,5.4335862671188195,3,5.494650913995052,NA,NA,2,0,hydrogen_bonds=2,none=0,0.16666666666666666,0.2,0.1818181818181818,0.1,1,5,6,0.0,0.0,0.0,0.0,0,2,0
4DOL,vina_pose,18,A:PLM:301,L:UNL:1,RDKit,18,5.635763080541978,3,3.939314280430034,NA,NA,2,1,hydrogen_bonds=2,hydrogen_bonds=1,0.5,0.6,0.5454545454545454,0.375,3,5,6,1.0,0.5,0.6666666666666666,0.5,1,2,1
4DOL,vina_pose,19,A:PLM:301,L:UNL:1,RDKit,18,5.201921722893483,3,3.3319348733131027,NA,NA,2,1,hydrogen_bonds=2,hydrogen_bonds=1,0.75,0.6,0.6666666666666665,0.5,3,5,4,1.0,0.5,0.6666666666666666,0.5,1,2,1
4INQ,boltz,1,A:PIF:1001,B:PIF:1,RDKit,43,1.1787489836913692,13,1.258232932251479,372,0.7976794958006362,22,25,attractive_charge=5;hydrogen_bonds=7;ionic=5;salt_bridge=5,attractive_charge=6;hydrogen_bonds=7;ionic=6;salt_bridge=6,0.875,1.0,0.9333333333333333,0.875,14,14,16,0.76,0.8636363636363636,0.8085106382978724,0.6785714285714286,19,22,25
4INQ,vina_pose,1,A:PIF:1001,L:UNL:1,RDKit,43,3.8427013693433802,13,1.129873682524528,NA,NA,22,19,attractive_charge=5;hydrogen_bonds=7;ionic=5;salt_bridge=5,attractive_charge=4;hydrogen_bonds=7;ionic=4;salt_bridge=4,0.9333333333333333,1.0,0.9655172413793104,0.9333333333333333,14,14,15,1.0,0.8636363636363636,0.9268292682926829,0.8636363636363636,19,22,19
4INQ,vina_pose,2,A:PIF:1001,L:UNL:1,RDKit,43,5.050354871252257,13,1.1594192180039637,NA,NA,22,18,attractive_charge=5;hydrogen_bonds=7;ionic=5;salt_bridge=5,attractive_charge=4;hydrogen_bonds=6;ionic=4;salt_bridge=4,0.875,1.0,0.9333333333333333,0.875,14,14,16,1.0,0.8181818181818182,0.9,0.8181818181818182,18,22,18
4INQ,vina_pose,3,A:PIF:1001,L:UNL:1,RDKit,43,4.583510998106958,13,1.1532142038667403,NA,NA,22,18,attractive_charge=5;hydrogen_bonds=7;ionic=5;salt_bridge=5,attractive_charge=4;hydrogen_bonds=6;ionic=4;salt_bridge=4,0.875,1.0,0.9333333333333333,0.875,14,14,16,1.0,0.8181818181818182,0.9,0.8181818181818182,18,22,18
4INQ,vina_pose,4,A:PIF:1001,L:UNL:1,RDKit,43,5.183504729338034,13,1.19840612096619,NA,NA,22,18,attractive_charge=5;hydrogen_bonds=7;ionic=5;salt_bridge=5,attractive_charge=4;hydrogen_bonds=6;ionic=4;salt_bridge=4,0.9333333333333333,1.0,0.9655172413793104,0.9333333333333333,14,14,15,1.0,0.8181818181818182,0.9,0.8181818181818182,18,22,18
4INQ,vina_pose,5,A:PIF:1001,L:UNL:1,RDKit,43,3.169881154693929,13,1.1514910066785313,NA,NA,22,18,attractive_charge=5;hydrogen_bonds=7;ionic=5;salt_bridge=5,attractive_charge=4;hydrogen_bonds=6;ionic=4;salt_bridge=4,0.875,1.0,0.9333333333333333,0.875,14,14,16,1.0,0.8181818181818182,0.9,0.8181818181818182,18,22,18
4INQ,vina_pose,6,A:PIF:1001,L:UNL:1,RDKit,43,3.807660289957723,13,1.1577037617629127,NA,NA,22,19,attractive_charge=5;hydrogen_bonds=7;ionic=5;salt_bridge=5,attractive_charge=4;hydrogen_bonds=7;ionic=4;salt_bridge=4,0.875,1.0,0.9333333333333333,0.875,14,14,16,1.0,0.8636363636363636,0.9268292682926829,0.8636363636363636,19,22,19
4INQ,vina_pose,7,A:PIF:1001,L:UNL:1,RDKit,43,2.7163455614671568,13,1.1395422495289667,NA,NA,22,18,attractive_charge=5;hydrogen_bonds=7;ionic=5;salt_bridge=5,attractive_charge=4;hydrogen_bonds=6;ionic=4;salt_bridge=4,0.875,1.0,0.9333333333333333,0.875,14,14,16,1.0,0.8181818181818182,0.9,0.8181818181818182,18,22,18
4INQ,vina_pose,8,A:PIF:1001,L:UNL:1,RDKit,43,3.4012281844637675,13,1.170958056136414,NA,NA,22,18,attractive_charge=5;hydrogen_bonds=7;ionic=5;salt_bridge=5,attractive_charge=4;hydrogen_bonds=6;ionic=4;salt_bridge=4,0.875,1.0,0.9333333333333333,0.875,14,14,16,1.0,0.8181818181818182,0.9,0.8181818181818182,18,22,18
4INQ,vina_pose,9,A:PIF:1001,L:UNL:1,RDKit,43,5.494257867230834,13,1.161830816493454,NA,NA,22,18,attractive_charge=5;hydrogen_bonds=7;ionic=5;salt_bridge=5,attractive_charge=4;hydrogen_bonds=6;ionic=4;salt_bridge=4,0.875,1.0,0.9333333333333333,0.875,14,14,16,1.0,0.8181818181818182,0.9,0.8181818181818182,18,22,18
4INQ,vina_pose,10,A:PIF:1001,L:UNL:1,RDKit,43,2.7188119113506777,13,1.1557283750618383,NA,NA,22,18,attractive_charge=5;hydrogen_bonds=7;ionic=5;salt_bridge=5,attractive_charge=4;hydrogen_bonds=6;ionic=4;salt_bridge=4,0.875,1.0,0.9333333333333333,0.875,14,14,16,1.0,0.8181818181818182,0.9,0.8181818181818182,18,22,18
4INQ,vina_pose,11,A:PIF:1001,L:UNL:1,RDKit,43,1.5659141174584938,13,1.1567246863450267,NA,NA,22,19,attractive_charge=5;hydrogen_bonds=7;ionic=5;salt_bridge=5,attractive_charge=4;hydrogen_bonds=7;ionic=4;salt_bridge=4,0.9333333333333333,1.0,0.9655172413793104,0.9333333333333333,14,14,15,1.0,0.8636363636363636,0.9268292682926829,0.8636363636363636,19,22,19
4INQ,vina_pose,12,A:PIF:1001,L:UNL:1,RDKit,43,3.780747560506926,13,1.1714214245292571,NA,NA,22,19,attractive_charge=5;hydrogen_bonds=7;ionic=5;salt_bridge=5,attractive_charge=4;hydrogen_bonds=7;ionic=4;salt_bridge=4,0.9333333333333333,1.0,0.9655172413793104,0.9333333333333333,14,14,15,1.0,0.8636363636363636,0.9268292682926829,0.8636363636363636,19,22,19
4INQ,vina_pose,13,A:PIF:1001,L:UNL:1,RDKit,43,1.9671428874219796,13,1.1760551072907317,NA,NA,22,18,attractive_charge=5;hydrogen_bonds=7;ionic=5;salt_bridge=5,attractive_charge=4;hydrogen_bonds=6;ionic=4;salt_bridge=4,0.875,1.0,0.9333333333333333,0.875,14,14,16,1.0,0.8181818181818182,0.9,0.8181818181818182,18,22,18
4INQ,vina_pose,14,A:PIF:1001,L:UNL:1,RDKit,43,5.757934989980106,13,1.171141914805966,NA,NA,22,18,attractive_charge=5;hydrogen_bonds=7;ionic=5;salt_bridge=5,attractive_charge=4;hydrogen_bonds=6;ionic=4;salt_bridge=4,0.8235294117647058,1.0,0.9032258064516129,0.8235294117647058,14,14,17,1.0,0.8181818181818182,0.9,0.8181818181818182,18,22,18
4INQ,vina_pose,15,A:PIF:1001,L:UNL:1,RDKit,43,3.431569740471688,13,1.1316389068004933,NA,NA,22,19,attractive_charge=5;hydrogen_bonds=7;ionic=5;salt_bridge=5,attractive_charge=4;hydrogen_bonds=7;ionic=4;salt_bridge=4,0.875,1.0,0.9333333333333333,0.875,14,14,16,1.0,0.8636363636363636,0.9268292682926829,0.8636363636363636,19,22,19
4INQ,vina_pose,16,A:PIF:1001,L:UNL:1,RDKit,43,5.0521230674214666,13,1.1868117600724022,NA,NA,22,18,attractive_charge=5;hydrogen_bonds=7;ionic=5;salt_bridge=5,attractive_charge=4;hydrogen_bonds=6;ionic=4;salt_bridge=4,0.875,1.0,0.9333333333333333,0.875,14,14,16,1.0,0.8181818181818182,0.9,0.8181818181818182,18,22,18
4INQ,vina_pose,17,A:PIF:1001,L:UNL:1,RDKit,43,4.145757851441724,13,1.1382367943446565,NA,NA,22,18,attractive_charge=5;hydrogen_bonds=7;ionic=5;salt_bridge=5,attractive_charge=4;hydrogen_bonds=6;ionic=4;salt_bridge=4,0.875,1.0,0.9333333333333333,0.875,14,14,16,1.0,0.8181818181818182,0.9,0.8181818181818182,18,22,18
4INQ,vina_pose,18,A:PIF:1001,L:UNL:1,RDKit,43,3.679389993046433,13,1.1501835973844818,NA,NA,22,18,attractive_charge=5;hydrogen_bonds=7;ionic=5;salt_bridge=5,attractive_charge=4;hydrogen_bonds=6;ionic=4;salt_bridge=4,0.875,1.0,0.9333333333333333,0.875,14,14,16,1.0,0.8181818181818182,0.9,0.8181818181818182,18,22,18
4INQ,vina_pose,19,A:PIF:1001,L:UNL:1,RDKit,43,4.0589750138169975,13,1.188667612206075,NA,NA,22,18,attractive_charge=5;hydrogen_bonds=7;ionic=5;salt_bridge=5,attractive_charge=4;hydrogen_bonds=6;ionic=4;salt_bridge=4,0.9333333333333333,1.0,0.9655172413793104,0.9333333333333333,14,14,15,1.0,0.8181818181818182,0.9,0.8181818181818182,18,22,18
4INQ,vina_pose,20,A:PIF:1001,L:UNL:1,RDKit,43,4.329978672271444,13,1.1219755584887545,NA,NA,22,18,attractive_charge=5;hydrogen_bonds=7;ionic=5;salt_bridge=5,attractive_charge=4;hydrogen_bonds=6;ionic=4;salt_bridge=4,0.875,1.0,0.9333333333333333,0.875,14,14,16,1.0,0.8181818181818182,0.9,0.8181818181818182,18,22,18
4K80,boltz,1,A:1PW:301,B:1PW:1,RDKit,28,1.048194243609662,6,1.630912699429057,209,0.9438165744018101,11,16,attractive_charge=3;hydrogen_bonds=2;ionic=3;salt_bridge=3,attractive_charge=4;hydrogen_bonds=4;ionic=4;salt_bridge=4,0.8333333333333334,0.8333333333333334,0.8333333333333334,0.7142857142857143,5,6,6,0.6875,1.0,0.8148148148148148,0.6875,11,11,16
4K80,vina_pose,1,A:1PW:301,L:UNL:1,RDKit,28,3.319863051177176,6,4.57421426768212,NA,NA,11,8,attractive_charge=3;hydrogen_bonds=2;ionic=3;salt_bridge=3,attractive_charge=2;hydrogen_bonds=2;ionic=2;salt_bridge=2,0.3333333333333333,0.3333333333333333,0.3333333333333333,0.2,2,6,6,0.375,0.2727272727272727,0.3157894736842105,0.1875,3,11,8
4K80,vina_pose,2,A:1PW:301,L:UNL:1,RDKit,28,3.2659210689438636,6,4.345165110019793,NA,NA,11,12,attractive_charge=3;hydrogen_bonds=2;ionic=3;salt_bridge=3,attractive_charge=3;hydrogen_bonds=3;ionic=3;salt_bridge=3,0.42857142857142855,0.5,0.4615384615384615,0.3,3,6,7,0.5,0.5454545454545454,0.5217391304347826,0.35294117647058826,6,11,12
4K80,vina_pose,3,A:1PW:301,L:UNL:1,RDKit,28,3.3483026403580327,6,4.0910137700411955,NA,NA,11,9,attractive_charge=3;hydrogen_bonds=2;ionic=3;salt_bridge=3,attractive_charge=2;hydrogen_bonds=3;ionic=2;salt_bridge=2,0.5,0.5,0.5,0.3333333333333333,3,6,6,0.7777777777777778,0.6363636363636364,0.7000000000000001,0.5384615384615384,7,11,9
4K80,vina_pose,4,A:1PW:301,L:UNL:1,RDKit,28,3.2260432365803338,6,3.933091299050489,NA,NA,11,9,attractive_charge=3;hydrogen_bonds=2;ionic=3;salt_bridge=3,attractive_charge=2;hydrogen_bonds=3;ionic=2;salt_bridge=2,0.42857142857142855,0.5,0.4615384615384615,0.3,3,6,7,0.3333333333333333,0.2727272727272727,0.3,0.17647058823529413,3,11,9
4K80,vina_pose,5,A:1PW:301,L:UNL:1,RDKit,28,3.3157964567894003,6,4.2302840921148555,NA,NA,11,9,attractive_charge=3;hydrogen_bonds=2;ionic=3;salt_bridge=3,attractive_charge=2;hydrogen_bonds=3;ionic=2;salt_bridge=2,0.42857142857142855,0.5,0.4615384615384615,0.3,3,6,7,0.3333333333333333,0.2727272727272727,0.3,0.17647058823529413,3,11,9
4K80,vina_pose,6,A:1PW:301,L:UNL:1,RDKit,28,1.4753448386249033,6,2.0293861551382153,NA,NA,11,12,attractive_charge=3;hydrogen_bonds=2;ionic=3;salt_bridge=3,attractive_charge=3;hydrogen_bonds=3;ionic=3;salt_bridge=3,0.8571428571428571,1.0,0.923076923076923,0.8571428571428571,6,6,7,0.9166666666666666,1.0,0.9565217391304348,0.9166666666666666,11,11,12
4K80,vina_pose,7,A:1PW:301,L:UNL:1,RDKit,28,1.4650242196925327,6,2.282197661611865,NA,NA,11,11,attractive_charge=3;hydrogen_bonds=2;ionic=3;salt_bridge=3,attractive_charge=3;hydrogen_bonds=2;ionic=3;salt_bridge=3,0.8333333333333334,0.8333333333333334,0.8333333333333334,0.7142857142857143,5,6,6,0.9090909090909091,0.9090909090909091,0.9090909090909091,0.8333333333333334,10,11,11
4K80,vina_pose,8,A:1PW:301,L:UNL:1,RDKit,28,2.5274511016889276,6,1.6874543944454716,NA,NA,11,12,attractive_charge=3;hydrogen_bonds=2;ionic=3;salt_bridge=3,attractive_charge=3;hydrogen_bonds=3;ionic=3;salt_bridge=3,1.0,0.8333333333333334,0.9090909090909091,0.8333333333333334,5,6,5,0.9166666666666666,1.0,0.9565217391304348,0.9166666666666666,11,11,12
4K80,vina_pose,9,A:1PW:301,L:UNL:1,RDKit,28,2.223663595446552,6,2.6968170436028225,NA,NA,11,8,attractive_charge=3;hydrogen_bonds=2;ionic=3;salt_bridge=3,attractive_charge=2;hydrogen_bonds=2;ionic=2;salt_bridge=2,0.6666666666666666,0.6666666666666666,0.6666666666666666,0.5,4,6,6,0.875,0.6363636363636364,0.7368421052631579,0.5833333333333334,7,11,8
4K80,vina_pose,10,A:1PW:301,L:UNL:1,RDKit,28,3.041701168754091,6,1.6747383875300244,NA,NA,11,15,attractive_charge=3;hydrogen_bonds=2;ionic=3;salt_bridge=3,attractive_charge=4;hydrogen_bonds=3;ionic=4;salt_bridge=4,1.0,1.0,1.0,1.0,6,6,6,0.7333333333333333,1.0,0.846153846153846,0.7333333333333333,11,11,15
4K80,vina_pose,11,A:1PW:301,L:UNL:1,RDKit,28,2.8979574826813055,6,4.690047156834708,NA,NA,11,3,attractive_charge=3;hydrogen_bonds=2;ionic=3;salt_bridge=3,attractive_charge=1;ionic=1;salt_bridge=1,0.2,0.16666666666666666,0.1818181818181818,0.1,1,6,5,0.0,0.0,0.0,0.0,0,11,3
4K80,vina_pose,12,A:1PW:301,L:UNL:1,RDKit,28,4.154241851065349,6,4.4076710403568,NA,NA,11,5,attractive_charge=3;hydrogen_bonds=2;ionic=3;salt_bridge=3,attractive_charge=1;hydrogen_bonds=2;ionic=1;salt_bridge=1,0.5,0.5,0.5,0.3333333333333333,3,6,6,0.0,0.0,0.0,0.0,0,11,5
4K80,vina_pose,13,A:1PW:301,L:UNL:1,RDKit,28,4.82237705168016,6,6.973757141359791,NA,NA,11,1,attractive_charge=3;hydrogen_bonds=2;ionic=3;salt_bridge=3,hydrogen_bonds=1,0.16666666666666666,0.16666666666666666,0.16666666666666666,0.09090909090909091,1,6,6,0.0,0.0,0.0,0.0,0,11,1
4K80,vina_pose,14,A:1PW:301,L:UNL:1,RDKit,28,4.27072740124142,6,6.241263133372924,NA,NA,11,9,attractive_charge=3;hydrogen_bonds=2;ionic=3;salt_bridge=3,attractive_charge=2;hydrogen_bonds=3;ionic=2;salt_bridge=2,0.3333333333333333,0.3333333333333333,0.3333333333333333,0.2,2,6,6,0.3333333333333333,0.2727272727272727,0.3,0.17647058823529413,3,11,9
4K80,vina_pose,15,A:1PW:301,L:UNL:1,RDKit,28,3.799760410680051,6,2.957751482686356,NA,NA,11,8,attractive_charge=3;hydrogen_bonds=2;ionic=3;salt_bridge=3,attractive_charge=2;hydrogen_bonds=2;ionic=2;salt_bridge=2,0.625,0.8333333333333334,0.7142857142857143,0.5555555555555556,5,6,8,0.875,0.6363636363636364,0.7368421052631579,0.5833333333333334,7,11,8
4K80,vina_pose,16,A:1PW:301,L:UNL:1,RDKit,28,3.9834195557514223,6,4.45282616248752,NA,NA,11,3,attractive_charge=3;hydrogen_bonds=2;ionic=3;salt_bridge=3,attractive_charge=1;ionic=1;salt_bridge=1,0.4,0.3333333333333333,0.3636363636363636,0.2222222222222222,2,6,5,0.0,0.0,0.0,0.0,0,11,3
4K80,vina_pose,17,A:1PW:301,L:UNL:1,RDKit,28,4.573160043745931,6,6.824027952756349,NA,NA,11,4,attractive_charge=3;hydrogen_bonds=2;ionic=3;salt_bridge=3,attractive_charge=1;hydrogen_bonds=1;ionic=1;salt_bridge=1,0.2,0.16666666666666666,0.1818181818181818,0.1,1,6,5,0.0,0.0,0.0,0.0,0,11,4
4K80,vina_pose,18,A:1PW:301,L:UNL:1,RDKit,28,5.512261585385284,6,7.757943907161656,NA,NA,11,0,attractive_charge=3;hydrogen_bonds=2;ionic=3;salt_bridge=3,none=0,0.16666666666666666,0.16666666666666666,0.16666666666666666,0.09090909090909091,1,6,6,0.0,0.0,0.0,0.0,0,11,0
4K80,vina_pose,19,A:1PW:301,L:UNL:1,RDKit,28,3.0694136306001973,6,3.650738943465189,NA,NA,11,12,attractive_charge=3;hydrogen_bonds=2;ionic=3;salt_bridge=3,attractive_charge=3;hydrogen_bonds=3;ionic=3;salt_bridge=3,0.5,0.5,0.5,0.3333333333333333,3,6,6,0.5833333333333334,0.6363636363636364,0.6086956521739131,0.4375,7,11,12
4K80,vina_pose,20,A:1PW:301,L:UNL:1,RDKit,28,3.188979174998079,6,4.164587534598514,NA,NA,11,12,attractive_charge=3;hydrogen_bonds=2;ionic=3;salt_bridge=3,attractive_charge=3;hydrogen_bonds=3;ionic=3;salt_bridge=3,0.5,0.5,0.5,0.3333333333333333,3,6,6,0.5,0.5454545454545454,0.5217391304347826,0.35294117647058826,6,11,12
4NS0,boltz,1,A:PIO:601,B:PIO:1,RDKit_partial_pred,34,3.087601628948118,19,2.7744387041626006,128,1.1135395365985226,15,16,attractive_charge=3;hydrogen_bonds=6;ionic=3;salt_bridge=3,attractive_charge=4;hydrogen_bonds=4;ionic=4;salt_bridge=4,0.75,0.75,0.75,0.6,6,8,8,0.75,0.8,0.7741935483870969,0.631578947368421,12,15,16
4NS0,vina_pose,1,A:PIO:601,L:UNL:1,RDKit,34,9.790625002581628,19,7.058231062868523,NA,NA,15,9,attractive_charge=3;hydrogen_bonds=6;ionic=3;salt_bridge=3,attractive_charge=2;hydrogen_bonds=3;ionic=2;salt_bridge=2,0.8888888888888888,1.0,0.9411764705882353,0.8888888888888888,8,8,9,0.8888888888888888,0.5333333333333333,0.6666666666666667,0.5,8,15,9
4NS0,vina_pose,2,A:PIO:601,L:UNL:1,RDKit,34,5.999624194113181,19,5.6713806682509444,NA,NA,15,9,attractive_charge=3;hydrogen_bonds=6;ionic=3;salt_bridge=3,attractive_charge=2;hydrogen_bonds=3;ionic=2;salt_bridge=2,0.8888888888888888,1.0,0.9411764705882353,0.8888888888888888,8,8,9,0.7777777777777778,0.4666666666666667,0.5833333333333334,0.4117647058823529,7,15,9
4NS0,vina_pose,3,A:PIO:601,L:UNL:1,RDKit,34,7.679226728457679,19,6.783176491570116,NA,NA,15,9,attractive_charge=3;hydrogen_bonds=6;ionic=3;salt_bridge=3,attractive_charge=2;hydrogen_bonds=3;ionic=2;salt_bridge=2,0.8888888888888888,1.0,0.9411764705882353,0.8888888888888888,8,8,9,0.8888888888888888,0.5333333333333333,0.6666666666666667,0.5,8,15,9
4NS0,vina_pose,4,A:PIO:601,L:UNL:1,RDKit,34,9.132336716950634,19,6.27596273595995,NA,NA,15,9,attractive_charge=3;hydrogen_bonds=6;ionic=3;salt_bridge=3,attractive_charge=2;hydrogen_bonds=3;ionic=2;salt_bridge=2,1.0,1.0,1.0,1.0,8,8,8,0.8888888888888888,0.5333333333333333,0.6666666666666667,0.5,8,15,9
4NS0,vina_pose,5,A:PIO:601,L:UNL:1,RDKit,34,7.611911116989029,19,7.077731695067878,NA,NA,15,14,attractive_charge=3;hydrogen_bonds=6;ionic=3;salt_bridge=3,attractive_charge=4;hydrogen_bonds=2;ionic=4;salt_bridge=4,0.5,0.625,0.5555555555555556,0.38461538461538464,5,8,10,0.5,0.4666666666666667,0.4827586206896552,0.3181818181818182,7,15,14
4NS0,vina_pose,6,A:PIO:601,L:UNL:1,RDKit,34,6.159965589094108,19,6.208229754463869,NA,NA,15,11,attractive_charge=3;hydrogen_bonds=6;ionic=3;salt_bridge=3,attractive_charge=3;hydrogen_bonds=2;ionic=3;salt_bridge=3,0.7272727272727273,1.0,0.8421052631578948,0.7272727272727273,8,8,11,0.9090909090909091,0.6666666666666666,0.7692307692307692,0.625,10,15,11
4NS0,vina_pose,7,A:PIO:601,L:UNL:1,RDKit,34,9.699675914840721,19,7.351580370734474,NA,NA,15,7,attractive_charge=3;hydrogen_bonds=6;ionic=3;salt_bridge=3,attractive_charge=1;hydrogen_bonds=4;ionic=1;salt_bridge=1,1.0,1.0,1.0,1.0,8,8,8,0.8571428571428571,0.4,0.5454545454545455,0.375,6,15,7
4NS0,vina_pose,8,A:PIO:601,L:UNL:1,RDKit,34,8.611645022874551,19,8.07638622939219,NA,NA,15,4,attractive_charge=3;hydrogen_bonds=6;ionic=3;salt_bridge=3,attractive_charge=1;hydrogen_bonds=1;ionic=1;salt_bridge=1,0.6666666666666666,0.5,0.5714285714285715,0.4,4,8,6,0.75,0.2,0.31578947368421056,0.1875,3,15,4
4NS0,vina_pose,9,A:PIO:601,L:UNL:1,RDKit,34,5.179997938904881,19,5.502768843715718,NA,NA,15,13,attractive_charge=3;hydrogen_bonds=6;ionic=3;salt_bridge=3,attractive_charge=3;hydrogen_bonds=4;ionic=3;salt_bridge=3,0.8571428571428571,0.75,0.7999999999999999,0.6666666666666666,6,8,7,0.9230769230769231,0.8,0.8571428571428571,0.75,12,15,13
4NS0,vina_pose,10,A:PIO:601,L:UNL:1,RDKit,34,9.913839080978136,19,7.686147464244051,NA,NA,15,10,attractive_charge=3;hydrogen_bonds=6;ionic=3;salt_bridge=3,attractive_charge=2;hydrogen_bonds=4;ionic=2;salt_bridge=2,0.8571428571428571,0.75,0.7999999999999999,0.6666666666666666,6,8,7,0.8,0.5333333333333333,0.64,0.47058823529411764,8,15,10
4NS0,vina_pose,11,A:PIO:601,L:UNL:1,RDKit,34,9.736736057777447,19,7.319343866193127,NA,NA,15,6,attractive_charge=3;hydrogen_bonds=6;ionic=3;salt_bridge=3,attractive_charge=1;hydrogen_bonds=3;ionic=1;salt_bridge=1,1.0,1.0,1.0,1.0,8,8,8,0.8333333333333334,0.3333333333333333,0.47619047619047616,0.3125,5,15,6
4NS0,vina_pose,12,A:PIO:601,L:UNL:1,RDKit,34,9.851146029180326,19,7.204352069189992,NA,NA,15,10,attractive_charge=3;hydrogen_bonds=6;ionic=3;salt_bridge=3,attractive_charge=2;hydrogen_bonds=4;ionic=2;salt_bridge=2,0.8888888888888888,1.0,0.9411764705882353,0.8888888888888888,8,8,9,0.8,0.5333333333333333,0.64,0.47058823529411764,8,15,10
4NS0,vina_pose,13,A:PIO:601,L:UNL:1,RDKit,34,5.140993967180688,19,5.259936881750579,NA,NA,15,9,attractive_charge=3;hydrogen_bonds=6;ionic=3;salt_bridge=3,attractive_charge=2;hydrogen_bonds=3;ionic=2;salt_bridge=2,0.8888888888888888,1.0,0.9411764705882353,0.8888888888888888,8,8,9,0.7777777777777778,0.4666666666666667,0.5833333333333334,0.4117647058823529,7,15,9
4NS0,vina_pose,14,A:PIO:601,L:UNL:1,RDKit,34,5.480187690001781,19,5.5392177055495555,NA,NA,15,12,attractive_charge=3;hydrogen_bonds=6;ionic=3;salt_bridge=3,attractive_charge=3;hydrogen_bonds=3;ionic=3;salt_bridge=3,1.0,0.875,0.9333333333333333,0.875,7,8,7,0.8333333333333334,0.6666666666666666,0.7407407407407408,0.5882352941176471,10,15,12
4NS0,vina_pose,15,A:PIO:601,L:UNL:1,RDKit,34,7.713107687947987,19,7.402819142945335,NA,NA,15,9,attractive_charge=3;hydrogen_bonds=6;ionic=3;salt_bridge=3,attractive_charge=2;hydrogen_bonds=3;ionic=2;salt_bridge=2,0.875,0.875,0.875,0.7777777777777778,7,8,8,0.8888888888888888,0.5333333333333333,0.6666666666666667,0.5,8,15,9
4NS0,vina_pose,16,A:PIO:601,L:UNL:1,RDKit,34,5.30632819210732,19,5.5892346430201725,NA,NA,15,14,attractive_charge=3;hydrogen_bonds=6;ionic=3;salt_bridge=3,attractive_charge=3;hydrogen_bonds=5;ionic=3;salt_bridge=3,0.8571428571428571,0.75,0.7999999999999999,0.6666666666666666,6,8,7,0.9285714285714286,0.8666666666666667,0.896551724137931,0.8125,13,15,14
4NS0,vina_pose,17,A:PIO:601,L:UNL:1,RDKit,34,9.512905178817693,19,9.900639540746317,NA,NA,15,3,attractive_charge=3;hydrogen_bonds=6;ionic=3;salt_bridge=3,attractive_charge=1;ionic=1;salt_bridge=1,0.25,0.25,0.25,0.14285714285714285,2,8,8,1.0,0.2,0.33333333333333337,0.2,3,15,3
4NS0,vina_pose,18,A:PIO:601,L:UNL:1,RDKit,34,6.709862010941981,19,6.145553475995127,NA,NA,15,8,attractive_charge=3;hydrogen_bonds=6;ionic=3;salt_bridge=3,attractive_charge=2;hydrogen_bonds=2;ionic=2;salt_bridge=2,0.6666666666666666,0.5,0.5714285714285715,0.4,4,8,6,0.875,0.4666666666666667,0.608695652173913,0.4375,7,15,8
4NS0,vina_pose,19,A:PIO:601,L:UNL:1,RDKit,34,5.731851348591739,19,5.841531220493476,NA,NA,15,12,attractive_charge=3;hydrogen_bonds=6;ionic=3;salt_bridge=3,attractive_charge=3;hydrogen_bonds=3;ionic=3;salt_bridge=3,0.7777777777777778,0.875,0.823529411764706,0.7,7,8,9,0.8333333333333334,0.6666666666666666,0.7407407407407408,0.5882352941176471,10,15,12
4NS0,vina_pose,20,A:PIO:601,L:UNL:1,RDKit,34,5.1478142934647515,19,5.107397766707466,NA,NA,15,10,attractive_charge=3;hydrogen_bonds=6;ionic=3;salt_bridge=3,attractive_charge=2;hydrogen_bonds=4;ionic=2;salt_bridge=2,0.8888888888888888,1.0,0.9411764705882353,0.8888888888888888,8,8,9,0.7,0.4666666666666667,0.56,0.3888888888888889,7,15,10
4QA8,boltz,1,A:PJZ:301,B:PJZ:1,RDKit,34,0.48059454562547027,6,0.4277577666868723,210,0.5193830363250064,0,0,none=0,none=0,1.0,1.0,1.0,1.0,5,5,5,NA,NA,NA,NA,0,0,0
4QA8,vina_pose,1,A:PJZ:301,A:PJZ:301,RDKit,34,4.473162360120633,6,4.37872416730414,NA,NA,0,0,none=0,none=0,0.5,0.8,0.6153846153846154,0.4444444444444444,4,5,8,NA,NA,NA,NA,0,0,0
4QA8,vina_pose,2,A:PJZ:301,A:PJZ:301,RDKit,34,1.9786499036404774,6,2.643465623003257,NA,NA,0,0,none=0,none=0,0.625,1.0,0.7692307692307693,0.625,5,5,8,NA,NA,NA,NA,0,0,0
4QA8,vina_pose,3,A:PJZ:301,A:PJZ:301,RDKit,34,5.785534870285903,6,5.255160321055866,NA,NA,0,1,none=0,hydrogen_bonds=1,0.5,0.8,0.6153846153846154,0.4444444444444444,4,5,8,NA,NA,NA,NA,0,0,1
4QA8,vina_pose,4,A:PJZ:301,A:PJZ:301,RDKit,34,4.096427945389093,6,3.7213496431626347,NA,NA,0,0,none=0,none=0,0.625,1.0,0.7692307692307693,0.625,5,5,8,NA,NA,NA,NA,0,0,0
4QA8,vina_pose,5,A:PJZ:301,A:PJZ:301,RDKit,34,5.9512759704512606,6,5.221038402463632,NA,NA,0,0,none=0,none=0,0.8333333333333334,1.0,0.9090909090909091,0.8333333333333334,5,5,6,NA,NA,NA,NA,0,0,0
4QA8,vina_pose,6,A:PJZ:301,A:PJZ:301,RDKit,34,5.882740377829126,6,4.648041738194699,NA,NA,0,1,none=0,hydrogen_bonds=1,0.5,0.6,0.5454545454545454,0.375,3,5,6,NA,NA,NA,NA,0,0,1
4QA8,vina_pose,7,A:PJZ:301,A:PJZ:301,RDKit,34,1.1599327566716962,6,1.2241095403053877,NA,NA,0,1,none=0,hydrogen_bonds=1,0.8333333333333334,1.0,0.9090909090909091,0.8333333333333334,5,5,6,NA,NA,NA,NA,0,0,1
4QA8,vina_pose,8,A:PJZ:301,A:PJZ:301,RDKit,34,2.8024570521975476,6,3.8494460640460986,NA,NA,0,0,none=0,none=0,0.6666666666666666,0.8,0.7272727272727272,0.5714285714285714,4,5,6,NA,NA,NA,NA,0,0,0
4QA8,vina_pose,9,A:PJZ:301,A:PJZ:301,RDKit,34,10.62932348990006,6,13.598993792434303,NA,NA,0,0,none=0,none=0,0.0,0.0,0.0,0.0,0,5,15,NA,NA,NA,NA,0,0,0
4QA8,vina_pose,10,A:PJZ:301,A:PJZ:301,RDKit,34,10.517858430811295,6,13.286673931675551,NA,NA,0,1,none=0,hydrogen_bonds=1,0.0,0.0,0.0,0.0,0,5,16,NA,NA,NA,NA,0,0,1
4QA8,vina_pose,11,A:PJZ:301,A:PJZ:301,RDKit,34,5.725255689127112,6,5.296601662072264,NA,NA,0,0,none=0,none=0,0.8,0.8,0.8000000000000002,0.6666666666666666,4,5,5,NA,NA,NA,NA,0,0,0
4QA8,vina_pose,12,A:PJZ:301,A:PJZ:301,RDKit,34,4.1158535745406235,6,3.8827864994099284,NA,NA,0,1,none=0,hydrogen_bonds=1,0.5,0.8,0.6153846153846154,0.4444444444444444,4,5,8,NA,NA,NA,NA,0,0,1
4QA8,vina_pose,13,A:PJZ:301,A:PJZ:301,RDKit,34,5.755464940078307,6,5.16645323215066,NA,NA,0,0,none=0,none=0,1.0,0.8,0.888888888888889,0.8,4,5,4,NA,NA,NA,NA,0,0,0
4QA8,vina_pose,14,A:PJZ:301,A:PJZ:301,RDKit,34,11.417577398338882,6,13.155900811676359,NA,NA,0,1,none=0,hydrogen_bonds=1,0.0,0.0,0.0,0.0,0,5,9,NA,NA,NA,NA,0,0,1
4QA8,vina_pose,15,A:PJZ:301,A:PJZ:301,RDKit,34,11.320165263291667,6,14.507265892188872,NA,NA,0,1,none=0,hydrogen_bonds=1,0.0,0.0,0.0,0.0,0,5,13,NA,NA,NA,NA,0,0,1
4QA8,vina_pose,16,A:PJZ:301,A:PJZ:301,RDKit,34,4.96186149841083,6,5.1257288424834435,NA,NA,0,0,none=0,none=0,0.3333333333333333,0.6,0.42857142857142855,0.2727272727272727,3,5,9,NA,NA,NA,NA,0,0,0
4QA8,vina_pose,17,A:PJZ:301,A:PJZ:301,RDKit,34,1.632711809518501,6,1.0845720354130473,NA,NA,0,1,none=0,hydrogen_bonds=1,1.0,0.6,0.7499999999999999,0.6,3,5,3,NA,NA,NA,NA,0,0,1
4QA8,vina_pose,18,A:PJZ:301,A:PJZ:301,RDKit,34,5.541206865784002,6,6.13361520638522,NA,NA,0,0,none=0,none=0,0.3333333333333333,0.6,0.42857142857142855,0.2727272727272727,3,5,9,NA,NA,NA,NA,0,0,0
4QA8,vina_pose,19,A:PJZ:301,A:PJZ:301,RDKit,34,11.075734475711783,6,13.257202017519887,NA,NA,0,1,none=0,hydrogen_bonds=1,0.0,0.0,0.0,0.0,0,5,14,NA,NA,NA,NA,0,0,1
4QA8,vina_pose,20,A:PJZ:301,A:PJZ:301,RDKit,34,4.7800772698652425,6,5.69483839396109,NA,NA,0,0,none=0,none=0,0.3333333333333333,0.6,0.42857142857142855,0.2727272727272727,3,5,9,NA,NA,NA,NA,0,0,0
4TW3,boltz,1,A:STE:303,B:STE:1,RDKit,20,1.2053375421797021,3,1.757439485344237,222,0.26430866444443535,5,4,hydrogen_bonds=5,hydrogen_bonds=4,1.0,0.8333333333333334,0.9090909090909091,0.8333333333333334,10,12,10,1.0,0.8,0.888888888888889,0.8,4,5,4
4TW3,vina_pose,1,A:STE:303,L:UNL:1,RDKit,20,8.497654379297854,3,12.275854226895984,NA,NA,5,2,hydrogen_bonds=5,hydrogen_bonds=2,0.0,0.0,0.0,0.0,0,12,9,0.0,0.0,0.0,0.0,0,5,2
4TW3,vina_pose,2,A:STE:303,L:UNL:1,RDKit,20,7.339133409333829,3,12.033473355602696,NA,NA,5,2,hydrogen_bonds=5,hydrogen_bonds=2,0.14285714285714285,0.08333333333333333,0.10526315789473685,0.05555555555555555,1,12,7,0.0,0.0,0.0,0.0,0,5,2
4TW3,vina_pose,3,A:STE:303,L:UNL:1,RDKit,20,6.429883937521734,3,7.124349701317775,NA,NA,5,2,hydrogen_bonds=5,hydrogen_bonds=2,0.375,0.25,0.3,0.17647058823529413,3,12,8,0.0,0.0,0.0,0.0,0,5,2
4TW3,vina_pose,4,A:STE:303,L:UNL:1,RDKit,20,8.412084539518133,3,8.238064234596216,NA,NA,5,5,hydrogen_bonds=5,hydrogen_bonds=5,0.25,0.16666666666666666,0.2,0.1111111111111111,2,12,8,0.0,0.0,0.0,0.0,0,5,5
4TW3,vina_pose,5,A:STE:303,L:UNL:1,RDKit,20,6.093751508717762,3,6.1870749146911095,NA,NA,5,1,hydrogen_bonds=5,hydrogen_bonds=1,0.3333333333333333,0.25,0.28571428571428575,0.16666666666666666,3,12,9,0.0,0.0,0.0,0.0,0,5,1
4TW3,vina_pose,6,A:STE:303,L:UNL:1,RDKit,20,8.759709350201067,3,12.362164764581754,NA,NA,5,3,hydrogen_bonds=5,hydrogen_bonds=3,0.0,0.0,0.0,0.0,0,12,7,0.0,0.0,0.0,0.0,0,5,3
4TW3,vina_pose,7,A:STE:303,L:UNL:1,RDKit,20,7.6454263615576075,3,8.698781236472152,NA,NA,5,3,hydrogen_bonds=5,hydrogen_bonds=3,0.25,0.16666666666666666,0.2,0.1111111111111111,2,12,8,0.0,0.0,0.0,0.0,0,5,3
4TW3,vina_pose,8,A:STE:303,L:UNL:1,RDKit,20,8.76864631228789,3,12.051558073543852,NA,NA,5,2,hydrogen_bonds=5,hydrogen_bonds=2,0.0,0.0,0.0,0.0,0,12,8,0.0,0.0,0.0,0.0,0,5,2
4TW3,vina_pose,9,A:STE:303,L:UNL:1,RDKit,20,7.0395931984739,3,11.356441872347165,NA,NA,5,1,hydrogen_bonds=5,hydrogen_bonds=1,0.0,0.0,0.0,0.0,0,12,6,0.0,0.0,0.0,0.0,0,5,1
4TW3,vina_pose,10,A:STE:303,L:UNL:1,RDKit,20,6.863914560948438,3,8.129950327851537,NA,NA,5,1,hydrogen_bonds=5,hydrogen_bonds=1,0.14285714285714285,0.08333333333333333,0.10526315789473685,0.05555555555555555,1,12,7,0.0,0.0,0.0,0.0,0,5,1
4TW3,vina_pose,11,A:STE:303,L:UNL:1,RDKit,20,8.301222726201242,3,8.823777705722192,NA,NA,5,1,hydrogen_bonds=5,hydrogen_bonds=1,0.3333333333333333,0.16666666666666666,0.2222222222222222,0.125,2,12,6,0.0,0.0,0.0,0.0,0,5,1
4TW3,vina_pose,12,A:STE:303,L:UNL:1,RDKit,20,4.854974732169057,3,7.586426892813242,NA,NA,5,4,hydrogen_bonds=5,hydrogen_bonds=4,0.2727272727272727,0.25,0.2608695652173913,0.15,3,12,11,0.0,0.0,0.0,0.0,0,5,4
4TW3,vina_pose,13,A:STE:303,L:UNL:1,RDKit,20,6.571497405462472,3,6.71326589671525,NA,NA,5,2,hydrogen_bonds=5,hydrogen_bonds=2,0.5,0.3333333333333333,0.4,0.25,4,12,8,0.0,0.0,0.0,0.0,0,5,2
4TW3,vina_pose,14,A:STE:303,L:UNL:1,RDKit,20,8.136408737889218,3,12.464115746146348,NA,NA,5,0,hydrogen_bonds=5,none=0,0.0,0.0,0.0,0.0,0,12,8,0.0,0.0,0.0,0.0,0,5,0
4TW3,vina_pose,15,A:STE:303,L:UNL:1,RDKit,20,7.936024335270147,3,9.001128503322978,NA,NA,5,2,hydrogen_bonds=5,hydrogen_bonds=2,0.09090909090909091,0.08333333333333333,0.08695652173913043,0.045454545454545456,1,12,11,0.0,0.0,0.0,0.0,0,5,2
4TW3,vina_pose,16,A:STE:303,L:UNL:1,RDKit,20,6.394117343308614,3,6.6799076839928455,NA,NA,5,1,hydrogen_bonds=5,hydrogen_bonds=1,0.4444444444444444,0.3333333333333333,0.380952380952381,0.23529411764705882,4,12,9,0.0,0.0,0.0,0.0,0,5,1
4TW3,vina_pose,17,A:STE:303,L:UNL:1,RDKit,20,6.299844002036875,3,9.140500405703545,NA,NA,5,1,hydrogen_bonds=5,hydrogen_bonds=1,0.3333333333333333,0.16666666666666666,0.2222222222222222,0.125,2,12,6,0.0,0.0,0.0,0.0,0,5,1
4TW3,vina_pose,18,A:STE:303,L:UNL:1,RDKit,20,7.223033832815682,3,8.052430688928654,NA,NA,5,5,hydrogen_bonds=5,hydrogen_bonds=5,0.2857142857142857,0.16666666666666666,0.2105263157894737,0.11764705882352941,2,12,7,0.0,0.0,0.0,0.0,0,5,5
4TW3,vina_pose,19,A:STE:303,L:UNL:1,RDKit,20,5.688127446708626,3,5.667082847462176,NA,NA,5,2,hydrogen_bonds=5,hydrogen_bonds=2,0.4444444444444444,0.3333333333333333,0.380952380952381,0.23529411764705882,4,12,9,0.0,0.0,0.0,0.0,0,5,2
4TW3,vina_pose,20,A:STE:303,L:UNL:1,RDKit,20,9.82251974037212,3,6.343748234810921,NA,NA,5,2,hydrogen_bonds=5,hydrogen_bonds=2,0.375,0.25,0.3,0.17647058823529413,3,12,8,0.0,0.0,0.0,0.0,0,5,2
4WBK,boltz,1,A:STE:200,B:STE:1,RDKit,20,0.4656093096963303,3,0.11756750942063249,133,0.3257590624128646,2,2,hydrogen_bonds=2,hydrogen_bonds=2,0.875,1.0,0.9333333333333333,0.875,7,7,8,1.0,1.0,1.0,1.0,2,2,2
4WBK,vina_pose,1,A:STE:200,L:UNL:1,RDKit,20,3.5467792502494437,3,7.649708425815979,NA,NA,2,2,hydrogen_bonds=2,hydrogen_bonds=2,0.0,0.0,0.0,0.0,0,7,7,0.0,0.0,0.0,0.0,0,2,2
4WBK,vina_pose,2,A:STE:200,L:UNL:1,RDKit,20,4.9999527197764575,3,2.081663917799093,NA,NA,2,2,hydrogen_bonds=2,hydrogen_bonds=2,0.7142857142857143,0.7142857142857143,0.7142857142857143,0.5555555555555556,5,7,7,1.0,1.0,1.0,1.0,2,2,2
4WBK,vina_pose,3,A:STE:200,L:UNL:1,RDKit,20,5.103449289451205,3,6.982112622026851,NA,NA,2,2,hydrogen_bonds=2,hydrogen_bonds=2,0.2857142857142857,0.2857142857142857,0.2857142857142857,0.16666666666666666,2,7,7,0.0,0.0,0.0,0.0,0,2,2
4WBK,vina_pose,4,A:STE:200,L:UNL:1,RDKit,20,1.8608232452331415,3,1.9099356882715537,NA,NA,2,2,hydrogen_bonds=2,hydrogen_bonds=2,0.7142857142857143,0.7142857142857143,0.7142857142857143,0.5555555555555556,5,7,7,1.0,1.0,1.0,1.0,2,2,2
4WBK,vina_pose,5,A:STE:200,L:UNL:1,RDKit,20,1.9707890805461656,3,2.8079793446533756,NA,NA,2,1,hydrogen_bonds=2,hydrogen_bonds=1,0.8,0.5714285714285714,0.6666666666666666,0.5,4,7,5,1.0,0.5,0.6666666666666666,0.5,1,2,1
4WBK,vina_pose,6,A:STE:200,L:UNL:1,RDKit,20,4.778656223249377,3,1.876118510826719,NA,NA,2,2,hydrogen_bonds=2,hydrogen_bonds=2,0.8571428571428571,0.8571428571428571,0.8571428571428571,0.75,6,7,7,1.0,1.0,1.0,1.0,2,2,2
4WBK,vina_pose,7,A:STE:200,L:UNL:1,RDKit,20,4.104724071116109,3,7.750890507978207,NA,NA,2,2,hydrogen_bonds=2,hydrogen_bonds=2,0.0,0.0,0.0,0.0,0,7,8,0.0,0.0,0.0,0.0,0,2,2
4WBK,vina_pose,8,A:STE:200,L:UNL:1,RDKit,20,1.7534490582848425,3,1.838345089113213,NA,NA,2,2,hydrogen_bonds=2,hydrogen_bonds=2,1.0,1.0,1.0,1.0,7,7,7,1.0,1.0,1.0,1.0,2,2,2
4WBK,vina_pose,9,A:STE:200,L:UNL:1,RDKit,20,2.385513162822624,3,2.427165836938218,NA,NA,2,4,hydrogen_bonds=2,hydrogen_bonds=4,0.8333333333333334,0.7142857142857143,0.7692307692307692,0.625,5,7,6,0.25,0.5,0.3333333333333333,0.2,1,2,4
4WBK,vina_pose,10,A:STE:200,L:UNL:1,RDKit,20,5.129363644741908,3,6.767135164405491,NA,NA,2,2,hydrogen_bonds=2,hydrogen_bonds=2,0.2857142857142857,0.2857142857142857,0.2857142857142857,0.16666666666666666,2,7,7,0.0,0.0,0.0,0.0,0,2,2
4WBK,vina_pose,11,A:STE:200,L:UNL:1,RDKit,20,5.1691217484211,3,7.018480106119843,NA,NA,2,2,hydrogen_bonds=2,hydrogen_bonds=2,0.3333333333333333,0.2857142857142857,0.30769230769230765,0.18181818181818182,2,7,6,0.0,0.0,0.0,0.0,0,2,2
4WBK,vina_pose,12,A:STE:200,L:UNL:1,RDKit,20,4.310231449701977,3,6.728825628096877,NA,NA,2,2,hydrogen_bonds=2,hydrogen_bonds=2,0.0,0.0,0.0,0.0,0,7,9,0.0,0.0,0.0,0.0,0,2,2
4WBK,vina_pose,13,A:STE:200,L:UNL:1,RDKit,20,4.191359272360221,3,0.6781654173823182,NA,NA,2,2,hydrogen_bonds=2,hydrogen_bonds=2,0.875,1.0,0.9333333333333333,0.875,7,7,8,1.0,1.0,1.0,1.0,2,2,2
4WBK,vina_pose,14,A:STE:200,L:UNL:1,RDKit,20,3.5679592906870448,3,4.999677489598704,NA,NA,2,3,hydrogen_bonds=2,hydrogen_bonds=3,0.4,0.2857142857142857,0.3333333333333333,0.2,2,7,5,0.0,0.0,0.0,0.0,0,2,3
4WBK,vina_pose,15,A:STE:200,L:UNL:1,RDKit,20,5.1602305520199385,3,7.160743280786801,NA,NA,2,2,hydrogen_bonds=2,hydrogen_bonds=2,0.3333333333333333,0.2857142857142857,0.30769230769230765,0.18181818181818182,2,7,6,0.0,0.0,0.0,0.0,0,2,2
4WBK,vina_pose,16,A:STE:200,L:UNL:1,RDKit,20,5.256420245756612,3,7.311491503106599,NA,NA,2,2,hydrogen_bonds=2,hydrogen_bonds=2,0.0,0.0,0.0,0.0,0,7,8,0.0,0.0,0.0,0.0,0,2,2
4WBK,vina_pose,17,A:STE:200,L:UNL:1,RDKit,20,1.4340600405840755,3,0.9497346997977905,NA,NA,2,2,hydrogen_bonds=2,hydrogen_bonds=2,0.8333333333333334,0.7142857142857143,0.7692307692307692,0.625,5,7,6,1.0,1.0,1.0,1.0,2,2,2
4WBK,vina_pose,18,A:STE:200,L:UNL:1,RDKit,20,3.6312550034388935,3,1.8610235534959436,NA,NA,2,2,hydrogen_bonds=2,hydrogen_bonds=2,0.75,0.8571428571428571,0.7999999999999999,0.6666666666666666,6,7,8,1.0,1.0,1.0,1.0,2,2,2
4WBK,vina_pose,19,A:STE:200,L:UNL:1,RDKit,20,3.6401907917030942,3,7.409732856183144,NA,NA,2,2,hydrogen_bonds=2,hydrogen_bonds=2,0.0,0.0,0.0,0.0,0,7,8,0.0,0.0,0.0,0.0,0,2,2
4WBK,vina_pose,20,A:STE:200,L:UNL:1,RDKit,20,6.02071850778626,3,7.331629786980064,NA,NA,2,2,hydrogen_bonds=2,hydrogen_bonds=2,0.2857142857142857,0.2857142857142857,0.2857142857142857,0.16666666666666666,2,7,7,0.0,0.0,0.0,0.0,0,2,2
4X9X,boltz,1,A:OLA:301,B:OLA:1,RDKit,20,0.8711691942678811,3,1.8472776306357563,268,3.8893810694864137,4,3,hydrogen_bonds=4,hydrogen_bonds=3,1.0,0.9,0.9473684210526316,0.9,9,10,9,1.0,0.75,0.8571428571428571,0.75,3,4,3
4X9X,vina_pose,1,A:OLA:301,L:UNL:1,RDKit,20,2.1567407470532935,3,3.066425552115469,NA,NA,4,3,hydrogen_bonds=4,hydrogen_bonds=3,0.75,0.6,0.6666666666666665,0.5,6,10,8,0.6666666666666666,0.5,0.5714285714285715,0.4,2,4,3
4X9X,vina_pose,2,A:OLA:301,L:UNL:1,RDKit,20,1.8664277644741574,3,2.8384509860133242,NA,NA,4,3,hydrogen_bonds=4,hydrogen_bonds=3,0.75,0.6,0.6666666666666665,0.5,6,10,8,0.6666666666666666,0.5,0.5714285714285715,0.4,2,4,3
4X9X,vina_pose,3,A:OLA:301,L:UNL:1,RDKit,20,1.8518920054906003,3,2.44641186229956,NA,NA,4,4,hydrogen_bonds=4,hydrogen_bonds=4,0.7777777777777778,0.7,0.7368421052631577,0.5833333333333334,7,10,9,0.75,0.75,0.75,0.6,3,4,4
4X9X,vina_pose,4,A:OLA:301,L:UNL:1,RDKit,20,1.8212823641599343,3,2.814958495845602,NA,NA,4,4,hydrogen_bonds=4,hydrogen_bonds=4,0.75,0.6,0.6666666666666665,0.5,6,10,8,0.5,0.5,0.5,0.3333333333333333,2,4,4
4X9X,vina_pose,5,A:OLA:301,L:UNL:1,RDKit,20,8.92710416092475,3,14.689855082107972,NA,NA,4,5,hydrogen_bonds=4,hydrogen_bonds=5,0.0,0.0,0.0,0.0,0,10,9,0.0,0.0,0.0,0.0,0,4,5
4X9X,vina_pose,6,A:OLA:301,L:UNL:1,RDKit,20,1.774941125784176,3,2.928541388928397,NA,NA,4,5,hydrogen_bonds=4,hydrogen_bonds=5,0.75,0.6,0.6666666666666665,0.5,6,10,8,0.6,0.75,0.6666666666666665,0.5,3,4,5
4X9X,vina_pose,7,A:OLA:301,L:UNL:1,RDKit,20,1.6322872908896888,3,2.6451998664247167,NA,NA,4,4,hydrogen_bonds=4,hydrogen_bonds=4,0.8,0.8,0.8000000000000002,0.6666666666666666,8,10,10,0.75,0.75,0.75,0.6,3,4,4
4X9X,vina_pose,8,A:OLA:301,L:UNL:1,RDKit,20,9.162272788451565,3,14.974144972807853,NA,NA,4,3,hydrogen_bonds=4,hydrogen_bonds=3,0.0,0.0,0.0,0.0,0,10,12,0.0,0.0,0.0,0.0,0,4,3
4X9X,vina_pose,9,A:OLA:301,L:UNL:1,RDKit,20,9.029734298416537,3,15.10364200008285,NA,NA,4,4,hydrogen_bonds=4,hydrogen_bonds=4,0.0,0.0,0.0,0.0,0,10,12,0.0,0.0,0.0,0.0,0,4,4
4X9X,vina_pose,10,A:OLA:301,L:UNL:1,RDKit,20,9.312894348697402,3,15.072040018966687,NA,NA,4,4,hydrogen_bonds=4,hydrogen_bonds=4,0.0,0.0,0.0,0.0,0,10,11,0.0,0.0,0.0,0.0,0,4,4
4X9X,vina_pose,11,A:OLA:301,L:UNL:1,RDKit,20,9.201198973503397,3,14.643471059372045,NA,NA,4,5,hydrogen_bonds=4,hydrogen_bonds=5,0.0,0.0,0.0,0.0,0,10,11,0.0,0.0,0.0,0.0,0,4,5
4X9X,vina_pose,12,A:OLA:301,L:UNL:1,RDKit,20,9.154393568117989,3,15.191478532387821,NA,NA,4,4,hydrogen_bonds=4,hydrogen_bonds=4,0.0,0.0,0.0,0.0,0,10,11,0.0,0.0,0.0,0.0,0,4,4
4X9X,vina_pose,13,A:OLA:301,L:UNL:1,RDKit,20,9.21585462667462,3,14.689601469520314,NA,NA,4,5,hydrogen_bonds=4,hydrogen_bonds=5,0.0,0.0,0.0,0.0,0,10,10,0.0,0.0,0.0,0.0,0,4,5
4X9X,vina_pose,14,A:OLA:301,L:UNL:1,RDKit,20,1.872389128893885,3,1.7660226499113774,NA,NA,4,4,hydrogen_bonds=4,hydrogen_bonds=4,1.0,1.0,1.0,1.0,10,10,10,0.75,0.75,0.75,0.6,3,4,4
4X9X,vina_pose,15,A:OLA:301,L:UNL:1,RDKit,20,9.900597534997573,3,14.920524823209137,NA,NA,4,3,hydrogen_bonds=4,hydrogen_bonds=3,0.0,0.0,0.0,0.0,0,10,12,0.0,0.0,0.0,0.0,0,4,3
4X9X,vina_pose,16,A:OLA:301,L:UNL:1,RDKit,20,9.066491984224108,3,15.157435897934716,NA,NA,4,4,hydrogen_bonds=4,hydrogen_bonds=4,0.0,0.0,0.0,0.0,0,10,11,0.0,0.0,0.0,0.0,0,4,4
4X9X,vina_pose,17,A:OLA:301,L:UNL:1,RDKit,20,4.041698906400623,3,2.827191126660288,NA,NA,4,3,hydrogen_bonds=4,hydrogen_bonds=3,0.7777777777777778,0.7,0.7368421052631577,0.5833333333333334,7,10,9,0.6666666666666666,0.5,0.5714285714285715,0.4,2,4,3
4X9X,vina_pose,18,A:OLA:301,L:UNL:1,RDKit,20,8.739824142967638,3,14.992576752068562,NA,NA,4,3,hydrogen_bonds=4,hydrogen_bonds=3,0.0,0.0,0.0,0.0,0,10,11,0.0,0.0,0.0,0.0,0,4,3
5BVT,boltz,1,A:PAM:201,B:PAM:1,RDKit,18,2.3206232098508583,3,2.7027162471044317,134,0.3558338012876836,0,2,none=0,hydrogen_bonds=2,1.0,0.75,0.8571428571428571,0.75,6,8,6,NA,NA,NA,NA,0,0,2
5BVT,vina_pose,1,A:PAM:201,L:UNL:1,RDKit,18,2.5754485154154327,3,5.178327851086037,NA,NA,0,3,none=0,hydrogen_bonds=3,0.25,0.25,0.25,0.14285714285714285,2,8,8,NA,NA,NA,NA,0,0,3
5BVT,vina_pose,2,A:PAM:201,L:UNL:1,RDKit,18,2.337581276067684,3,5.133729378661611,NA,NA,0,3,none=0,hydrogen_bonds=3,0.25,0.25,0.25,0.14285714285714285,2,8,8,NA,NA,NA,NA,0,0,3
5BVT,vina_pose,3,A:PAM:201,L:UNL:1,RDKit,18,2.5227520906960144,3,4.948234971515938,NA,NA,0,3,none=0,hydrogen_bonds=3,0.1,0.125,0.11111111111111112,0.058823529411764705,1,8,10,NA,NA,NA,NA,0,0,3
5BVT,vina_pose,4,A:PAM:201,L:UNL:1,RDKit,18,2.2379656809006003,3,5.069811633581666,NA,NA,0,3,none=0,hydrogen_bonds=3,0.1111111111111111,0.125,0.11764705882352941,0.0625,1,8,9,NA,NA,NA,NA,0,0,3
5BVT,vina_pose,5,A:PAM:201,L:UNL:1,RDKit,18,2.570112394861793,3,5.1806639214165076,NA,NA,0,4,none=0,hydrogen_bonds=4,0.25,0.25,0.25,0.14285714285714285,2,8,8,NA,NA,NA,NA,0,0,4
5BVT,vina_pose,6,A:PAM:201,L:UNL:1,RDKit,18,2.646578629937989,3,5.41958876053648,NA,NA,0,4,none=0,hydrogen_bonds=4,0.25,0.25,0.25,0.14285714285714285,2,8,8,NA,NA,NA,NA,0,0,4
5BVT,vina_pose,7,A:PAM:201,L:UNL:1,RDKit,18,2.366231438854243,3,5.32857929783665,NA,NA,0,4,none=0,hydrogen_bonds=4,0.2857142857142857,0.25,0.26666666666666666,0.15384615384615385,2,8,7,NA,NA,NA,NA,0,0,4
5BVT,vina_pose,8,A:PAM:201,L:UNL:1,RDKit,18,2.3993506992054705,3,5.1522396424597074,NA,NA,0,3,none=0,hydrogen_bonds=3,0.25,0.25,0.25,0.14285714285714285,2,8,8,NA,NA,NA,NA,0,0,3
5BVT,vina_pose,9,A:PAM:201,L:UNL:1,RDKit,18,1.4780701005778523,3,2.7857618945870684,NA,NA,0,2,none=0,hydrogen_bonds=2,1.0,0.5,0.6666666666666666,0.5,4,8,4,NA,NA,NA,NA,0,0,2
5BVT,vina_pose,10,A:PAM:201,L:UNL:1,RDKit,18,6.143313325161848,3,5.917090782921395,NA,NA,0,1,none=0,hydrogen_bonds=1,0.375,0.375,0.375,0.23076923076923078,3,8,8,NA,NA,NA,NA,0,0,1
5BVT,vina_pose,11,A:PAM:201,L:UNL:1,RDKit,18,2.803661356155554,3,4.973069240083699,NA,NA,0,3,none=0,hydrogen_bonds=3,0.1111111111111111,0.125,0.11764705882352941,0.0625,1,8,9,NA,NA,NA,NA,0,0,3
5BVT,vina_pose,12,A:PAM:201,L:UNL:1,RDKit,18,3.5011491288178833,3,5.100109966134718,NA,NA,0,3,none=0,hydrogen_bonds=3,0.25,0.25,0.25,0.14285714285714285,2,8,8,NA,NA,NA,NA,0,0,3
5BVT,vina_pose,13,A:PAM:201,L:UNL:1,RDKit,18,1.695358008733783,3,1.8900825378802906,NA,NA,0,3,none=0,hydrogen_bonds=3,1.0,0.75,0.8571428571428571,0.75,6,8,6,NA,NA,NA,NA,0,0,3
5BVT,vina_pose,14,A:PAM:201,L:UNL:1,RDKit,18,6.768813875250063,3,7.681346279570182,NA,NA,0,1,none=0,hydrogen_bonds=1,0.3333333333333333,0.375,0.35294117647058826,0.21428571428571427,3,8,9,NA,NA,NA,NA,0,0,1
5BVT,vina_pose,15,A:PAM:201,L:UNL:1,RDKit,18,1.7165254796309382,3,2.1879650362837153,NA,NA,0,0,none=0,none=0,0.8333333333333334,0.625,0.7142857142857143,0.5555555555555556,5,8,6,NA,NA,NA,NA,0,0,0
5BVT,vina_pose,16,A:PAM:201,L:UNL:1,RDKit,18,4.810289475003904,3,5.293660264882892,NA,NA,0,4,none=0,hydrogen_bonds=4,0.25,0.25,0.25,0.14285714285714285,2,8,8,NA,NA,NA,NA,0,0,4
5BVT,vina_pose,17,A:PAM:201,L:UNL:1,RDKit,18,3.504784800811599,3,5.493062503437101,NA,NA,0,3,none=0,hydrogen_bonds=3,0.2222222222222222,0.25,0.23529411764705882,0.13333333333333333,2,8,9,NA,NA,NA,NA,0,0,3
5BVT,vina_pose,18,A:PAM:201,L:UNL:1,RDKit,18,2.7244220895856466,3,4.408742262066737,NA,NA,0,3,none=0,hydrogen_bonds=3,0.25,0.25,0.25,0.14285714285714285,2,8,8,NA,NA,NA,NA,0,0,3
5BVT,vina_pose,19,A:PAM:201,L:UNL:1,RDKit,18,6.806454971406024,3,7.855967561881435,NA,NA,0,1,none=0,hydrogen_bonds=1,0.3,0.375,0.33333333333333326,0.2,3,8,10,NA,NA,NA,NA,0,0,1
5BVT,vina_pose,20,A:PAM:201,L:UNL:1,RDKit,18,2.9879157730208306,3,2.6145164626242714,NA,NA,0,3,none=0,hydrogen_bonds=3,1.0,0.75,0.8571428571428571,0.75,6,8,6,NA,NA,NA,NA,0,0,3
5NU2,boltz,1,A:PLM:201,B:PLM:1,RDKit,18,1.3718085211719535,3,1.9035508624465671,174,0.545987467060913,3,3,hydrogen_bonds=3,hydrogen_bonds=3,0.8571428571428571,0.75,0.7999999999999999,0.6666666666666666,6,8,7,1.0,1.0,1.0,1.0,3,3,3
5NU2,vina_pose,1,A:PLM:201,L:UNL:1,RDKit,18,2.154645124170361,3,2.2084133067280085,NA,NA,3,3,hydrogen_bonds=3,hydrogen_bonds=3,0.7777777777777778,0.875,0.823529411764706,0.7,7,8,9,0.6666666666666666,0.6666666666666666,0.6666666666666666,0.5,2,3,3
5NU2,vina_pose,2,A:PLM:201,L:UNL:1,RDKit,18,2.491883658332923,3,1.8499763061545766,NA,NA,3,3,hydrogen_bonds=3,hydrogen_bonds=3,0.6666666666666666,0.75,0.7058823529411765,0.5454545454545454,6,8,9,0.6666666666666666,0.6666666666666666,0.6666666666666666,0.5,2,3,3
5NU2,vina_pose,3,A:PLM:201,L:UNL:1,RDKit,18,2.1195258117481526,3,1.9417443189050412,NA,NA,3,3,hydrogen_bonds=3,hydrogen_bonds=3,0.6666666666666666,0.75,0.7058823529411765,0.5454545454545454,6,8,9,0.6666666666666666,0.6666666666666666,0.6666666666666666,0.5,2,3,3
5NU2,vina_pose,4,A:PLM:201,L:UNL:1,RDKit,18,2.1996234526239555,3,1.6470448283719128,NA,NA,3,4,hydrogen_bonds=3,hydrogen_bonds=4,0.7777777777777778,0.875,0.823529411764706,0.7,7,8,9,0.75,1.0,0.8571428571428571,0.75,3,3,4
5NU2,vina_pose,5,A:PLM:201,L:UNL:1,RDKit,18,6.973843109951802,3,10.657807545019129,NA,NA,3,2,hydrogen_bonds=3,hydrogen_bonds=2,0.0,0.0,0.0,0.0,0,8,8,0.0,0.0,0.0,0.0,0,3,2
5NU2,vina_pose,6,A:PLM:201,L:UNL:1,RDKit,18,1.562616946734619,3,1.6569907463028672,NA,NA,3,4,hydrogen_bonds=3,hydrogen_bonds=4,0.7777777777777778,0.875,0.823529411764706,0.7,7,8,9,0.75,1.0,0.8571428571428571,0.75,3,3,4
5NU2,vina_pose,7,A:PLM:201,L:UNL:1,RDKit,18,3.428942702285292,3,3.7451771208671385,NA,NA,3,3,hydrogen_bonds=3,hydrogen_bonds=3,0.4444444444444444,0.5,0.47058823529411764,0.3076923076923077,4,8,9,0.0,0.0,0.0,0.0,0,3,3
5NU2,vina_pose,8,A:PLM:201,L:UNL:1,RDKit,18,2.592259267725956,3,1.5780100337661565,NA,NA,3,4,hydrogen_bonds=3,hydrogen_bonds=4,0.75,0.75,0.75,0.6,6,8,8,0.75,1.0,0.8571428571428571,0.75,3,3,4
5NU2,vina_pose,9,A:PLM:201,L:UNL:1,RDKit,18,3.2233837035016477,3,1.8894427750000797,NA,NA,3,3,hydrogen_bonds=3,hydrogen_bonds=3,0.7,0.875,0.7777777777777777,0.6363636363636364,7,8,10,0.6666666666666666,0.6666666666666666,0.6666666666666666,0.5,2,3,3
5NU2,vina_pose,10,A:PLM:201,L:UNL:1,RDKit,18,6.9875331484008,3,10.62878520810351,NA,NA,3,2,hydrogen_bonds=3,hydrogen_bonds=2,0.0,0.0,0.0,0.0,0,8,8,0.0,0.0,0.0,0.0,0,3,2
5NU2,vina_pose,11,A:PLM:201,L:UNL:1,RDKit,18,1.3903746897069793,3,1.9126054655016194,NA,NA,3,3,hydrogen_bonds=3,hydrogen_bonds=3,0.7,0.875,0.7777777777777777,0.6363636363636364,7,8,10,0.6666666666666666,0.6666666666666666,0.6666666666666666,0.5,2,3,3
5NU2,vina_pose,12,A:PLM:201,L:UNL:1,RDKit,18,6.701764597643088,3,10.3641992776416,NA,NA,3,1,hydrogen_bonds=3,hydrogen_bonds=1,0.0,0.0,0.0,0.0,0,8,8,0.0,0.0,0.0,0.0,0,3,1
5NU2,vina_pose,13,A:PLM:201,L:UNL:1,RDKit,18,4.1596538985299665,3,3.944799614682601,NA,NA,3,3,hydrogen_bonds=3,hydrogen_bonds=3,0.4444444444444444,0.5,0.47058823529411764,0.3076923076923077,4,8,9,0.0,0.0,0.0,0.0,0,3,3
5NU2,vina_pose,14,A:PLM:201,L:UNL:1,RDKit,18,5.960675371875983,3,10.68514493740414,NA,NA,3,5,hydrogen_bonds=3,hydrogen_bonds=5,0.0,0.0,0.0,0.0,0,8,8,0.0,0.0,0.0,0.0,0,3,5
5NU2,vina_pose,15,A:PLM:201,L:UNL:1,RDKit,18,7.219410121332628,3,10.827119869414336,NA,NA,3,4,hydrogen_bonds=3,hydrogen_bonds=4,0.0,0.0,0.0,0.0,0,8,8,0.0,0.0,0.0,0.0,0,3,4
5NU2,vina_pose,16,A:PLM:201,L:UNL:1,RDKit,18,5.718933996432863,3,10.374130084011863,NA,NA,3,1,hydrogen_bonds=3,hydrogen_bonds=1,0.0,0.0,0.0,0.0,0,8,9,0.0,0.0,0.0,0.0,0,3,1
5NU2,vina_pose,17,A:PLM:201,L:UNL:1,RDKit,18,5.506761404552286,3,6.712793929008498,NA,NA,3,3,hydrogen_bonds=3,hydrogen_bonds=3,0.3333333333333333,0.25,0.28571428571428575,0.16666666666666666,2,8,6,0.0,0.0,0.0,0.0,0,3,3
5NU2,vina_pose,18,A:PLM:201,L:UNL:1,RDKit,18,6.756426492195741,3,10.263977510367672,NA,NA,3,0,hydrogen_bonds=3,none=0,0.0,0.0,0.0,0.0,0,8,8,0.0,0.0,0.0,0.0,0,3,0
5NU2,vina_pose,19,A:PLM:201,L:UNL:1,RDKit,18,3.129808700224345,3,3.3834853824618976,NA,NA,3,1,hydrogen_bonds=3,hydrogen_bonds=1,0.5555555555555556,0.625,0.5882352941176471,0.4166666666666667,5,8,9,0.0,0.0,0.0,0.0,0,3,1
5NU6,boltz,1,A:PLM:201,B:PLM:1,RDKit,18,1.327777599177867,3,1.6910602459746675,174,0.462780357636071,3,3,hydrogen_bonds=3,hydrogen_bonds=3,1.0,0.875,0.9333333333333333,0.875,7,8,7,1.0,1.0,1.0,1.0,3,3,3
5NU6,vina_pose,1,A:PLM:201,L:UNL:1,RDKit,18,2.2068269705116843,3,2.0399454241065693,NA,NA,3,4,hydrogen_bonds=3,hydrogen_bonds=4,0.6666666666666666,0.75,0.7058823529411765,0.5454545454545454,6,8,9,0.75,1.0,0.8571428571428571,0.75,3,3,4
5NU6,vina_pose,2,A:PLM:201,L:UNL:1,RDKit,18,2.068152906446824,3,1.9644685456037887,NA,NA,3,3,hydrogen_bonds=3,hydrogen_bonds=3,0.6666666666666666,0.75,0.7058823529411765,0.5454545454545454,6,8,9,0.6666666666666666,0.6666666666666666,0.6666666666666666,0.5,2,3,3
5NU6,vina_pose,3,A:PLM:201,L:UNL:1,RDKit,18,2.2308593635637366,3,1.919503234346498,NA,NA,3,4,hydrogen_bonds=3,hydrogen_bonds=4,0.625,0.625,0.625,0.45454545454545453,5,8,8,0.75,1.0,0.8571428571428571,0.75,3,3,4
5NU6,vina_pose,4,A:PLM:201,L:UNL:1,RDKit,18,2.145078773482328,3,1.7310383203923205,NA,NA,3,4,hydrogen_bonds=3,hydrogen_bonds=4,0.6666666666666666,0.75,0.7058823529411765,0.5454545454545454,6,8,9,0.75,1.0,0.8571428571428571,0.75,3,3,4
5NU6,vina_pose,5,A:PLM:201,L:UNL:1,RDKit,18,2.3799492641651,3,1.6478619481012358,NA,NA,3,4,hydrogen_bonds=3,hydrogen_bonds=4,0.625,0.625,0.625,0.45454545454545453,5,8,8,0.75,1.0,0.8571428571428571,0.75,3,3,4
5NU6,vina_pose,6,A:PLM:201,L:UNL:1,RDKit,18,1.6085279847667489,3,1.8611757932375255,NA,NA,3,3,hydrogen_bonds=3,hydrogen_bonds=3,0.6666666666666666,0.75,0.7058823529411765,0.5454545454545454,6,8,9,0.6666666666666666,0.6666666666666666,0.6666666666666666,0.5,2,3,3
5NU6,vina_pose,7,A:PLM:201,L:UNL:1,RDKit,18,1.435044424399468,3,1.9712841838084467,NA,NA,3,4,hydrogen_bonds=3,hydrogen_bonds=4,0.6666666666666666,0.75,0.7058823529411765,0.5454545454545454,6,8,9,0.75,1.0,0.8571428571428571,0.75,3,3,4
5NU6,vina_pose,8,A:PLM:201,L:UNL:1,RDKit,18,3.4032096696435787,3,3.824438651619346,NA,NA,3,3,hydrogen_bonds=3,hydrogen_bonds=3,0.25,0.25,0.25,0.14285714285714285,2,8,8,0.0,0.0,0.0,0.0,0,3,3
5NU6,vina_pose,9,A:PLM:201,L:UNL:1,RDKit,18,1.4933794449725988,3,1.655012588068945,NA,NA,3,4,hydrogen_bonds=3,hydrogen_bonds=4,0.6666666666666666,0.75,0.7058823529411765,0.5454545454545454,6,8,9,0.75,1.0,0.8571428571428571,0.75,3,3,4
5NU6,vina_pose,10,A:PLM:201,L:UNL:1,RDKit,18,6.9535504520272875,3,10.615289240838738,NA,NA,3,2,hydrogen_bonds=3,hydrogen_bonds=2,0.0,0.0,0.0,0.0,0,8,9,0.0,0.0,0.0,0.0,0,3,2
5NU6,vina_pose,11,A:PLM:201,L:UNL:1,RDKit,18,6.933900633842397,3,10.46557249588701,NA,NA,3,3,hydrogen_bonds=3,hydrogen_bonds=3,0.0,0.0,0.0,0.0,0,8,9,0.0,0.0,0.0,0.0,0,3,3
5NU6,vina_pose,12,A:PLM:201,L:UNL:1,RDKit,18,3.1889354284253963,3,1.9463190043429845,NA,NA,3,4,hydrogen_bonds=3,hydrogen_bonds=4,0.625,0.625,0.625,0.45454545454545453,5,8,8,0.75,1.0,0.8571428571428571,0.75,3,3,4
5NU6,vina_pose,13,A:PLM:201,L:UNL:1,RDKit,18,7.246628407596031,3,10.731816714797175,NA,NA,3,3,hydrogen_bonds=3,hydrogen_bonds=3,0.0,0.0,0.0,0.0,0,8,9,0.0,0.0,0.0,0.0,0,3,3
5NU6,vina_pose,14,A:PLM:201,L:UNL:1,RDKit,18,5.516170405674978,3,10.147045579872005,NA,NA,3,3,hydrogen_bonds=3,hydrogen_bonds=3,0.0,0.0,0.0,0.0,0,8,8,0.0,0.0,0.0,0.0,0,3,3
5NU6,vina_pose,15,A:PLM:201,L:UNL:1,RDKit,18,6.768517095100424,3,10.206007495588077,NA,NA,3,1,hydrogen_bonds=3,hydrogen_bonds=1,0.0,0.0,0.0,0.0,0,8,9,0.0,0.0,0.0,0.0,0,3,1
5NU6,vina_pose,16,A:PLM:201,L:UNL:1,RDKit,18,5.731226221324718,3,7.8271806120296805,NA,NA,3,3,hydrogen_bonds=3,hydrogen_bonds=3,0.16666666666666666,0.125,0.14285714285714288,0.07692307692307693,1,8,6,0.0,0.0,0.0,0.0,0,3,3
5NU6,vina_pose,17,A:PLM:201,L:UNL:1,RDKit,18,5.822533049379033,3,10.494906637666356,NA,NA,3,5,hydrogen_bonds=3,hydrogen_bonds=5,0.0,0.0,0.0,0.0,0,8,8,0.0,0.0,0.0,0.0,0,3,5
5NU6,vina_pose,18,A:PLM:201,L:UNL:1,RDKit,18,5.702299511795415,3,6.938967214218555,NA,NA,3,3,hydrogen_bonds=3,hydrogen_bonds=3,0.2,0.125,0.15384615384615385,0.08333333333333333,1,8,5,0.0,0.0,0.0,0.0,0,3,3
5NUA,boltz,1,A:DAO:201,B:DAO:1,RDKit,14,1.6431924914006002,3,2.8649638064483,174,0.831265157629796,3,3,hydrogen_bonds=3,hydrogen_bonds=3,0.625,0.625,0.625,0.45454545454545453,5,8,8,0.3333333333333333,0.3333333333333333,0.3333333333333333,0.2,1,3,3
5NUA,vina_pose,1,A:DAO:201,L:UNL:1,RDKit,14,2.039741667816925,3,2.1164504876482857,NA,NA,3,3,hydrogen_bonds=3,hydrogen_bonds=3,0.7777777777777778,0.875,0.823529411764706,0.7,7,8,9,0.6666666666666666,0.6666666666666666,0.6666666666666666,0.5,2,3,3
5NUA,vina_pose,2,A:DAO:201,L:UNL:1,RDKit,14,2.246491407252016,3,2.0042757627964605,NA,NA,3,3,hydrogen_bonds=3,hydrogen_bonds=3,0.6666666666666666,0.75,0.7058823529411765,0.5454545454545454,6,8,9,0.6666666666666666,0.6666666666666666,0.6666666666666666,0.5,2,3,3
5NUA,vina_pose,3,A:DAO:201,L:UNL:1,RDKit,14,2.0149475179269563,3,1.8486410323983038,NA,NA,3,3,hydrogen_bonds=3,hydrogen_bonds=3,0.7777777777777778,0.875,0.823529411764706,0.7,7,8,9,0.6666666666666666,0.6666666666666666,0.6666666666666666,0.5,2,3,3
5NUA,vina_pose,4,A:DAO:201,L:UNL:1,RDKit,14,1.98896951064759,3,1.9474056245853524,NA,NA,3,4,hydrogen_bonds=3,hydrogen_bonds=4,0.7777777777777778,0.875,0.823529411764706,0.7,7,8,9,0.75,1.0,0.8571428571428571,0.75,3,3,4
5NUA,vina_pose,5,A:DAO:201,L:UNL:1,RDKit,14,2.0719400501531338,3,1.7831687151435411,NA,NA,3,3,hydrogen_bonds=3,hydrogen_bonds=3,0.75,0.75,0.75,0.6,6,8,8,0.6666666666666666,0.6666666666666666,0.6666666666666666,0.5,2,3,3
5NUA,vina_pose,6,A:DAO:201,L:UNL:1,RDKit,14,5.813495186693999,3,7.567251416465558,NA,NA,3,3,hydrogen_bonds=3,hydrogen_bonds=3,0.16666666666666666,0.125,0.14285714285714288,0.07692307692307693,1,8,6,0.0,0.0,0.0,0.0,0,3,3
5NUA,vina_pose,7,A:DAO:201,L:UNL:1,RDKit,14,7.075027783892947,3,10.101894888254051,NA,NA,3,3,hydrogen_bonds=3,hydrogen_bonds=3,0.0,0.0,0.0,0.0,0,8,7,0.0,0.0,0.0,0.0,0,3,3
5NUA,vina_pose,8,A:DAO:201,L:UNL:1,RDKit,14,2.413311107172053,3,1.8297900608175426,NA,NA,3,2,hydrogen_bonds=3,hydrogen_bonds=2,0.875,0.875,0.875,0.7777777777777778,7,8,8,1.0,0.6666666666666666,0.8,0.6666666666666666,2,3,2
5NUA,vina_pose,9,A:DAO:201,L:UNL:1,RDKit,14,2.8137090924867945,3,1.8069013070262951,NA,NA,3,3,hydrogen_bonds=3,hydrogen_bonds=3,0.7777777777777778,0.875,0.823529411764706,0.7,7,8,9,0.6666666666666666,0.6666666666666666,0.6666666666666666,0.5,2,3,3
5NUA,vina_pose,10,A:DAO:201,L:UNL:1,RDKit,14,2.81181754894791,3,1.7861260687122091,NA,NA,3,3,hydrogen_bonds=3,hydrogen_bonds=3,0.75,0.75,0.75,0.6,6,8,8,0.6666666666666666,0.6666666666666666,0.6666666666666666,0.5,2,3,3
5NUA,vina_pose,11,A:DAO:201,L:UNL:1,RDKit,14,5.926146157977737,3,9.95706184909317,NA,NA,3,3,hydrogen_bonds=3,hydrogen_bonds=3,0.0,0.0,0.0,0.0,0,8,8,0.0,0.0,0.0,0.0,0,3,3
5NUA,vina_pose,12,A:DAO:201,L:UNL:1,RDKit,14,2.1643817494016293,3,1.8269751868411712,NA,NA,3,4,hydrogen_bonds=3,hydrogen_bonds=4,0.6666666666666666,0.75,0.7058823529411765,0.5454545454545454,6,8,9,0.75,1.0,0.8571428571428571,0.75,3,3,4
5NUA,vina_pose,13,A:DAO:201,L:UNL:1,RDKit,14,4.447570179322637,3,7.69137926512534,NA,NA,3,3,hydrogen_bonds=3,hydrogen_bonds=3,0.16666666666666666,0.125,0.14285714285714288,0.07692307692307693,1,8,6,0.0,0.0,0.0,0.0,0,3,3
5NUA,vina_pose,14,A:DAO:201,L:UNL:1,RDKit,14,7.126873668426731,3,10.658698419600771,NA,NA,3,3,hydrogen_bonds=3,hydrogen_bonds=3,0.0,0.0,0.0,0.0,0,8,9,0.0,0.0,0.0,0.0,0,3,3
5NUA,vina_pose,15,A:DAO:201,L:UNL:1,RDKit,14,6.154977167185223,3,8.50377041866332,NA,NA,3,0,hydrogen_bonds=3,none=0,0.14285714285714285,0.125,0.13333333333333333,0.07142857142857142,1,8,7,0.0,0.0,0.0,0.0,0,3,0
5NUA,vina_pose,16,A:DAO:201,L:UNL:1,RDKit,14,6.3962003955473445,3,8.636073336109801,NA,NA,3,0,hydrogen_bonds=3,none=0,0.2222222222222222,0.25,0.23529411764705882,0.13333333333333333,2,8,9,0.0,0.0,0.0,0.0,0,3,0
5NUA,vina_pose,17,A:DAO:201,L:UNL:1,RDKit,14,3.8687560108423185,3,4.702270409068369,NA,NA,3,3,hydrogen_bonds=3,hydrogen_bonds=3,0.2857142857142857,0.25,0.26666666666666666,0.15384615384615385,2,8,7,0.0,0.0,0.0,0.0,0,3,3
5UWZ,boltz,1,A:STE:303,B:STE:1,RDKit,20,1.3918531279044684,3,1.2293052994709268,219,0.9772191542866765,2,3,hydrogen_bonds=2,hydrogen_bonds=3,0.8181818181818182,0.9,0.8571428571428572,0.75,9,10,11,0.6666666666666666,1.0,0.8,0.6666666666666666,2,2,3
5UWZ,vina_pose,1,A:STE:303,L:UNL:1,RDKit,20,8.113952544845207,3,12.083056966954457,NA,NA,2,2,hydrogen_bonds=2,hydrogen_bonds=2,0.0,0.0,0.0,0.0,0,10,8,0.0,0.0,0.0,0.0,0,2,2
5UWZ,vina_pose,2,A:STE:303,L:UNL:1,RDKit,20,7.9201138943830856,3,12.08125370149969,NA,NA,2,2,hydrogen_bonds=2,hydrogen_bonds=2,0.0,0.0,0.0,0.0,0,10,9,0.0,0.0,0.0,0.0,0,2,2
5UWZ,vina_pose,3,A:STE:303,L:UNL:1,RDKit,20,7.993775659849356,3,12.209434453186873,NA,NA,2,1,hydrogen_bonds=2,hydrogen_bonds=1,0.0,0.0,0.0,0.0,0,10,6,0.0,0.0,0.0,0.0,0,2,1
5UWZ,vina_pose,4,A:STE:303,L:UNL:1,RDKit,20,8.101891637142526,3,12.658174907939927,NA,NA,2,2,hydrogen_bonds=2,hydrogen_bonds=2,0.0,0.0,0.0,0.0,0,10,7,0.0,0.0,0.0,0.0,0,2,2
5UWZ,vina_pose,5,A:STE:303,L:UNL:1,RDKit,20,7.971636011509808,3,12.154190882160771,NA,NA,2,2,hydrogen_bonds=2,hydrogen_bonds=2,0.0,0.0,0.0,0.0,0,10,9,0.0,0.0,0.0,0.0,0,2,2
5UWZ,vina_pose,6,A:STE:303,L:UNL:1,RDKit,20,3.1112161448539704,3,6.360604111770097,NA,NA,2,2,hydrogen_bonds=2,hydrogen_bonds=2,0.3333333333333333,0.2,0.25,0.14285714285714285,2,10,6,0.0,0.0,0.0,0.0,0,2,2
5UWZ,vina_pose,7,A:STE:303,L:UNL:1,RDKit,20,2.7821371012227276,3,5.100425537802377,NA,NA,2,2,hydrogen_bonds=2,hydrogen_bonds=2,0.6666666666666666,0.4,0.5,0.3333333333333333,4,10,6,0.0,0.0,0.0,0.0,0,2,2
5UWZ,vina_pose,8,A:STE:303,L:UNL:1,RDKit,20,2.6337929873093673,3,4.9815405916911555,NA,NA,2,2,hydrogen_bonds=2,hydrogen_bonds=2,0.6666666666666666,0.4,0.5,0.3333333333333333,4,10,6,0.0,0.0,0.0,0.0,0,2,2
5UWZ,vina_pose,9,A:STE:303,L:UNL:1,RDKit,20,1.376507537211475,3,1.8478304395515661,NA,NA,2,3,hydrogen_bonds=2,hydrogen_bonds=3,0.8888888888888888,0.8,0.8421052631578948,0.7272727272727273,8,10,9,0.0,0.0,0.0,0.0,0,2,3
5UWZ,vina_pose,10,A:STE:303,L:UNL:1,RDKit,20,2.5625198438256045,3,4.0010085811788345,NA,NA,2,2,hydrogen_bonds=2,hydrogen_bonds=2,0.625,0.5,0.5555555555555556,0.38461538461538464,5,10,8,0.0,0.0,0.0,0.0,0,2,2
5UWZ,vina_pose,11,A:STE:303,L:UNL:1,RDKit,20,2.2457974530219773,3,2.38184347372646,NA,NA,2,4,hydrogen_bonds=2,hydrogen_bonds=4,1.0,0.8,0.888888888888889,0.8,8,10,8,0.25,0.5,0.3333333333333333,0.2,1,2,4
5UWZ,vina_pose,12,A:STE:303,L:UNL:1,RDKit,20,1.8875084105772877,3,1.8177980269179148,NA,NA,2,4,hydrogen_bonds=2,hydrogen_bonds=4,1.0,0.8,0.888888888888889,0.8,8,10,8,0.25,0.5,0.3333333333333333,0.2,1,2,4
5UWZ,vina_pose,13,A:STE:303,L:UNL:1,RDKit,20,1.848610369980651,3,2.681772175260233,NA,NA,2,3,hydrogen_bonds=2,hydrogen_bonds=3,0.8888888888888888,0.8,0.8421052631578948,0.7272727272727273,8,10,9,0.0,0.0,0.0,0.0,0,2,3
5UWZ,vina_pose,14,A:STE:303,L:UNL:1,RDKit,20,2.3777024519480987,3,1.999753818181961,NA,NA,2,3,hydrogen_bonds=2,hydrogen_bonds=3,0.8888888888888888,0.8,0.8421052631578948,0.7272727272727273,8,10,9,0.0,0.0,0.0,0.0,0,2,3
5UWZ,vina_pose,15,A:STE:303,L:UNL:1,RDKit,20,4.252309519543468,3,6.149575486703669,NA,NA,2,1,hydrogen_bonds=2,hydrogen_bonds=1,0.5,0.3,0.37499999999999994,0.23076923076923078,3,10,6,0.0,0.0,0.0,0.0,0,2,1
5UWZ,vina_pose,16,A:STE:303,L:UNL:1,RDKit,20,2.295536407901212,3,1.3438506861503132,NA,NA,2,3,hydrogen_bonds=2,hydrogen_bonds=3,1.0,0.9,0.9473684210526316,0.9,9,10,9,0.3333333333333333,0.5,0.4,0.25,1,2,3
5UWZ,vina_pose,17,A:STE:303,L:UNL:1,RDKit,20,3.0407883188410207,3,1.462121062019148,NA,NA,2,2,hydrogen_bonds=2,hydrogen_bonds=2,1.0,0.9,0.9473684210526316,0.9,9,10,9,0.0,0.0,0.0,0.0,0,2,2
5UWZ,vina_pose,18,A:STE:303,L:UNL:1,RDKit,20,8.302634919108511,3,12.16903600673995,NA,NA,2,1,hydrogen_bonds=2,hydrogen_bonds=1,0.125,0.1,0.11111111111111112,0.058823529411764705,1,10,8,0.0,0.0,0.0,0.0,0,2,1
5UWZ,vina_pose,19,A:STE:303,L:UNL:1,RDKit,20,8.792639040697622,3,12.634314992643384,NA,NA,2,2,hydrogen_bonds=2,hydrogen_bonds=2,0.0,0.0,0.0,0.0,0,10,7,0.0,0.0,0.0,0.0,0,2,2
6C74,boltz,1,A:PC:201,B:PC:1,RDKit,11,0.3220784378288492,6,0.23006085579504953,111,0.24387546354920853,6,5,attractive_charge=1;hydrogen_bonds=3;ionic=1;salt_bridge=1,attractive_charge=1;hydrogen_bonds=2;ionic=1;salt_bridge=1,0.8333333333333334,0.8333333333333334,0.8333333333333334,0.7142857142857143,5,6,6,1.0,0.8333333333333334,0.9090909090909091,0.8333333333333334,5,6,5
6C74,vina_pose,1,A:PC:201,L:UNL:1,RDKit,11,4.004125883499305,6,4.933175768880191,NA,NA,6,2,attractive_charge=1;hydrogen_bonds=3;ionic=1;salt_bridge=1,hydrogen_bonds=2,0.25,0.5,0.3333333333333333,0.2,3,6,12,0.5,0.16666666666666666,0.25,0.14285714285714285,1,6,2
6C74,vina_pose,2,A:PC:201,L:UNL:1,RDKit,11,4.3074617605014,6,4.887508721219841,NA,NA,6,1,attractive_charge=1;hydrogen_bonds=3;ionic=1;salt_bridge=1,hydrogen_bonds=1,0.3333333333333333,0.16666666666666666,0.2222222222222222,0.125,1,6,3,1.0,0.16666666666666666,0.2857142857142857,0.16666666666666666,1,6,1
6C74,vina_pose,3,A:PC:201,L:UNL:1,RDKit,11,5.5269759362602615,6,5.681841353528507,NA,NA,6,6,attractive_charge=1;hydrogen_bonds=3;ionic=1;salt_bridge=1,attractive_charge=1;hydrogen_bonds=3;ionic=1;salt_bridge=1,0.2727272727272727,0.5,0.3529411764705882,0.21428571428571427,3,6,11,0.5,0.5,0.5,0.3333333333333333,3,6,6
6C74,vina_pose,4,A:PC:201,L:UNL:1,RDKit,11,4.726928168387046,6,2.8779126984674153,NA,NA,6,6,attractive_charge=1;hydrogen_bonds=3;ionic=1;salt_bridge=1,attractive_charge=1;hydrogen_bonds=3;ionic=1;salt_bridge=1,0.7142857142857143,0.8333333333333334,0.7692307692307692,0.625,5,6,7,0.8333333333333334,0.8333333333333334,0.8333333333333334,0.7142857142857143,5,6,6
6C74,vina_pose,5,A:PC:201,L:UNL:1,RDKit,11,4.888715066354348,6,5.137998945763484,NA,NA,6,5,attractive_charge=1;hydrogen_bonds=3;ionic=1;salt_bridge=1,attractive_charge=1;hydrogen_bonds=2;ionic=1;salt_bridge=1,0.3333333333333333,0.3333333333333333,0.3333333333333333,0.2,2,6,6,0.8,0.6666666666666666,0.7272727272727272,0.5714285714285714,4,6,5
6C74,vina_pose,6,A:PC:201,L:UNL:1,RDKit,11,4.443485671079733,6,4.975510191595096,NA,NA,6,0,attractive_charge=1;hydrogen_bonds=3;ionic=1;salt_bridge=1,none=0,1.0,0.16666666666666666,0.2857142857142857,0.16666666666666666,1,6,1,0.0,0.0,0.0,0.0,0,6,0
6C74,vina_pose,7,A:PC:201,L:UNL:1,RDKit,11,4.760213125480833,6,3.7173588070026278,NA,NA,6,5,attractive_charge=1;hydrogen_bonds=3;ionic=1;salt_bridge=1,attractive_charge=1;hydrogen_bonds=2;ionic=1;salt_bridge=1,0.625,0.8333333333333334,0.7142857142857143,0.5555555555555556,5,6,8,0.2,0.16666666666666666,0.1818181818181818,0.1,1,6,5
6C74,vina_pose,8,A:PC:201,L:UNL:1,RDKit,11,4.342576769615017,6,4.587188754200841,NA,NA,6,2,attractive_charge=1;hydrogen_bonds=3;ionic=1;salt_bridge=1,hydrogen_bonds=2,0.375,0.5,0.42857142857142855,0.2727272727272727,3,6,8,0.5,0.16666666666666666,0.25,0.14285714285714285,1,6,2
6C74,vina_pose,9,A:PC:201,L:UNL:1,RDKit,11,5.137655602598241,6,5.005346225121029,NA,NA,6,5,attractive_charge=1;hydrogen_bonds=3;ionic=1;salt_bridge=1,attractive_charge=1;hydrogen_bonds=2;ionic=1;salt_bridge=1,0.42857142857142855,0.5,0.4615384615384615,0.3,3,6,7,0.8,0.6666666666666666,0.7272727272727272,0.5714285714285714,4,6,5
6C74,vina_pose,10,A:PC:201,L:UNL:1,RDKit,11,4.337065545441359,6,4.272937436159501,NA,NA,6,6,attractive_charge=1;hydrogen_bonds=3;ionic=1;salt_bridge=1,attractive_charge=1;hydrogen_bonds=3;ionic=1;salt_bridge=1,0.5454545454545454,1.0,0.7058823529411764,0.5454545454545454,6,6,11,0.16666666666666666,0.16666666666666666,0.16666666666666666,0.09090909090909091,1,6,6
6C74,vina_pose,11,A:PC:201,L:UNL:1,RDKit,11,5.578228604461847,6,5.203667648879971,NA,NA,6,0,attractive_charge=1;hydrogen_bonds=3;ionic=1;salt_bridge=1,none=0,0.0,0.0,0.0,0.0,0,6,0,0.0,0.0,0.0,0.0,0,6,0
6C74,vina_pose,12,A:PC:201,L:UNL:1,RDKit,11,3.3727985277942274,6,2.791065895555555,NA,NA,6,3,attractive_charge=1;hydrogen_bonds=3;ionic=1;salt_bridge=1,hydrogen_bonds=3,0.75,1.0,0.8571428571428571,0.75,6,6,8,0.6666666666666666,0.3333333333333333,0.4444444444444444,0.2857142857142857,2,6,3
6C74,vina_pose,13,A:PC:201,L:UNL:1,RDKit,11,5.008673313726536,6,4.768488037802618,NA,NA,6,6,attractive_charge=1;hydrogen_bonds=3;ionic=1;salt_bridge=1,attractive_charge=1;hydrogen_bonds=3;ionic=1;salt_bridge=1,0.3,0.5,0.37499999999999994,0.23076923076923078,3,6,10,0.6666666666666666,0.6666666666666666,0.6666666666666666,0.5,4,6,6
6C74,vina_pose,14,A:PC:201,L:UNL:1,RDKit,11,4.9254682841514486,6,1.9967931373413053,NA,NA,6,6,attractive_charge=1;hydrogen_bonds=3;ionic=1;salt_bridge=1,attractive_charge=1;hydrogen_bonds=3;ionic=1;salt_bridge=1,0.7142857142857143,0.8333333333333334,0.7692307692307692,0.625,5,6,7,1.0,1.0,1.0,1.0,6,6,6
6C74,vina_pose,15,A:PC:201,L:UNL:1,RDKit,11,5.591025284084551,6,6.693472491913297,NA,NA,6,3,attractive_charge=1;hydrogen_bonds=3;ionic=1;salt_bridge=1,hydrogen_bonds=3,0.3,0.5,0.37499999999999994,0.23076923076923078,3,6,10,0.0,0.0,0.0,0.0,0,6,3
6C74,vina_pose,16,A:PC:201,L:UNL:1,RDKit,11,4.574057985481322,6,4.802381700781394,NA,NA,6,3,attractive_charge=1;hydrogen_bonds=3;ionic=1;salt_bridge=1,hydrogen_bonds=3,0.3,0.5,0.37499999999999994,0.23076923076923078,3,6,10,0.3333333333333333,0.16666666666666666,0.2222222222222222,0.125,1,6,3
6C74,vina_pose,17,A:PC:201,L:UNL:1,RDKit,11,4.881481556025607,6,4.001266278733938,NA,NA,6,5,attractive_charge=1;hydrogen_bonds=3;ionic=1;salt_bridge=1,attractive_charge=1;hydrogen_bonds=2;ionic=1;salt_bridge=1,0.5555555555555556,0.8333333333333334,0.6666666666666667,0.5,5,6,9,0.8,0.6666666666666666,0.7272727272727272,0.5714285714285714,4,6,5
6C74,vina_pose,18,A:PC:201,L:UNL:1,RDKit,11,3.509717509999915,6,3.171746443207591,NA,NA,6,0,attractive_charge=1;hydrogen_bonds=3;ionic=1;salt_bridge=1,none=0,1.0,0.5,0.6666666666666666,0.5,3,6,3,0.0,0.0,0.0,0.0,0,6,0
6C74,vina_pose,19,A:PC:201,L:UNL:1,RDKit,11,4.5006358338673556,6,4.262669546970145,NA,NA,6,1,attractive_charge=1;hydrogen_bonds=3;ionic=1;salt_bridge=1,hydrogen_bonds=1,0.3333333333333333,0.5,0.4,0.25,3,6,9,0.0,0.0,0.0,0.0,0,6,1
6C74,vina_pose,20,A:PC:201,L:UNL:1,RDKit,11,4.8702964535492645,6,5.270005360528582,NA,NA,6,3,attractive_charge=1;hydrogen_bonds=3;ionic=1;salt_bridge=1,hydrogen_bonds=3,0.3333333333333333,0.5,0.4,0.25,3,6,9,0.3333333333333333,0.16666666666666666,0.2222222222222222,0.125,1,6,3
6DGG,boltz,1,A:DAO:301,B:DAO:1,RDKit,14,0.3003447159725114,3,0.19122534035922528,103,0.8822614935132203,4,4,hydrogen_bonds=4,hydrogen_bonds=4,0.875,1.0,0.9333333333333333,0.875,7,7,8,1.0,1.0,1.0,1.0,4,4,4
6DGG,vina_pose,1,A:DAO:301,L:UNL:1,RDKit,14,2.8873913956075596,3,4.138054776502281,NA,NA,4,2,hydrogen_bonds=4,hydrogen_bonds=2,0.4,0.5714285714285714,0.47058823529411764,0.3076923076923077,4,7,10,0.5,0.25,0.3333333333333333,0.2,1,4,2
6DGG,vina_pose,2,A:DAO:301,L:UNL:1,RDKit,14,3.404744336951014,3,4.187268481162073,NA,NA,4,1,hydrogen_bonds=4,hydrogen_bonds=1,0.4444444444444444,0.5714285714285714,0.5,0.3333333333333333,4,7,9,0.0,0.0,0.0,0.0,0,4,1
6DGG,vina_pose,3,A:DAO:301,L:UNL:1,RDKit,14,1.4622670266209445,3,1.9802285221660665,NA,NA,4,4,hydrogen_bonds=4,hydrogen_bonds=4,0.875,1.0,0.9333333333333333,0.875,7,7,8,0.75,0.75,0.75,0.6,3,4,4
6DGG,vina_pose,4,A:DAO:301,L:UNL:1,RDKit,14,3.3292456889125583,3,4.151073395319978,NA,NA,4,2,hydrogen_bonds=4,hydrogen_bonds=2,0.5,0.7142857142857143,0.588235294117647,0.4166666666666667,5,7,10,0.5,0.25,0.3333333333333333,0.2,1,4,2
6DGG,vina_pose,5,A:DAO:301,L:UNL:1,RDKit,14,1.210314156383729,3,1.249243637833176,NA,NA,4,4,hydrogen_bonds=4,hydrogen_bonds=4,1.0,1.0,1.0,1.0,7,7,7,0.75,0.75,0.75,0.6,3,4,4
6DGG,vina_pose,6,A:DAO:301,L:UNL:1,RDKit,14,1.739817129142354,3,2.1765464234271077,NA,NA,4,2,hydrogen_bonds=4,hydrogen_bonds=2,0.5833333333333334,1.0,0.7368421052631579,0.5833333333333334,7,7,12,0.5,0.25,0.3333333333333333,0.2,1,4,2
6DGG,vina_pose,7,A:DAO:301,L:UNL:1,RDKit,14,8.487356815539552,3,12.595257467263885,NA,NA,4,0,hydrogen_bonds=4,none=0,0.0,0.0,0.0,0.0,0,7,8,0.0,0.0,0.0,0.0,0,4,0
6DGG,vina_pose,8,A:DAO:301,L:UNL:1,RDKit,14,8.594017242078518,3,12.742921786884931,NA,NA,4,0,hydrogen_bonds=4,none=0,0.0,0.0,0.0,0.0,0,7,9,0.0,0.0,0.0,0.0,0,4,0
6DGG,vina_pose,9,A:DAO:301,L:UNL:1,RDKit,14,8.608295828526606,3,13.564847928868696,NA,NA,4,0,hydrogen_bonds=4,none=0,0.0,0.0,0.0,0.0,0,7,9,0.0,0.0,0.0,0.0,0,4,0
6DGG,vina_pose,10,A:DAO:301,L:UNL:1,RDKit,14,8.565283453736784,3,13.155908748543371,NA,NA,4,1,hydrogen_bonds=4,hydrogen_bonds=1,0.0,0.0,0.0,0.0,0,7,9,0.0,0.0,0.0,0.0,0,4,1
6DGG,vina_pose,11,A:DAO:301,L:UNL:1,RDKit,14,8.8916932181511,3,13.73761431253622,NA,NA,4,0,hydrogen_bonds=4,none=0,0.0,0.0,0.0,0.0,0,7,9,0.0,0.0,0.0,0.0,0,4,0
6DGG,vina_pose,12,A:DAO:301,L:UNL:1,RDKit,14,8.851183383351307,3,12.96981256610904,NA,NA,4,1,hydrogen_bonds=4,hydrogen_bonds=1,0.0,0.0,0.0,0.0,0,7,8,0.0,0.0,0.0,0.0,0,4,1
6DGG,vina_pose,13,A:DAO:301,L:UNL:1,RDKit,14,1.6530727233160158,3,1.7655107853913934,NA,NA,4,3,hydrogen_bonds=4,hydrogen_bonds=3,1.0,1.0,1.0,1.0,7,7,7,1.0,0.75,0.8571428571428571,0.75,3,4,3
6DGG,vina_pose,14,A:DAO:301,L:UNL:1,RDKit,14,8.547168867107818,3,12.430317011243115,NA,NA,4,0,hydrogen_bonds=4,none=0,0.0,0.0,0.0,0.0,0,7,8,0.0,0.0,0.0,0.0,0,4,0
6DGG,vina_pose,15,A:DAO:301,L:UNL:1,RDKit,14,8.810673093308074,3,12.246116949193869,NA,NA,4,1,hydrogen_bonds=4,hydrogen_bonds=1,0.0,0.0,0.0,0.0,0,7,8,0.0,0.0,0.0,0.0,0,4,1
6DGG,vina_pose,16,A:DAO:301,L:UNL:1,RDKit,14,4.880315805062502,3,6.519376555060051,NA,NA,4,0,hydrogen_bonds=4,none=0,0.0,0.0,0.0,0.0,0,7,6,0.0,0.0,0.0,0.0,0,4,0
6DGG,vina_pose,17,A:DAO:301,L:UNL:1,RDKit,14,4.574821768581342,3,6.307500957854333,NA,NA,4,0,hydrogen_bonds=4,none=0,0.14285714285714285,0.14285714285714285,0.14285714285714285,0.07692307692307693,1,7,7,0.0,0.0,0.0,0.0,0,4,0
6DKE,boltz,1,A:PLM:401,B:PLM:1,RDKit,18,1.2910529129698636,3,2.007456438352527,283,0.9223341576201421,3,2,hydrogen_bonds=3,hydrogen_bonds=2,1.0,0.75,0.8571428571428571,0.75,6,8,6,1.0,0.6666666666666666,0.8,0.6666666666666666,2,3,2
6DKE,vina_pose,1,A:PLM:401,L:UNL:1,RDKit,18,1.3544570662979485,3,1.6641996074189338,NA,NA,3,4,hydrogen_bonds=3,hydrogen_bonds=4,0.7,0.875,0.7777777777777777,0.6363636363636364,7,8,10,0.75,1.0,0.8571428571428571,0.75,3,3,4
6DKE,vina_pose,2,A:PLM:401,L:UNL:1,RDKit,18,1.2729221194645892,3,2.1295710835752817,NA,NA,3,3,hydrogen_bonds=3,hydrogen_bonds=3,0.7,0.875,0.7777777777777777,0.6363636363636364,7,8,10,1.0,1.0,1.0,1.0,3,3,3
6DKE,vina_pose,3,A:PLM:401,L:UNL:1,RDKit,18,1.3854379371800738,3,2.1586697292545702,NA,NA,3,3,hydrogen_bonds=3,hydrogen_bonds=3,0.7,0.875,0.7777777777777777,0.6363636363636364,7,8,10,1.0,1.0,1.0,1.0,3,3,3
6DKE,vina_pose,4,A:PLM:401,L:UNL:1,RDKit,18,10.526061981260291,3,15.151581094614075,NA,NA,3,1,hydrogen_bonds=3,hydrogen_bonds=1,0.0,0.0,0.0,0.0,0,8,10,0.0,0.0,0.0,0.0,0,3,1
6DKE,vina_pose,5,A:PLM:401,L:UNL:1,RDKit,18,0.866948447781707,3,0.23889676989584108,NA,NA,3,3,hydrogen_bonds=3,hydrogen_bonds=3,1.0,1.0,1.0,1.0,8,8,8,1.0,1.0,1.0,1.0,3,3,3
6DKE,vina_pose,6,A:PLM:401,L:UNL:1,RDKit,18,10.298582817822826,3,15.035807095064769,NA,NA,3,1,hydrogen_bonds=3,hydrogen_bonds=1,0.0,0.0,0.0,0.0,0,8,10,0.0,0.0,0.0,0.0,0,3,1
6DKE,vina_pose,7,A:PLM:401,L:UNL:1,RDKit,18,1.4700114134099622,3,1.8328416916544281,NA,NA,3,3,hydrogen_bonds=3,hydrogen_bonds=3,1.0,1.0,1.0,1.0,8,8,8,1.0,1.0,1.0,1.0,3,3,3
6DKE,vina_pose,8,A:PLM:401,L:UNL:1,RDKit,18,2.0572490261403837,3,1.9857129701948364,NA,NA,3,5,hydrogen_bonds=3,hydrogen_bonds=5,0.7,0.875,0.7777777777777777,0.6363636363636364,7,8,10,0.6,1.0,0.7499999999999999,0.6,3,3,5
6DKE,vina_pose,9,A:PLM:401,L:UNL:1,RDKit,18,10.33272878876738,3,14.736132294465873,NA,NA,3,1,hydrogen_bonds=3,hydrogen_bonds=1,0.0,0.0,0.0,0.0,0,8,10,0.0,0.0,0.0,0.0,0,3,1
6DKE,vina_pose,10,A:PLM:401,L:UNL:1,RDKit,18,2.885962308216177,3,3.0726272688585796,NA,NA,3,2,hydrogen_bonds=3,hydrogen_bonds=2,1.0,0.75,0.8571428571428571,0.75,6,8,6,0.5,0.3333333333333333,0.4,0.25,1,3,2
6DKE,vina_pose,11,A:PLM:401,L:UNL:1,RDKit,18,3.825717282056036,3,7.559976962046027,NA,NA,3,2,hydrogen_bonds=3,hydrogen_bonds=2,0.14285714285714285,0.125,0.13333333333333333,0.07142857142857142,1,8,7,0.0,0.0,0.0,0.0,0,3,2
6DKE,vina_pose,12,A:PLM:401,L:UNL:1,RDKit,18,11.049312080145281,3,14.676063232352197,NA,NA,3,0,hydrogen_bonds=3,none=0,0.0,0.0,0.0,0.0,0,8,9,0.0,0.0,0.0,0.0,0,3,0
6DKE,vina_pose,13,A:PLM:401,L:UNL:1,RDKit,18,9.677680435471668,3,15.280088699568033,NA,NA,3,1,hydrogen_bonds=3,hydrogen_bonds=1,0.0,0.0,0.0,0.0,0,8,10,0.0,0.0,0.0,0.0,0,3,1
6DKE,vina_pose,14,A:PLM:401,L:UNL:1,RDKit,18,3.8195916739300233,3,3.225383956471952,NA,NA,3,1,hydrogen_bonds=3,hydrogen_bonds=1,1.0,0.75,0.8571428571428571,0.75,6,8,6,0.0,0.0,0.0,0.0,0,3,1
6DKE,vina_pose,15,A:PLM:401,L:UNL:1,RDKit,18,10.016677989455609,3,16.178762550537254,NA,NA,3,1,hydrogen_bonds=3,hydrogen_bonds=1,0.0,0.0,0.0,0.0,0,8,12,0.0,0.0,0.0,0.0,0,3,1
6DKE,vina_pose,16,A:PLM:401,L:UNL:1,RDKit,18,5.328920153276835,3,4.375402724321499,NA,NA,3,1,hydrogen_bonds=3,hydrogen_bonds=1,0.75,0.375,0.5,0.3333333333333333,3,8,4,1.0,0.3333333333333333,0.5,0.3333333333333333,1,3,1
6E5F,boltz,1,A:L6T:301,B:L6T:1,RDKit,35,0.7101807880517883,5,0.5516768538687542,173,0.34501703597393807,0,1,none=0,hydrogen_bonds=1,1.0,1.0,1.0,1.0,6,6,6,NA,NA,NA,NA,0,0,1
6E5F,vina_pose,1,A:L6T:301,A:L6T:301,RDKit,35,5.8132094280740105,5,5.635631146059863,NA,NA,0,0,none=0,none=0,0.75,0.5,0.6,0.42857142857142855,3,6,4,NA,NA,NA,NA,0,0,0
6E5F,vina_pose,2,A:L6T:301,A:L6T:301,RDKit,35,4.690899368755573,5,4.198121438743763,NA,NA,0,0,none=0,none=0,1.0,0.5,0.6666666666666666,0.5,3,6,3,NA,NA,NA,NA,0,0,0
6E5F,vina_pose,3,A:L6T:301,A:L6T:301,RDKit,35,7.3059673757292405,5,6.905843951787501,NA,NA,0,0,none=0,none=0,0.5,0.5,0.5,0.3333333333333333,3,6,6,NA,NA,NA,NA,0,0,0
6E5F,vina_pose,4,A:L6T:301,A:L6T:301,RDKit,35,7.22507109756951,5,7.043310573476084,NA,NA,0,1,none=0,hydrogen_bonds=1,0.75,0.5,0.6,0.42857142857142855,3,6,4,NA,NA,NA,NA,0,0,1
6E5F,vina_pose,5,A:L6T:301,A:L6T:301,RDKit,35,7.440925047086744,5,7.304428024317852,NA,NA,0,1,none=0,hydrogen_bonds=1,0.6,0.5,0.5454545454545454,0.375,3,6,5,NA,NA,NA,NA,0,0,1
6E5F,vina_pose,6,A:L6T:301,A:L6T:301,RDKit,35,5.8807271234885805,5,5.705965297689778,NA,NA,0,0,none=0,none=0,0.25,0.16666666666666666,0.2,0.1111111111111111,1,6,4,NA,NA,NA,NA,0,0,0
6E5F,vina_pose,7,A:L6T:301,A:L6T:301,RDKit,35,8.08035680261124,5,7.82207324808711,NA,NA,0,0,none=0,none=0,0.6666666666666666,0.3333333333333333,0.4444444444444444,0.2857142857142857,2,6,3,NA,NA,NA,NA,0,0,0
6E5F,vina_pose,8,A:L6T:301,A:L6T:301,RDKit,35,3.76988256676783,5,3.882923712673223,NA,NA,0,0,none=0,none=0,0.8333333333333334,0.8333333333333334,0.8333333333333334,0.7142857142857143,5,6,6,NA,NA,NA,NA,0,0,0
6E5F,vina_pose,9,A:L6T:301,A:L6T:301,RDKit,35,5.093449739343661,5,4.700798862580699,NA,NA,0,0,none=0,none=0,1.0,0.16666666666666666,0.2857142857142857,0.16666666666666666,1,6,1,NA,NA,NA,NA,0,0,0
6E5F,vina_pose,10,A:L6T:301,A:L6T:301,RDKit,35,5.0728110164813245,5,4.846410634525308,NA,NA,0,0,none=0,none=0,0.0,0.0,0.0,0.0,0,6,0,NA,NA,NA,NA,0,0,0
6E5F,vina_pose,11,A:L6T:301,A:L6T:301,RDKit,35,3.657106530628122,5,3.8221090610342356,NA,NA,0,1,none=0,hydrogen_bonds=1,0.8333333333333334,0.8333333333333334,0.8333333333333334,0.7142857142857143,5,6,6,NA,NA,NA,NA,0,0,1
6E5F,vina_pose,12,A:L6T:301,A:L6T:301,RDKit,35,5.4979200759993905,5,5.03314943533768,NA,NA,0,0,none=0,none=0,0.6666666666666666,0.3333333333333333,0.4444444444444444,0.2857142857142857,2,6,3,NA,NA,NA,NA,0,0,0
6E5F,vina_pose,13,A:L6T:301,A:L6T:301,RDKit,35,7.704217367858983,5,7.816588835191474,NA,NA,0,0,none=0,none=0,1.0,0.16666666666666666,0.2857142857142857,0.16666666666666666,1,6,1,NA,NA,NA,NA,0,0,0
6E5F,vina_pose,14,A:L6T:301,A:L6T:301,RDKit,35,7.056816487932988,5,6.602503254860235,NA,NA,0,0,none=0,none=0,0.75,0.5,0.6,0.42857142857142855,3,6,4,NA,NA,NA,NA,0,0,0
6E5F,vina_pose,15,A:L6T:301,A:L6T:301,RDKit,35,6.627578714977288,5,6.7200546636496945,NA,NA,0,0,none=0,none=0,1.0,0.3333333333333333,0.5,0.3333333333333333,2,6,2,NA,NA,NA,NA,0,0,0
6E5F,vina_pose,16,A:L6T:301,A:L6T:301,RDKit,35,5.603234465996786,5,6.372470726055947,NA,NA,0,0,none=0,none=0,0.2,0.16666666666666666,0.1818181818181818,0.1,1,6,5,NA,NA,NA,NA,0,0,0
6E5F,vina_pose,17,A:L6T:301,A:L6T:301,RDKit,35,6.1830142352200905,5,5.802916337363482,NA,NA,0,0,none=0,none=0,0.5,0.16666666666666666,0.25,0.14285714285714285,1,6,2,NA,NA,NA,NA,0,0,0
6E5F,vina_pose,18,A:L6T:301,A:L6T:301,RDKit,35,3.8377414720963903,5,3.3003646062882206,NA,NA,0,0,none=0,none=0,1.0,0.5,0.6666666666666666,0.5,3,6,3,NA,NA,NA,NA,0,0,0
6E5F,vina_pose,19,A:L6T:301,A:L6T:301,RDKit,35,7.218048723725627,5,7.12524968281393,NA,NA,0,0,none=0,none=0,0.42857142857142855,0.5,0.4615384615384615,0.3,3,6,7,NA,NA,NA,NA,0,0,0
6E5F,vina_pose,20,A:L6T:301,A:L6T:301,RDKit,35,6.302865517462672,5,6.4710376656638315,NA,NA,0,0,none=0,none=0,0.0,0.0,0.0,0.0,0,6,3,NA,NA,NA,NA,0,0,0
6EW2,boltz,1,A:PLM:201,B:PLM:1,RDKit,18,0.9623956603712575,3,1.6897813845973544,133,0.3293939777876558,3,3,hydrogen_bonds=3,hydrogen_bonds=3,0.8571428571428571,1.0,0.923076923076923,0.8571428571428571,6,6,7,1.0,1.0,1.0,1.0,3,3,3
6EW2,vina_pose,1,A:PLM:201,L:UNL:1,RDKit,18,4.205243327614283,3,7.677257366186617,NA,NA,3,3,hydrogen_bonds=3,hydrogen_bonds=3,0.1111111111111111,0.16666666666666666,0.13333333333333333,0.07142857142857142,1,6,9,0.0,0.0,0.0,0.0,0,3,3
6EW2,vina_pose,2,A:PLM:201,L:UNL:1,RDKit,18,3.978308448462877,3,7.262508473890637,NA,NA,3,3,hydrogen_bonds=3,hydrogen_bonds=3,0.125,0.16666666666666666,0.14285714285714288,0.07692307692307693,1,6,8,0.0,0.0,0.0,0.0,0,3,3
6EW2,vina_pose,3,A:PLM:201,L:UNL:1,RDKit,18,4.528318697068729,3,7.534940742965402,NA,NA,3,3,hydrogen_bonds=3,hydrogen_bonds=3,0.1111111111111111,0.16666666666666666,0.13333333333333333,0.07142857142857142,1,6,9,0.0,0.0,0.0,0.0,0,3,3
6EW2,vina_pose,4,A:PLM:201,L:UNL:1,RDKit,18,4.062948183824701,3,7.705231404701611,NA,NA,3,3,hydrogen_bonds=3,hydrogen_bonds=3,0.1111111111111111,0.16666666666666666,0.13333333333333333,0.07142857142857142,1,6,9,0.0,0.0,0.0,0.0,0,3,3
6EW2,vina_pose,5,A:PLM:201,L:UNL:1,RDKit,18,3.4600387521914633,3,7.194156471285102,NA,NA,3,3,hydrogen_bonds=3,hydrogen_bonds=3,0.125,0.16666666666666666,0.14285714285714288,0.07692307692307693,1,6,8,0.0,0.0,0.0,0.0,0,3,3
6EW2,vina_pose,6,A:PLM:201,L:UNL:1,RDKit,18,4.186443213251288,3,7.694200651573017,NA,NA,3,3,hydrogen_bonds=3,hydrogen_bonds=3,0.1111111111111111,0.16666666666666666,0.13333333333333333,0.07142857142857142,1,6,9,0.0,0.0,0.0,0.0,0,3,3
6EW2,vina_pose,7,A:PLM:201,L:UNL:1,RDKit,18,4.616631064844676,3,7.389961298951436,NA,NA,3,3,hydrogen_bonds=3,hydrogen_bonds=3,0.1111111111111111,0.16666666666666666,0.13333333333333333,0.07142857142857142,1,6,9,0.0,0.0,0.0,0.0,0,3,3
6EW2,vina_pose,8,A:PLM:201,L:UNL:1,RDKit,18,4.749314570428968,3,6.845445493172815,NA,NA,3,2,hydrogen_bonds=3,hydrogen_bonds=2,0.16666666666666666,0.16666666666666666,0.16666666666666666,0.09090909090909091,1,6,6,0.0,0.0,0.0,0.0,0,3,2
6EW2,vina_pose,9,A:PLM:201,L:UNL:1,RDKit,18,4.2190611449046855,3,7.728056116083351,NA,NA,3,3,hydrogen_bonds=3,hydrogen_bonds=3,0.125,0.16666666666666666,0.14285714285714288,0.07692307692307693,1,6,8,0.0,0.0,0.0,0.0,0,3,3
6EW2,vina_pose,10,A:PLM:201,L:UNL:1,RDKit,18,4.079631784855097,3,6.902529246587805,NA,NA,3,3,hydrogen_bonds=3,hydrogen_bonds=3,0.16666666666666666,0.16666666666666666,0.16666666666666666,0.09090909090909091,1,6,6,0.0,0.0,0.0,0.0,0,3,3
6EW2,vina_pose,11,A:PLM:201,L:UNL:1,RDKit,18,2.5322819419119456,3,1.9700362940819123,NA,NA,3,3,hydrogen_bonds=3,hydrogen_bonds=3,1.0,0.8333333333333334,0.9090909090909091,0.8333333333333334,5,6,5,1.0,1.0,1.0,1.0,3,3,3
6EW2,vina_pose,12,A:PLM:201,L:UNL:1,RDKit,18,3.8484833448458056,3,7.561893964697823,NA,NA,3,3,hydrogen_bonds=3,hydrogen_bonds=3,0.125,0.16666666666666666,0.14285714285714288,0.07692307692307693,1,6,8,0.0,0.0,0.0,0.0,0,3,3
6EW2,vina_pose,13,A:PLM:201,L:UNL:1,RDKit,18,5.820299543647025,3,7.4690866242131655,NA,NA,3,3,hydrogen_bonds=3,hydrogen_bonds=3,0.1111111111111111,0.16666666666666666,0.13333333333333333,0.07142857142857142,1,6,9,0.0,0.0,0.0,0.0,0,3,3
6EW2,vina_pose,14,A:PLM:201,L:UNL:1,RDKit,18,2.023624031835514,3,0.9929587101184032,NA,NA,3,3,hydrogen_bonds=3,hydrogen_bonds=3,1.0,0.8333333333333334,0.9090909090909091,0.8333333333333334,5,6,5,1.0,1.0,1.0,1.0,3,3,3
6EW2,vina_pose,15,A:PLM:201,L:UNL:1,RDKit,18,5.0431816621828895,3,7.095751381401877,NA,NA,3,2,hydrogen_bonds=3,hydrogen_bonds=2,0.0,0.0,0.0,0.0,0,6,6,0.0,0.0,0.0,0.0,0,3,2
6EW2,vina_pose,16,A:PLM:201,L:UNL:1,RDKit,18,6.571211963303776,3,7.696076467915322,NA,NA,3,0,hydrogen_bonds=3,none=0,0.0,0.0,0.0,0.0,0,6,7,0.0,0.0,0.0,0.0,0,3,0
6EW2,vina_pose,17,A:PLM:201,L:UNL:1,RDKit,18,2.483430031674381,3,2.1843806139651254,NA,NA,3,3,hydrogen_bonds=3,hydrogen_bonds=3,1.0,0.6666666666666666,0.8,0.6666666666666666,4,6,4,1.0,1.0,1.0,1.0,3,3,3
6EW2,vina_pose,18,A:PLM:201,L:UNL:1,RDKit,18,5.724093809892046,3,5.15589384426535,NA,NA,3,1,hydrogen_bonds=3,hydrogen_bonds=1,0.3333333333333333,0.16666666666666666,0.2222222222222222,0.125,1,6,3,1.0,0.3333333333333333,0.5,0.3333333333333333,1,3,1
6EW2,vina_pose,19,A:PLM:201,L:UNL:1,RDKit,18,4.267081190801141,3,0.7614466494771628,NA,NA,3,3,hydrogen_bonds=3,hydrogen_bonds=3,1.0,1.0,1.0,1.0,6,6,6,1.0,1.0,1.0,1.0,3,3,3
6EW2,vina_pose,20,A:PLM:201,L:UNL:1,RDKit,18,3.4893421538546017,3,1.780906978667516,NA,NA,3,3,hydrogen_bonds=3,hydrogen_bonds=3,1.0,1.0,1.0,1.0,6,6,6,1.0,1.0,1.0,1.0,3,3,3
6EW4,boltz,1,A:PLM:201,B:PLM:1,RDKit,18,1.0326333102461516,3,1.757570889345796,133,0.3067197759405988,3,3,hydrogen_bonds=3,hydrogen_bonds=3,0.8571428571428571,0.8571428571428571,0.8571428571428571,0.75,6,7,7,1.0,1.0,1.0,1.0,3,3,3
6EW4,vina_pose,1,A:PLM:201,L:UNL:1,RDKit,18,3.409174435744427,3,7.430709477118141,NA,NA,3,3,hydrogen_bonds=3,hydrogen_bonds=3,0.1,0.14285714285714285,0.11764705882352941,0.0625,1,7,10,0.0,0.0,0.0,0.0,0,3,3
6EW4,vina_pose,2,A:PLM:201,L:UNL:1,RDKit,18,4.190631880224695,3,7.495447084730837,NA,NA,3,3,hydrogen_bonds=3,hydrogen_bonds=3,0.1,0.14285714285714285,0.11764705882352941,0.0625,1,7,10,0.0,0.0,0.0,0.0,0,3,3
6EW4,vina_pose,3,A:PLM:201,L:UNL:1,RDKit,18,3.248312707305816,3,7.02751089172641,NA,NA,3,3,hydrogen_bonds=3,hydrogen_bonds=3,0.125,0.14285714285714285,0.13333333333333333,0.07142857142857142,1,7,8,0.0,0.0,0.0,0.0,0,3,3
6EW4,vina_pose,4,A:PLM:201,L:UNL:1,RDKit,18,3.865973393309604,3,7.3033211623206045,NA,NA,3,3,hydrogen_bonds=3,hydrogen_bonds=3,0.1,0.14285714285714285,0.11764705882352941,0.0625,1,7,10,0.0,0.0,0.0,0.0,0,3,3
6EW4,vina_pose,5,A:PLM:201,L:UNL:1,RDKit,18,1.9150476640427403,3,2.4547191285358907,NA,NA,3,3,hydrogen_bonds=3,hydrogen_bonds=3,0.8333333333333334,0.7142857142857143,0.7692307692307692,0.625,5,7,6,0.6666666666666666,0.6666666666666666,0.6666666666666666,0.5,2,3,3
6EW4,vina_pose,6,A:PLM:201,L:UNL:1,RDKit,18,4.64830586821096,3,7.224846849587886,NA,NA,3,3,hydrogen_bonds=3,hydrogen_bonds=3,0.1111111111111111,0.14285714285714285,0.125,0.06666666666666667,1,7,9,0.0,0.0,0.0,0.0,0,3,3
6EW4,vina_pose,7,A:PLM:201,L:UNL:1,RDKit,18,2.554007526309279,3,4.674972121128995,NA,NA,3,3,hydrogen_bonds=3,hydrogen_bonds=3,0.6,0.42857142857142855,0.5,0.3333333333333333,3,7,5,0.3333333333333333,0.3333333333333333,0.3333333333333333,0.2,1,3,3
6EW4,vina_pose,8,A:PLM:201,L:UNL:1,RDKit,18,4.537617460983486,3,6.678524687384183,NA,NA,3,3,hydrogen_bonds=3,hydrogen_bonds=3,0.125,0.14285714285714285,0.13333333333333333,0.07142857142857142,1,7,8,0.0,0.0,0.0,0.0,0,3,3
6EW4,vina_pose,9,A:PLM:201,L:UNL:1,RDKit,18,4.8149343655385834,3,5.290423423507801,NA,NA,3,2,hydrogen_bonds=3,hydrogen_bonds=2,0.5,0.2857142857142857,0.36363636363636365,0.2222222222222222,2,7,4,0.0,0.0,0.0,0.0,0,3,2
6EW4,vina_pose,10,A:PLM:201,L:UNL:1,RDKit,18,4.446905159771231,3,0.40887039511317,NA,NA,3,3,hydrogen_bonds=3,hydrogen_bonds=3,0.8571428571428571,0.8571428571428571,0.8571428571428571,0.75,6,7,7,1.0,1.0,1.0,1.0,3,3,3
6EW4,vina_pose,11,A:PLM:201,L:UNL:1,RDKit,18,3.470955384008526,3,1.8129268233071805,NA,NA,3,3,hydrogen_bonds=3,hydrogen_bonds=3,0.8333333333333334,0.7142857142857143,0.7692307692307692,0.625,5,7,6,1.0,1.0,1.0,1.0,3,3,3
6EW4,vina_pose,12,A:PLM:201,L:UNL:1,RDKit,18,4.513376950798593,3,1.7860342475253193,NA,NA,3,3,hydrogen_bonds=3,hydrogen_bonds=3,0.8333333333333334,0.7142857142857143,0.7692307692307692,0.625,5,7,6,1.0,1.0,1.0,1.0,3,3,3
6EW4,vina_pose,13,A:PLM:201,L:UNL:1,RDKit,18,4.449823841706795,3,3.247919898437563,NA,NA,3,2,hydrogen_bonds=3,hydrogen_bonds=2,0.6666666666666666,0.5714285714285714,0.6153846153846153,0.4444444444444444,4,7,6,1.0,0.6666666666666666,0.8,0.6666666666666666,2,3,2
6EW4,vina_pose,14,A:PLM:201,L:UNL:1,RDKit,18,5.034177363008005,3,2.1433076462950122,NA,NA,3,3,hydrogen_bonds=3,hydrogen_bonds=3,0.7142857142857143,0.7142857142857143,0.7142857142857143,0.5555555555555556,5,7,7,1.0,1.0,1.0,1.0,3,3,3
6EW4,vina_pose,15,A:PLM:201,L:UNL:1,RDKit,18,4.513991464817413,3,7.3589773746085125,NA,NA,3,3,hydrogen_bonds=3,hydrogen_bonds=3,0.125,0.14285714285714285,0.13333333333333333,0.07142857142857142,1,7,8,0.0,0.0,0.0,0.0,0,3,3
6EW4,vina_pose,16,A:PLM:201,L:UNL:1,RDKit,18,3.1116548830342854,3,1.2530779438380262,NA,NA,3,3,hydrogen_bonds=3,hydrogen_bonds=3,0.8333333333333334,0.7142857142857143,0.7692307692307692,0.625,5,7,6,1.0,1.0,1.0,1.0,3,3,3
6EW4,vina_pose,17,A:PLM:201,L:UNL:1,RDKit,18,5.189009319920539,3,7.4639964272946075,NA,NA,3,3,hydrogen_bonds=3,hydrogen_bonds=3,0.1,0.14285714285714285,0.11764705882352941,0.0625,1,7,10,0.0,0.0,0.0,0.0,0,3,3
6EW4,vina_pose,18,A:PLM:201,L:UNL:1,RDKit,18,4.914058477696641,3,3.5729477092917734,NA,NA,3,2,hydrogen_bonds=3,hydrogen_bonds=2,0.6666666666666666,0.5714285714285714,0.6153846153846153,0.4444444444444444,4,7,6,1.0,0.6666666666666666,0.8,0.6666666666666666,2,3,2
6EW4,vina_pose,19,A:PLM:201,L:UNL:1,RDKit,18,5.3748812338299885,3,0.4505999704098222,NA,NA,3,3,hydrogen_bonds=3,hydrogen_bonds=3,0.8571428571428571,0.8571428571428571,0.8571428571428571,0.75,6,7,7,1.0,1.0,1.0,1.0,3,3,3
6EW4,vina_pose,20,A:PLM:201,L:UNL:1,RDKit,18,6.8380996547936395,3,8.070677625412461,NA,NA,3,2,hydrogen_bonds=3,hydrogen_bonds=2,0.16666666666666666,0.14285714285714285,0.15384615384615383,0.08333333333333333,1,7,6,0.0,0.0,0.0,0.0,0,3,2
6GE7,boltz,1,A:EW8:201,B:EW8:1,RDKit,21,1.3528406041094787,3,2.7125645476239324,162,0.8300764989212377,1,0,hydrogen_bonds=1,none=0,0.5,0.3333333333333333,0.4,0.25,1,3,2,0.0,0.0,0.0,0.0,0,1,0
6GE7,vina_pose,1,A:EW8:201,L:UNL:1,RDKit,21,11.417993813025374,3,17.144944424912357,NA,NA,1,0,hydrogen_bonds=1,none=0,0.0,0.0,0.0,0.0,0,3,9,0.0,0.0,0.0,0.0,0,1,0
6GE7,vina_pose,2,A:EW8:201,L:UNL:1,RDKit,21,4.272981617648489,3,5.4829478081290075,NA,NA,1,0,hydrogen_bonds=1,none=0,0.2,0.3333333333333333,0.25,0.14285714285714285,1,3,5,0.0,0.0,0.0,0.0,0,1,0
6GE7,vina_pose,3,A:EW8:201,L:UNL:1,RDKit,21,2.7615212594993124,3,3.319398740736042,NA,NA,1,0,hydrogen_bonds=1,none=0,0.75,1.0,0.8571428571428571,0.75,3,3,4,0.0,0.0,0.0,0.0,0,1,0
6GE7,vina_pose,4,A:EW8:201,L:UNL:1,RDKit,21,11.742971255383447,3,17.609670411452907,NA,NA,1,0,hydrogen_bonds=1,none=0,0.0,0.0,0.0,0.0,0,3,8,0.0,0.0,0.0,0.0,0,1,0
6GE7,vina_pose,5,A:EW8:201,L:UNL:1,RDKit,21,2.971059967980002,3,5.0921552084227235,NA,NA,1,0,hydrogen_bonds=1,none=0,0.2,0.3333333333333333,0.25,0.14285714285714285,1,3,5,0.0,0.0,0.0,0.0,0,1,0
6GE7,vina_pose,6,A:EW8:201,L:UNL:1,RDKit,21,11.009545462266564,3,16.699732423006065,NA,NA,1,0,hydrogen_bonds=1,none=0,0.0,0.0,0.0,0.0,0,3,7,0.0,0.0,0.0,0.0,0,1,0
6GE7,vina_pose,7,A:EW8:201,L:UNL:1,RDKit,21,11.381663749834017,3,17.284801879107555,NA,NA,1,0,hydrogen_bonds=1,none=0,0.0,0.0,0.0,0.0,0,3,8,0.0,0.0,0.0,0.0,0,1,0
6GE7,vina_pose,8,A:EW8:201,L:UNL:1,RDKit,21,3.1508511624034305,3,4.504929411211681,NA,NA,1,0,hydrogen_bonds=1,none=0,0.5,1.0,0.6666666666666666,0.5,3,3,6,0.0,0.0,0.0,0.0,0,1,0
6GE7,vina_pose,9,A:EW8:201,L:UNL:1,RDKit,21,11.241402613299005,3,17.072233206779558,NA,NA,1,0,hydrogen_bonds=1,none=0,0.0,0.0,0.0,0.0,0,3,9,0.0,0.0,0.0,0.0,0,1,0
6GE7,vina_pose,10,A:EW8:201,L:UNL:1,RDKit,21,11.451832571169351,3,17.142925819902114,NA,NA,1,0,hydrogen_bonds=1,none=0,0.0,0.0,0.0,0.0,0,3,9,0.0,0.0,0.0,0.0,0,1,0
6GE7,vina_pose,11,A:EW8:201,L:UNL:1,RDKit,21,3.9081829354756232,3,5.830831015672924,NA,NA,1,0,hydrogen_bonds=1,none=0,0.3333333333333333,0.6666666666666666,0.4444444444444444,0.2857142857142857,2,3,6,0.0,0.0,0.0,0.0,0,1,0
6GE7,vina_pose,12,A:EW8:201,L:UNL:1,RDKit,21,2.4431240539229986,3,3.658063467646969,NA,NA,1,0,hydrogen_bonds=1,none=0,0.5,1.0,0.6666666666666666,0.5,3,3,6,0.0,0.0,0.0,0.0,0,1,0
6GE7,vina_pose,13,A:EW8:201,L:UNL:1,RDKit,21,4.817636414160748,3,8.240848904491981,NA,NA,1,1,hydrogen_bonds=1,hydrogen_bonds=1,0.0,0.0,0.0,0.0,0,3,5,0.0,0.0,0.0,0.0,0,1,1
6GE7,vina_pose,14,A:EW8:201,L:UNL:1,RDKit,21,4.6511326935847945,3,8.378830129160836,NA,NA,1,0,hydrogen_bonds=1,none=0,0.2,0.3333333333333333,0.25,0.14285714285714285,1,3,5,0.0,0.0,0.0,0.0,0,1,0
6GE7,vina_pose,15,A:EW8:201,L:UNL:1,RDKit,21,10.985756104632769,3,17.22847524690834,NA,NA,1,0,hydrogen_bonds=1,none=0,0.0,0.0,0.0,0.0,0,3,9,0.0,0.0,0.0,0.0,0,1,0
6GE7,vina_pose,16,A:EW8:201,L:UNL:1,RDKit,21,5.122786834563874,3,5.497014037942176,NA,NA,1,0,hydrogen_bonds=1,none=0,0.3333333333333333,0.6666666666666666,0.4444444444444444,0.2857142857142857,2,3,6,0.0,0.0,0.0,0.0,0,1,0
6GE7,vina_pose,17,A:EW8:201,L:UNL:1,RDKit,21,1.724831682609446,3,2.039271847171601,NA,NA,1,1,hydrogen_bonds=1,hydrogen_bonds=1,1.0,0.6666666666666666,0.8,0.6666666666666666,2,3,2,1.0,1.0,1.0,1.0,1,1,1
6GE7,vina_pose,18,A:EW8:201,L:UNL:1,RDKit,21,3.4897852232998394,3,6.407044300351505,NA,NA,1,0,hydrogen_bonds=1,none=0,0.0,0.0,0.0,0.0,0,3,4,0.0,0.0,0.0,0.0,0,1,0
6GE7,vina_pose,19,A:EW8:201,L:UNL:1,RDKit,21,10.545406282674303,3,15.44719504203487,NA,NA,1,0,hydrogen_bonds=1,none=0,0.0,0.0,0.0,0.0,0,3,7,0.0,0.0,0.0,0.0,0,1,0
6GE7,vina_pose,20,A:EW8:201,L:UNL:1,RDKit,21,3.378682047922294,3,7.281060041871194,NA,NA,1,0,hydrogen_bonds=1,none=0,0.0,0.0,0.0,0.0,0,3,2,0.0,0.0,0.0,0.0,0,1,0
6GF9,boltz,1,A:X90:201,B:X90:1,RDKit,19,0.8744828989559932,3,1.5491982142725422,161,0.6631426421465749,0,1,none=0,hydrogen_bonds=1,0.3333333333333333,0.5,0.4,0.25,1,2,3,NA,NA,NA,NA,0,0,1
6GF9,vina_pose,1,A:X90:201,L:UNL:1,RDKit,19,10.849665735816352,3,16.895854767762813,NA,NA,0,0,none=0,none=0,0.0,0.0,0.0,0.0,0,2,9,NA,NA,NA,NA,0,0,0
6GF9,vina_pose,2,A:X90:201,L:UNL:1,RDKit,19,11.199517026710526,3,17.068785457670973,NA,NA,0,0,none=0,none=0,0.0,0.0,0.0,0.0,0,2,9,NA,NA,NA,NA,0,0,0
6GF9,vina_pose,3,A:X90:201,L:UNL:1,RDKit,19,1.756936328714816,3,2.310688641942052,NA,NA,0,0,none=0,none=0,0.4,1.0,0.5714285714285715,0.4,2,2,5,NA,NA,NA,NA,0,0,0
6GF9,vina_pose,4,A:X90:201,L:UNL:1,RDKit,19,3.000827122820079,3,3.9096788444406374,NA,NA,0,0,none=0,none=0,0.3333333333333333,1.0,0.5,0.3333333333333333,2,2,6,NA,NA,NA,NA,0,0,0
6GF9,vina_pose,5,A:X90:201,L:UNL:1,RDKit,19,10.771323133795198,3,16.857646474720802,NA,NA,0,0,none=0,none=0,0.0,0.0,0.0,0.0,0,2,9,NA,NA,NA,NA,0,0,0
6GF9,vina_pose,6,A:X90:201,L:UNL:1,RDKit,19,1.9097300718605297,3,2.7732456316261165,NA,NA,0,0,none=0,none=0,0.4,1.0,0.5714285714285715,0.4,2,2,5,NA,NA,NA,NA,0,0,0
6GF9,vina_pose,7,A:X90:201,L:UNL:1,RDKit,19,2.2347506984472623,3,2.927000683293394,NA,NA,0,0,none=0,none=0,0.3333333333333333,1.0,0.5,0.3333333333333333,2,2,6,NA,NA,NA,NA,0,0,0
6GF9,vina_pose,8,A:X90:201,L:UNL:1,RDKit,19,11.191001568459507,3,16.815061849425355,NA,NA,0,0,none=0,none=0,0.0,0.0,0.0,0.0,0,2,9,NA,NA,NA,NA,0,0,0
6GF9,vina_pose,9,A:X90:201,L:UNL:1,RDKit,19,3.3396146563086555,3,6.020992498472878,NA,NA,0,1,none=0,hydrogen_bonds=1,0.0,0.0,0.0,0.0,0,2,4,NA,NA,NA,NA,0,0,1
6GF9,vina_pose,10,A:X90:201,L:UNL:1,RDKit,19,10.906128501660746,3,16.827052168061602,NA,NA,0,0,none=0,none=0,0.0,0.0,0.0,0.0,0,2,8,NA,NA,NA,NA,0,0,0
6GF9,vina_pose,11,A:X90:201,L:UNL:1,RDKit,19,2.7076071490680125,3,4.605175240965321,NA,NA,0,0,none=0,none=0,0.16666666666666666,0.5,0.25,0.14285714285714285,1,2,6,NA,NA,NA,NA,0,0,0
6GF9,vina_pose,12,A:X90:201,L:UNL:1,RDKit,19,2.2491660442788217,3,3.727159552975072,NA,NA,0,0,none=0,none=0,0.4,1.0,0.5714285714285715,0.4,2,2,5,NA,NA,NA,NA,0,0,0
6GF9,vina_pose,13,A:X90:201,L:UNL:1,RDKit,19,2.527670062996439,3,4.753161930055963,NA,NA,0,1,none=0,hydrogen_bonds=1,0.0,0.0,0.0,0.0,0,2,4,NA,NA,NA,NA,0,0,1
6GF9,vina_pose,14,A:X90:201,L:UNL:1,RDKit,19,2.9432963260871126,3,5.493025274533758,NA,NA,0,1,none=0,hydrogen_bonds=1,0.0,0.0,0.0,0.0,0,2,4,NA,NA,NA,NA,0,0,1
6GF9,vina_pose,15,A:X90:201,L:UNL:1,RDKit,19,10.916789736817995,3,17.043941406454866,NA,NA,0,0,none=0,none=0,0.0,0.0,0.0,0.0,0,2,9,NA,NA,NA,NA,0,0,0
6GF9,vina_pose,16,A:X90:201,L:UNL:1,RDKit,19,10.812001297291431,3,16.810344533451218,NA,NA,0,0,none=0,none=0,0.0,0.0,0.0,0.0,0,2,9,NA,NA,NA,NA,0,0,0
6GF9,vina_pose,17,A:X90:201,L:UNL:1,RDKit,19,1.7252315786583547,3,2.7051221783867705,NA,NA,0,0,none=0,none=0,0.25,0.5,0.3333333333333333,0.2,1,2,4,NA,NA,NA,NA,0,0,0
6GF9,vina_pose,18,A:X90:201,L:UNL:1,RDKit,19,2.7567724645049383,3,5.368724181156388,NA,NA,0,1,none=0,hydrogen_bonds=1,0.0,0.0,0.0,0.0,0,2,3,NA,NA,NA,NA,0,0,1
6GF9,vina_pose,19,A:X90:201,L:UNL:1,RDKit,19,4.163585518326848,3,5.160712483110577,NA,NA,0,0,none=0,none=0,0.2,0.5,0.28571428571428575,0.16666666666666666,1,2,5,NA,NA,NA,NA,0,0,0
6GFS,boltz,1,A:F15:201,B:F15:1,RDKit,17,0.7786599956279686,3,0.9278975585410115,162,0.6769805035414461,0,0,none=0,none=0,0.75,1.0,0.8571428571428571,0.75,3,3,4,NA,NA,NA,NA,0,0,0
6GFS,vina_pose,1,A:F15:201,L:UNL:1,RDKit,17,4.1341220918821735,3,7.057149495369926,NA,NA,0,1,none=0,hydrogen_bonds=1,0.0,0.0,0.0,0.0,0,3,4,NA,NA,NA,NA,0,0,1
6GFS,vina_pose,2,A:F15:201,L:UNL:1,RDKit,17,4.591747219677033,3,8.163882307660575,NA,NA,0,1,none=0,hydrogen_bonds=1,0.0,0.0,0.0,0.0,0,3,6,NA,NA,NA,NA,0,0,1
6GFS,vina_pose,3,A:F15:201,L:UNL:1,RDKit,17,4.430420993141689,3,8.492638616276256,NA,NA,0,1,none=0,hydrogen_bonds=1,0.0,0.0,0.0,0.0,0,3,6,NA,NA,NA,NA,0,0,1
6GFS,vina_pose,4,A:F15:201,L:UNL:1,RDKit,17,4.324423164525224,3,6.632900195238882,NA,NA,0,1,none=0,hydrogen_bonds=1,0.0,0.0,0.0,0.0,0,3,4,NA,NA,NA,NA,0,0,1
6GFS,vina_pose,5,A:F15:201,L:UNL:1,RDKit,17,4.110269835138207,3,7.984567656840706,NA,NA,0,1,none=0,hydrogen_bonds=1,0.0,0.0,0.0,0.0,0,3,5,NA,NA,NA,NA,0,0,1
6GFS,vina_pose,6,A:F15:201,L:UNL:1,RDKit,17,10.560382616174472,3,16.832971751892178,NA,NA,0,0,none=0,none=0,0.0,0.0,0.0,0.0,0,3,9,NA,NA,NA,NA,0,0,0
6GFS,vina_pose,7,A:F15:201,L:UNL:1,RDKit,17,2.6118633420696153,3,3.7807773451148026,NA,NA,0,0,none=0,none=0,0.25,0.3333333333333333,0.28571428571428575,0.16666666666666666,1,3,4,NA,NA,NA,NA,0,0,0
6GFS,vina_pose,8,A:F15:201,L:UNL:1,RDKit,17,2.2981042186985343,3,3.1641138306535894,NA,NA,0,0,none=0,none=0,0.3333333333333333,0.6666666666666666,0.4444444444444444,0.2857142857142857,2,3,6,NA,NA,NA,NA,0,0,0
6GFS,vina_pose,9,A:F15:201,L:UNL:1,RDKit,17,3.5006138369283346,3,4.38529311069017,NA,NA,0,0,none=0,none=0,0.2857142857142857,0.6666666666666666,0.4,0.25,2,3,7,NA,NA,NA,NA,0,0,0
6GFS,vina_pose,10,A:F15:201,L:UNL:1,RDKit,17,2.8370602431970693,3,3.502604649876051,NA,NA,0,1,none=0,hydrogen_bonds=1,0.2,0.3333333333333333,0.25,0.14285714285714285,1,3,5,NA,NA,NA,NA,0,0,1
6GFS,vina_pose,11,A:F15:201,L:UNL:1,RDKit,17,4.015994009252621,3,7.315215581238875,NA,NA,0,1,none=0,hydrogen_bonds=1,0.0,0.0,0.0,0.0,0,3,4,NA,NA,NA,NA,0,0,1
6GFS,vina_pose,12,A:F15:201,L:UNL:1,RDKit,17,2.879851333989717,3,4.522323554693245,NA,NA,0,0,none=0,none=0,0.25,0.3333333333333333,0.28571428571428575,0.16666666666666666,1,3,4,NA,NA,NA,NA,0,0,0
6GFS,vina_pose,13,A:F15:201,L:UNL:1,RDKit,17,2.2875060527081605,3,3.31408896480868,NA,NA,0,0,none=0,none=0,0.4,0.6666666666666666,0.5,0.3333333333333333,2,3,5,NA,NA,NA,NA,0,0,0
6GFS,vina_pose,14,A:F15:201,L:UNL:1,RDKit,17,10.62351429889486,3,16.696383969790187,NA,NA,0,0,none=0,none=0,0.0,0.0,0.0,0.0,0,3,9,NA,NA,NA,NA,0,0,0
6GFS,vina_pose,15,A:F15:201,L:UNL:1,RDKit,17,10.44639254085577,3,16.9172597071748,NA,NA,0,0,none=0,none=0,0.0,0.0,0.0,0.0,0,3,9,NA,NA,NA,NA,0,0,0
6GFS,vina_pose,16,A:F15:201,L:UNL:1,RDKit,17,10.132171508151066,3,16.50602967605071,NA,NA,0,0,none=0,none=0,0.0,0.0,0.0,0.0,0,3,8,NA,NA,NA,NA,0,0,0
6GFS,vina_pose,17,A:F15:201,L:UNL:1,RDKit,17,3.7421975613582044,3,4.608553605344451,NA,NA,0,0,none=0,none=0,0.0,0.0,0.0,0.0,0,3,4,NA,NA,NA,NA,0,0,0
6GFS,vina_pose,18,A:F15:201,L:UNL:1,RDKit,17,2.078279633565732,3,3.2461391939759245,NA,NA,0,0,none=0,none=0,0.5,1.0,0.6666666666666666,0.5,3,3,6,NA,NA,NA,NA,0,0,0
6GFS,vina_pose,19,A:F15:201,L:UNL:1,RDKit,17,1.9550110726330032,3,2.790116903166126,NA,NA,0,0,none=0,none=0,0.3333333333333333,0.6666666666666666,0.4444444444444444,0.2857142857142857,2,3,6,NA,NA,NA,NA,0,0,0
6GFS,vina_pose,20,A:F15:201,L:UNL:1,RDKit,17,2.629609208273217,3,4.170253309652386,NA,NA,0,0,none=0,none=0,0.0,0.0,0.0,0.0,0,3,4,NA,NA,NA,NA,0,0,0
6IWP,boltz,1,A:MYR:101,B:MYR:1,RDKit,16,11.07214249862593,3,17.75211397020834,90,0.5567779197271868,0,1,none=0,hydrogen_bonds=1,0.0,0.0,0.0,0.0,0,5,8,NA,NA,NA,NA,0,0,1
6IWP,vina_pose,1,A:MYR:101,L:UNL:1,RDKit,16,2.7985834474783844,3,3.577065370756685,NA,NA,0,1,none=0,hydrogen_bonds=1,0.7142857142857143,1.0,0.8333333333333333,0.7142857142857143,5,5,7,NA,NA,NA,NA,0,0,1
6IWP,vina_pose,2,A:MYR:101,L:UNL:1,RDKit,16,8.559616667818716,3,13.96503247400449,NA,NA,0,1,none=0,hydrogen_bonds=1,0.0,0.0,0.0,0.0,0,5,8,NA,NA,NA,NA,0,0,1
6IWP,vina_pose,3,A:MYR:101,L:UNL:1,RDKit,16,8.654097732432884,3,13.855555925331904,NA,NA,0,2,none=0,hydrogen_bonds=2,0.0,0.0,0.0,0.0,0,5,8,NA,NA,NA,NA,0,0,2
6IWP,vina_pose,4,A:MYR:101,L:UNL:1,RDKit,16,2.8684055893475033,3,3.8321774489185643,NA,NA,0,2,none=0,hydrogen_bonds=2,0.625,1.0,0.7692307692307693,0.625,5,5,8,NA,NA,NA,NA,0,0,2
6IWP,vina_pose,5,A:MYR:101,L:UNL:1,RDKit,16,8.78557741770568,3,13.856288019042713,NA,NA,0,2,none=0,hydrogen_bonds=2,0.0,0.0,0.0,0.0,0,5,8,NA,NA,NA,NA,0,0,2
6IWP,vina_pose,6,A:MYR:101,L:UNL:1,RDKit,16,8.57155490197082,3,12.980525798287216,NA,NA,0,4,none=0,hydrogen_bonds=4,0.0,0.0,0.0,0.0,0,5,7,NA,NA,NA,NA,0,0,4
6IWP,vina_pose,7,A:MYR:101,L:UNL:1,RDKit,16,8.735234573982543,3,13.271269783508533,NA,NA,0,4,none=0,hydrogen_bonds=4,0.0,0.0,0.0,0.0,0,5,8,NA,NA,NA,NA,0,0,4
6IWP,vina_pose,8,A:MYR:101,L:UNL:1,RDKit,16,8.767709742287321,3,13.815968707742984,NA,NA,0,1,none=0,hydrogen_bonds=1,0.0,0.0,0.0,0.0,0,5,8,NA,NA,NA,NA,0,0,1
6IWP,vina_pose,9,A:MYR:101,L:UNL:1,RDKit,16,3.0984331524175244,3,3.3113637170607917,NA,NA,0,2,none=0,hydrogen_bonds=2,0.625,1.0,0.7692307692307693,0.625,5,5,8,NA,NA,NA,NA,0,0,2
6IWP,vina_pose,10,A:MYR:101,L:UNL:1,RDKit,16,8.653162647985996,3,13.379575528892287,NA,NA,0,2,none=0,hydrogen_bonds=2,0.0,0.0,0.0,0.0,0,5,7,NA,NA,NA,NA,0,0,2
6IWP,vina_pose,11,A:MYR:101,L:UNL:1,RDKit,16,2.3426573853212083,3,3.1065518397949403,NA,NA,0,3,none=0,hydrogen_bonds=3,0.7142857142857143,1.0,0.8333333333333333,0.7142857142857143,5,5,7,NA,NA,NA,NA,0,0,3
6IWP,vina_pose,12,A:MYR:101,L:UNL:1,RDKit,16,8.470802972564053,3,12.46588891067674,NA,NA,0,3,none=0,hydrogen_bonds=3,0.14285714285714285,0.2,0.16666666666666666,0.09090909090909091,1,5,7,NA,NA,NA,NA,0,0,3
6IWP,vina_pose,13,A:MYR:101,L:UNL:1,RDKit,16,8.841923556981252,3,13.332298263990346,NA,NA,0,4,none=0,hydrogen_bonds=4,0.0,0.0,0.0,0.0,0,5,8,NA,NA,NA,NA,0,0,4
6IWP,vina_pose,14,A:MYR:101,L:UNL:1,RDKit,16,1.6532486201415681,3,2.062521757460997,NA,NA,0,2,none=0,hydrogen_bonds=2,1.0,1.0,1.0,1.0,5,5,5,NA,NA,NA,NA,0,0,2
6IWP,vina_pose,15,A:MYR:101,L:UNL:1,RDKit,16,3.903419774697566,3,4.997184540652199,NA,NA,0,1,none=0,hydrogen_bonds=1,0.5714285714285714,0.8,0.6666666666666666,0.5,4,5,7,NA,NA,NA,NA,0,0,1
6IWP,vina_pose,16,A:MYR:101,L:UNL:1,RDKit,16,8.194476009025836,3,11.45968606318108,NA,NA,0,1,none=0,hydrogen_bonds=1,0.125,0.2,0.15384615384615385,0.08333333333333333,1,5,8,NA,NA,NA,NA,0,0,1
6IWP,vina_pose,17,A:MYR:101,L:UNL:1,RDKit,16,2.8042502785949757,3,1.978485953113305,NA,NA,0,2,none=0,hydrogen_bonds=2,1.0,1.0,1.0,1.0,5,5,5,NA,NA,NA,NA,0,0,2
6IWP,vina_pose,18,A:MYR:101,L:UNL:1,RDKit,16,2.6442148172945403,3,1.3630085595231352,NA,NA,0,2,none=0,hydrogen_bonds=2,1.0,0.6,0.7499999999999999,0.6,3,5,3,NA,NA,NA,NA,0,0,2
6IWP,vina_pose,19,A:MYR:101,L:UNL:1,RDKit,16,1.717244012946325,3,1.4601293321711821,NA,NA,0,2,none=0,hydrogen_bonds=2,1.0,0.6,0.7499999999999999,0.6,3,5,3,NA,NA,NA,NA,0,0,2
6LX7,boltz,1,A:STE:502,B:STE:1,RDKit,20,1.0741928776566956,3,1.7773961973991406,268,1.5452897419748406,4,4,hydrogen_bonds=4,hydrogen_bonds=4,1.0,1.0,1.0,1.0,9,9,9,1.0,1.0,1.0,1.0,4,4,4
6LX7,vina_pose,1,A:STE:502,L:UNL:1,RDKit,20,9.680289838119519,3,11.735933921081868,NA,NA,4,2,hydrogen_bonds=4,hydrogen_bonds=2,0.0,0.0,0.0,0.0,0,9,6,0.0,0.0,0.0,0.0,0,4,2
6LX7,vina_pose,2,A:STE:502,L:UNL:1,RDKit,20,4.467675547754111,3,5.2332596597786605,NA,NA,4,2,hydrogen_bonds=4,hydrogen_bonds=2,0.5,0.3333333333333333,0.4,0.25,3,9,6,0.5,0.25,0.3333333333333333,0.2,1,4,2
6LX7,vina_pose,3,A:STE:502,L:UNL:1,RDKit,20,7.729087080632486,3,11.624772313182453,NA,NA,4,2,hydrogen_bonds=4,hydrogen_bonds=2,0.0,0.0,0.0,0.0,0,9,6,0.0,0.0,0.0,0.0,0,4,2
6LX7,vina_pose,4,A:STE:502,L:UNL:1,RDKit,20,7.360257770621896,3,9.696025044659624,NA,NA,4,1,hydrogen_bonds=4,hydrogen_bonds=1,0.125,0.1111111111111111,0.11764705882352941,0.0625,1,9,8,0.0,0.0,0.0,0.0,0,4,1
6LX7,vina_pose,5,A:STE:502,L:UNL:1,RDKit,20,9.826945163681335,3,12.118372236677112,NA,NA,4,2,hydrogen_bonds=4,hydrogen_bonds=2,0.0,0.0,0.0,0.0,0,9,5,0.0,0.0,0.0,0.0,0,4,2
6LX7,vina_pose,6,A:STE:502,L:UNL:1,RDKit,20,4.9008284452733095,3,5.362890234441375,NA,NA,4,1,hydrogen_bonds=4,hydrogen_bonds=1,0.42857142857142855,0.3333333333333333,0.375,0.23076923076923078,3,9,7,1.0,0.25,0.4,0.25,1,4,1
6LX7,vina_pose,7,A:STE:502,L:UNL:1,RDKit,20,9.361523425703746,3,12.382267724451768,NA,NA,4,1,hydrogen_bonds=4,hydrogen_bonds=1,0.0,0.0,0.0,0.0,0,9,6,0.0,0.0,0.0,0.0,0,4,1
6LX7,vina_pose,8,A:STE:502,L:UNL:1,RDKit,20,9.813457581301302,3,11.847133858729997,NA,NA,4,2,hydrogen_bonds=4,hydrogen_bonds=2,0.0,0.0,0.0,0.0,0,9,5,0.0,0.0,0.0,0.0,0,4,2
6LX7,vina_pose,9,A:STE:502,L:UNL:1,RDKit,20,6.265179909627496,3,7.140723959562271,NA,NA,4,0,hydrogen_bonds=4,none=0,0.2857142857142857,0.2222222222222222,0.25,0.14285714285714285,2,9,7,0.0,0.0,0.0,0.0,0,4,0
6LX7,vina_pose,10,A:STE:502,L:UNL:1,RDKit,20,7.31357715827214,3,11.319433893382948,NA,NA,4,2,hydrogen_bonds=4,hydrogen_bonds=2,0.0,0.0,0.0,0.0,0,9,6,0.0,0.0,0.0,0.0,0,4,2
6LX7,vina_pose,11,A:STE:502,L:UNL:1,RDKit,20,4.093212424245778,3,4.481376574223595,NA,NA,4,2,hydrogen_bonds=4,hydrogen_bonds=2,0.5714285714285714,0.4444444444444444,0.5,0.3333333333333333,4,9,7,0.5,0.25,0.3333333333333333,0.2,1,4,2
6LX7,vina_pose,12,A:STE:502,L:UNL:1,RDKit,20,5.5697398054128175,3,5.691543727320383,NA,NA,4,2,hydrogen_bonds=4,hydrogen_bonds=2,0.2857142857142857,0.2222222222222222,0.25,0.14285714285714285,2,9,7,0.5,0.25,0.3333333333333333,0.2,1,4,2
6LX7,vina_pose,13,A:STE:502,L:UNL:1,RDKit,20,1.5591012956187296,3,0.54834782149046,NA,NA,4,4,hydrogen_bonds=4,hydrogen_bonds=4,0.9,1.0,0.9473684210526316,0.9,9,9,10,1.0,1.0,1.0,1.0,4,4,4
6LX7,vina_pose,14,A:STE:502,L:UNL:1,RDKit,20,3.1703249123709707,3,3.5748509059819544,NA,NA,4,1,hydrogen_bonds=4,hydrogen_bonds=1,0.5714285714285714,0.4444444444444444,0.5,0.3333333333333333,4,9,7,1.0,0.25,0.4,0.25,1,4,1
6LX7,vina_pose,15,A:STE:502,L:UNL:1,RDKit,20,9.620555862318975,3,11.545702793680427,NA,NA,4,3,hydrogen_bonds=4,hydrogen_bonds=3,0.0,0.0,0.0,0.0,0,9,5,0.0,0.0,0.0,0.0,0,4,3
6LX7,vina_pose,16,A:STE:502,L:UNL:1,RDKit,20,2.3654164643884594,3,2.8043586908002096,NA,NA,4,2,hydrogen_bonds=4,hydrogen_bonds=2,0.8571428571428571,0.6666666666666666,0.75,0.6,6,9,7,0.5,0.25,0.3333333333333333,0.2,1,4,2
6LX7,vina_pose,17,A:STE:502,L:UNL:1,RDKit,20,1.7760997719722844,3,2.0852260468991526,NA,NA,4,3,hydrogen_bonds=4,hydrogen_bonds=3,1.0,0.8888888888888888,0.9411764705882353,0.8888888888888888,8,9,8,0.6666666666666666,0.5,0.5714285714285715,0.4,2,4,3
6LX7,vina_pose,18,A:STE:502,L:UNL:1,RDKit,20,7.251321938102046,3,7.853282795536314,NA,NA,4,0,hydrogen_bonds=4,none=0,0.16666666666666666,0.1111111111111111,0.13333333333333333,0.07142857142857142,1,9,6,0.0,0.0,0.0,0.0,0,4,0
6LX7,vina_pose,19,A:STE:502,L:UNL:1,RDKit,20,4.709823690967635,3,4.057402453130163,NA,NA,4,1,hydrogen_bonds=4,hydrogen_bonds=1,0.5,0.4444444444444444,0.47058823529411764,0.3076923076923077,4,9,8,1.0,0.25,0.4,0.25,1,4,1
6LX7,vina_pose,20,A:STE:502,L:UNL:1,RDKit,20,10.089044677272472,3,13.668552910482758,NA,NA,4,0,hydrogen_bonds=4,none=0,0.0,0.0,0.0,0.0,0,9,6,0.0,0.0,0.0,0.0,0,4,0
6NOK,boltz,1,A:MYR:401,B:MYR:1,RDKit,16,1.429997210257384,3,1.8140718067375416,285,1.519100932776461,3,2,hydrogen_bonds=3,hydrogen_bonds=2,0.875,0.7777777777777778,0.823529411764706,0.7,7,9,8,1.0,0.6666666666666666,0.8,0.6666666666666666,2,3,2
6NOK,vina_pose,1,A:MYR:401,L:UNL:1,RDKit,16,6.2642426417724275,3,10.531685287740041,NA,NA,3,0,hydrogen_bonds=3,none=0,0.42857142857142855,0.3333333333333333,0.375,0.23076923076923078,3,9,7,0.0,0.0,0.0,0.0,0,3,0
6NOK,vina_pose,2,A:MYR:401,L:UNL:1,RDKit,16,4.646612220209472,3,3.7453257535226494,NA,NA,3,3,hydrogen_bonds=3,hydrogen_bonds=3,1.0,0.6666666666666666,0.8,0.6666666666666666,6,9,6,0.6666666666666666,0.6666666666666666,0.6666666666666666,0.5,2,3,3
6NOK,vina_pose,3,A:MYR:401,L:UNL:1,RDKit,16,6.24413068409046,3,6.418103250441936,NA,NA,3,4,hydrogen_bonds=3,hydrogen_bonds=4,0.2727272727272727,0.3333333333333333,0.3,0.17647058823529413,3,9,11,0.25,0.3333333333333333,0.28571428571428575,0.16666666666666666,1,3,4
6NOK,vina_pose,4,A:MYR:401,L:UNL:1,RDKit,16,7.683278816690177,3,6.3729774307880085,NA,NA,3,2,hydrogen_bonds=3,hydrogen_bonds=2,0.375,0.3333333333333333,0.35294117647058826,0.21428571428571427,3,9,8,0.5,0.3333333333333333,0.4,0.25,1,3,2
6NOK,vina_pose,5,A:MYR:401,L:UNL:1,RDKit,16,8.12906167324987,3,11.946166121396438,NA,NA,3,4,hydrogen_bonds=3,hydrogen_bonds=4,0.09090909090909091,0.1111111111111111,0.09999999999999999,0.05263157894736842,1,9,11,0.0,0.0,0.0,0.0,0,3,4
6NOK,vina_pose,6,A:MYR:401,L:UNL:1,RDKit,16,5.939171385807956,3,4.9434192282939815,NA,NA,3,3,hydrogen_bonds=3,hydrogen_bonds=3,0.8333333333333334,0.5555555555555556,0.6666666666666667,0.5,5,9,6,0.3333333333333333,0.3333333333333333,0.3333333333333333,0.2,1,3,3
6NOK,vina_pose,7,A:MYR:401,L:UNL:1,RDKit,16,6.0539343508994214,3,8.965124501831156,NA,NA,3,4,hydrogen_bonds=3,hydrogen_bonds=4,0.3333333333333333,0.3333333333333333,0.3333333333333333,0.2,3,9,9,0.0,0.0,0.0,0.0,0,3,4
6NOK,vina_pose,8,A:MYR:401,L:UNL:1,RDKit,16,7.9419943221145655,3,11.719605468330977,NA,NA,3,4,hydrogen_bonds=3,hydrogen_bonds=4,0.1111111111111111,0.1111111111111111,0.1111111111111111,0.058823529411764705,1,9,9,0.0,0.0,0.0,0.0,0,3,4
6NOK,vina_pose,9,A:MYR:401,L:UNL:1,RDKit,16,6.651149224006329,3,9.993851693249539,NA,NA,3,0,hydrogen_bonds=3,none=0,0.14285714285714285,0.1111111111111111,0.125,0.06666666666666667,1,9,7,0.0,0.0,0.0,0.0,0,3,0
6NOK,vina_pose,10,A:MYR:401,L:UNL:1,RDKit,16,5.47610931113505,3,4.358453892532688,NA,NA,3,0,hydrogen_bonds=3,none=0,0.7,0.7777777777777778,0.7368421052631577,0.5833333333333334,7,9,10,0.0,0.0,0.0,0.0,0,3,0
6NOK,vina_pose,11,A:MYR:401,L:UNL:1,RDKit,16,7.428590036978754,3,7.411391142468913,NA,NA,3,1,hydrogen_bonds=3,hydrogen_bonds=1,0.3333333333333333,0.2222222222222222,0.26666666666666666,0.15384615384615385,2,9,6,0.0,0.0,0.0,0.0,0,3,1
6NOK,vina_pose,12,A:MYR:401,L:UNL:1,RDKit,16,7.085534956868113,3,7.921235888420443,NA,NA,3,1,hydrogen_bonds=3,hydrogen_bonds=1,0.2,0.2222222222222222,0.2105263157894737,0.11764705882352941,2,9,10,0.0,0.0,0.0,0.0,0,3,1
6NOK,vina_pose,13,A:MYR:401,L:UNL:1,RDKit,16,6.056711520082495,3,9.794988480510497,NA,NA,3,3,hydrogen_bonds=3,hydrogen_bonds=3,0.2222222222222222,0.2222222222222222,0.2222222222222222,0.125,2,9,9,0.0,0.0,0.0,0.0,0,3,3
6NOK,vina_pose,14,A:MYR:401,L:UNL:1,RDKit,16,7.647684616928186,3,7.298922089368173,NA,NA,3,1,hydrogen_bonds=3,hydrogen_bonds=1,0.375,0.3333333333333333,0.35294117647058826,0.21428571428571427,3,9,8,0.0,0.0,0.0,0.0,0,3,1
6NOK,vina_pose,15,A:MYR:401,L:UNL:1,RDKit,16,9.502009622969238,3,13.90330265320678,NA,NA,3,5,hydrogen_bonds=3,hydrogen_bonds=5,0.0,0.0,0.0,0.0,0,9,11,0.0,0.0,0.0,0.0,0,3,5
6NOK,vina_pose,16,A:MYR:401,L:UNL:1,RDKit,16,9.2294335890671,3,8.945952324934444,NA,NA,3,3,hydrogen_bonds=3,hydrogen_bonds=3,0.25,0.2222222222222222,0.23529411764705882,0.13333333333333333,2,9,8,0.0,0.0,0.0,0.0,0,3,3
6NOK,vina_pose,17,A:MYR:401,L:UNL:1,RDKit,16,6.603886123904621,3,9.063413558551398,NA,NA,3,0,hydrogen_bonds=3,none=0,0.4,0.2222222222222222,0.2857142857142857,0.16666666666666666,2,9,5,0.0,0.0,0.0,0.0,0,3,0
6NOK,vina_pose,18,A:MYR:401,L:UNL:1,RDKit,16,8.060214203108997,3,12.50770366614112,NA,NA,3,3,hydrogen_bonds=3,hydrogen_bonds=3,0.1111111111111111,0.1111111111111111,0.1111111111111111,0.058823529411764705,1,9,9,0.0,0.0,0.0,0.0,0,3,3
6NOK,vina_pose,19,A:MYR:401,L:UNL:1,RDKit,16,5.723524711661512,3,3.6105513429391918,NA,NA,3,1,hydrogen_bonds=3,hydrogen_bonds=1,0.6666666666666666,0.6666666666666666,0.6666666666666666,0.5,6,9,9,1.0,0.3333333333333333,0.5,0.3333333333333333,1,3,1
6NOK,vina_pose,20,A:MYR:401,L:UNL:1,RDKit,16,5.184818891485024,3,7.379006279077601,NA,NA,3,6,hydrogen_bonds=3,hydrogen_bonds=6,0.2,0.2222222222222222,0.2105263157894737,0.11764705882352941,2,9,10,0.0,0.0,0.0,0.0,0,3,6
6XU5,boltz,1,A:PLM:201,B:PLM:1,RDKit,18,0.9536535047320946,3,0.718913673722411,133,0.24628402166118932,3,3,hydrogen_bonds=3,hydrogen_bonds=3,1.0,0.875,0.9333333333333333,0.875,7,8,7,1.0,1.0,1.0,1.0,3,3,3
6XU5,vina_pose,1,A:PLM:201,L:UNL:1,RDKit,18,4.246534698368124,3,7.4021742751707755,NA,NA,3,3,hydrogen_bonds=3,hydrogen_bonds=3,0.1,0.125,0.11111111111111112,0.058823529411764705,1,8,10,0.0,0.0,0.0,0.0,0,3,3
6XU5,vina_pose,2,A:PLM:201,L:UNL:1,RDKit,18,4.81202412943059,3,7.413813054022876,NA,NA,3,3,hydrogen_bonds=3,hydrogen_bonds=3,0.1,0.125,0.11111111111111112,0.058823529411764705,1,8,10,0.0,0.0,0.0,0.0,0,3,3
6XU5,vina_pose,3,A:PLM:201,L:UNL:1,RDKit,18,4.033443758818951,3,7.1624577020275195,NA,NA,3,2,hydrogen_bonds=3,hydrogen_bonds=2,0.1111111111111111,0.125,0.11764705882352941,0.0625,1,8,9,0.0,0.0,0.0,0.0,0,3,2
6XU5,vina_pose,4,A:PLM:201,L:UNL:1,RDKit,18,3.3779555947347797,3,7.295015330118688,NA,NA,3,2,hydrogen_bonds=3,hydrogen_bonds=2,0.1111111111111111,0.125,0.11764705882352941,0.0625,1,8,9,0.0,0.0,0.0,0.0,0,3,2
6XU5,vina_pose,5,A:PLM:201,L:UNL:1,RDKit,18,4.432658795801905,3,3.0106234680987036,NA,NA,3,2,hydrogen_bonds=3,hydrogen_bonds=2,0.6666666666666666,0.5,0.5714285714285715,0.4,4,8,6,1.0,0.6666666666666666,0.8,0.6666666666666666,2,3,2
6XU5,vina_pose,6,A:PLM:201,L:UNL:1,RDKit,18,3.6102175988589815,3,7.426331148914202,NA,NA,3,3,hydrogen_bonds=3,hydrogen_bonds=3,0.1111111111111111,0.125,0.11764705882352941,0.0625,1,8,9,0.0,0.0,0.0,0.0,0,3,3
6XU5,vina_pose,7,A:PLM:201,L:UNL:1,RDKit,18,3.1771089059080113,3,6.255980631896703,NA,NA,3,3,hydrogen_bonds=3,hydrogen_bonds=3,0.25,0.125,0.16666666666666666,0.09090909090909091,1,8,4,0.0,0.0,0.0,0.0,0,3,3
6XU5,vina_pose,8,A:PLM:201,L:UNL:1,RDKit,18,2.8194795224966214,3,5.153348490706471,NA,NA,3,2,hydrogen_bonds=3,hydrogen_bonds=2,0.5,0.25,0.3333333333333333,0.2,2,8,4,0.0,0.0,0.0,0.0,0,3,2
6XU5,vina_pose,9,A:PLM:201,L:UNL:1,RDKit,18,5.716113952872374,3,8.878452736823009,NA,NA,3,2,hydrogen_bonds=3,hydrogen_bonds=2,0.14285714285714285,0.125,0.13333333333333333,0.07142857142857142,1,8,7,0.0,0.0,0.0,0.0,0,3,2
6XU5,vina_pose,10,A:PLM:201,L:UNL:1,RDKit,18,4.275366033712461,3,2.910353414965268,NA,NA,3,3,hydrogen_bonds=3,hydrogen_bonds=3,0.8333333333333334,0.625,0.7142857142857143,0.5555555555555556,5,8,6,0.6666666666666666,0.6666666666666666,0.6666666666666666,0.5,2,3,3
6XU5,vina_pose,11,A:PLM:201,L:UNL:1,RDKit,18,4.442327655632799,3,7.578906825305788,NA,NA,3,3,hydrogen_bonds=3,hydrogen_bonds=3,0.125,0.125,0.125,0.06666666666666667,1,8,8,0.0,0.0,0.0,0.0,0,3,3
6XU5,vina_pose,12,A:PLM:201,L:UNL:1,RDKit,18,5.400424484344828,3,7.863555663099656,NA,NA,3,2,hydrogen_bonds=3,hydrogen_bonds=2,0.125,0.125,0.125,0.06666666666666667,1,8,8,0.0,0.0,0.0,0.0,0,3,2
6XU5,vina_pose,13,A:PLM:201,L:UNL:1,RDKit,18,2.935106197208014,3,5.2906981580884,NA,NA,3,2,hydrogen_bonds=3,hydrogen_bonds=2,0.5,0.25,0.3333333333333333,0.2,2,8,4,0.0,0.0,0.0,0.0,0,3,2
6XU5,vina_pose,14,A:PLM:201,L:UNL:1,RDKit,18,4.868395663186521,3,7.368548341882998,NA,NA,3,2,hydrogen_bonds=3,hydrogen_bonds=2,0.1111111111111111,0.125,0.11764705882352941,0.0625,1,8,9,0.0,0.0,0.0,0.0,0,3,2
6XU5,vina_pose,15,A:PLM:201,L:UNL:1,RDKit,18,4.627385919117233,3,5.409566156356718,NA,NA,3,2,hydrogen_bonds=3,hydrogen_bonds=2,0.5,0.25,0.3333333333333333,0.2,2,8,4,0.0,0.0,0.0,0.0,0,3,2
6XU5,vina_pose,16,A:PLM:201,L:UNL:1,RDKit,18,2.171047865279191,3,3.2096940664181686,NA,NA,3,3,hydrogen_bonds=3,hydrogen_bonds=3,0.8333333333333334,0.625,0.7142857142857143,0.5555555555555556,5,8,6,0.6666666666666666,0.6666666666666666,0.6666666666666666,0.5,2,3,3
6XU5,vina_pose,17,A:PLM:201,L:UNL:1,RDKit,18,4.414973247685402,3,4.692089442171081,NA,NA,3,3,hydrogen_bonds=3,hydrogen_bonds=3,0.6,0.375,0.4615384615384615,0.3,3,8,5,0.3333333333333333,0.3333333333333333,0.3333333333333333,0.2,1,3,3
6XU5,vina_pose,18,A:PLM:201,L:UNL:1,RDKit,18,4.813783121874566,3,3.438923620359526,NA,NA,3,2,hydrogen_bonds=3,hydrogen_bonds=2,0.7142857142857143,0.625,0.6666666666666666,0.5,5,8,7,1.0,0.6666666666666666,0.8,0.6666666666666666,2,3,2
6XU5,vina_pose,19,A:PLM:201,L:UNL:1,RDKit,18,3.0150284962721887,3,1.355852622276231,NA,NA,3,3,hydrogen_bonds=3,hydrogen_bonds=3,1.0,0.625,0.7692307692307693,0.625,5,8,5,1.0,1.0,1.0,1.0,3,3,3
6XU5,vina_pose,20,A:PLM:201,L:UNL:1,RDKit,18,1.7505000079342412,3,1.8354725095553277,NA,NA,3,2,hydrogen_bonds=3,hydrogen_bonds=2,0.8333333333333334,0.625,0.7142857142857143,0.5555555555555556,5,8,6,1.0,0.6666666666666666,0.8,0.6666666666666666,2,3,2
7E25,boltz,1,A:PLM:202,B:PLM:1,RDKit,18,1.7615122781857226,3,1.0278118039275477,139,2.0321249450676286,2,2,hydrogen_bonds=2,hydrogen_bonds=2,0.875,0.875,0.875,0.7777777777777778,7,8,8,1.0,1.0,1.0,1.0,2,2,2
7E25,vina_pose,1,A:PLM:202,L:UNL:1,RDKit,18,4.878935437162497,3,7.716570136185289,NA,NA,2,3,hydrogen_bonds=2,hydrogen_bonds=3,0.0,0.0,0.0,0.0,0,8,7,0.0,0.0,0.0,0.0,0,2,3
7E25,vina_pose,2,A:PLM:202,L:UNL:1,RDKit,18,1.3509169519667414,3,1.5822428174377454,NA,NA,2,2,hydrogen_bonds=2,hydrogen_bonds=2,0.8571428571428571,0.75,0.7999999999999999,0.6666666666666666,6,8,7,1.0,1.0,1.0,1.0,2,2,2
7E25,vina_pose,3,A:PLM:202,L:UNL:1,RDKit,18,5.000858281890776,3,6.544917977586377,NA,NA,2,2,hydrogen_bonds=2,hydrogen_bonds=2,0.2857142857142857,0.25,0.26666666666666666,0.15384615384615385,2,8,7,0.0,0.0,0.0,0.0,0,2,2
7E25,vina_pose,4,A:PLM:202,L:UNL:1,RDKit,18,5.099084285982686,3,6.424272747427006,NA,NA,2,2,hydrogen_bonds=2,hydrogen_bonds=2,0.25,0.25,0.25,0.14285714285714285,2,8,8,0.0,0.0,0.0,0.0,0,2,2
7E25,vina_pose,5,A:PLM:202,L:UNL:1,RDKit,18,4.253923881416884,3,7.6901104890198635,NA,NA,2,3,hydrogen_bonds=2,hydrogen_bonds=3,0.0,0.0,0.0,0.0,0,8,7,0.0,0.0,0.0,0.0,0,2,3
7E25,vina_pose,6,A:PLM:202,L:UNL:1,RDKit,18,2.8597844615751495,3,3.0912394493687043,NA,NA,2,1,hydrogen_bonds=2,hydrogen_bonds=1,0.6666666666666666,0.5,0.5714285714285715,0.4,4,8,6,1.0,0.5,0.6666666666666666,0.5,1,2,1
7E25,vina_pose,7,A:PLM:202,L:UNL:1,RDKit,18,1.971585909870529,3,1.8395581897111426,NA,NA,2,2,hydrogen_bonds=2,hydrogen_bonds=2,0.8571428571428571,0.75,0.7999999999999999,0.6666666666666666,6,8,7,1.0,1.0,1.0,1.0,2,2,2
7E25,vina_pose,8,A:PLM:202,L:UNL:1,RDKit,18,3.7633017122970327,3,7.843917856105668,NA,NA,2,2,hydrogen_bonds=2,hydrogen_bonds=2,0.0,0.0,0.0,0.0,0,8,8,0.0,0.0,0.0,0.0,0,2,2
7E25,vina_pose,9,A:PLM:202,L:UNL:1,RDKit,18,3.9649863808088925,3,7.784915520843286,NA,NA,2,3,hydrogen_bonds=2,hydrogen_bonds=3,0.0,0.0,0.0,0.0,0,8,7,0.0,0.0,0.0,0.0,0,2,3
7E25,vina_pose,10,A:PLM:202,L:UNL:1,RDKit,18,4.755277314030523,3,1.217728760165142,NA,NA,2,2,hydrogen_bonds=2,hydrogen_bonds=2,1.0,0.75,0.8571428571428571,0.75,6,8,6,1.0,1.0,1.0,1.0,2,2,2
7E25,vina_pose,11,A:PLM:202,L:UNL:1,RDKit,18,4.768782426713693,3,1.4398275359685735,NA,NA,2,2,hydrogen_bonds=2,hydrogen_bonds=2,0.7142857142857143,0.625,0.6666666666666666,0.5,5,8,7,1.0,1.0,1.0,1.0,2,2,2
7E25,vina_pose,12,A:PLM:202,L:UNL:1,RDKit,18,2.5462448712652215,3,4.819051324344518,NA,NA,2,2,hydrogen_bonds=2,hydrogen_bonds=2,0.3333333333333333,0.125,0.18181818181818182,0.1,1,8,3,0.0,0.0,0.0,0.0,0,2,2
7E25,vina_pose,13,A:PLM:202,L:UNL:1,RDKit,18,4.685610448786559,3,7.871558126148426,NA,NA,2,3,hydrogen_bonds=2,hydrogen_bonds=3,0.0,0.0,0.0,0.0,0,8,7,0.0,0.0,0.0,0.0,0,2,3
7E25,vina_pose,14,A:PLM:202,L:UNL:1,RDKit,18,5.304890851322432,3,7.085955992901264,NA,NA,2,2,hydrogen_bonds=2,hydrogen_bonds=2,0.14285714285714285,0.125,0.13333333333333333,0.07142857142857142,1,8,7,0.0,0.0,0.0,0.0,0,2,2
7E25,vina_pose,15,A:PLM:202,L:UNL:1,RDKit,18,5.614569608517548,3,6.321298521664674,NA,NA,2,2,hydrogen_bonds=2,hydrogen_bonds=2,0.2857142857142857,0.25,0.26666666666666666,0.15384615384615385,2,8,7,0.0,0.0,0.0,0.0,0,2,2
7E25,vina_pose,16,A:PLM:202,L:UNL:1,RDKit,18,5.939285853067222,3,7.5374153837152065,NA,NA,2,2,hydrogen_bonds=2,hydrogen_bonds=2,0.0,0.0,0.0,0.0,0,8,7,0.0,0.0,0.0,0.0,0,2,2
7E25,vina_pose,17,A:PLM:202,L:UNL:1,RDKit,18,5.187188791200448,3,6.276811212709843,NA,NA,2,2,hydrogen_bonds=2,hydrogen_bonds=2,0.2222222222222222,0.25,0.23529411764705882,0.13333333333333333,2,8,9,0.0,0.0,0.0,0.0,0,2,2
7E25,vina_pose,18,A:PLM:202,L:UNL:1,RDKit,18,4.503563490294226,3,6.906513013091339,NA,NA,2,2,hydrogen_bonds=2,hydrogen_bonds=2,0.16666666666666666,0.125,0.14285714285714288,0.07692307692307693,1,8,6,0.0,0.0,0.0,0.0,0,2,2
7E25,vina_pose,19,A:PLM:202,L:UNL:1,RDKit,18,4.726515676948978,3,1.932840655615461,NA,NA,2,2,hydrogen_bonds=2,hydrogen_bonds=2,0.8571428571428571,0.75,0.7999999999999999,0.6666666666666666,6,8,7,1.0,1.0,1.0,1.0,2,2,2
7E25,vina_pose,20,A:PLM:202,L:UNL:1,RDKit,18,3.089067982417998,3,6.123445326502612,NA,NA,2,3,hydrogen_bonds=2,hydrogen_bonds=3,0.2,0.125,0.15384615384615385,0.08333333333333333,1,8,5,0.0,0.0,0.0,0.0,0,2,3
7FXL,boltz,1,A:MYR:201,B:MYR:1,RDKit,16,1.9480899709379096,3,1.802542582921151,130,0.3605523787079907,3,2,hydrogen_bonds=3,hydrogen_bonds=2,1.0,0.5714285714285714,0.7272727272727273,0.5714285714285714,4,7,4,1.0,0.6666666666666666,0.8,0.6666666666666666,2,3,2
7FXL,vina_pose,1,A:MYR:201,L:UNL:1,RDKit,16,3.444845814764428,3,7.186099567915822,NA,NA,3,3,hydrogen_bonds=3,hydrogen_bonds=3,0.0,0.0,0.0,0.0,0,7,8,0.0,0.0,0.0,0.0,0,3,3
7FXL,vina_pose,2,A:MYR:201,L:UNL:1,RDKit,16,3.861858134370034,3,7.49176474537208,NA,NA,3,3,hydrogen_bonds=3,hydrogen_bonds=3,0.0,0.0,0.0,0.0,0,7,9,0.0,0.0,0.0,0.0,0,3,3
7FXL,vina_pose,3,A:MYR:201,L:UNL:1,RDKit,16,3.9003664972025387,3,7.2812006793751625,NA,NA,3,3,hydrogen_bonds=3,hydrogen_bonds=3,0.0,0.0,0.0,0.0,0,7,8,0.0,0.0,0.0,0.0,0,3,3
7FXL,vina_pose,4,A:MYR:201,L:UNL:1,RDKit,16,3.7878998633807623,3,7.4753166042204064,NA,NA,3,3,hydrogen_bonds=3,hydrogen_bonds=3,0.0,0.0,0.0,0.0,0,7,9,0.0,0.0,0.0,0.0,0,3,3
7FXL,vina_pose,5,A:MYR:201,L:UNL:1,RDKit,16,4.337441426117476,3,6.573779633260204,NA,NA,3,2,hydrogen_bonds=3,hydrogen_bonds=2,0.125,0.14285714285714285,0.13333333333333333,0.07142857142857142,1,7,8,0.0,0.0,0.0,0.0,0,3,2
7FXL,vina_pose,6,A:MYR:201,L:UNL:1,RDKit,16,4.219578111316343,3,7.419033450075105,NA,NA,3,3,hydrogen_bonds=3,hydrogen_bonds=3,0.0,0.0,0.0,0.0,0,7,9,0.0,0.0,0.0,0.0,0,3,3
7FXL,vina_pose,7,A:MYR:201,L:UNL:1,RDKit,16,3.8438087556484906,3,7.350446698444023,NA,NA,3,3,hydrogen_bonds=3,hydrogen_bonds=3,0.0,0.0,0.0,0.0,0,7,7,0.0,0.0,0.0,0.0,0,3,3
7FXL,vina_pose,8,A:MYR:201,L:UNL:1,RDKit,16,4.670922854479616,3,7.183782360289042,NA,NA,3,3,hydrogen_bonds=3,hydrogen_bonds=3,0.0,0.0,0.0,0.0,0,7,9,0.0,0.0,0.0,0.0,0,3,3
7FXL,vina_pose,9,A:MYR:201,L:UNL:1,RDKit,16,5.644252098374062,3,7.846624029903985,NA,NA,3,1,hydrogen_bonds=3,hydrogen_bonds=1,0.125,0.14285714285714285,0.13333333333333333,0.07142857142857142,1,7,8,0.0,0.0,0.0,0.0,0,3,1
7FXL,vina_pose,10,A:MYR:201,L:UNL:1,RDKit,16,4.7047212390852655,3,4.448557856204637,NA,NA,3,3,hydrogen_bonds=3,hydrogen_bonds=3,0.6,0.42857142857142855,0.5,0.3333333333333333,3,7,5,0.3333333333333333,0.3333333333333333,0.3333333333333333,0.2,1,3,3
7FXL,vina_pose,11,A:MYR:201,L:UNL:1,RDKit,16,4.31745741872459,3,7.264158450915012,NA,NA,3,3,hydrogen_bonds=3,hydrogen_bonds=3,0.0,0.0,0.0,0.0,0,7,8,0.0,0.0,0.0,0.0,0,3,3
7FXL,vina_pose,12,A:MYR:201,L:UNL:1,RDKit,16,5.2957372834195615,3,7.11277025262778,NA,NA,3,3,hydrogen_bonds=3,hydrogen_bonds=3,0.0,0.0,0.0,0.0,0,7,9,0.0,0.0,0.0,0.0,0,3,3
7FXL,vina_pose,13,A:MYR:201,L:UNL:1,RDKit,16,4.528079822065861,3,7.049946619183249,NA,NA,3,3,hydrogen_bonds=3,hydrogen_bonds=3,0.0,0.0,0.0,0.0,0,7,8,0.0,0.0,0.0,0.0,0,3,3
7FXL,vina_pose,14,A:MYR:201,L:UNL:1,RDKit,16,5.266703493410276,3,5.184684625574313,NA,NA,3,3,hydrogen_bonds=3,hydrogen_bonds=3,0.3333333333333333,0.2857142857142857,0.30769230769230765,0.18181818181818182,2,7,6,0.3333333333333333,0.3333333333333333,0.3333333333333333,0.2,1,3,3
7FXL,vina_pose,15,A:MYR:201,L:UNL:1,RDKit,16,5.0132965825891445,3,7.972677446546214,NA,NA,3,1,hydrogen_bonds=3,hydrogen_bonds=1,0.16666666666666666,0.14285714285714285,0.15384615384615383,0.08333333333333333,1,7,6,0.0,0.0,0.0,0.0,0,3,1
7FXL,vina_pose,16,A:MYR:201,L:UNL:1,RDKit,16,5.425460187855036,3,6.726861229429368,NA,NA,3,2,hydrogen_bonds=3,hydrogen_bonds=2,0.25,0.2857142857142857,0.26666666666666666,0.15384615384615385,2,7,8,0.5,0.3333333333333333,0.4,0.25,1,3,2
7FXL,vina_pose,17,A:MYR:201,L:UNL:1,RDKit,16,4.671875272575243,3,0.5916136126448289,NA,NA,3,3,hydrogen_bonds=3,hydrogen_bonds=3,0.875,1.0,0.9333333333333333,0.875,7,7,8,1.0,1.0,1.0,1.0,3,3,3
7FXL,vina_pose,18,A:MYR:201,L:UNL:1,RDKit,16,4.621554527429056,3,3.0399073450792327,NA,NA,3,3,hydrogen_bonds=3,hydrogen_bonds=3,0.8333333333333334,0.7142857142857143,0.7692307692307692,0.625,5,7,6,0.6666666666666666,0.6666666666666666,0.6666666666666666,0.5,2,3,3
7FXL,vina_pose,19,A:MYR:201,L:UNL:1,RDKit,16,3.613927909837163,3,1.925304737783952,NA,NA,3,2,hydrogen_bonds=3,hydrogen_bonds=2,0.8333333333333334,0.7142857142857143,0.7692307692307692,0.625,5,7,6,1.0,0.6666666666666666,0.8,0.6666666666666666,2,3,2
7FXL,vina_pose,20,A:MYR:201,L:UNL:1,RDKit,16,4.9798641484984305,3,2.545911166295215,NA,NA,3,2,hydrogen_bonds=3,hydrogen_bonds=2,0.6666666666666666,0.5714285714285714,0.6153846153846153,0.4444444444444444,4,7,6,1.0,0.6666666666666666,0.8,0.6666666666666666,2,3,2
7FY1,boltz,1,A:MYR:201,B:MYR:1,RDKit,16,1.3626897980054413,3,1.7787575250179881,134,0.4350166826721454,3,3,hydrogen_bonds=3,hydrogen_bonds=3,1.0,0.8571428571428571,0.923076923076923,0.8571428571428571,6,7,6,1.0,1.0,1.0,1.0,3,3,3
7FY1,vina_pose,1,A:MYR:201,L:UNL:1,RDKit,16,4.569764114535892,3,7.613860781495811,NA,NA,3,4,hydrogen_bonds=3,hydrogen_bonds=4,0.0,0.0,0.0,0.0,0,7,7,0.0,0.0,0.0,0.0,0,3,4
7FY1,vina_pose,2,A:MYR:201,L:UNL:1,RDKit,16,3.0967685778888936,3,0.5830814694363038,NA,NA,3,3,hydrogen_bonds=3,hydrogen_bonds=3,1.0,1.0,1.0,1.0,7,7,7,1.0,1.0,1.0,1.0,3,3,3
7FY1,vina_pose,3,A:MYR:201,L:UNL:1,RDKit,16,3.1232692307100267,3,0.36258378342115444,NA,NA,3,3,hydrogen_bonds=3,hydrogen_bonds=3,1.0,1.0,1.0,1.0,7,7,7,1.0,1.0,1.0,1.0,3,3,3
7FY1,vina_pose,4,A:MYR:201,L:UNL:1,RDKit,16,3.9296930780278494,3,1.8761692354369293,NA,NA,3,2,hydrogen_bonds=3,hydrogen_bonds=2,0.8,0.5714285714285714,0.6666666666666666,0.5,4,7,5,1.0,0.6666666666666666,0.8,0.6666666666666666,2,3,2
7FY1,vina_pose,5,A:MYR:201,L:UNL:1,RDKit,16,2.8415687128767444,3,3.1310045246427425,NA,NA,3,2,hydrogen_bonds=3,hydrogen_bonds=2,0.5,0.42857142857142855,0.4615384615384615,0.3,3,7,6,1.0,0.6666666666666666,0.8,0.6666666666666666,2,3,2
7FY1,vina_pose,6,A:MYR:201,L:UNL:1,RDKit,16,5.114602336692463,3,3.3452419942359928,NA,NA,3,2,hydrogen_bonds=3,hydrogen_bonds=2,0.42857142857142855,0.42857142857142855,0.42857142857142855,0.2727272727272727,3,7,7,1.0,0.6666666666666666,0.8,0.6666666666666666,2,3,2
7FY1,vina_pose,7,A:MYR:201,L:UNL:1,RDKit,16,4.497303657470773,3,0.5711602227046262,NA,NA,3,3,hydrogen_bonds=3,hydrogen_bonds=3,1.0,1.0,1.0,1.0,7,7,7,1.0,1.0,1.0,1.0,3,3,3
7FY1,vina_pose,8,A:MYR:201,L:UNL:1,RDKit,16,5.174668528031529,3,7.7020539901163145,NA,NA,3,3,hydrogen_bonds=3,hydrogen_bonds=3,0.1111111111111111,0.14285714285714285,0.125,0.06666666666666667,1,7,9,0.0,0.0,0.0,0.0,0,3,3
7FY1,vina_pose,9,A:MYR:201,L:UNL:1,RDKit,16,4.951021453952708,3,1.8283333029474311,NA,NA,3,2,hydrogen_bonds=3,hydrogen_bonds=2,0.8,0.5714285714285714,0.6666666666666666,0.5,4,7,5,1.0,0.6666666666666666,0.8,0.6666666666666666,2,3,2
7FY1,vina_pose,10,A:MYR:201,L:UNL:1,RDKit,16,4.044240325759584,3,7.583732963829003,NA,NA,3,2,hydrogen_bonds=3,hydrogen_bonds=2,0.125,0.14285714285714285,0.13333333333333333,0.07142857142857142,1,7,8,0.0,0.0,0.0,0.0,0,3,2
7FY1,vina_pose,11,A:MYR:201,L:UNL:1,RDKit,16,3.316269345966941,3,2.3122568340620537,NA,NA,3,3,hydrogen_bonds=3,hydrogen_bonds=3,0.6666666666666666,0.5714285714285714,0.6153846153846153,0.4444444444444444,4,7,6,0.6666666666666666,0.6666666666666666,0.6666666666666666,0.5,2,3,3
7FY1,vina_pose,12,A:MYR:201,L:UNL:1,RDKit,16,5.114741165249713,3,1.8691751300150177,NA,NA,3,3,hydrogen_bonds=3,hydrogen_bonds=3,1.0,1.0,1.0,1.0,7,7,7,1.0,1.0,1.0,1.0,3,3,3
7FY1,vina_pose,13,A:MYR:201,L:UNL:1,RDKit,16,4.616126352256836,3,5.945565266089789,NA,NA,3,3,hydrogen_bonds=3,hydrogen_bonds=3,0.0,0.0,0.0,0.0,0,7,4,0.0,0.0,0.0,0.0,0,3,3
7FY1,vina_pose,14,A:MYR:201,L:UNL:1,RDKit,16,4.030627006124481,3,0.4135766756801759,NA,NA,3,3,hydrogen_bonds=3,hydrogen_bonds=3,1.0,1.0,1.0,1.0,7,7,7,1.0,1.0,1.0,1.0,3,3,3
7FY1,vina_pose,15,A:MYR:201,L:UNL:1,RDKit,16,3.4092676541304288,3,2.6063695695993183,NA,NA,3,2,hydrogen_bonds=3,hydrogen_bonds=2,0.5,0.42857142857142855,0.4615384615384615,0.3,3,7,6,1.0,0.6666666666666666,0.8,0.6666666666666666,2,3,2
7FY1,vina_pose,16,A:MYR:201,L:UNL:1,RDKit,16,3.4519771599041613,3,2.3322313350094577,NA,NA,3,2,hydrogen_bonds=3,hydrogen_bonds=2,0.8,0.5714285714285714,0.6666666666666666,0.5,4,7,5,1.0,0.6666666666666666,0.8,0.6666666666666666,2,3,2
7FY1,vina_pose,17,A:MYR:201,L:UNL:1,RDKit,16,5.806184106192292,3,6.855363010081961,NA,NA,3,3,hydrogen_bonds=3,hydrogen_bonds=3,0.0,0.0,0.0,0.0,0,7,5,0.0,0.0,0.0,0.0,0,3,3
7FY1,vina_pose,18,A:MYR:201,L:UNL:1,RDKit,16,4.910226490448276,3,6.044032787248374,NA,NA,3,3,hydrogen_bonds=3,hydrogen_bonds=3,0.2,0.14285714285714285,0.16666666666666666,0.09090909090909091,1,7,5,0.0,0.0,0.0,0.0,0,3,3
7FY1,vina_pose,19,A:MYR:201,L:UNL:1,RDKit,16,5.709662085009935,3,3.431947163540449,NA,NA,3,2,hydrogen_bonds=3,hydrogen_bonds=2,0.8,0.5714285714285714,0.6666666666666666,0.5,4,7,5,0.5,0.3333333333333333,0.4,0.25,1,3,2
7FY1,vina_pose,20,A:MYR:201,L:UNL:1,RDKit,16,4.901952155774269,3,0.5149588980362073,NA,NA,3,3,hydrogen_bonds=3,hydrogen_bonds=3,1.0,1.0,1.0,1.0,7,7,7,1.0,1.0,1.0,1.0,3,3,3
7FZK,boltz,1,A:MYR:201,B:MYR:1,RDKit,16,1.4179451037399433,3,1.7882327455698195,133,0.4537795628901258,2,2,hydrogen_bonds=2,hydrogen_bonds=2,1.0,0.7777777777777778,0.8750000000000001,0.7777777777777778,7,9,7,1.0,1.0,1.0,1.0,2,2,2
7FZK,vina_pose,1,A:MYR:201,L:UNL:1,RDKit,16,2.6101901032300305,3,1.8215368053743335,NA,NA,2,2,hydrogen_bonds=2,hydrogen_bonds=2,1.0,0.7777777777777778,0.8750000000000001,0.7777777777777778,7,9,7,1.0,1.0,1.0,1.0,2,2,2
7FZK,vina_pose,2,A:MYR:201,L:UNL:1,RDKit,16,4.164813043523083,3,7.57899199542173,NA,NA,2,3,hydrogen_bonds=2,hydrogen_bonds=3,0.1,0.1111111111111111,0.10526315789473685,0.05555555555555555,1,9,10,0.0,0.0,0.0,0.0,0,2,3
7FZK,vina_pose,3,A:MYR:201,L:UNL:1,RDKit,16,1.0804742592954264,3,0.6361152935330727,NA,NA,2,2,hydrogen_bonds=2,hydrogen_bonds=2,1.0,0.8888888888888888,0.9411764705882353,0.8888888888888888,8,9,8,1.0,1.0,1.0,1.0,2,2,2
7FZK,vina_pose,4,A:MYR:201,L:UNL:1,RDKit,16,4.640716175871996,3,7.629123213056662,NA,NA,2,3,hydrogen_bonds=2,hydrogen_bonds=3,0.1,0.1111111111111111,0.10526315789473685,0.05555555555555555,1,9,10,0.0,0.0,0.0,0.0,0,2,3
7FZK,vina_pose,5,A:MYR:201,L:UNL:1,RDKit,16,1.6447833443952427,3,1.8560546866943335,NA,NA,2,2,hydrogen_bonds=2,hydrogen_bonds=2,0.875,0.7777777777777778,0.823529411764706,0.7,7,9,8,1.0,1.0,1.0,1.0,2,2,2
7FZK,vina_pose,6,A:MYR:201,L:UNL:1,RDKit,16,4.258331436724952,3,1.5457140744652618,NA,NA,2,2,hydrogen_bonds=2,hydrogen_bonds=2,0.8571428571428571,0.6666666666666666,0.75,0.6,6,9,7,1.0,1.0,1.0,1.0,2,2,2
7FZK,vina_pose,7,A:MYR:201,L:UNL:1,RDKit,16,5.309573093714786,3,7.098875309981622,NA,NA,2,2,hydrogen_bonds=2,hydrogen_bonds=2,0.14285714285714285,0.1111111111111111,0.125,0.06666666666666667,1,9,7,0.0,0.0,0.0,0.0,0,2,2
7FZK,vina_pose,8,A:MYR:201,L:UNL:1,RDKit,16,4.808295812967418,3,6.284821211988983,NA,NA,2,1,hydrogen_bonds=2,hydrogen_bonds=1,0.125,0.1111111111111111,0.11764705882352941,0.0625,1,9,8,0.0,0.0,0.0,0.0,0,2,1
7FZK,vina_pose,9,A:MYR:201,L:UNL:1,RDKit,16,4.097103961946781,3,7.697602397283629,NA,NA,2,3,hydrogen_bonds=2,hydrogen_bonds=3,0.1,0.1111111111111111,0.10526315789473685,0.05555555555555555,1,9,10,0.0,0.0,0.0,0.0,0,2,3
7FZK,vina_pose,10,A:MYR:201,L:UNL:1,RDKit,16,4.48448306664213,3,2.435272606232548,NA,NA,2,2,hydrogen_bonds=2,hydrogen_bonds=2,0.8,0.4444444444444444,0.5714285714285714,0.4,4,9,5,1.0,1.0,1.0,1.0,2,2,2
7FZK,vina_pose,11,A:MYR:201,L:UNL:1,RDKit,16,2.638138240312664,3,5.167125054934642,NA,NA,2,2,hydrogen_bonds=2,hydrogen_bonds=2,0.3333333333333333,0.1111111111111111,0.16666666666666666,0.09090909090909091,1,9,3,0.0,0.0,0.0,0.0,0,2,2
7FZK,vina_pose,12,A:MYR:201,L:UNL:1,RDKit,16,4.090159058643074,3,6.741045814016299,NA,NA,2,2,hydrogen_bonds=2,hydrogen_bonds=2,0.2857142857142857,0.2222222222222222,0.25,0.14285714285714285,2,9,7,0.0,0.0,0.0,0.0,0,2,2
7FZK,vina_pose,13,A:MYR:201,L:UNL:1,RDKit,16,4.420095198352633,3,7.435199414496785,NA,NA,2,3,hydrogen_bonds=2,hydrogen_bonds=3,0.0,0.0,0.0,0.0,0,9,7,0.0,0.0,0.0,0.0,0,2,3
7FZK,vina_pose,14,A:MYR:201,L:UNL:1,RDKit,16,5.282285046502129,3,6.027190058393713,NA,NA,2,2,hydrogen_bonds=2,hydrogen_bonds=2,0.25,0.2222222222222222,0.23529411764705882,0.13333333333333333,2,9,8,0.5,0.5,0.5,0.3333333333333333,1,2,2
7FZK,vina_pose,15,A:MYR:201,L:UNL:1,RDKit,16,5.5380471005129595,3,5.883990935864308,NA,NA,2,2,hydrogen_bonds=2,hydrogen_bonds=2,0.25,0.2222222222222222,0.23529411764705882,0.13333333333333333,2,9,8,0.5,0.5,0.5,0.3333333333333333,1,2,2
7FZK,vina_pose,16,A:MYR:201,L:UNL:1,RDKit,16,3.9966671271197955,3,1.7625916524633074,NA,NA,2,2,hydrogen_bonds=2,hydrogen_bonds=2,0.8888888888888888,0.8888888888888888,0.8888888888888888,0.8,8,9,9,1.0,1.0,1.0,1.0,2,2,2
7FZK,vina_pose,17,A:MYR:201,L:UNL:1,RDKit,16,4.678574442338179,3,7.709571042974225,NA,NA,2,3,hydrogen_bonds=2,hydrogen_bonds=3,0.1,0.1111111111111111,0.10526315789473685,0.05555555555555555,1,9,10,0.0,0.0,0.0,0.0,0,2,3
7FZK,vina_pose,18,A:MYR:201,L:UNL:1,RDKit,16,4.237305408511404,3,3.7971731151827495,NA,NA,2,2,hydrogen_bonds=2,hydrogen_bonds=2,0.5714285714285714,0.4444444444444444,0.5,0.3333333333333333,4,9,7,0.0,0.0,0.0,0.0,0,2,2
7FZK,vina_pose,19,A:MYR:201,L:UNL:1,RDKit,16,2.3722938925225936,3,2.335926725448953,NA,NA,2,1,hydrogen_bonds=2,hydrogen_bonds=1,0.8571428571428571,0.6666666666666666,0.75,0.6,6,9,7,1.0,0.5,0.6666666666666666,0.5,1,2,1
7FZK,vina_pose,20,A:MYR:201,L:UNL:1,RDKit,16,4.436842007554473,3,7.446798350074122,NA,NA,2,3,hydrogen_bonds=2,hydrogen_bonds=3,0.0,0.0,0.0,0.0,0,9,8,0.0,0.0,0.0,0.0,0,2,3
7JX2,boltz,1,A:VLP:201,B:VLP:1,RDKit,23,0.8052685724307777,3,0.32215573601382574,135,0.4770725249797981,0,0,none=0,none=0,0.7777777777777778,0.875,0.823529411764706,0.7,7,8,9,NA,NA,NA,NA,0,0,0
7JX2,vina_pose,1,A:VLP:201,A:VLP:201,RDKit,23,2.5314329504469786,3,2.807865143960205,NA,NA,0,1,none=0,hydrogen_bonds=1,0.5714285714285714,0.5,0.5333333333333333,0.36363636363636365,4,8,7,NA,NA,NA,NA,0,0,1
7JX2,vina_pose,2,A:VLP:201,A:VLP:201,RDKit,23,8.610115767034676,3,10.80915388301354,NA,NA,0,2,none=0,hydrogen_bonds=2,0.16666666666666666,0.125,0.14285714285714288,0.07692307692307693,1,8,6,NA,NA,NA,NA,0,0,2
7JX2,vina_pose,3,A:VLP:201,A:VLP:201,RDKit,23,4.744949983701208,3,3.3812095468929457,NA,NA,0,1,none=0,hydrogen_bonds=1,0.6,0.375,0.4615384615384615,0.3,3,8,5,NA,NA,NA,NA,0,0,1
7JX2,vina_pose,4,A:VLP:201,A:VLP:201,RDKit,23,8.819252447862597,3,10.782810564350402,NA,NA,0,1,none=0,hydrogen_bonds=1,0.0,0.0,0.0,0.0,0,8,8,NA,NA,NA,NA,0,0,1
7JX2,vina_pose,5,A:VLP:201,A:VLP:201,RDKit,23,2.31544306962958,3,3.0202796228164046,NA,NA,0,1,none=0,hydrogen_bonds=1,0.5714285714285714,0.5,0.5333333333333333,0.36363636363636365,4,8,7,NA,NA,NA,NA,0,0,1
7JX2,vina_pose,6,A:VLP:201,A:VLP:201,RDKit,23,3.8641405872795143,3,2.3777590990958974,NA,NA,0,2,none=0,hydrogen_bonds=2,0.6666666666666666,0.5,0.5714285714285715,0.4,4,8,6,NA,NA,NA,NA,0,0,2
7JX2,vina_pose,7,A:VLP:201,A:VLP:201,RDKit,23,9.059337704941456,3,10.484494646858284,NA,NA,0,1,none=0,hydrogen_bonds=1,0.14285714285714285,0.125,0.13333333333333333,0.07142857142857142,1,8,7,NA,NA,NA,NA,0,0,1
7JX2,vina_pose,8,A:VLP:201,A:VLP:201,RDKit,23,4.715798581456757,3,3.669090350481983,NA,NA,0,1,none=0,hydrogen_bonds=1,0.6,0.375,0.4615384615384615,0.3,3,8,5,NA,NA,NA,NA,0,0,1
7JX2,vina_pose,9,A:VLP:201,A:VLP:201,RDKit,23,3.60169606182131,3,2.841013023553395,NA,NA,0,0,none=0,none=0,0.5714285714285714,0.5,0.5333333333333333,0.36363636363636365,4,8,7,NA,NA,NA,NA,0,0,0
7JX2,vina_pose,10,A:VLP:201,A:VLP:201,RDKit,23,3.4777956161663797,3,3.2253337811767637,NA,NA,0,1,none=0,hydrogen_bonds=1,0.75,0.375,0.5,0.3333333333333333,3,8,4,NA,NA,NA,NA,0,0,1
7JX2,vina_pose,11,A:VLP:201,A:VLP:201,RDKit,23,2.160207337069855,3,3.275453149311303,NA,NA,0,2,none=0,hydrogen_bonds=2,0.5714285714285714,0.5,0.5333333333333333,0.36363636363636365,4,8,7,NA,NA,NA,NA,0,0,2
7JX2,vina_pose,12,A:VLP:201,A:VLP:201,RDKit,23,4.630231574638854,3,2.8382184552990277,NA,NA,0,0,none=0,none=0,0.7142857142857143,0.625,0.6666666666666666,0.5,5,8,7,NA,NA,NA,NA,0,0,0
7JX2,vina_pose,13,A:VLP:201,A:VLP:201,RDKit,23,8.10057325668724,3,9.627148868347957,NA,NA,0,0,none=0,none=0,0.0,0.0,0.0,0.0,0,8,7,NA,NA,NA,NA,0,0,0
7JX2,vina_pose,14,A:VLP:201,A:VLP:201,RDKit,23,4.047730050931928,3,2.523092282629921,NA,NA,0,1,none=0,hydrogen_bonds=1,0.7142857142857143,0.625,0.6666666666666666,0.5,5,8,7,NA,NA,NA,NA,0,0,1
7JX2,vina_pose,15,A:VLP:201,A:VLP:201,RDKit,23,4.705504671912599,3,2.6572574834466707,NA,NA,0,0,none=0,none=0,0.75,0.75,0.75,0.6,6,8,8,NA,NA,NA,NA,0,0,0
7JX2,vina_pose,16,A:VLP:201,A:VLP:201,RDKit,23,10.064664162089672,3,10.941208342774576,NA,NA,0,1,none=0,hydrogen_bonds=1,0.125,0.125,0.125,0.06666666666666667,1,8,8,NA,NA,NA,NA,0,0,1
7JX2,vina_pose,17,A:VLP:201,A:VLP:201,RDKit,23,4.466548463177472,3,2.5267449416195533,NA,NA,0,2,none=0,hydrogen_bonds=2,0.8333333333333334,0.625,0.7142857142857143,0.5555555555555556,5,8,6,NA,NA,NA,NA,0,0,2
7JX2,vina_pose,18,A:VLP:201,A:VLP:201,RDKit,23,10.088648840889578,3,9.215957844955673,NA,NA,0,1,none=0,hydrogen_bonds=1,0.0,0.0,0.0,0.0,0,8,6,NA,NA,NA,NA,0,0,1
7JX2,vina_pose,19,A:VLP:201,A:VLP:201,RDKit,23,3.1658399805752495,3,2.484299096324756,NA,NA,0,2,none=0,hydrogen_bonds=2,0.8,0.5,0.6153846153846154,0.4444444444444444,4,8,5,NA,NA,NA,NA,0,0,2
7JX2,vina_pose,20,A:VLP:201,A:VLP:201,RDKit,23,2.301825277621143,3,2.4996961815388685,NA,NA,0,1,none=0,hydrogen_bonds=1,0.8333333333333334,0.625,0.7142857142857143,0.5555555555555556,5,8,6,NA,NA,NA,NA,0,0,1
7K3I,boltz,1,A:VLZ:201,B:VLZ:1,RDKit,19,0.44308467606846147,3,0.32582512058434815,138,1.8252146634698734,0,0,none=0,none=0,1.0,0.8571428571428571,0.923076923076923,0.8571428571428571,6,7,6,NA,NA,NA,NA,0,0,0
7K3I,vina_pose,1,A:VLZ:201,A:VLZ:201,RDKit,19,9.189675493955733,3,7.024604710112401,NA,NA,0,1,none=0,hydrogen_bonds=1,0.4,0.2857142857142857,0.3333333333333333,0.2,2,7,5,NA,NA,NA,NA,0,0,1
7K3I,vina_pose,2,A:VLZ:201,A:VLZ:201,RDKit,19,9.225985472965391,3,6.98215427596192,NA,NA,0,1,none=0,hydrogen_bonds=1,0.3333333333333333,0.2857142857142857,0.30769230769230765,0.18181818181818182,2,7,6,NA,NA,NA,NA,0,0,1
7K3I,vina_pose,3,A:VLZ:201,A:VLZ:201,RDKit,19,8.956922065907285,3,8.071486480196818,NA,NA,0,0,none=0,none=0,0.14285714285714285,0.14285714285714285,0.14285714285714285,0.07692307692307693,1,7,7,NA,NA,NA,NA,0,0,0
7K3I,vina_pose,4,A:VLZ:201,A:VLZ:201,RDKit,19,2.1008989679858976,3,1.9863707273987572,NA,NA,0,1,none=0,hydrogen_bonds=1,0.8571428571428571,0.8571428571428571,0.8571428571428571,0.75,6,7,7,NA,NA,NA,NA,0,0,1
7K3I,vina_pose,5,A:VLZ:201,A:VLZ:201,RDKit,19,9.62159238106502,3,7.496806742429295,NA,NA,0,2,none=0,hydrogen_bonds=2,0.25,0.2857142857142857,0.26666666666666666,0.15384615384615385,2,7,8,NA,NA,NA,NA,0,0,2
7K3I,vina_pose,6,A:VLZ:201,A:VLZ:201,RDKit,19,9.071209288036982,3,7.528548465673844,NA,NA,0,0,none=0,none=0,0.16666666666666666,0.14285714285714285,0.15384615384615383,0.08333333333333333,1,7,6,NA,NA,NA,NA,0,0,0
7K3I,vina_pose,7,A:VLZ:201,A:VLZ:201,RDKit,19,9.114534973846647,3,7.6843259517887015,NA,NA,0,0,none=0,none=0,0.2857142857142857,0.2857142857142857,0.2857142857142857,0.16666666666666666,2,7,7,NA,NA,NA,NA,0,0,0
7K3I,vina_pose,8,A:VLZ:201,A:VLZ:201,RDKit,19,9.464942966992513,3,8.07357913195876,NA,NA,0,2,none=0,hydrogen_bonds=2,0.25,0.2857142857142857,0.26666666666666666,0.15384615384615385,2,7,8,NA,NA,NA,NA,0,0,2
7K3I,vina_pose,9,A:VLZ:201,A:VLZ:201,RDKit,19,2.4428788237177095,3,1.921686585615181,NA,NA,0,2,none=0,hydrogen_bonds=2,1.0,1.0,1.0,1.0,7,7,7,NA,NA,NA,NA,0,0,2
7K3I,vina_pose,10,A:VLZ:201,A:VLZ:201,RDKit,19,9.162239800283265,3,8.394979670414138,NA,NA,0,0,none=0,none=0,0.14285714285714285,0.14285714285714285,0.14285714285714285,0.07692307692307693,1,7,7,NA,NA,NA,NA,0,0,0
7K3I,vina_pose,11,A:VLZ:201,A:VLZ:201,RDKit,19,9.48136918271551,3,8.65093973700738,NA,NA,0,1,none=0,hydrogen_bonds=1,0.0,0.0,0.0,0.0,0,7,7,NA,NA,NA,NA,0,0,1
7K3I,vina_pose,12,A:VLZ:201,A:VLZ:201,RDKit,19,2.384449864831453,3,2.9367761803265386,NA,NA,0,1,none=0,hydrogen_bonds=1,0.7142857142857143,0.7142857142857143,0.7142857142857143,0.5555555555555556,5,7,7,NA,NA,NA,NA,0,0,1
7K3I,vina_pose,13,A:VLZ:201,A:VLZ:201,RDKit,19,1.5163558983715912,3,2.286141654986993,NA,NA,0,2,none=0,hydrogen_bonds=2,0.75,0.8571428571428571,0.7999999999999999,0.6666666666666666,6,7,8,NA,NA,NA,NA,0,0,2
7K3I,vina_pose,14,A:VLZ:201,A:VLZ:201,RDKit,19,3.3961277252653193,3,2.6634988267314847,NA,NA,0,0,none=0,none=0,0.7142857142857143,0.7142857142857143,0.7142857142857143,0.5555555555555556,5,7,7,NA,NA,NA,NA,0,0,0
7K3I,vina_pose,15,A:VLZ:201,A:VLZ:201,RDKit,19,2.4762504124710727,3,1.21980982124264,NA,NA,0,1,none=0,hydrogen_bonds=1,0.625,0.7142857142857143,0.6666666666666666,0.5,5,7,8,NA,NA,NA,NA,0,0,1
7K3I,vina_pose,16,A:VLZ:201,A:VLZ:201,RDKit,19,1.6718297571350094,3,1.0435035537393569,NA,NA,0,1,none=0,hydrogen_bonds=1,0.8571428571428571,0.8571428571428571,0.8571428571428571,0.75,6,7,7,NA,NA,NA,NA,0,0,1
7K3I,vina_pose,17,A:VLZ:201,A:VLZ:201,RDKit,19,1.869790461100134,3,1.8344899381935391,NA,NA,0,1,none=0,hydrogen_bonds=1,0.375,0.42857142857142855,0.39999999999999997,0.25,3,7,8,NA,NA,NA,NA,0,0,1
7K3I,vina_pose,18,A:VLZ:201,A:VLZ:201,RDKit,19,3.9789566074802227,3,4.60711565588131,NA,NA,0,0,none=0,none=0,0.4,0.2857142857142857,0.3333333333333333,0.2,2,7,5,NA,NA,NA,NA,0,0,0
7K3I,vina_pose,19,A:VLZ:201,A:VLZ:201,RDKit,19,2.280785148745239,3,2.8148670779748493,NA,NA,0,1,none=0,hydrogen_bonds=1,0.7142857142857143,0.7142857142857143,0.7142857142857143,0.5555555555555556,5,7,7,NA,NA,NA,NA,0,0,1
7K3I,vina_pose,20,A:VLZ:201,A:VLZ:201,RDKit,19,1.9517078351239483,3,2.3077569918285015,NA,NA,0,1,none=0,hydrogen_bonds=1,0.7142857142857143,0.7142857142857143,0.7142857142857143,0.5555555555555556,5,7,7,NA,NA,NA,NA,0,0,1
7M6C,boltz,1,A:DAO:201,B:DAO:1,RDKit,14,1.7761435080765904,3,1.8286250440170584,122,0.8648874259823652,2,2,hydrogen_bonds=2,hydrogen_bonds=2,0.75,1.0,0.8571428571428571,0.75,6,6,8,1.0,1.0,1.0,1.0,2,2,2
7M6C,vina_pose,1,A:DAO:201,L:UNL:1,RDKit,14,3.525505759056828,3,2.9491132565569607,NA,NA,2,1,hydrogen_bonds=2,hydrogen_bonds=1,0.6666666666666666,1.0,0.8,0.6666666666666666,6,6,9,1.0,0.5,0.6666666666666666,0.5,1,2,1
7M6C,vina_pose,2,A:DAO:201,L:UNL:1,RDKit,14,4.451813169934246,3,2.2610574959518392,NA,NA,2,1,hydrogen_bonds=2,hydrogen_bonds=1,0.6,1.0,0.7499999999999999,0.6,6,6,10,1.0,0.5,0.6666666666666666,0.5,1,2,1
7M6C,vina_pose,3,A:DAO:201,L:UNL:1,RDKit,14,1.6559570819145217,3,1.1906074080065177,NA,NA,2,2,hydrogen_bonds=2,hydrogen_bonds=2,0.8571428571428571,1.0,0.923076923076923,0.8571428571428571,6,6,7,1.0,1.0,1.0,1.0,2,2,2
7M6C,vina_pose,4,A:DAO:201,L:UNL:1,RDKit,14,4.037032140075182,3,2.6216548844829544,NA,NA,2,1,hydrogen_bonds=2,hydrogen_bonds=1,0.5,0.8333333333333334,0.625,0.45454545454545453,5,6,10,1.0,0.5,0.6666666666666666,0.5,1,2,1
7M6C,vina_pose,5,A:DAO:201,L:UNL:1,RDKit,14,3.578978555398174,3,1.874983911042083,NA,NA,2,2,hydrogen_bonds=2,hydrogen_bonds=2,0.8571428571428571,1.0,0.923076923076923,0.8571428571428571,6,6,7,1.0,1.0,1.0,1.0,2,2,2
7M6C,vina_pose,6,A:DAO:201,L:UNL:1,RDKit,14,2.5979374373859407,3,2.279956286130651,NA,NA,2,1,hydrogen_bonds=2,hydrogen_bonds=1,0.5,0.8333333333333334,0.625,0.45454545454545453,5,6,10,1.0,0.5,0.6666666666666666,0.5,1,2,1
7M6C,vina_pose,7,A:DAO:201,L:UNL:1,RDKit,14,3.627068592049035,3,4.105221877885123,NA,NA,2,0,hydrogen_bonds=2,none=0,0.42857142857142855,0.5,0.4615384615384615,0.3,3,6,7,0.0,0.0,0.0,0.0,0,2,0
7M6C,vina_pose,8,A:DAO:201,L:UNL:1,RDKit,14,5.275036594321271,3,3.0793840293149524,NA,NA,2,1,hydrogen_bonds=2,hydrogen_bonds=1,0.7142857142857143,0.8333333333333334,0.7692307692307692,0.625,5,6,7,1.0,0.5,0.6666666666666666,0.5,1,2,1
7M6C,vina_pose,9,A:DAO:201,L:UNL:1,RDKit,14,5.77534809711563,3,6.766688678125118,NA,NA,2,0,hydrogen_bonds=2,none=0,0.0,0.0,0.0,0.0,0,6,8,0.0,0.0,0.0,0.0,0,2,0
7M6C,vina_pose,10,A:DAO:201,L:UNL:1,RDKit,14,4.173841190763526,3,4.068130979536754,NA,NA,2,2,hydrogen_bonds=2,hydrogen_bonds=2,0.42857142857142855,0.5,0.4615384615384615,0.3,3,6,7,0.5,0.5,0.5,0.3333333333333333,1,2,2
7M6C,vina_pose,11,A:DAO:201,L:UNL:1,RDKit,14,6.944769655750187,3,8.894822070545686,NA,NA,2,1,hydrogen_bonds=2,hydrogen_bonds=1,0.0,0.0,0.0,0.0,0,6,4,0.0,0.0,0.0,0.0,0,2,1
7M6C,vina_pose,12,A:DAO:201,L:UNL:1,RDKit,14,6.325053794237643,3,6.030618320979477,NA,NA,2,0,hydrogen_bonds=2,none=0,0.16666666666666666,0.16666666666666666,0.16666666666666666,0.09090909090909091,1,6,6,0.0,0.0,0.0,0.0,0,2,0
7M6C,vina_pose,13,A:DAO:201,L:UNL:1,RDKit,14,4.335976550081554,3,6.097795011313515,NA,NA,2,0,hydrogen_bonds=2,none=0,0.25,0.16666666666666666,0.2,0.1111111111111111,1,6,4,0.0,0.0,0.0,0.0,0,2,0
7M6C,vina_pose,14,A:DAO:201,L:UNL:1,RDKit,14,2.5629367641716905,3,2.886983604618033,NA,NA,2,1,hydrogen_bonds=2,hydrogen_bonds=1,0.7142857142857143,0.8333333333333334,0.7692307692307692,0.625,5,6,7,1.0,0.5,0.6666666666666666,0.5,1,2,1
7M6C,vina_pose,15,A:DAO:201,L:UNL:1,RDKit,14,4.598200183612217,3,6.013635644655126,NA,NA,2,2,hydrogen_bonds=2,hydrogen_bonds=2,0.16666666666666666,0.16666666666666666,0.16666666666666666,0.09090909090909091,1,6,6,0.0,0.0,0.0,0.0,0,2,2
7M6C,vina_pose,16,A:DAO:201,L:UNL:1,RDKit,14,2.1463211549066923,3,2.7994990027979414,NA,NA,2,1,hydrogen_bonds=2,hydrogen_bonds=1,0.5555555555555556,0.8333333333333334,0.6666666666666667,0.5,5,6,9,1.0,0.5,0.6666666666666666,0.5,1,2,1
7M6C,vina_pose,17,A:DAO:201,L:UNL:1,RDKit,14,6.918350655012673,3,10.12125211292226,NA,NA,2,0,hydrogen_bonds=2,none=0,0.0,0.0,0.0,0.0,0,6,5,0.0,0.0,0.0,0.0,0,2,0
7M6C,vina_pose,18,A:DAO:201,L:UNL:1,RDKit,14,2.5846223957420604,3,1.9263564917567393,NA,NA,2,1,hydrogen_bonds=2,hydrogen_bonds=1,0.6,1.0,0.7499999999999999,0.6,6,6,10,1.0,0.5,0.6666666666666666,0.5,1,2,1
7M6C,vina_pose,19,A:DAO:201,L:UNL:1,RDKit,14,4.257238893931135,3,3.4705813153802727,NA,NA,2,2,hydrogen_bonds=2,hydrogen_bonds=2,0.4444444444444444,0.6666666666666666,0.5333333333333333,0.36363636363636365,4,6,9,0.5,0.5,0.5,0.3333333333333333,1,2,2
7M6C,vina_pose,20,A:DAO:201,L:UNL:1,RDKit,14,5.31595877657885,3,4.971901581219537,NA,NA,2,4,hydrogen_bonds=2,hydrogen_bonds=4,0.2857142857142857,0.3333333333333333,0.30769230769230765,0.18181818181818182,2,6,7,0.25,0.5,0.3333333333333333,0.2,1,2,4
7Q02,boltz,1,A:PAM:201,B:PAM:1,RDKit,18,1.7315398808754732,3,2.9208937015468464,153,0.9290238407922216,1,1,hydrogen_bonds=1,hydrogen_bonds=1,0.6,0.375,0.4615384615384615,0.3,3,8,5,0.0,0.0,0.0,0.0,0,1,1
7Q02,vina_pose,1,A:PAM:201,L:UNL:1,RDKit,18,9.63847841841347,3,14.300954420364164,NA,NA,1,2,hydrogen_bonds=1,hydrogen_bonds=2,0.0,0.0,0.0,0.0,0,8,7,0.0,0.0,0.0,0.0,0,1,2
7Q02,vina_pose,2,A:PAM:201,L:UNL:1,RDKit,18,9.486074164561204,3,14.303374345470605,NA,NA,1,2,hydrogen_bonds=1,hydrogen_bonds=2,0.0,0.0,0.0,0.0,0,8,7,0.0,0.0,0.0,0.0,0,1,2
7Q02,vina_pose,3,A:PAM:201,L:UNL:1,RDKit,18,1.9779721798964838,3,3.082221817672008,NA,NA,1,0,hydrogen_bonds=1,none=0,0.6666666666666666,0.5,0.5714285714285715,0.4,4,8,6,0.0,0.0,0.0,0.0,0,1,0
7Q02,vina_pose,4,A:PAM:201,L:UNL:1,RDKit,18,9.40813169550682,3,14.274269590186858,NA,NA,1,2,hydrogen_bonds=1,hydrogen_bonds=2,0.0,0.0,0.0,0.0,0,8,7,0.0,0.0,0.0,0.0,0,1,2
7Q02,vina_pose,5,A:PAM:201,L:UNL:1,RDKit,18,2.2189784937118153,3,3.669047151509504,NA,NA,1,0,hydrogen_bonds=1,none=0,0.5,0.375,0.42857142857142855,0.2727272727272727,3,8,6,0.0,0.0,0.0,0.0,0,1,0
7Q02,vina_pose,6,A:PAM:201,L:UNL:1,RDKit,18,1.7182888452048903,3,2.610431190435788,NA,NA,1,1,hydrogen_bonds=1,hydrogen_bonds=1,0.7142857142857143,0.625,0.6666666666666666,0.5,5,8,7,0.0,0.0,0.0,0.0,0,1,1
7Q02,vina_pose,7,A:PAM:201,L:UNL:1,RDKit,18,1.8401252523794256,3,2.654275167850287,NA,NA,1,0,hydrogen_bonds=1,none=0,0.7142857142857143,0.625,0.6666666666666666,0.5,5,8,7,0.0,0.0,0.0,0.0,0,1,0
7Q02,vina_pose,8,A:PAM:201,L:UNL:1,RDKit,18,2.022525099418491,3,1.8758369687511054,NA,NA,1,1,hydrogen_bonds=1,hydrogen_bonds=1,0.8571428571428571,0.75,0.7999999999999999,0.6666666666666666,6,8,7,0.0,0.0,0.0,0.0,0,1,1
7Q02,vina_pose,9,A:PAM:201,L:UNL:1,RDKit,18,9.694730977300102,3,13.694201181522054,NA,NA,1,2,hydrogen_bonds=1,hydrogen_bonds=2,0.0,0.0,0.0,0.0,0,8,7,0.0,0.0,0.0,0.0,0,1,2
7Q02,vina_pose,10,A:PAM:201,L:UNL:1,RDKit,18,9.667136612140009,3,12.422138516911383,NA,NA,1,1,hydrogen_bonds=1,hydrogen_bonds=1,0.0,0.0,0.0,0.0,0,8,8,0.0,0.0,0.0,0.0,0,1,1
7Q02,vina_pose,11,A:PAM:201,L:UNL:1,RDKit,18,2.1052805830419214,3,0.5591693243851403,NA,NA,1,1,hydrogen_bonds=1,hydrogen_bonds=1,1.0,1.0,1.0,1.0,8,8,8,1.0,1.0,1.0,1.0,1,1,1
7Q02,vina_pose,12,A:PAM:201,L:UNL:1,RDKit,18,9.761932689449017,3,12.290274813851806,NA,NA,1,1,hydrogen_bonds=1,hydrogen_bonds=1,0.0,0.0,0.0,0.0,0,8,8,0.0,0.0,0.0,0.0,0,1,1
7Q02,vina_pose,13,A:PAM:201,L:UNL:1,RDKit,18,3.925755992304044,3,3.2813329608559987,NA,NA,1,1,hydrogen_bonds=1,hydrogen_bonds=1,0.7777777777777778,0.875,0.823529411764706,0.7,7,8,9,0.0,0.0,0.0,0.0,0,1,1
7Q02,vina_pose,14,A:PAM:201,L:UNL:1,RDKit,18,3.1381703356503072,3,6.668863596345834,NA,NA,1,1,hydrogen_bonds=1,hydrogen_bonds=1,0.0,0.0,0.0,0.0,0,8,7,0.0,0.0,0.0,0.0,0,1,1
7Q02,vina_pose,15,A:PAM:201,L:UNL:1,RDKit,18,2.990473949802012,3,2.3345579881425094,NA,NA,1,2,hydrogen_bonds=1,hydrogen_bonds=2,1.0,1.0,1.0,1.0,8,8,8,0.5,1.0,0.6666666666666666,0.5,1,1,2
7Q02,vina_pose,16,A:PAM:201,L:UNL:1,RDKit,18,9.012524002125536,3,12.475402986143038,NA,NA,1,1,hydrogen_bonds=1,hydrogen_bonds=1,0.0,0.0,0.0,0.0,0,8,8,0.0,0.0,0.0,0.0,0,1,1
7RJI,boltz,1,A:STE:201,B:STE:1,RDKit,20,6.810897844058899,3,2.43961603465085,122,0.9246709482676673,0,3,none=0,hydrogen_bonds=3,0.7142857142857143,0.625,0.6666666666666666,0.5,5,8,7,NA,NA,NA,NA,0,0,3
7RJI,vina_pose,1,A:STE:201,L:UNL:1,RDKit,20,7.421503689748796,3,6.989901840977454,NA,NA,0,3,none=0,hydrogen_bonds=3,0.14285714285714285,0.125,0.13333333333333333,0.07142857142857142,1,8,7,NA,NA,NA,NA,0,0,3
7RJI,vina_pose,2,A:STE:201,L:UNL:1,RDKit,20,8.215552093861676,3,4.399866332041614,NA,NA,0,1,none=0,hydrogen_bonds=1,0.5,0.375,0.42857142857142855,0.2727272727272727,3,8,6,NA,NA,NA,NA,0,0,1
7RJI,vina_pose,3,A:STE:201,L:UNL:1,RDKit,20,8.614987634521306,3,13.087280965878026,NA,NA,0,0,none=0,none=0,0.0,0.0,0.0,0.0,0,8,1,NA,NA,NA,NA,0,0,0
7RJI,vina_pose,4,A:STE:201,L:UNL:1,RDKit,20,8.478948518239452,3,10.248179174850199,NA,NA,0,0,none=0,none=0,0.0,0.0,0.0,0.0,0,8,2,NA,NA,NA,NA,0,0,0
7RJI,vina_pose,5,A:STE:201,L:UNL:1,RDKit,20,10.041923239198505,3,13.973944399244141,NA,NA,0,2,none=0,hydrogen_bonds=2,0.0,0.0,0.0,0.0,0,8,5,NA,NA,NA,NA,0,0,2
7RJI,vina_pose,6,A:STE:201,L:UNL:1,RDKit,20,9.595740990562168,3,16.180151000526333,NA,NA,0,0,none=0,none=0,0.0,0.0,0.0,0.0,0,8,1,NA,NA,NA,NA,0,0,0
7RJI,vina_pose,7,A:STE:201,L:UNL:1,RDKit,20,8.444627910450228,3,12.02805765227703,NA,NA,0,0,none=0,none=0,0.0,0.0,0.0,0.0,0,8,2,NA,NA,NA,NA,0,0,0
7RJI,vina_pose,8,A:STE:201,L:UNL:1,RDKit,20,7.31611493512472,3,11.541542769484211,NA,NA,0,0,none=0,none=0,0.0,0.0,0.0,0.0,0,8,4,NA,NA,NA,NA,0,0,0
7RJI,vina_pose,9,A:STE:201,L:UNL:1,RDKit,20,7.556194167168743,3,5.3132974626403024,NA,NA,0,1,none=0,hydrogen_bonds=1,0.42857142857142855,0.375,0.39999999999999997,0.25,3,8,7,NA,NA,NA,NA,0,0,1
7RJI,vina_pose,10,A:STE:201,L:UNL:1,RDKit,20,4.589293358999291,3,5.163651876966534,NA,NA,0,1,none=0,hydrogen_bonds=1,0.25,0.125,0.16666666666666666,0.09090909090909091,1,8,4,NA,NA,NA,NA,0,0,1
7RJI,vina_pose,11,A:STE:201,L:UNL:1,RDKit,20,7.371725178677988,3,7.0823445854109615,NA,NA,0,0,none=0,none=0,0.0,0.0,0.0,0.0,0,8,2,NA,NA,NA,NA,0,0,0
7RJI,vina_pose,12,A:STE:201,L:UNL:1,RDKit,20,8.561236165587014,3,7.395518281578829,NA,NA,0,0,none=0,none=0,0.0,0.0,0.0,0.0,0,8,1,NA,NA,NA,NA,0,0,0
7RJI,vina_pose,13,A:STE:201,L:UNL:1,RDKit,20,10.293497719383582,3,6.152524835639964,NA,NA,0,1,none=0,hydrogen_bonds=1,0.25,0.125,0.16666666666666666,0.09090909090909091,1,8,4,NA,NA,NA,NA,0,0,1
7RJI,vina_pose,14,A:STE:201,L:UNL:1,RDKit,20,8.477356050264433,3,10.768854570465388,NA,NA,0,0,none=0,none=0,0.0,0.0,0.0,0.0,0,8,4,NA,NA,NA,NA,0,0,0
7RJI,vina_pose,15,A:STE:201,L:UNL:1,RDKit,20,8.362435203752256,3,9.159672801643445,NA,NA,0,0,none=0,none=0,0.0,0.0,0.0,0.0,0,8,2,NA,NA,NA,NA,0,0,0
7RJI,vina_pose,16,A:STE:201,L:UNL:1,RDKit,20,8.314283794227558,3,10.850827508221043,NA,NA,0,2,none=0,hydrogen_bonds=2,0.0,0.0,0.0,0.0,0,8,4,NA,NA,NA,NA,0,0,2
7RJI,vina_pose,17,A:STE:201,L:UNL:1,RDKit,20,7.543633394323653,3,8.029243404777729,NA,NA,0,4,none=0,hydrogen_bonds=4,0.14285714285714285,0.125,0.13333333333333333,0.07142857142857142,1,8,7,NA,NA,NA,NA,0,0,4
7RJI,vina_pose,18,A:STE:201,L:UNL:1,RDKit,20,9.38587455370862,3,14.052473649142105,NA,NA,0,0,none=0,none=0,0.0,0.0,0.0,0.0,0,8,3,NA,NA,NA,NA,0,0,0
7RJI,vina_pose,19,A:STE:201,L:UNL:1,RDKit,20,7.109425814997652,3,9.471768955154753,NA,NA,0,0,none=0,none=0,0.0,0.0,0.0,0.0,0,8,2,NA,NA,NA,NA,0,0,0
7RJI,vina_pose,20,A:STE:201,L:UNL:1,RDKit,20,8.463791162413862,3,9.586293332313936,NA,NA,0,3,none=0,hydrogen_bonds=3,0.0,0.0,0.0,0.0,0,8,5,NA,NA,NA,NA,0,0,3
7U9D,boltz,1,A:M2R:301,B:M2R:1,RDKit,54,0.582023293791001,7,0.28933440581531816,203,0.3675179775020264,6,6,attractive_charge=1;hydrogen_bonds=3;ionic=1;salt_bridge=1,attractive_charge=1;hydrogen_bonds=3;ionic=1;salt_bridge=1,1.0,1.0,1.0,1.0,8,8,8,1.0,1.0,1.0,1.0,6,6,6
7U9D,vina_pose,1,A:M2R:301,L:UNL:1,RDKit,54,7.329521113910462,7,1.217967979874676,NA,NA,6,6,attractive_charge=1;hydrogen_bonds=3;ionic=1;salt_bridge=1,attractive_charge=1;hydrogen_bonds=3;ionic=1;salt_bridge=1,0.875,0.875,0.875,0.7777777777777778,7,8,8,1.0,1.0,1.0,1.0,6,6,6
7U9D,vina_pose,2,A:M2R:301,L:UNL:1,RDKit,54,8.10978088825805,7,3.3562571628016147,NA,NA,6,5,attractive_charge=1;hydrogen_bonds=3;ionic=1;salt_bridge=1,attractive_charge=1;hydrogen_bonds=2;ionic=1;salt_bridge=1,0.8571428571428571,0.75,0.7999999999999999,0.6666666666666666,6,8,7,1.0,0.8333333333333334,0.9090909090909091,0.8333333333333334,5,6,5
7U9D,vina_pose,3,A:M2R:301,L:UNL:1,RDKit,54,5.502949670319916,7,1.1483397954065184,NA,NA,6,6,attractive_charge=1;hydrogen_bonds=3;ionic=1;salt_bridge=1,attractive_charge=1;hydrogen_bonds=3;ionic=1;salt_bridge=1,0.875,0.875,0.875,0.7777777777777778,7,8,8,1.0,1.0,1.0,1.0,6,6,6
7U9D,vina_pose,4,A:M2R:301,L:UNL:1,RDKit,54,5.903201364670855,7,7.893374237747939,NA,NA,6,3,attractive_charge=1;hydrogen_bonds=3;ionic=1;salt_bridge=1,hydrogen_bonds=3,0.0,0.0,0.0,0.0,0,8,6,0.0,0.0,0.0,0.0,0,6,3
7U9D,vina_pose,5,A:M2R:301,L:UNL:1,RDKit,54,7.866543310002695,7,2.9888363956563437,NA,NA,6,6,attractive_charge=1;hydrogen_bonds=3;ionic=1;salt_bridge=1,attractive_charge=1;hydrogen_bonds=3;ionic=1;salt_bridge=1,1.0,0.75,0.8571428571428571,0.75,6,8,6,1.0,1.0,1.0,1.0,6,6,6
7U9D,vina_pose,6,A:M2R:301,L:UNL:1,RDKit,54,7.532924546430968,7,1.0087338598460955,NA,NA,6,6,attractive_charge=1;hydrogen_bonds=3;ionic=1;salt_bridge=1,attractive_charge=1;hydrogen_bonds=3;ionic=1;salt_bridge=1,0.8888888888888888,1.0,0.9411764705882353,0.8888888888888888,8,8,9,1.0,1.0,1.0,1.0,6,6,6
7U9D,vina_pose,7,A:M2R:301,L:UNL:1,RDKit,54,5.00602274117739,7,1.5759106664311364,NA,NA,6,3,attractive_charge=1;hydrogen_bonds=3;ionic=1;salt_bridge=1,hydrogen_bonds=3,0.8571428571428571,0.75,0.7999999999999999,0.6666666666666666,6,8,7,1.0,0.5,0.6666666666666666,0.5,3,6,3
7U9D,vina_pose,8,A:M2R:301,L:UNL:1,RDKit,54,7.607642736091121,7,1.7361886418243857,NA,NA,6,5,attractive_charge=1;hydrogen_bonds=3;ionic=1;salt_bridge=1,attractive_charge=1;hydrogen_bonds=2;ionic=1;salt_bridge=1,0.8888888888888888,1.0,0.9411764705882353,0.8888888888888888,8,8,9,1.0,0.8333333333333334,0.9090909090909091,0.8333333333333334,5,6,5
7U9D,vina_pose,9,A:M2R:301,L:UNL:1,RDKit,54,5.880391137154563,7,1.6711284468030245,NA,NA,6,5,attractive_charge=1;hydrogen_bonds=3;ionic=1;salt_bridge=1,attractive_charge=1;hydrogen_bonds=2;ionic=1;salt_bridge=1,0.8888888888888888,1.0,0.9411764705882353,0.8888888888888888,8,8,9,1.0,0.8333333333333334,0.9090909090909091,0.8333333333333334,5,6,5
7U9D,vina_pose,10,A:M2R:301,L:UNL:1,RDKit,54,7.682545569401194,7,4.989172977558506,NA,NA,6,3,attractive_charge=1;hydrogen_bonds=3;ionic=1;salt_bridge=1,hydrogen_bonds=3,0.42857142857142855,0.375,0.39999999999999997,0.25,3,8,7,0.3333333333333333,0.16666666666666666,0.2222222222222222,0.125,1,6,3
7U9D,vina_pose,11,A:M2R:301,L:UNL:1,RDKit,54,6.163277392931638,7,1.8955569102509167,NA,NA,6,6,attractive_charge=1;hydrogen_bonds=3;ionic=1;salt_bridge=1,attractive_charge=1;hydrogen_bonds=3;ionic=1;salt_bridge=1,0.75,0.75,0.75,0.6,6,8,8,1.0,1.0,1.0,1.0,6,6,6
7U9D,vina_pose,12,A:M2R:301,L:UNL:1,RDKit,54,7.6134118513658855,7,1.753698377714936,NA,NA,6,5,attractive_charge=1;hydrogen_bonds=3;ionic=1;salt_bridge=1,attractive_charge=1;hydrogen_bonds=2;ionic=1;salt_bridge=1,1.0,0.75,0.8571428571428571,0.75,6,8,6,1.0,0.8333333333333334,0.9090909090909091,0.8333333333333334,5,6,5
7U9D,vina_pose,13,A:M2R:301,L:UNL:1,RDKit,54,4.653882429398778,7,1.8286062608289564,NA,NA,6,1,attractive_charge=1;hydrogen_bonds=3;ionic=1;salt_bridge=1,hydrogen_bonds=1,0.8888888888888888,1.0,0.9411764705882353,0.8888888888888888,8,8,9,1.0,0.16666666666666666,0.2857142857142857,0.16666666666666666,1,6,1
7U9D,vina_pose,14,A:M2R:301,L:UNL:1,RDKit,54,5.865768064071532,7,1.4703235309666678,NA,NA,6,5,attractive_charge=1;hydrogen_bonds=3;ionic=1;salt_bridge=1,attractive_charge=1;hydrogen_bonds=2;ionic=1;salt_bridge=1,0.8888888888888888,1.0,0.9411764705882353,0.8888888888888888,8,8,9,1.0,0.8333333333333334,0.9090909090909091,0.8333333333333334,5,6,5
7U9D,vina_pose,15,A:M2R:301,L:UNL:1,RDKit,54,7.939136564443824,7,3.576273938852318,NA,NA,6,3,attractive_charge=1;hydrogen_bonds=3;ionic=1;salt_bridge=1,hydrogen_bonds=3,0.6666666666666666,0.75,0.7058823529411765,0.5454545454545454,6,8,9,0.3333333333333333,0.16666666666666666,0.2222222222222222,0.125,1,6,3
7U9D,vina_pose,16,A:M2R:301,L:UNL:1,RDKit,54,4.921676347960528,7,0.995579658863549,NA,NA,6,5,attractive_charge=1;hydrogen_bonds=3;ionic=1;salt_bridge=1,attractive_charge=1;hydrogen_bonds=2;ionic=1;salt_bridge=1,0.8888888888888888,1.0,0.9411764705882353,0.8888888888888888,8,8,9,1.0,0.8333333333333334,0.9090909090909091,0.8333333333333334,5,6,5
7U9D,vina_pose,17,A:M2R:301,L:UNL:1,RDKit,54,7.370041250701181,7,1.0534753370223184,NA,NA,6,5,attractive_charge=1;hydrogen_bonds=3;ionic=1;salt_bridge=1,attractive_charge=1;hydrogen_bonds=2;ionic=1;salt_bridge=1,1.0,1.0,1.0,1.0,8,8,8,1.0,0.8333333333333334,0.9090909090909091,0.8333333333333334,5,6,5
7U9D,vina_pose,18,A:M2R:301,L:UNL:1,RDKit,54,7.57677384315847,7,1.5279904169482597,NA,NA,6,6,attractive_charge=1;hydrogen_bonds=3;ionic=1;salt_bridge=1,attractive_charge=1;hydrogen_bonds=3;ionic=1;salt_bridge=1,0.8888888888888888,1.0,0.9411764705882353,0.8888888888888888,8,8,9,1.0,1.0,1.0,1.0,6,6,6
7U9D,vina_pose,19,A:M2R:301,L:UNL:1,RDKit,54,6.43068147128943,7,2.9281925922218397,NA,NA,6,6,attractive_charge=1;hydrogen_bonds=3;ionic=1;salt_bridge=1,attractive_charge=1;hydrogen_bonds=3;ionic=1;salt_bridge=1,0.7777777777777778,0.875,0.823529411764706,0.7,7,8,9,1.0,1.0,1.0,1.0,6,6,6
7U9D,vina_pose,20,A:M2R:301,L:UNL:1,RDKit,54,5.213256766274909,7,1.070178222807506,NA,NA,6,6,attractive_charge=1;hydrogen_bonds=3;ionic=1;salt_bridge=1,attractive_charge=1;hydrogen_bonds=3;ionic=1;salt_bridge=1,0.8888888888888888,1.0,0.9411764705882353,0.8888888888888888,8,8,9,1.0,1.0,1.0,1.0,6,6,6
7VR6,boltz,1,A:PEF:301,B:PEF:1,RDKit,47,1.3105695888090243,7,2.3422682855118686,185,0.47835616272245457,0,4,none=0,attractive_charge=1;hydrogen_bonds=1;ionic=1;salt_bridge=1,0.6,1.0,0.7499999999999999,0.6,3,3,5,NA,NA,NA,NA,0,0,4
7VR6,vina_pose,1,A:PEF:301,L:UNL:1,RDKit,47,9.589060757590701,7,3.2385371477169835,NA,NA,0,1,none=0,hydrogen_bonds=1,0.16666666666666666,0.3333333333333333,0.2222222222222222,0.125,1,3,6,NA,NA,NA,NA,0,0,1
7VR6,vina_pose,2,A:PEF:301,L:UNL:1,RDKit,47,10.185373180683525,7,2.974157599820734,NA,NA,0,0,none=0,none=0,0.0,0.0,0.0,0.0,0,3,4,NA,NA,NA,NA,0,0,0
7VR6,vina_pose,3,A:PEF:301,L:UNL:1,RDKit,47,9.399215706303213,7,3.5243921867059975,NA,NA,0,5,none=0,attractive_charge=1;hydrogen_bonds=2;ionic=1;salt_bridge=1,0.5,1.0,0.6666666666666666,0.5,3,3,6,NA,NA,NA,NA,0,0,5
7VR6,vina_pose,4,A:PEF:301,L:UNL:1,RDKit,47,3.7088934978944064,7,3.802200453121099,NA,NA,0,5,none=0,attractive_charge=1;hydrogen_bonds=2;ionic=1;salt_bridge=1,0.5,1.0,0.6666666666666666,0.5,3,3,6,NA,NA,NA,NA,0,0,5
7VR6,vina_pose,5,A:PEF:301,L:UNL:1,RDKit,47,9.652337650935113,7,3.9558432729318285,NA,NA,0,1,none=0,hydrogen_bonds=1,0.2857142857142857,0.6666666666666666,0.4,0.25,2,3,7,NA,NA,NA,NA,0,0,1
7VR6,vina_pose,6,A:PEF:301,L:UNL:1,RDKit,47,10.525814100015499,7,3.1575976627809945,NA,NA,0,4,none=0,attractive_charge=1;hydrogen_bonds=1;ionic=1;salt_bridge=1,0.6,1.0,0.7499999999999999,0.6,3,3,5,NA,NA,NA,NA,0,0,4
7VR6,vina_pose,7,A:PEF:301,L:UNL:1,RDKit,47,3.670325140678666,7,2.5370342077765864,NA,NA,0,1,none=0,hydrogen_bonds=1,0.4,0.6666666666666666,0.5,0.3333333333333333,2,3,5,NA,NA,NA,NA,0,0,1
7VR6,vina_pose,8,A:PEF:301,L:UNL:1,RDKit,47,10.203870125198327,7,3.28294547624538,NA,NA,0,5,none=0,attractive_charge=1;hydrogen_bonds=2;ionic=1;salt_bridge=1,0.5,1.0,0.6666666666666666,0.5,3,3,6,NA,NA,NA,NA,0,0,5
7VR6,vina_pose,9,A:PEF:301,L:UNL:1,RDKit,47,9.64909592612123,7,3.2642985901590387,NA,NA,0,5,none=0,attractive_charge=1;hydrogen_bonds=2;ionic=1;salt_bridge=1,0.42857142857142855,1.0,0.6,0.42857142857142855,3,3,7,NA,NA,NA,NA,0,0,5
7VR6,vina_pose,10,A:PEF:301,L:UNL:1,RDKit,47,8.897403910154104,7,3.7768166300659685,NA,NA,0,5,none=0,attractive_charge=1;hydrogen_bonds=2;ionic=1;salt_bridge=1,0.5,1.0,0.6666666666666666,0.5,3,3,6,NA,NA,NA,NA,0,0,5
7VR6,vina_pose,11,A:PEF:301,L:UNL:1,RDKit,47,2.631283430070144,7,3.345540272405298,NA,NA,0,5,none=0,attractive_charge=1;hydrogen_bonds=2;ionic=1;salt_bridge=1,0.42857142857142855,1.0,0.6,0.42857142857142855,3,3,7,NA,NA,NA,NA,0,0,5
7VR6,vina_pose,12,A:PEF:301,L:UNL:1,RDKit,47,3.692198454245372,7,3.2561142047363316,NA,NA,0,5,none=0,attractive_charge=1;hydrogen_bonds=2;ionic=1;salt_bridge=1,0.42857142857142855,1.0,0.6,0.42857142857142855,3,3,7,NA,NA,NA,NA,0,0,5
7VR6,vina_pose,13,A:PEF:301,L:UNL:1,RDKit,47,9.505248565812066,7,3.7280228961589974,NA,NA,0,1,none=0,hydrogen_bonds=1,0.3333333333333333,0.6666666666666666,0.4444444444444444,0.2857142857142857,2,3,6,NA,NA,NA,NA,0,0,1
7VR6,vina_pose,14,A:PEF:301,L:UNL:1,RDKit,47,9.466499361971815,7,12.064652123337119,NA,NA,0,3,none=0,hydrogen_bonds=3,0.0,0.0,0.0,0.0,0,3,8,NA,NA,NA,NA,0,0,3
7VR6,vina_pose,15,A:PEF:301,L:UNL:1,RDKit,47,9.945988707097055,7,2.8552425466149107,NA,NA,0,1,none=0,hydrogen_bonds=1,0.0,0.0,0.0,0.0,0,3,4,NA,NA,NA,NA,0,0,1
7VR6,vina_pose,16,A:PEF:301,L:UNL:1,RDKit,47,9.881272455530489,7,4.129999688689024,NA,NA,0,0,none=0,none=0,0.16666666666666666,0.3333333333333333,0.2222222222222222,0.125,1,3,6,NA,NA,NA,NA,0,0,0
7VR6,vina_pose,17,A:PEF:301,L:UNL:1,RDKit,47,3.295080779044048,7,2.567980001034722,NA,NA,0,5,none=0,attractive_charge=1;hydrogen_bonds=2;ionic=1;salt_bridge=1,0.6,1.0,0.7499999999999999,0.6,3,3,5,NA,NA,NA,NA,0,0,5
7VR6,vina_pose,18,A:PEF:301,L:UNL:1,RDKit,47,3.974161372795684,7,2.767569356467357,NA,NA,0,2,none=0,hydrogen_bonds=2,0.2,0.3333333333333333,0.25,0.14285714285714285,1,3,5,NA,NA,NA,NA,0,0,2
7VR6,vina_pose,19,A:PEF:301,L:UNL:1,RDKit,47,3.037769548498904,7,3.953893343456367,NA,NA,0,5,none=0,attractive_charge=1;hydrogen_bonds=2;ionic=1;salt_bridge=1,0.75,1.0,0.8571428571428571,0.75,3,3,4,NA,NA,NA,NA,0,0,5
7VR6,vina_pose,20,A:PEF:301,L:UNL:1,RDKit,47,2.4979298322427934,7,3.3468495633954034,NA,NA,0,2,none=0,hydrogen_bonds=2,0.0,0.0,0.0,0.0,0,3,5,NA,NA,NA,NA,0,0,2
7WVT,boltz,1,A:B7N:501,B:B7N:1,RDKit,57,0.9255403514580929,7,0.24689018473124336,364,0.6257806513594694,6,6,attractive_charge=1;hydrogen_bonds=3;ionic=1;salt_bridge=1,attractive_charge=1;hydrogen_bonds=3;ionic=1;salt_bridge=1,1.0,0.9090909090909091,0.9523809523809523,0.9090909090909091,10,11,10,1.0,1.0,1.0,1.0,6,6,6
7WVT,vina_pose,1,A:B7N:501,L:UNL:1,RDKit,57,3.0512269979440165,7,0.6969372794079619,NA,NA,6,6,attractive_charge=1;hydrogen_bonds=3;ionic=1;salt_bridge=1,attractive_charge=1;hydrogen_bonds=3;ionic=1;salt_bridge=1,1.0,0.9090909090909091,0.9523809523809523,0.9090909090909091,10,11,10,1.0,1.0,1.0,1.0,6,6,6
7WVT,vina_pose,2,A:B7N:501,L:UNL:1,RDKit,57,6.408554066875786,7,0.5841137364784853,NA,NA,6,6,attractive_charge=1;hydrogen_bonds=3;ionic=1;salt_bridge=1,attractive_charge=1;hydrogen_bonds=3;ionic=1;salt_bridge=1,1.0,1.0,1.0,1.0,11,11,11,1.0,1.0,1.0,1.0,6,6,6
7WVT,vina_pose,3,A:B7N:501,L:UNL:1,RDKit,57,2.832497884051795,7,0.6029301072974498,NA,NA,6,6,attractive_charge=1;hydrogen_bonds=3;ionic=1;salt_bridge=1,attractive_charge=1;hydrogen_bonds=3;ionic=1;salt_bridge=1,1.0,1.0,1.0,1.0,11,11,11,1.0,1.0,1.0,1.0,6,6,6
7WVT,vina_pose,4,A:B7N:501,L:UNL:1,RDKit,57,6.859482033793063,7,0.4304778076244385,NA,NA,6,6,attractive_charge=1;hydrogen_bonds=3;ionic=1;salt_bridge=1,attractive_charge=1;hydrogen_bonds=3;ionic=1;salt_bridge=1,1.0,1.0,1.0,1.0,11,11,11,1.0,1.0,1.0,1.0,6,6,6
7WVT,vina_pose,5,A:B7N:501,L:UNL:1,RDKit,57,6.500556233960075,7,0.5642727304112028,NA,NA,6,6,attractive_charge=1;hydrogen_bonds=3;ionic=1;salt_bridge=1,attractive_charge=1;hydrogen_bonds=3;ionic=1;salt_bridge=1,1.0,1.0,1.0,1.0,11,11,11,1.0,1.0,1.0,1.0,6,6,6
7WVT,vina_pose,6,A:B7N:501,L:UNL:1,RDKit,57,2.662215387967289,7,0.6120990816152938,NA,NA,6,6,attractive_charge=1;hydrogen_bonds=3;ionic=1;salt_bridge=1,attractive_charge=1;hydrogen_bonds=3;ionic=1;salt_bridge=1,1.0,0.9090909090909091,0.9523809523809523,0.9090909090909091,10,11,10,1.0,1.0,1.0,1.0,6,6,6
7WVT,vina_pose,7,A:B7N:501,L:UNL:1,RDKit,57,6.602259938706262,7,0.6482116056615204,NA,NA,6,6,attractive_charge=1;hydrogen_bonds=3;ionic=1;salt_bridge=1,attractive_charge=1;hydrogen_bonds=3;ionic=1;salt_bridge=1,1.0,0.9090909090909091,0.9523809523809523,0.9090909090909091,10,11,10,1.0,1.0,1.0,1.0,6,6,6
7WVT,vina_pose,8,A:B7N:501,L:UNL:1,RDKit,57,2.530079958517364,7,0.3375186767319061,NA,NA,6,6,attractive_charge=1;hydrogen_bonds=3;ionic=1;salt_bridge=1,attractive_charge=1;hydrogen_bonds=3;ionic=1;salt_bridge=1,1.0,1.0,1.0,1.0,11,11,11,1.0,1.0,1.0,1.0,6,6,6
7WVT,vina_pose,9,A:B7N:501,L:UNL:1,RDKit,57,2.428563426346834,7,0.5683770127049724,NA,NA,6,6,attractive_charge=1;hydrogen_bonds=3;ionic=1;salt_bridge=1,attractive_charge=1;hydrogen_bonds=3;ionic=1;salt_bridge=1,1.0,1.0,1.0,1.0,11,11,11,1.0,1.0,1.0,1.0,6,6,6
7WVT,vina_pose,10,A:B7N:501,L:UNL:1,RDKit,57,6.543752700363054,7,0.8749061990538513,NA,NA,6,7,attractive_charge=1;hydrogen_bonds=3;ionic=1;salt_bridge=1,attractive_charge=1;hydrogen_bonds=4;ionic=1;salt_bridge=1,1.0,0.9090909090909091,0.9523809523809523,0.9090909090909091,10,11,10,0.8571428571428571,1.0,0.923076923076923,0.8571428571428571,6,6,7
7WVT,vina_pose,11,A:B7N:501,L:UNL:1,RDKit,57,5.616133368924198,7,0.5991269839167178,NA,NA,6,6,attractive_charge=1;hydrogen_bonds=3;ionic=1;salt_bridge=1,attractive_charge=1;hydrogen_bonds=3;ionic=1;salt_bridge=1,1.0,0.9090909090909091,0.9523809523809523,0.9090909090909091,10,11,10,1.0,1.0,1.0,1.0,6,6,6
7WVT,vina_pose,12,A:B7N:501,L:UNL:1,RDKit,57,1.5644638900140506,7,0.666537320785566,NA,NA,6,6,attractive_charge=1;hydrogen_bonds=3;ionic=1;salt_bridge=1,attractive_charge=1;hydrogen_bonds=3;ionic=1;salt_bridge=1,1.0,0.9090909090909091,0.9523809523809523,0.9090909090909091,10,11,10,1.0,1.0,1.0,1.0,6,6,6
7WVT,vina_pose,13,A:B7N:501,L:UNL:1,RDKit,57,5.52264428782305,7,0.784971064070881,NA,NA,6,7,attractive_charge=1;hydrogen_bonds=3;ionic=1;salt_bridge=1,attractive_charge=1;hydrogen_bonds=4;ionic=1;salt_bridge=1,1.0,0.9090909090909091,0.9523809523809523,0.9090909090909091,10,11,10,0.8571428571428571,1.0,0.923076923076923,0.8571428571428571,6,6,7
7WVT,vina_pose,14,A:B7N:501,L:UNL:1,RDKit,57,8.749749722736434,7,7.734779247011515,NA,NA,6,2,attractive_charge=1;hydrogen_bonds=3;ionic=1;salt_bridge=1,hydrogen_bonds=2,0.5,0.36363636363636365,0.4210526315789474,0.26666666666666666,4,11,8,0.0,0.0,0.0,0.0,0,6,2
7WVT,vina_pose,15,A:B7N:501,L:UNL:1,RDKit,57,5.66475230563619,7,7.501162500382381,NA,NA,6,0,attractive_charge=1;hydrogen_bonds=3;ionic=1;salt_bridge=1,none=0,0.4,0.36363636363636365,0.380952380952381,0.23529411764705882,4,11,10,0.0,0.0,0.0,0.0,0,6,0
7WVT,vina_pose,16,A:B7N:501,L:UNL:1,RDKit,57,6.493818489836882,7,2.236308341888479,NA,NA,6,4,attractive_charge=1;hydrogen_bonds=3;ionic=1;salt_bridge=1,hydrogen_bonds=4,1.0,0.8181818181818182,0.9,0.8181818181818182,9,11,9,0.5,0.3333333333333333,0.4,0.25,2,6,4
7WVT,vina_pose,17,A:B7N:501,L:UNL:1,RDKit,57,6.049163529241773,7,7.142076208738505,NA,NA,6,1,attractive_charge=1;hydrogen_bonds=3;ionic=1;salt_bridge=1,hydrogen_bonds=1,0.5,0.36363636363636365,0.4210526315789474,0.26666666666666666,4,11,8,1.0,0.16666666666666666,0.2857142857142857,0.16666666666666666,1,6,1
7WVT,vina_pose,18,A:B7N:501,L:UNL:1,RDKit,57,6.194334191030981,7,2.194872889258055,NA,NA,6,4,attractive_charge=1;hydrogen_bonds=3;ionic=1;salt_bridge=1,hydrogen_bonds=4,1.0,0.8181818181818182,0.9,0.8181818181818182,9,11,9,0.5,0.3333333333333333,0.4,0.25,2,6,4
7WVT,vina_pose,19,A:B7N:501,L:UNL:1,RDKit,57,12.24663005705594,7,16.039955633176973,NA,NA,6,1,attractive_charge=1;hydrogen_bonds=3;ionic=1;salt_bridge=1,hydrogen_bonds=1,0.0,0.0,0.0,0.0,0,11,8,0.0,0.0,0.0,0.0,0,6,1
7WVT,vina_pose,20,A:B7N:501,L:UNL:1,RDKit,57,2.352184990188947,7,2.2494860682895044,NA,NA,6,4,attractive_charge=1;hydrogen_bonds=3;ionic=1;salt_bridge=1,hydrogen_bonds=4,1.0,0.8181818181818182,0.9,0.8181818181818182,9,11,9,0.5,0.3333333333333333,0.4,0.25,2,6,4
7YF1,boltz,1,A:PLM:201,B:PLM:1,RDKit,18,0.9292859624562142,3,0.22584749578022056,133,0.41163852088379543,2,2,hydrogen_bonds=2,hydrogen_bonds=2,1.0,1.0,1.0,1.0,8,8,8,1.0,1.0,1.0,1.0,2,2,2
7YF1,vina_pose,1,A:PLM:201,L:UNL:1,RDKit,18,5.326600821963707,3,6.726902588893841,NA,NA,2,2,hydrogen_bonds=2,hydrogen_bonds=2,0.25,0.25,0.25,0.14285714285714285,2,8,8,0.0,0.0,0.0,0.0,0,2,2
7YF1,vina_pose,2,A:PLM:201,L:UNL:1,RDKit,18,5.408683374896128,3,7.559271651894337,NA,NA,2,3,hydrogen_bonds=2,hydrogen_bonds=3,0.16666666666666666,0.125,0.14285714285714288,0.07692307692307693,1,8,6,0.0,0.0,0.0,0.0,0,2,3
7YF1,vina_pose,3,A:PLM:201,L:UNL:1,RDKit,18,4.071019886669133,3,7.783072759122838,NA,NA,2,3,hydrogen_bonds=2,hydrogen_bonds=3,0.0,0.0,0.0,0.0,0,8,10,0.0,0.0,0.0,0.0,0,2,3
7YF1,vina_pose,4,A:PLM:201,L:UNL:1,RDKit,18,5.269921286876851,3,7.578543775277674,NA,NA,2,3,hydrogen_bonds=2,hydrogen_bonds=3,0.14285714285714285,0.125,0.13333333333333333,0.07142857142857142,1,8,7,0.0,0.0,0.0,0.0,0,2,3
7YF1,vina_pose,5,A:PLM:201,L:UNL:1,RDKit,18,5.544035380167089,3,7.548703739525967,NA,NA,2,3,hydrogen_bonds=2,hydrogen_bonds=3,0.14285714285714285,0.125,0.13333333333333333,0.07142857142857142,1,8,7,0.0,0.0,0.0,0.0,0,2,3
7YF1,vina_pose,6,A:PLM:201,L:UNL:1,RDKit,18,6.4509102172475545,3,7.300542264822981,NA,NA,2,3,hydrogen_bonds=2,hydrogen_bonds=3,0.16666666666666666,0.125,0.14285714285714288,0.07692307692307693,1,8,6,0.0,0.0,0.0,0.0,0,2,3
7YF1,vina_pose,7,A:PLM:201,L:UNL:1,RDKit,18,5.945411625399316,3,7.168275171927111,NA,NA,2,3,hydrogen_bonds=2,hydrogen_bonds=3,0.16666666666666666,0.125,0.14285714285714288,0.07692307692307693,1,8,6,0.0,0.0,0.0,0.0,0,2,3
7YF1,vina_pose,8,A:PLM:201,L:UNL:1,RDKit,18,5.774807842295129,3,7.291109264517528,NA,NA,2,2,hydrogen_bonds=2,hydrogen_bonds=2,0.14285714285714285,0.125,0.13333333333333333,0.07142857142857142,1,8,7,0.0,0.0,0.0,0.0,0,2,2
7YF1,vina_pose,9,A:PLM:201,L:UNL:1,RDKit,18,6.120200641218118,3,7.346193426562268,NA,NA,2,3,hydrogen_bonds=2,hydrogen_bonds=3,0.16666666666666666,0.125,0.14285714285714288,0.07692307692307693,1,8,6,0.0,0.0,0.0,0.0,0,2,3
7YF1,vina_pose,10,A:PLM:201,L:UNL:1,RDKit,18,1.7431394417002646,3,1.9294112453803107,NA,NA,2,2,hydrogen_bonds=2,hydrogen_bonds=2,0.8571428571428571,0.75,0.7999999999999999,0.6666666666666666,6,8,7,1.0,1.0,1.0,1.0,2,2,2
7YF1,vina_pose,11,A:PLM:201,L:UNL:1,RDKit,18,1.5837933313865304,3,1.9296688801795334,NA,NA,2,2,hydrogen_bonds=2,hydrogen_bonds=2,0.8571428571428571,0.75,0.7999999999999999,0.6666666666666666,6,8,7,1.0,1.0,1.0,1.0,2,2,2
7YF1,vina_pose,12,A:PLM:201,L:UNL:1,RDKit,18,5.57318780849584,3,6.671213698206146,NA,NA,2,2,hydrogen_bonds=2,hydrogen_bonds=2,0.25,0.25,0.25,0.14285714285714285,2,8,8,0.0,0.0,0.0,0.0,0,2,2
7YF1,vina_pose,13,A:PLM:201,L:UNL:1,RDKit,18,4.978389853477839,3,7.573862625314334,NA,NA,2,3,hydrogen_bonds=2,hydrogen_bonds=3,0.14285714285714285,0.125,0.13333333333333333,0.07142857142857142,1,8,7,0.0,0.0,0.0,0.0,0,2,3
7YF1,vina_pose,14,A:PLM:201,L:UNL:1,RDKit,18,5.2271952285767505,3,6.349926827961617,NA,NA,2,2,hydrogen_bonds=2,hydrogen_bonds=2,0.2857142857142857,0.25,0.26666666666666666,0.15384615384615385,2,8,7,0.0,0.0,0.0,0.0,0,2,2
7YF1,vina_pose,15,A:PLM:201,L:UNL:1,RDKit,18,4.758134552168996,3,7.439646522996462,NA,NA,2,2,hydrogen_bonds=2,hydrogen_bonds=2,0.0,0.0,0.0,0.0,0,8,8,0.0,0.0,0.0,0.0,0,2,2
7YF1,vina_pose,16,A:PLM:201,L:UNL:1,RDKit,18,2.9787863723503234,3,1.9204950213768672,NA,NA,2,2,hydrogen_bonds=2,hydrogen_bonds=2,0.8571428571428571,0.75,0.7999999999999999,0.6666666666666666,6,8,7,1.0,1.0,1.0,1.0,2,2,2
7YF1,vina_pose,17,A:PLM:201,L:UNL:1,RDKit,18,5.127725740833952,3,7.2644048914644985,NA,NA,2,3,hydrogen_bonds=2,hydrogen_bonds=3,0.16666666666666666,0.125,0.14285714285714288,0.07692307692307693,1,8,6,0.0,0.0,0.0,0.0,0,2,3
7YF1,vina_pose,18,A:PLM:201,L:UNL:1,RDKit,18,3.651256821042737,3,7.742597459108927,NA,NA,2,3,hydrogen_bonds=2,hydrogen_bonds=3,0.0,0.0,0.0,0.0,0,8,10,0.0,0.0,0.0,0.0,0,2,3
7YF1,vina_pose,19,A:PLM:201,L:UNL:1,RDKit,18,4.013462173165873,3,7.388780414055715,NA,NA,2,3,hydrogen_bonds=2,hydrogen_bonds=3,0.0,0.0,0.0,0.0,0,8,10,0.0,0.0,0.0,0.0,0,2,3
7YF1,vina_pose,20,A:PLM:201,L:UNL:1,RDKit,18,3.6380481410427272,3,1.0077326334235015,NA,NA,2,2,hydrogen_bonds=2,hydrogen_bonds=2,1.0,0.75,0.8571428571428571,0.75,6,8,6,1.0,1.0,1.0,1.0,2,2,2
7Z6W,boltz,1,A:IG7:201,B:IG7:1,RDKit,63,5.840163653199712,6,5.539828794003825,188,3.1899988707366593,1,1,hydrogen_bonds=1,hydrogen_bonds=1,0.25,0.2,0.22222222222222224,0.125,1,5,4,0.0,0.0,0.0,0.0,0,1,1
7Z6W,vina_pose,1,A:IG7:201,A:IG7:201,RDKit,63,7.375263018177833,6,7.20812594692037,NA,NA,1,2,hydrogen_bonds=1,hydrogen_bonds=2,0.4,0.4,0.4000000000000001,0.25,2,5,5,0.0,0.0,0.0,0.0,0,1,2
7Z6W,vina_pose,2,A:IG7:201,A:IG7:201,RDKit,63,6.036629457433113,6,6.349711870103504,NA,NA,1,0,hydrogen_bonds=1,none=0,0.4,0.4,0.4000000000000001,0.25,2,5,5,0.0,0.0,0.0,0.0,0,1,0
7Z6W,vina_pose,3,A:IG7:201,A:IG7:201,RDKit,63,5.488441579196591,6,3.4142236794523777,NA,NA,1,1,hydrogen_bonds=1,hydrogen_bonds=1,0.3333333333333333,0.4,0.3636363636363636,0.2222222222222222,2,5,6,1.0,1.0,1.0,1.0,1,1,1
7Z6W,vina_pose,4,A:IG7:201,A:IG7:201,RDKit,63,6.162889856305432,6,6.418538787501924,NA,NA,1,3,hydrogen_bonds=1,hydrogen_bonds=3,0.125,0.2,0.15384615384615385,0.08333333333333333,1,5,8,0.0,0.0,0.0,0.0,0,1,3
7Z6W,vina_pose,5,A:IG7:201,A:IG7:201,RDKit,63,6.407515807658755,6,5.274121285421235,NA,NA,1,1,hydrogen_bonds=1,hydrogen_bonds=1,0.4,0.4,0.4000000000000001,0.25,2,5,5,0.0,0.0,0.0,0.0,0,1,1
7Z6W,vina_pose,6,A:IG7:201,A:IG7:201,RDKit,63,6.473393601063179,6,6.010383404298487,NA,NA,1,0,hydrogen_bonds=1,none=0,0.5,0.8,0.6153846153846154,0.4444444444444444,4,5,8,0.0,0.0,0.0,0.0,0,1,0
7Z6W,vina_pose,7,A:IG7:201,A:IG7:201,RDKit,63,5.965878055094151,6,5.804684990017403,NA,NA,1,0,hydrogen_bonds=1,none=0,0.0,0.0,0.0,0.0,0,5,7,0.0,0.0,0.0,0.0,0,1,0
7Z6W,vina_pose,8,A:IG7:201,A:IG7:201,RDKit,63,5.600927396281146,6,3.470945116247158,NA,NA,1,1,hydrogen_bonds=1,hydrogen_bonds=1,0.375,0.6,0.4615384615384615,0.3,3,5,8,0.0,0.0,0.0,0.0,0,1,1
7Z6W,vina_pose,9,A:IG7:201,A:IG7:201,RDKit,63,6.472167177094081,6,6.00465465285057,NA,NA,1,2,hydrogen_bonds=1,hydrogen_bonds=2,0.2,0.2,0.20000000000000004,0.1111111111111111,1,5,5,0.0,0.0,0.0,0.0,0,1,2
7Z6W,vina_pose,10,A:IG7:201,A:IG7:201,RDKit,63,7.652913122071115,6,6.550146448744487,NA,NA,1,1,hydrogen_bonds=1,hydrogen_bonds=1,0.3333333333333333,0.4,0.3636363636363636,0.2222222222222222,2,5,6,0.0,0.0,0.0,0.0,0,1,1
7Z6W,vina_pose,11,A:IG7:201,A:IG7:201,RDKit,63,5.8486916770619155,6,6.487668006816214,NA,NA,1,0,hydrogen_bonds=1,none=0,0.3333333333333333,0.4,0.3636363636363636,0.2222222222222222,2,5,6,0.0,0.0,0.0,0.0,0,1,0
7Z6W,vina_pose,12,A:IG7:201,A:IG7:201,RDKit,63,5.0434973378426005,6,5.291805315768901,NA,NA,1,1,hydrogen_bonds=1,hydrogen_bonds=1,0.14285714285714285,0.2,0.16666666666666666,0.09090909090909091,1,5,7,0.0,0.0,0.0,0.0,0,1,1
7Z6W,vina_pose,13,A:IG7:201,A:IG7:201,RDKit,63,8.119072392086212,6,5.052033369512386,NA,NA,1,2,hydrogen_bonds=1,hydrogen_bonds=2,0.42857142857142855,0.6,0.5,0.3333333333333333,3,5,7,0.0,0.0,0.0,0.0,0,1,2
7Z6W,vina_pose,14,A:IG7:201,A:IG7:201,RDKit,63,5.958521396965462,6,6.110546893145763,NA,NA,1,1,hydrogen_bonds=1,hydrogen_bonds=1,0.14285714285714285,0.2,0.16666666666666666,0.09090909090909091,1,5,7,0.0,0.0,0.0,0.0,0,1,1
7Z6W,vina_pose,15,A:IG7:201,A:IG7:201,RDKit,63,2.2738567334914586,6,1.8258896918123686,NA,NA,1,1,hydrogen_bonds=1,hydrogen_bonds=1,1.0,0.8,0.888888888888889,0.8,4,5,4,1.0,1.0,1.0,1.0,1,1,1
7Z6W,vina_pose,16,A:IG7:201,A:IG7:201,RDKit,63,7.512973827330875,6,5.066518775253872,NA,NA,1,2,hydrogen_bonds=1,hydrogen_bonds=2,0.5,0.8,0.6153846153846154,0.4444444444444444,4,5,8,0.0,0.0,0.0,0.0,0,1,2
7Z6W,vina_pose,17,A:IG7:201,A:IG7:201,RDKit,63,5.496351797271084,6,4.694413896679046,NA,NA,1,1,hydrogen_bonds=1,hydrogen_bonds=1,0.6666666666666666,0.8,0.7272727272727272,0.5714285714285714,4,5,6,0.0,0.0,0.0,0.0,0,1,1
7Z6W,vina_pose,18,A:IG7:201,A:IG7:201,RDKit,63,7.112581854356449,6,7.347762130971126,NA,NA,1,0,hydrogen_bonds=1,none=0,0.16666666666666666,0.2,0.1818181818181818,0.1,1,5,6,0.0,0.0,0.0,0.0,0,1,0
7Z6W,vina_pose,19,A:IG7:201,A:IG7:201,RDKit,63,3.9734373288563654,6,4.91436698195539,NA,NA,1,1,hydrogen_bonds=1,hydrogen_bonds=1,0.3333333333333333,0.4,0.3636363636363636,0.2222222222222222,2,5,6,1.0,1.0,1.0,1.0,1,1,1
7Z6W,vina_pose,20,A:IG7:201,A:IG7:201,RDKit,63,6.0160161830139485,6,4.845025627727199,NA,NA,1,0,hydrogen_bonds=1,none=0,0.5,0.8,0.6153846153846154,0.4444444444444444,4,5,8,0.0,0.0,0.0,0.0,0,1,0
8GOT,boltz,1,A:K8U:301,B:K8U:1,RDKit,102,5.905425007210051,14,1.3417431489097649,208,0.8346917173164622,5,11,attractive_charge=1;hydrogen_bonds=2;ionic=1;salt_bridge=1,attractive_charge=3;hydrogen_bonds=2;ionic=3;salt_bridge=3,1.0,0.875,0.9333333333333333,0.875,7,8,7,0.45454545454545453,1.0,0.625,0.45454545454545453,5,5,11
8GOT,vina_pose,1,A:K8U:301,L:UNL:1,RDKit,102,11.532686945646036,14,6.352667015851352,NA,NA,5,9,attractive_charge=1;hydrogen_bonds=2;ionic=1;salt_bridge=1,attractive_charge=2;hydrogen_bonds=3;ionic=2;salt_bridge=2,1.0,0.625,0.7692307692307693,0.625,5,8,5,0.5555555555555556,1.0,0.7142857142857143,0.5555555555555556,5,5,9
8GOT,vina_pose,2,A:K8U:301,L:UNL:1,RDKit,102,11.642087936852727,14,3.860939791220342,NA,NA,5,3,attractive_charge=1;hydrogen_bonds=2;ionic=1;salt_bridge=1,hydrogen_bonds=3,1.0,0.75,0.8571428571428571,0.75,6,8,6,0.6666666666666666,0.4,0.5,0.3333333333333333,2,5,3
8GOT,vina_pose,3,A:K8U:301,L:UNL:1,RDKit,102,16.313230574129268,14,6.969267864806789,NA,NA,5,9,attractive_charge=1;hydrogen_bonds=2;ionic=1;salt_bridge=1,attractive_charge=2;hydrogen_bonds=3;ionic=2;salt_bridge=2,1.0,1.0,1.0,1.0,8,8,8,0.4444444444444444,0.8,0.5714285714285714,0.4,4,5,9
8GOT,vina_pose,4,A:K8U:301,L:UNL:1,RDKit,102,15.130637406062096,14,6.5427103765510335,NA,NA,5,10,attractive_charge=1;hydrogen_bonds=2;ionic=1;salt_bridge=1,attractive_charge=2;hydrogen_bonds=4;ionic=2;salt_bridge=2,1.0,0.5,0.6666666666666666,0.5,4,8,4,0.5,1.0,0.6666666666666666,0.5,5,5,10
8GOT,vina_pose,5,A:K8U:301,L:UNL:1,RDKit,102,17.285803663530302,14,7.173948544162115,NA,NA,5,2,attractive_charge=1;hydrogen_bonds=2;ionic=1;salt_bridge=1,hydrogen_bonds=2,0.46153846153846156,0.75,0.5714285714285714,0.4,6,8,13,0.5,0.2,0.28571428571428575,0.16666666666666666,1,5,2
8GOT,vina_pose,6,A:K8U:301,L:UNL:1,RDKit,102,14.360768685049216,14,7.823869694722682,NA,NA,5,8,attractive_charge=1;hydrogen_bonds=2;ionic=1;salt_bridge=1,attractive_charge=2;hydrogen_bonds=2;ionic=2;salt_bridge=2,0.8571428571428571,0.75,0.7999999999999999,0.6666666666666666,6,8,7,0.375,0.6,0.4615384615384615,0.3,3,5,8
8GOT,vina_pose,7,A:K8U:301,L:UNL:1,RDKit,102,11.4752514099504,14,7.350245792780384,NA,NA,5,5,attractive_charge=1;hydrogen_bonds=2;ionic=1;salt_bridge=1,attractive_charge=1;hydrogen_bonds=2;ionic=1;salt_bridge=1,0.5,0.625,0.5555555555555556,0.38461538461538464,5,8,10,0.0,0.0,0.0,0.0,0,5,5
8GOT,vina_pose,8,A:K8U:301,L:UNL:1,RDKit,102,12.175977226151694,14,2.9955919996841076,NA,NA,5,9,attractive_charge=1;hydrogen_bonds=2;ionic=1;salt_bridge=1,attractive_charge=2;hydrogen_bonds=3;ionic=2;salt_bridge=2,1.0,1.0,1.0,1.0,8,8,8,0.4444444444444444,0.8,0.5714285714285714,0.4,4,5,9
8GOT,vina_pose,9,A:K8U:301,L:UNL:1,RDKit,102,13.619854708634513,14,7.860806174578134,NA,NA,5,6,attractive_charge=1;hydrogen_bonds=2;ionic=1;salt_bridge=1,attractive_charge=1;hydrogen_bonds=3;ionic=1;salt_bridge=1,0.3,0.375,0.33333333333333326,0.2,3,8,10,0.0,0.0,0.0,0.0,0,5,6
8GOT,vina_pose,10,A:K8U:301,L:UNL:1,RDKit,102,9.091049166140092,14,5.7903615110432805,NA,NA,5,9,attractive_charge=1;hydrogen_bonds=2;ionic=1;salt_bridge=1,attractive_charge=2;hydrogen_bonds=3;ionic=2;salt_bridge=2,0.8,0.5,0.6153846153846154,0.4444444444444444,4,8,5,0.5555555555555556,1.0,0.7142857142857143,0.5555555555555556,5,5,9
8GOT,vina_pose,11,A:K8U:301,L:UNL:1,RDKit,102,8.758627629987721,14,5.332968799297978,NA,NA,5,8,attractive_charge=1;hydrogen_bonds=2;ionic=1;salt_bridge=1,attractive_charge=2;hydrogen_bonds=2;ionic=2;salt_bridge=2,1.0,0.5,0.6666666666666666,0.5,4,8,4,0.375,0.6,0.4615384615384615,0.3,3,5,8
8GOT,vina_pose,12,A:K8U:301,L:UNL:1,RDKit,102,10.239970097995558,14,4.929407498443833,NA,NA,5,10,attractive_charge=1;hydrogen_bonds=2;ionic=1;salt_bridge=1,attractive_charge=2;hydrogen_bonds=4;ionic=2;salt_bridge=2,0.8333333333333334,0.625,0.7142857142857143,0.5555555555555556,5,8,6,0.5,1.0,0.6666666666666666,0.5,5,5,10
8GOT,vina_pose,13,A:K8U:301,L:UNL:1,RDKit,102,11.200371689385676,14,3.9821420204995923,NA,NA,5,3,attractive_charge=1;hydrogen_bonds=2;ionic=1;salt_bridge=1,hydrogen_bonds=3,1.0,0.75,0.8571428571428571,0.75,6,8,6,0.6666666666666666,0.4,0.5,0.3333333333333333,2,5,3
8GOT,vina_pose,14,A:K8U:301,L:UNL:1,RDKit,102,17.028035841448276,14,15.296407841618988,NA,NA,5,2,attractive_charge=1;hydrogen_bonds=2;ionic=1;salt_bridge=1,hydrogen_bonds=2,0.0,0.0,0.0,0.0,0,8,8,0.0,0.0,0.0,0.0,0,5,2
8GOT,vina_pose,15,A:K8U:301,L:UNL:1,RDKit,102,14.502901570064537,14,15.204321145648036,NA,NA,5,5,attractive_charge=1;hydrogen_bonds=2;ionic=1;salt_bridge=1,attractive_charge=1;hydrogen_bonds=2;ionic=1;salt_bridge=1,0.0,0.0,0.0,0.0,0,8,7,0.0,0.0,0.0,0.0,0,5,5
8GOT,vina_pose,16,A:K8U:301,L:UNL:1,RDKit,102,12.648318745906083,14,6.626193644490456,NA,NA,5,10,attractive_charge=1;hydrogen_bonds=2;ionic=1;salt_bridge=1,attractive_charge=2;hydrogen_bonds=4;ionic=2;salt_bridge=2,0.8888888888888888,1.0,0.9411764705882353,0.8888888888888888,8,8,9,0.5,1.0,0.6666666666666666,0.5,5,5,10
8GOT,vina_pose,17,A:K8U:301,L:UNL:1,RDKit,102,13.044405651992179,14,7.677430759793836,NA,NA,5,13,attractive_charge=1;hydrogen_bonds=2;ionic=1;salt_bridge=1,attractive_charge=3;hydrogen_bonds=4;ionic=3;salt_bridge=3,0.75,0.375,0.5,0.3333333333333333,3,8,4,0.38461538461538464,1.0,0.5555555555555556,0.38461538461538464,5,5,13
8GOT,vina_pose,18,A:K8U:301,L:UNL:1,RDKit,102,12.2870427331987,14,3.017747752877964,NA,NA,5,9,attractive_charge=1;hydrogen_bonds=2;ionic=1;salt_bridge=1,attractive_charge=2;hydrogen_bonds=3;ionic=2;salt_bridge=2,1.0,1.0,1.0,1.0,8,8,8,0.4444444444444444,0.8,0.5714285714285714,0.4,4,5,9
8GOT,vina_pose,19,A:K8U:301,L:UNL:1,RDKit,102,13.063564605645825,14,5.81082004908577,NA,NA,5,1,attractive_charge=1;hydrogen_bonds=2;ionic=1;salt_bridge=1,hydrogen_bonds=1,0.46153846153846156,0.75,0.5714285714285714,0.4,6,8,13,1.0,0.2,0.33333333333333337,0.2,1,5,1
8GOT,vina_pose,20,A:K8U:301,L:UNL:1,RDKit,102,17.20979225558496,14,6.177964447476669,NA,NA,5,13,attractive_charge=1;hydrogen_bonds=2;ionic=1;salt_bridge=1,attractive_charge=3;hydrogen_bonds=4;ionic=3;salt_bridge=3,0.8333333333333334,0.625,0.7142857142857143,0.5555555555555556,5,8,6,0.38461538461538464,1.0,0.5555555555555556,0.38461538461538464,5,5,13
8GYN,boltz,1,A:6OU:201,B:6OU:1,RDKit,49,1.0882920131022045,7,1.4767595438828596,160,0.33996621479537276,4,4,attractive_charge=1;hydrogen_bonds=1;ionic=1;salt_bridge=1,attractive_charge=1;hydrogen_bonds=1;ionic=1;salt_bridge=1,0.75,0.75,0.75,0.6,3,4,4,1.0,1.0,1.0,1.0,4,4,4
8GYN,vina_pose,1,A:6OU:201,L:UNL:1,RDKit,49,4.426929515762659,7,5.790969945540828,NA,NA,4,4,attractive_charge=1;hydrogen_bonds=1;ionic=1;salt_bridge=1,attractive_charge=1;hydrogen_bonds=1;ionic=1;salt_bridge=1,0.42857142857142855,0.75,0.5454545454545454,0.375,3,4,7,1.0,1.0,1.0,1.0,4,4,4
8GYN,vina_pose,2,A:6OU:201,L:UNL:1,RDKit,49,5.935722765403948,7,7.523248712691499,NA,NA,4,3,attractive_charge=1;hydrogen_bonds=1;ionic=1;salt_bridge=1,hydrogen_bonds=3,0.14285714285714285,0.25,0.18181818181818182,0.1,1,4,7,0.0,0.0,0.0,0.0,0,4,3
8GYN,vina_pose,3,A:6OU:201,L:UNL:1,RDKit,49,4.482652053578214,7,5.612418715047398,NA,NA,4,4,attractive_charge=1;hydrogen_bonds=1;ionic=1;salt_bridge=1,attractive_charge=1;hydrogen_bonds=1;ionic=1;salt_bridge=1,0.3333333333333333,0.5,0.4,0.25,2,4,6,0.0,0.0,0.0,0.0,0,4,4
8GYN,vina_pose,4,A:6OU:201,L:UNL:1,RDKit,49,5.244741666171705,7,7.157538367654263,NA,NA,4,4,attractive_charge=1;hydrogen_bonds=1;ionic=1;salt_bridge=1,attractive_charge=1;hydrogen_bonds=1;ionic=1;salt_bridge=1,0.16666666666666666,0.25,0.2,0.1111111111111111,1,4,6,0.0,0.0,0.0,0.0,0,4,4
8GYN,vina_pose,5,A:6OU:201,L:UNL:1,RDKit,49,4.317123579419471,7,5.652156091908644,NA,NA,4,4,attractive_charge=1;hydrogen_bonds=1;ionic=1;salt_bridge=1,attractive_charge=1;hydrogen_bonds=1;ionic=1;salt_bridge=1,0.5,0.75,0.6,0.42857142857142855,3,4,6,0.0,0.0,0.0,0.0,0,4,4
8GYN,vina_pose,6,A:6OU:201,L:UNL:1,RDKit,49,4.5109354862152395,7,7.821743070542889,NA,NA,4,6,attractive_charge=1;hydrogen_bonds=1;ionic=1;salt_bridge=1,attractive_charge=1;hydrogen_bonds=3;ionic=1;salt_bridge=1,0.125,0.25,0.16666666666666666,0.09090909090909091,1,4,8,0.0,0.0,0.0,0.0,0,4,6
8GYN,vina_pose,7,A:6OU:201,L:UNL:1,RDKit,49,4.028035593237448,7,5.931698758740439,NA,NA,4,4,attractive_charge=1;hydrogen_bonds=1;ionic=1;salt_bridge=1,attractive_charge=1;hydrogen_bonds=1;ionic=1;salt_bridge=1,0.5,0.75,0.6,0.42857142857142855,3,4,6,1.0,1.0,1.0,1.0,4,4,4
8GYN,vina_pose,8,A:6OU:201,L:UNL:1,RDKit,49,5.793425168273752,7,8.232905665083086,NA,NA,4,2,attractive_charge=1;hydrogen_bonds=1;ionic=1;salt_bridge=1,hydrogen_bonds=2,0.125,0.25,0.16666666666666666,0.09090909090909091,1,4,8,0.0,0.0,0.0,0.0,0,4,2
8GYN,vina_pose,9,A:6OU:201,L:UNL:1,RDKit,49,5.03041917456352,7,6.305967599154448,NA,NA,4,4,attractive_charge=1;hydrogen_bonds=1;ionic=1;salt_bridge=1,attractive_charge=1;hydrogen_bonds=1;ionic=1;salt_bridge=1,0.3333333333333333,0.5,0.4,0.25,2,4,6,1.0,1.0,1.0,1.0,4,4,4
8GYN,vina_pose,10,A:6OU:201,L:UNL:1,RDKit,49,6.3426434456263525,7,7.259471433642496,NA,NA,4,4,attractive_charge=1;hydrogen_bonds=1;ionic=1;salt_bridge=1,attractive_charge=1;hydrogen_bonds=1;ionic=1;salt_bridge=1,0.2857142857142857,0.5,0.36363636363636365,0.2222222222222222,2,4,7,0.0,0.0,0.0,0.0,0,4,4
8GYN,vina_pose,11,A:6OU:201,L:UNL:1,RDKit,49,5.764884058021338,7,7.8376928969754855,NA,NA,4,2,attractive_charge=1;hydrogen_bonds=1;ionic=1;salt_bridge=1,hydrogen_bonds=2,0.125,0.25,0.16666666666666666,0.09090909090909091,1,4,8,0.0,0.0,0.0,0.0,0,4,2
8GYN,vina_pose,12,A:6OU:201,L:UNL:1,RDKit,49,4.229976376734827,7,5.663282390869148,NA,NA,4,4,attractive_charge=1;hydrogen_bonds=1;ionic=1;salt_bridge=1,attractive_charge=1;hydrogen_bonds=1;ionic=1;salt_bridge=1,0.5,0.75,0.6,0.42857142857142855,3,4,6,1.0,1.0,1.0,1.0,4,4,4
8GYN,vina_pose,13,A:6OU:201,L:UNL:1,RDKit,49,3.852034853506994,7,6.357032223688527,NA,NA,4,4,attractive_charge=1;hydrogen_bonds=1;ionic=1;salt_bridge=1,attractive_charge=1;hydrogen_bonds=1;ionic=1;salt_bridge=1,0.2,0.25,0.22222222222222224,0.125,1,4,5,0.0,0.0,0.0,0.0,0,4,4
8GYN,vina_pose,14,A:6OU:201,L:UNL:1,RDKit,49,6.592540616699811,7,8.1847687927123,NA,NA,4,4,attractive_charge=1;hydrogen_bonds=1;ionic=1;salt_bridge=1,hydrogen_bonds=4,0.125,0.25,0.16666666666666666,0.09090909090909091,1,4,8,0.0,0.0,0.0,0.0,0,4,4
8GYN,vina_pose,15,A:6OU:201,L:UNL:1,RDKit,49,3.71296534267396,7,5.3368296438335,NA,NA,4,4,attractive_charge=1;hydrogen_bonds=1;ionic=1;salt_bridge=1,attractive_charge=1;hydrogen_bonds=1;ionic=1;salt_bridge=1,0.5,0.75,0.6,0.42857142857142855,3,4,6,1.0,1.0,1.0,1.0,4,4,4
8GYN,vina_pose,16,A:6OU:201,L:UNL:1,RDKit,49,5.063006167225885,7,7.406838514229363,NA,NA,4,5,attractive_charge=1;hydrogen_bonds=1;ionic=1;salt_bridge=1,attractive_charge=1;hydrogen_bonds=2;ionic=1;salt_bridge=1,0.14285714285714285,0.25,0.18181818181818182,0.1,1,4,7,0.0,0.0,0.0,0.0,0,4,5
8GYN,vina_pose,17,A:6OU:201,L:UNL:1,RDKit,49,5.905226425317263,7,6.528526888872295,NA,NA,4,6,attractive_charge=1;hydrogen_bonds=1;ionic=1;salt_bridge=1,attractive_charge=1;hydrogen_bonds=3;ionic=1;salt_bridge=1,0.16666666666666666,0.25,0.2,0.1111111111111111,1,4,6,0.0,0.0,0.0,0.0,0,4,6
8GYN,vina_pose,18,A:6OU:201,L:UNL:1,RDKit,49,5.51923076830976,7,6.642643812638588,NA,NA,4,1,attractive_charge=1;hydrogen_bonds=1;ionic=1;salt_bridge=1,hydrogen_bonds=1,0.14285714285714285,0.25,0.18181818181818182,0.1,1,4,7,0.0,0.0,0.0,0.0,0,4,1
8GYN,vina_pose,19,A:6OU:201,L:UNL:1,RDKit,49,5.7560102144237915,7,5.120125601571844,NA,NA,4,5,attractive_charge=1;hydrogen_bonds=1;ionic=1;salt_bridge=1,attractive_charge=1;hydrogen_bonds=2;ionic=1;salt_bridge=1,0.5,0.75,0.6,0.42857142857142855,3,4,6,0.8,1.0,0.888888888888889,0.8,4,4,5
8GYN,vina_pose,20,A:6OU:201,L:UNL:1,RDKit,49,5.736027862623745,7,6.620221016930952,NA,NA,4,4,attractive_charge=1;hydrogen_bonds=1;ionic=1;salt_bridge=1,attractive_charge=1;hydrogen_bonds=1;ionic=1;salt_bridge=1,0.16666666666666666,0.25,0.2,0.1111111111111111,1,4,6,0.0,0.0,0.0,0.0,0,4,4
8IVL,boltz,1,A:CLR:201,B:CLR:1,RDKit,28,4.251623653023293,1,5.130072063585677,134,0.7265592639904518,2,0,hydrogen_bonds=2,none=0,0.25,0.2,0.22222222222222224,0.125,1,5,4,0.0,0.0,0.0,0.0,0,2,0
8IVL,vina_pose,1,A:CLR:201,A:CLR:201,RDKit,28,3.3921951647442525,1,7.553354354192579,NA,NA,2,2,hydrogen_bonds=2,hydrogen_bonds=2,0.16666666666666666,0.2,0.1818181818181818,0.1,1,5,6,0.0,0.0,0.0,0.0,0,2,2
8IVL,vina_pose,2,A:CLR:201,A:CLR:201,RDKit,28,6.579303073165988,1,6.44570190126723,NA,NA,2,0,hydrogen_bonds=2,none=0,0.16666666666666666,0.2,0.1818181818181818,0.1,1,5,6,0.0,0.0,0.0,0.0,0,2,0
8IVL,vina_pose,3,A:CLR:201,A:CLR:201,RDKit,28,3.297374870364952,1,7.152408056032597,NA,NA,2,2,hydrogen_bonds=2,hydrogen_bonds=2,0.16666666666666666,0.2,0.1818181818181818,0.1,1,5,6,0.0,0.0,0.0,0.0,0,2,2
8IVL,vina_pose,4,A:CLR:201,A:CLR:201,RDKit,28,3.5728119228017428,1,8.150842901197398,NA,NA,2,0,hydrogen_bonds=2,none=0,0.2,0.2,0.20000000000000004,0.1111111111111111,1,5,5,0.0,0.0,0.0,0.0,0,2,0
8IVL,vina_pose,5,A:CLR:201,A:CLR:201,RDKit,28,3.669803366666939,1,8.102006973583768,NA,NA,2,0,hydrogen_bonds=2,none=0,0.16666666666666666,0.2,0.1818181818181818,0.1,1,5,6,0.0,0.0,0.0,0.0,0,2,0
8IVL,vina_pose,6,A:CLR:201,A:CLR:201,RDKit,28,6.908961235753378,1,9.575364901663017,NA,NA,2,1,hydrogen_bonds=2,hydrogen_bonds=1,0.0,0.0,0.0,0.0,0,5,5,0.0,0.0,0.0,0.0,0,2,1
8IVL,vina_pose,7,A:CLR:201,A:CLR:201,RDKit,28,2.910268022757649,1,6.038514800843002,NA,NA,2,1,hydrogen_bonds=2,hydrogen_bonds=1,0.3333333333333333,0.2,0.25,0.14285714285714285,1,5,3,0.0,0.0,0.0,0.0,0,2,1
8IVL,vina_pose,8,A:CLR:201,A:CLR:201,RDKit,28,4.497126118025664,1,7.313898139843077,NA,NA,2,0,hydrogen_bonds=2,none=0,0.0,0.0,0.0,0.0,0,5,5,0.0,0.0,0.0,0.0,0,2,0
8IVL,vina_pose,9,A:CLR:201,A:CLR:201,RDKit,28,5.0424046134472675,1,8.931627455284957,NA,NA,2,1,hydrogen_bonds=2,hydrogen_bonds=1,0.0,0.0,0.0,0.0,0,5,6,0.0,0.0,0.0,0.0,0,2,1
8IVL,vina_pose,10,A:CLR:201,A:CLR:201,RDKit,28,5.904278733015817,1,6.179648614605849,NA,NA,2,1,hydrogen_bonds=2,hydrogen_bonds=1,0.2,0.2,0.20000000000000004,0.1111111111111111,1,5,5,0.0,0.0,0.0,0.0,0,2,1
8IVL,vina_pose,11,A:CLR:201,A:CLR:201,RDKit,28,4.263132923265304,1,7.395340695329729,NA,NA,2,1,hydrogen_bonds=2,hydrogen_bonds=1,0.3333333333333333,0.4,0.3636363636363636,0.2222222222222222,2,5,6,0.0,0.0,0.0,0.0,0,2,1
8IVL,vina_pose,12,A:CLR:201,A:CLR:201,RDKit,28,2.4237176727380727,1,3.699186667363517,NA,NA,2,0,hydrogen_bonds=2,none=0,0.6,0.6,0.6,0.42857142857142855,3,5,5,0.0,0.0,0.0,0.0,0,2,0
8IVL,vina_pose,13,A:CLR:201,A:CLR:201,RDKit,28,4.90191595195185,1,8.885826523177235,NA,NA,2,2,hydrogen_bonds=2,hydrogen_bonds=2,0.0,0.0,0.0,0.0,0,5,7,0.0,0.0,0.0,0.0,0,2,2
8IVL,vina_pose,14,A:CLR:201,A:CLR:201,RDKit,28,6.84912726192177,1,9.292494874897699,NA,NA,2,0,hydrogen_bonds=2,none=0,0.0,0.0,0.0,0.0,0,5,5,0.0,0.0,0.0,0.0,0,2,0
8IVL,vina_pose,15,A:CLR:201,A:CLR:201,RDKit,28,0.9177904950788839,1,1.3559542765152521,NA,NA,2,1,hydrogen_bonds=2,hydrogen_bonds=1,0.8333333333333334,1.0,0.9090909090909091,0.8333333333333334,5,5,6,1.0,0.5,0.6666666666666666,0.5,1,2,1
8IVL,vina_pose,16,A:CLR:201,A:CLR:201,RDKit,28,7.112822608802058,1,9.622125077133429,NA,NA,2,0,hydrogen_bonds=2,none=0,0.0,0.0,0.0,0.0,0,5,5,0.0,0.0,0.0,0.0,0,2,0
8IVL,vina_pose,17,A:CLR:201,A:CLR:201,RDKit,28,3.617595595538167,1,6.7930822164905384,NA,NA,2,1,hydrogen_bonds=2,hydrogen_bonds=1,0.2,0.2,0.20000000000000004,0.1111111111111111,1,5,5,0.0,0.0,0.0,0.0,0,2,1
8IVL,vina_pose,18,A:CLR:201,A:CLR:201,RDKit,28,6.698640792301504,1,9.469147057681596,NA,NA,2,0,hydrogen_bonds=2,none=0,0.0,0.0,0.0,0.0,0,5,6,0.0,0.0,0.0,0.0,0,2,0
8IVL,vina_pose,19,A:CLR:201,A:CLR:201,RDKit,28,7.036271564949315,1,9.08004096907057,NA,NA,2,0,hydrogen_bonds=2,none=0,0.0,0.0,0.0,0.0,0,5,5,0.0,0.0,0.0,0.0,0,2,0
8QJZ,boltz,1,A:LP5:303,B:LP5:1,RDKit,48,1.0953002327414634,6,1.7996267358090066,240,0.6900429722471262,10,10,attractive_charge=2;hydrogen_bonds=4;ionic=2;salt_bridge=2,attractive_charge=2;hydrogen_bonds=4;ionic=2;salt_bridge=2,1.0,1.0,1.0,1.0,8,8,8,1.0,1.0,1.0,1.0,10,10,10
8QJZ,vina_pose,1,A:LP5:303,L:UNL:1,RDKit,48,8.583908271197528,6,9.259554623918655,NA,NA,10,4,attractive_charge=2;hydrogen_bonds=4;ionic=2;salt_bridge=2,attractive_charge=1;hydrogen_bonds=1;ionic=1;salt_bridge=1,0.125,0.125,0.125,0.06666666666666667,1,8,8,0.75,0.3,0.4285714285714285,0.2727272727272727,3,10,4
8QJZ,vina_pose,2,A:LP5:303,L:UNL:1,RDKit,48,11.33320874502598,6,11.48762384771832,NA,NA,10,11,attractive_charge=2;hydrogen_bonds=4;ionic=2;salt_bridge=2,attractive_charge=2;hydrogen_bonds=5;ionic=2;salt_bridge=2,0.18181818181818182,0.25,0.2105263157894737,0.11764705882352941,2,8,11,0.2727272727272727,0.3,0.28571428571428564,0.16666666666666666,3,10,11
8QJZ,vina_pose,3,A:LP5:303,L:UNL:1,RDKit,48,11.664664523144246,6,8.269680767720118,NA,NA,10,5,attractive_charge=2;hydrogen_bonds=4;ionic=2;salt_bridge=2,attractive_charge=1;hydrogen_bonds=2;ionic=1;salt_bridge=1,0.1,0.125,0.11111111111111112,0.058823529411764705,1,8,10,0.0,0.0,0.0,0.0,0,10,5
8QJZ,vina_pose,4,A:LP5:303,L:UNL:1,RDKit,48,8.32247897764442,6,9.694987012196904,NA,NA,10,8,attractive_charge=2;hydrogen_bonds=4;ionic=2;salt_bridge=2,attractive_charge=2;hydrogen_bonds=2;ionic=2;salt_bridge=2,0.15384615384615385,0.25,0.1904761904761905,0.10526315789473684,2,8,13,0.0,0.0,0.0,0.0,0,10,8
8QJZ,vina_pose,5,A:LP5:303,L:UNL:1,RDKit,48,10.12619540062637,6,9.362287674494945,NA,NA,10,4,attractive_charge=2;hydrogen_bonds=4;ionic=2;salt_bridge=2,attractive_charge=1;hydrogen_bonds=1;ionic=1;salt_bridge=1,0.14285714285714285,0.25,0.18181818181818182,0.1,2,8,14,0.75,0.3,0.4285714285714285,0.2727272727272727,3,10,4
8QJZ,vina_pose,6,A:LP5:303,L:UNL:1,RDKit,48,9.962401243759793,6,12.422674235713767,NA,NA,10,9,attractive_charge=2;hydrogen_bonds=4;ionic=2;salt_bridge=2,attractive_charge=2;hydrogen_bonds=3;ionic=2;salt_bridge=2,0.125,0.125,0.125,0.06666666666666667,1,8,8,0.0,0.0,0.0,0.0,0,10,9
8QJZ,vina_pose,7,A:LP5:303,L:UNL:1,RDKit,48,10.930791783802002,6,9.568761684077343,NA,NA,10,12,attractive_charge=2;hydrogen_bonds=4;ionic=2;salt_bridge=2,attractive_charge=2;hydrogen_bonds=6;ionic=2;salt_bridge=2,0.125,0.25,0.16666666666666666,0.09090909090909091,2,8,16,0.25,0.3,0.2727272727272727,0.15789473684210525,3,10,12
8QJZ,vina_pose,8,A:LP5:303,L:UNL:1,RDKit,48,9.920455775399972,6,9.852363159838013,NA,NA,10,4,attractive_charge=2;hydrogen_bonds=4;ionic=2;salt_bridge=2,attractive_charge=1;hydrogen_bonds=1;ionic=1;salt_bridge=1,0.375,0.375,0.375,0.23076923076923078,3,8,8,0.0,0.0,0.0,0.0,0,10,4
8QJZ,vina_pose,9,A:LP5:303,L:UNL:1,RDKit,48,10.127451813223633,6,6.806648808334393,NA,NA,10,7,attractive_charge=2;hydrogen_bonds=4;ionic=2;salt_bridge=2,attractive_charge=1;hydrogen_bonds=4;ionic=1;salt_bridge=1,0.36363636363636365,0.5,0.4210526315789474,0.26666666666666666,4,8,11,0.42857142857142855,0.3,0.3529411764705882,0.21428571428571427,3,10,7
8QJZ,vina_pose,10,A:LP5:303,L:UNL:1,RDKit,48,6.864985434859518,6,4.747075433007849,NA,NA,10,7,attractive_charge=2;hydrogen_bonds=4;ionic=2;salt_bridge=2,attractive_charge=2;hydrogen_bonds=1;ionic=2;salt_bridge=2,0.6,0.75,0.6666666666666665,0.5,6,8,10,1.0,0.7,0.8235294117647058,0.7,7,10,7
8QJZ,vina_pose,11,A:LP5:303,L:UNL:1,RDKit,48,10.450334672671174,6,10.320165946663197,NA,NA,10,1,attractive_charge=2;hydrogen_bonds=4;ionic=2;salt_bridge=2,hydrogen_bonds=1,0.14285714285714285,0.125,0.13333333333333333,0.07142857142857142,1,8,7,0.0,0.0,0.0,0.0,0,10,1
8QJZ,vina_pose,12,A:LP5:303,L:UNL:1,RDKit,48,9.172342329661493,6,7.121498718668704,NA,NA,10,4,attractive_charge=2;hydrogen_bonds=4;ionic=2;salt_bridge=2,attractive_charge=1;hydrogen_bonds=1;ionic=1;salt_bridge=1,0.4,0.5,0.4444444444444445,0.2857142857142857,4,8,10,1.0,0.4,0.5714285714285715,0.4,4,10,4
8QJZ,vina_pose,13,A:LP5:303,L:UNL:1,RDKit,48,10.9025668298418,6,12.92172756767969,NA,NA,10,9,attractive_charge=2;hydrogen_bonds=4;ionic=2;salt_bridge=2,attractive_charge=1;hydrogen_bonds=6;ionic=1;salt_bridge=1,0.1,0.125,0.11111111111111112,0.058823529411764705,1,8,10,0.0,0.0,0.0,0.0,0,10,9
8QJZ,vina_pose,14,A:LP5:303,L:UNL:1,RDKit,48,11.712645880450468,6,14.13207161624461,NA,NA,10,0,attractive_charge=2;hydrogen_bonds=4;ionic=2;salt_bridge=2,none=0,0.0,0.0,0.0,0.0,0,8,2,0.0,0.0,0.0,0.0,0,10,0
8QJZ,vina_pose,15,A:LP5:303,L:UNL:1,RDKit,48,9.350915704936781,6,12.242468882269348,NA,NA,10,0,attractive_charge=2;hydrogen_bonds=4;ionic=2;salt_bridge=2,none=0,0.0,0.0,0.0,0.0,0,8,2,0.0,0.0,0.0,0.0,0,10,0
8QJZ,vina_pose,16,A:LP5:303,L:UNL:1,RDKit,48,8.616472578004297,6,8.899875785650044,NA,NA,10,0,attractive_charge=2;hydrogen_bonds=4;ionic=2;salt_bridge=2,none=0,0.2,0.125,0.15384615384615385,0.08333333333333333,1,8,5,0.0,0.0,0.0,0.0,0,10,0
8QJZ,vina_pose,17,A:LP5:303,L:UNL:1,RDKit,48,9.810572809686837,6,8.119911155096874,NA,NA,10,3,attractive_charge=2;hydrogen_bonds=4;ionic=2;salt_bridge=2,hydrogen_bonds=3,0.2727272727272727,0.375,0.3157894736842105,0.1875,3,8,11,0.0,0.0,0.0,0.0,0,10,3
8QJZ,vina_pose,18,A:LP5:303,L:UNL:1,RDKit,48,8.520589841671761,6,7.1833139752252695,NA,NA,10,3,attractive_charge=2;hydrogen_bonds=4;ionic=2;salt_bridge=2,attractive_charge=1;ionic=1;salt_bridge=1,0.375,0.375,0.375,0.23076923076923078,3,8,8,0.0,0.0,0.0,0.0,0,10,3
8QJZ,vina_pose,19,A:LP5:303,L:UNL:1,RDKit,48,11.006172342145112,6,7.857818038955427,NA,NA,10,3,attractive_charge=2;hydrogen_bonds=4;ionic=2;salt_bridge=2,hydrogen_bonds=3,0.1111111111111111,0.125,0.11764705882352941,0.0625,1,8,9,0.0,0.0,0.0,0.0,0,10,3
8QJZ,vina_pose,20,A:LP5:303,L:UNL:1,RDKit,48,8.33252101457496,6,10.750314646558024,NA,NA,10,1,attractive_charge=2;hydrogen_bonds=4;ionic=2;salt_bridge=2,hydrogen_bonds=1,0.0,0.0,0.0,0.0,0,8,5,0.0,0.0,0.0,0.0,0,10,1
8T5T,boltz,1,A:STE:310,B:STE:1,RDKit,20,4.375589064667087,3,8.560540700841338,195,3.2506175858128206,2,2,hydrogen_bonds=2,hydrogen_bonds=2,0.0,0.0,0.0,0.0,0,7,9,0.0,0.0,0.0,0.0,0,2,2
8T5T,vina_pose,1,A:STE:310,L:UNL:1,RDKit,20,5.071998555796324,3,1.9469542025087994,NA,NA,2,2,hydrogen_bonds=2,hydrogen_bonds=2,1.0,0.7142857142857143,0.8333333333333333,0.7142857142857143,5,7,5,1.0,1.0,1.0,1.0,2,2,2
8T5T,vina_pose,2,A:STE:310,L:UNL:1,RDKit,20,2.8969565236641026,3,1.486850138155602,NA,NA,2,2,hydrogen_bonds=2,hydrogen_bonds=2,0.8333333333333334,0.7142857142857143,0.7692307692307692,0.625,5,7,6,1.0,1.0,1.0,1.0,2,2,2
8T5T,vina_pose,3,A:STE:310,L:UNL:1,RDKit,20,3.9238273471191363,3,2.6623186010192956,NA,NA,2,3,hydrogen_bonds=2,hydrogen_bonds=3,0.625,0.7142857142857143,0.6666666666666666,0.5,5,7,8,0.3333333333333333,0.5,0.4,0.25,1,2,3
8T5T,vina_pose,4,A:STE:310,L:UNL:1,RDKit,20,2.908298411442678,3,1.4119019087741207,NA,NA,2,2,hydrogen_bonds=2,hydrogen_bonds=2,0.875,1.0,0.9333333333333333,0.875,7,7,8,1.0,1.0,1.0,1.0,2,2,2
8T5T,vina_pose,5,A:STE:310,L:UNL:1,RDKit,20,3.807854041320386,3,2.0014449780096384,NA,NA,2,2,hydrogen_bonds=2,hydrogen_bonds=2,0.8333333333333334,0.7142857142857143,0.7692307692307692,0.625,5,7,6,1.0,1.0,1.0,1.0,2,2,2
8T5T,vina_pose,6,A:STE:310,L:UNL:1,RDKit,20,4.690645563246065,3,1.712004867594327,NA,NA,2,2,hydrogen_bonds=2,hydrogen_bonds=2,0.8333333333333334,0.7142857142857143,0.7692307692307692,0.625,5,7,6,1.0,1.0,1.0,1.0,2,2,2
8T5T,vina_pose,7,A:STE:310,L:UNL:1,RDKit,20,2.198149039533034,3,2.2455737203069814,NA,NA,2,2,hydrogen_bonds=2,hydrogen_bonds=2,1.0,0.7142857142857143,0.8333333333333333,0.7142857142857143,5,7,5,1.0,1.0,1.0,1.0,2,2,2
8T5T,vina_pose,8,A:STE:310,L:UNL:1,RDKit,20,3.819088111054785,3,2.4748834989415864,NA,NA,2,1,hydrogen_bonds=2,hydrogen_bonds=1,0.625,0.7142857142857143,0.6666666666666666,0.5,5,7,8,1.0,0.5,0.6666666666666666,0.5,1,2,1
8T5T,vina_pose,9,A:STE:310,L:UNL:1,RDKit,20,4.408446801312227,3,1.8577502523213403,NA,NA,2,2,hydrogen_bonds=2,hydrogen_bonds=2,1.0,0.7142857142857143,0.8333333333333333,0.7142857142857143,5,7,5,1.0,1.0,1.0,1.0,2,2,2
8T5T,vina_pose,10,A:STE:310,L:UNL:1,RDKit,20,4.206029683680323,3,3.4407417804886182,NA,NA,2,0,hydrogen_bonds=2,none=0,0.5714285714285714,0.5714285714285714,0.5714285714285714,0.4,4,7,7,0.0,0.0,0.0,0.0,0,2,0
8T5T,vina_pose,11,A:STE:310,L:UNL:1,RDKit,20,2.9928290796502233,3,3.4341389507900417,NA,NA,2,0,hydrogen_bonds=2,none=0,0.5714285714285714,0.5714285714285714,0.5714285714285714,0.4,4,7,7,0.0,0.0,0.0,0.0,0,2,0
8T5T,vina_pose,12,A:STE:310,L:UNL:1,RDKit,20,3.968616937926864,3,1.86904289232038,NA,NA,2,2,hydrogen_bonds=2,hydrogen_bonds=2,1.0,0.7142857142857143,0.8333333333333333,0.7142857142857143,5,7,5,1.0,1.0,1.0,1.0,2,2,2
8T5T,vina_pose,13,A:STE:310,L:UNL:1,RDKit,20,2.884398134793462,3,4.470659906546236,NA,NA,2,0,hydrogen_bonds=2,none=0,0.5,0.2857142857142857,0.36363636363636365,0.2222222222222222,2,7,4,0.0,0.0,0.0,0.0,0,2,0
8T5T,vina_pose,14,A:STE:310,L:UNL:1,RDKit,20,4.062813477136256,3,2.3632420527741123,NA,NA,2,1,hydrogen_bonds=2,hydrogen_bonds=1,0.625,0.7142857142857143,0.6666666666666666,0.5,5,7,8,1.0,0.5,0.6666666666666666,0.5,1,2,1
8T5T,vina_pose,15,A:STE:310,L:UNL:1,RDKit,20,4.857801256741572,3,1.8547369085668184,NA,NA,2,2,hydrogen_bonds=2,hydrogen_bonds=2,1.0,0.7142857142857143,0.8333333333333333,0.7142857142857143,5,7,5,1.0,1.0,1.0,1.0,2,2,2
8T5T,vina_pose,16,A:STE:310,L:UNL:1,RDKit,20,3.4578689680206214,3,4.396141565812759,NA,NA,2,0,hydrogen_bonds=2,none=0,0.25,0.14285714285714285,0.18181818181818182,0.1,1,7,4,0.0,0.0,0.0,0.0,0,2,0
8T5T,vina_pose,17,A:STE:310,L:UNL:1,RDKit,20,5.999761849440359,3,7.375551730774678,NA,NA,2,1,hydrogen_bonds=2,hydrogen_bonds=1,0.25,0.14285714285714285,0.18181818181818182,0.1,1,7,4,0.0,0.0,0.0,0.0,0,2,1
8T5T,vina_pose,18,A:STE:310,L:UNL:1,RDKit,20,6.329594773759218,3,7.088782594117744,NA,NA,2,0,hydrogen_bonds=2,none=0,0.25,0.2857142857142857,0.26666666666666666,0.15384615384615385,2,7,8,0.0,0.0,0.0,0.0,0,2,0
8T5T,vina_pose,19,A:STE:310,L:UNL:1,RDKit,20,6.210452209783118,3,7.498911721043261,NA,NA,2,0,hydrogen_bonds=2,none=0,0.2857142857142857,0.2857142857142857,0.2857142857142857,0.16666666666666666,2,7,7,0.0,0.0,0.0,0.0,0,2,0
8T5T,vina_pose,20,A:STE:310,L:UNL:1,RDKit,20,3.533833513339302,3,1.2849344989791003,NA,NA,2,2,hydrogen_bonds=2,hydrogen_bonds=2,0.8571428571428571,0.8571428571428571,0.8571428571428571,0.75,6,7,7,1.0,1.0,1.0,1.0,2,2,2
