{
    "confidence_score": 0.9181699752807617,
    "ptm": 0.9652244448661804,
    "iptm": 0.9285290837287903,
    "ligand_iptm": 0.9285290837287903,
    "protein_iptm": 0.0,
    "complex_plddt": 0.9155802130699158,
    "complex_iplddt": 0.8163456320762634,
    "complex_pde": 0.404154896736145,
    "complex_ipde": 0.8789916634559631,
    "chains_ptm": {
        "0": 0.967899739742279,
        "1": 0.8291323781013489
    },
    "pair_chains_iptm": {
        "0": {
            "0": 0.967899739742279,
            "1": 0.5244643688201904
        },
        "1": {
            "0": 0.9285290837287903,
            "1": 0.8291323781013489
        }
    }
}