{
    "affinity_pred_value": -0.10349439829587936,
    "affinity_probability_binary": 0.8912563323974609,
    "affinity_pred_value1": 0.1473279744386673,
    "affinity_probability_binary1": 0.9016458988189697,
    "affinity_pred_value2": -0.354316771030426,
    "affinity_probability_binary2": 0.8808667659759521
}