{
    "confidence_score": 0.8925434350967407,
    "ptm": 0.9574094414710999,
    "iptm": 0.8721504211425781,
    "ligand_iptm": 0.8721504211425781,
    "protein_iptm": 0.0,
    "complex_plddt": 0.8976417183876038,
    "complex_iplddt": 0.7685768008232117,
    "complex_pde": 0.5185046195983887,
    "complex_ipde": 1.0491946935653687,
    "chains_ptm": {
        "0": 0.991790771484375,
        "1": 0.8334789872169495,
        "2": 0.7844203114509583,
        "3": 0.9301619529724121
    },
    "pair_chains_iptm": {
        "0": {
            "0": 0.991790771484375,
            "1": 0.33308690786361694,
            "2": 0.2469346523284912,
            "3": 0.7506635189056396
        },
        "1": {
            "0": 0.8932837247848511,
            "1": 0.8334789872169495,
            "2": 0.14764851331710815,
            "3": 0.6337783336639404
        },
        "2": {
            "0": 0.7921017408370972,
            "1": 0.23852846026420593,
            "2": 0.7844203114509583,
            "3": 0.5829386711120605
        },
        "3": {
            "0": 0.9805717468261719,
            "1": 0.3499126434326172,
            "2": 0.351653128862381,
            "3": 0.9301619529724121
        }
    }
}