{
    "confidence_score": 0.9174230694770813,
    "ptm": 0.9418488144874573,
    "iptm": 0.9082790017127991,
    "ligand_iptm": 0.9082790017127991,
    "protein_iptm": 0.0,
    "complex_plddt": 0.9197090864181519,
    "complex_iplddt": 0.8127701282501221,
    "complex_pde": 0.5015314221382141,
    "complex_ipde": 0.9012783765792847,
    "chains_ptm": {
        "0": 0.9490443468093872,
        "1": 0.7749552726745605
    },
    "pair_chains_iptm": {
        "0": {
            "0": 0.9490443468093872,
            "1": 0.41017016768455505
        },
        "1": {
            "0": 0.9082790017127991,
            "1": 0.7749552726745605
        }
    }
}