{
    "confidence_score": 0.8984397053718567,
    "ptm": 0.9490655660629272,
    "iptm": 0.8085634112358093,
    "ligand_iptm": 0.8085634112358093,
    "protein_iptm": 0.0,
    "complex_plddt": 0.9209088087081909,
    "complex_iplddt": 0.8197574019432068,
    "complex_pde": 0.5192441940307617,
    "complex_ipde": 1.287353277206421,
    "chains_ptm": {
        "0": 0.9664568901062012,
        "1": 0.6694313287734985
    },
    "pair_chains_iptm": {
        "0": {
            "0": 0.9664568901062012,
            "1": 0.24825376272201538
        },
        "1": {
            "0": 0.8085634112358093,
            "1": 0.6694313287734985
        }
    }
}