{
    "confidence_score": 0.9147102236747742,
    "ptm": 0.9664429426193237,
    "iptm": 0.9236279129981995,
    "ligand_iptm": 0.9236279129981995,
    "protein_iptm": 0.0,
    "complex_plddt": 0.9124808311462402,
    "complex_iplddt": 0.8317787051200867,
    "complex_pde": 0.3743050694465637,
    "complex_ipde": 0.7013099789619446,
    "chains_ptm": {
        "0": 0.9711655378341675,
        "1": 0.7970341444015503
    },
    "pair_chains_iptm": {
        "0": {
            "0": 0.9711655378341675,
            "1": 0.4923129379749298
        },
        "1": {
            "0": 0.9236279129981995,
            "1": 0.7970341444015503
        }
    }
}