{
    "confidence_score": 0.9549965858459473,
    "ptm": 0.9695998430252075,
    "iptm": 0.958334743976593,
    "ligand_iptm": 0.958334743976593,
    "protein_iptm": 0.0,
    "complex_plddt": 0.9541620016098022,
    "complex_iplddt": 0.9328948855400085,
    "complex_pde": 0.3930005133152008,
    "complex_ipde": 0.521607518196106,
    "chains_ptm": {
        "0": 0.9736590385437012,
        "1": 0.876424252986908
    },
    "pair_chains_iptm": {
        "0": {
            "0": 0.9736590385437012,
            "1": 0.6854013204574585
        },
        "1": {
            "0": 0.958334743976593,
            "1": 0.876424252986908
        }
    }
}