{
    "confidence_score": 0.9625656008720398,
    "ptm": 0.9589618444442749,
    "iptm": 0.9068922400474548,
    "ligand_iptm": 0.9068922400474548,
    "protein_iptm": 0.0,
    "complex_plddt": 0.9764840006828308,
    "complex_iplddt": 0.9560768008232117,
    "complex_pde": 0.37210044264793396,
    "complex_ipde": 0.7484862804412842,
    "chains_ptm": {
        "0": 0.9664520621299744,
        "1": 0.7292693257331848
    },
    "pair_chains_iptm": {
        "0": {
            "0": 0.9664520621299744,
            "1": 0.4318598210811615
        },
        "1": {
            "0": 0.9068922400474548,
            "1": 0.7292693257331848
        }
    }
}