{
    "confidence_score": 0.9375832676887512,
    "ptm": 0.9493239521980286,
    "iptm": 0.8567678928375244,
    "ligand_iptm": 0.8567678928375244,
    "protein_iptm": 0.0,
    "complex_plddt": 0.9577870965003967,
    "complex_iplddt": 0.896317720413208,
    "complex_pde": 0.4496305286884308,
    "complex_ipde": 0.9942191243171692,
    "chains_ptm": {
        "0": 0.9649443030357361,
        "1": 0.7155548930168152
    },
    "pair_chains_iptm": {
        "0": {
            "0": 0.9649443030357361,
            "1": 0.3593979477882385
        },
        "1": {
            "0": 0.8567678928375244,
            "1": 0.7155548930168152
        }
    }
}