{
    "confidence_score": 0.9525851607322693,
    "ptm": 0.9634646773338318,
    "iptm": 0.9258619546890259,
    "ligand_iptm": 0.9258619546890259,
    "protein_iptm": 0.0,
    "complex_plddt": 0.9592658877372742,
    "complex_iplddt": 0.9256484508514404,
    "complex_pde": 0.3719683289527893,
    "complex_ipde": 0.6265970468521118,
    "chains_ptm": {
        "0": 0.9685537219047546,
        "1": 0.7707728147506714
    },
    "pair_chains_iptm": {
        "0": {
            "0": 0.9685537219047546,
            "1": 0.5420825481414795
        },
        "1": {
            "0": 0.9258619546890259,
            "1": 0.7707728147506714
        }
    }
}