{
    "confidence_score": 0.9395305514335632,
    "ptm": 0.9621041417121887,
    "iptm": 0.9585551619529724,
    "ligand_iptm": 0.9585551619529724,
    "protein_iptm": 0.0,
    "complex_plddt": 0.9347743988037109,
    "complex_iplddt": 0.9124768972396851,
    "complex_pde": 0.38039276003837585,
    "complex_ipde": 0.5540472865104675,
    "chains_ptm": {
        "0": 0.9625201225280762,
        "1": 0.8679021596908569
    },
    "pair_chains_iptm": {
        "0": {
            "0": 0.9625201225280762,
            "1": 0.6395407915115356
        },
        "1": {
            "0": 0.9585551619529724,
            "1": 0.8679021596908569
        }
    }
}