{
    "confidence_score": 0.8567788004875183,
    "ptm": 0.6925830245018005,
    "iptm": 0.4718242883682251,
    "ligand_iptm": 0.8450360894203186,
    "protein_iptm": 0.41781139373779297,
    "complex_plddt": 0.9530174136161804,
    "complex_iplddt": 0.9169131517410278,
    "complex_pde": 1.1935228109359741,
    "complex_ipde": 5.053174018859863,
    "chains_ptm": {
        "0": 0.9657176733016968,
        "1": 0.9598551988601685,
        "2": 0.8239225149154663
    },
    "pair_chains_iptm": {
        "0": {
            "0": 0.9657176733016968,
            "1": 0.4116966426372528,
            "2": 0.52692049741745
        },
        "1": {
            "0": 0.41781139373779297,
            "1": 0.9598551988601685,
            "2": 0.19171489775180817
        },
        "2": {
            "0": 0.8450360894203186,
            "1": 0.4144429564476013,
            "2": 0.8239225149154663
        }
    }
}