{
    "confidence_score": 0.9543633460998535,
    "ptm": 0.9626211524009705,
    "iptm": 0.948512852191925,
    "ligand_iptm": 0.948512852191925,
    "protein_iptm": 0.0,
    "complex_plddt": 0.9558259844779968,
    "complex_iplddt": 0.9355159401893616,
    "complex_pde": 0.3712461590766907,
    "complex_ipde": 0.5735272765159607,
    "chains_ptm": {
        "0": 0.9648562669754028,
        "1": 0.7556920051574707
    },
    "pair_chains_iptm": {
        "0": {
            "0": 0.9648562669754028,
            "1": 0.49563607573509216
        },
        "1": {
            "0": 0.948512852191925,
            "1": 0.7556920051574707
        }
    }
}