{
    "confidence_score": 0.9565770030021667,
    "ptm": 0.9814819693565369,
    "iptm": 0.9681699275970459,
    "ligand_iptm": 0.9681699275970459,
    "protein_iptm": 0.0,
    "complex_plddt": 0.9536787867546082,
    "complex_iplddt": 0.9289807081222534,
    "complex_pde": 0.32054466009140015,
    "complex_ipde": 0.49665313959121704,
    "chains_ptm": {
        "0": 0.9839081168174744,
        "1": 0.945781409740448
    },
    "pair_chains_iptm": {
        "0": {
            "0": 0.9839081168174744,
            "1": 0.8759732246398926
        },
        "1": {
            "0": 0.9681699275970459,
            "1": 0.945781409740448
        }
    }
}