{
    "confidence_score": 0.9182629585266113,
    "ptm": 0.9245046377182007,
    "iptm": 0.9439030885696411,
    "ligand_iptm": 0.9439030885696411,
    "protein_iptm": 0.0,
    "complex_plddt": 0.9118529558181763,
    "complex_iplddt": 0.9260909557342529,
    "complex_pde": 0.46903836727142334,
    "complex_ipde": 0.7027667760848999,
    "chains_ptm": {
        "0": 0.9237222075462341,
        "1": 0.7860605716705322
    },
    "pair_chains_iptm": {
        "0": {
            "0": 0.9237222075462341,
            "1": 0.48624664545059204
        },
        "1": {
            "0": 0.9439030885696411,
            "1": 0.7860605716705322
        }
    }
}