{
    "affinity_pred_value": 0.13566187024116516,
    "affinity_probability_binary": 0.5104082822799683,
    "affinity_pred_value1": 0.4091300368309021,
    "affinity_probability_binary1": 0.5020646452903748,
    "affinity_pred_value2": -0.13780628144741058,
    "affinity_probability_binary2": 0.5187519788742065
}