{
    "confidence_score": 0.8926337361335754,
    "ptm": 0.9493038654327393,
    "iptm": 0.8429325819015503,
    "ligand_iptm": 0.8429325819015503,
    "protein_iptm": 0.0,
    "complex_plddt": 0.9050589799880981,
    "complex_iplddt": 0.7813432812690735,
    "complex_pde": 0.4301043152809143,
    "complex_ipde": 0.9598248600959778,
    "chains_ptm": {
        "0": 0.9677608609199524,
        "1": 0.6515363454818726
    },
    "pair_chains_iptm": {
        "0": {
            "0": 0.9677608609199524,
            "1": 0.41040000319480896
        },
        "1": {
            "0": 0.8429325819015503,
            "1": 0.6515363454818726
        }
    }
}