{
    "affinity_pred_value": 1.4125922918319702,
    "affinity_probability_binary": 0.4486287534236908,
    "affinity_pred_value1": 1.758484959602356,
    "affinity_probability_binary1": 0.43721097707748413,
    "affinity_pred_value2": 1.0666996240615845,
    "affinity_probability_binary2": 0.46004652976989746
}