{
    "confidence_score": 0.9608303308486938,
    "ptm": 0.9895459413528442,
    "iptm": 0.9817525148391724,
    "ligand_iptm": 0.9817525148391724,
    "protein_iptm": 0.0,
    "complex_plddt": 0.9555997848510742,
    "complex_iplddt": 0.889514148235321,
    "complex_pde": 0.31383970379829407,
    "complex_ipde": 0.4360044598579407,
    "chains_ptm": {
        "0": 0.9918301105499268,
        "1": 0.9316383600234985,
        "2": 0.9191668629646301,
        "3": 0.9661149382591248
    },
    "pair_chains_iptm": {
        "0": {
            "0": 0.9918301105499268,
            "1": 0.7272971868515015,
            "2": 0.739422619342804,
            "3": 0.6124367117881775
        },
        "1": {
            "0": 0.9778953790664673,
            "1": 0.9316383600234985,
            "2": 0.852893054485321,
            "3": 0.6157476902008057
        },
        "2": {
            "0": 0.9870368242263794,
            "1": 0.8632251620292664,
            "2": 0.9191668629646301,
            "3": 0.6748445630073547
        },
        "3": {
            "0": 0.9866328239440918,
            "1": 0.7350443005561829,
            "2": 0.750825047492981,
            "3": 0.9661149382591248
        }
    }
}