{
    "confidence_score": 0.9620932936668396,
    "ptm": 0.9689836502075195,
    "iptm": 0.9432215690612793,
    "ligand_iptm": 0.9432215690612793,
    "protein_iptm": 0.0,
    "complex_plddt": 0.9668111801147461,
    "complex_iplddt": 0.9356226921081543,
    "complex_pde": 0.3532646894454956,
    "complex_ipde": 0.6720568537712097,
    "chains_ptm": {
        "0": 0.9720376133918762,
        "1": 0.7963288426399231
    },
    "pair_chains_iptm": {
        "0": {
            "0": 0.9720376133918762,
            "1": 0.5358162522315979
        },
        "1": {
            "0": 0.9432215690612793,
            "1": 0.7963288426399231
        }
    }
}