{
    "confidence_score": 0.9539526104927063,
    "ptm": 0.9737848043441772,
    "iptm": 0.9461820721626282,
    "ligand_iptm": 0.9461820721626282,
    "protein_iptm": 0.0,
    "complex_plddt": 0.9558952450752258,
    "complex_iplddt": 0.9160817861557007,
    "complex_pde": 0.3310650885105133,
    "complex_ipde": 0.5228862762451172,
    "chains_ptm": {
        "0": 0.9778169393539429,
        "1": 0.7933662533760071
    },
    "pair_chains_iptm": {
        "0": {
            "0": 0.9778169393539429,
            "1": 0.5796087980270386
        },
        "1": {
            "0": 0.9461820721626282,
            "1": 0.7933662533760071
        }
    }
}